"ReleaseVersion","ArtifactRole","InfRelativePath","Server","StaticAssessment","CanonicalStaticAssessment","SelectedHardwareIdCount","AsPublishedHardwareIdCount","ProjectionHardwareIdCount","RuntimeCompatibility"
"26.5.2","PolarisVega","d0_whql-amd-software-adrenalin-edition-26.5.2-win11-may-vega-polaris.exe_2e8755b69dde\Packages\Drivers\Audio\ACPAfd\WT64A\amdacpafd.inf","Windows Server 2016","NOT_APPLICABLE","NotApplicable","0","0","0","NotEstablished"
"26.5.2","PolarisVega","d0_whql-amd-software-adrenalin-edition-26.5.2-win11-may-vega-polaris.exe_2e8755b69dde\Packages\Drivers\Audio\ACPAfd\WT64A\amdacpafd.inf","Windows Server 2019","NATIVE_CANDIDATE","NativeCandidate","1","1","1","NotEstablished"
"26.5.2","PolarisVega","d0_whql-amd-software-adrenalin-edition-26.5.2-win11-may-vega-polaris.exe_2e8755b69dde\Packages\Drivers\Audio\ACPAfd\WT64A\amdacpafd.inf","Windows Server 2022","NATIVE_CANDIDATE","NativeCandidate","1","1","1","NotEstablished"
"26.5.2","PolarisVega","d0_whql-amd-software-adrenalin-edition-26.5.2-win11-may-vega-polaris.exe_2e8755b69dde\Packages\Drivers\Audio\ACPAfd\WT64A\amdacpafd.inf","Windows Server 2025","NATIVE_CANDIDATE","NativeCandidate","1","1","1","NotEstablished"
"26.5.2","PolarisVega","d0_whql-amd-software-adrenalin-edition-26.5.2-win11-may-vega-polaris.exe_2e8755b69dde\Packages\Drivers\Audio\ACPBtAfd\WT64A\amdacpbt.inf","Windows Server 2016","NATIVE_CANDIDATE","NativeCandidate","1","1","1","NotEstablished"
"26.5.2","PolarisVega","d0_whql-amd-software-adrenalin-edition-26.5.2-win11-may-vega-polaris.exe_2e8755b69dde\Packages\Drivers\Audio\ACPBtAfd\WT64A\amdacpbt.inf","Windows Server 2019","NATIVE_CANDIDATE","NativeCandidate","1","1","1","NotEstablished"
"26.5.2","PolarisVega","d0_whql-amd-software-adrenalin-edition-26.5.2-win11-may-vega-polaris.exe_2e8755b69dde\Packages\Drivers\Audio\ACPBtAfd\WT64A\amdacpbt.inf","Windows Server 2022","NATIVE_CANDIDATE","NativeCandidate","1","1","1","NotEstablished"
"26.5.2","PolarisVega","d0_whql-amd-software-adrenalin-edition-26.5.2-win11-may-vega-polaris.exe_2e8755b69dde\Packages\Drivers\Audio\ACPBtAfd\WT64A\amdacpbt.inf","Windows Server 2025","NATIVE_CANDIDATE","NativeCandidate","1","1","1","NotEstablished"
"26.5.2","PolarisVega","d0_whql-amd-software-adrenalin-edition-26.5.2-win11-may-vega-polaris.exe_2e8755b69dde\Packages\Drivers\Audio\ACPBus\WT64A\amdacpbus.inf","Windows Server 2016","NOT_APPLICABLE","NotApplicable","0","0","0","NotEstablished"
"26.5.2","PolarisVega","d0_whql-amd-software-adrenalin-edition-26.5.2-win11-may-vega-polaris.exe_2e8755b69dde\Packages\Drivers\Audio\ACPBus\WT64A\amdacpbus.inf","Windows Server 2019","NATIVE_CANDIDATE","NativeCandidate","2","2","2","NotEstablished"
"26.5.2","PolarisVega","d0_whql-amd-software-adrenalin-edition-26.5.2-win11-may-vega-polaris.exe_2e8755b69dde\Packages\Drivers\Audio\ACPBus\WT64A\amdacpbus.inf","Windows Server 2022","NATIVE_CANDIDATE","NativeCandidate","2","2","2","NotEstablished"
"26.5.2","PolarisVega","d0_whql-amd-software-adrenalin-edition-26.5.2-win11-may-vega-polaris.exe_2e8755b69dde\Packages\Drivers\Audio\ACPBus\WT64A\amdacpbus.inf","Windows Server 2025","NATIVE_CANDIDATE","NativeCandidate","2","2","2","NotEstablished"
"26.5.2","PolarisVega","d0_whql-amd-software-adrenalin-edition-26.5.2-win11-may-vega-polaris.exe_2e8755b69dde\Packages\Drivers\Audio\ACPBus\WT64A\amdacpbusext\amdacpbusext.inf","Windows Server 2016","NOT_APPLICABLE","NotApplicable","0","0","0","NotEstablished"
"26.5.2","PolarisVega","d0_whql-amd-software-adrenalin-edition-26.5.2-win11-may-vega-polaris.exe_2e8755b69dde\Packages\Drivers\Audio\ACPBus\WT64A\amdacpbusext\amdacpbusext.inf","Windows Server 2019","NATIVE_CANDIDATE","NativeCandidate","3","3","3","NotEstablished"
"26.5.2","PolarisVega","d0_whql-amd-software-adrenalin-edition-26.5.2-win11-may-vega-polaris.exe_2e8755b69dde\Packages\Drivers\Audio\ACPBus\WT64A\amdacpbusext\amdacpbusext.inf","Windows Server 2022","NATIVE_CANDIDATE","NativeCandidate","3","3","3","NotEstablished"
"26.5.2","PolarisVega","d0_whql-amd-software-adrenalin-edition-26.5.2-win11-may-vega-polaris.exe_2e8755b69dde\Packages\Drivers\Audio\ACPBus\WT64A\amdacpbusext\amdacpbusext.inf","Windows Server 2025","NATIVE_CANDIDATE","NativeCandidate","3","3","3","NotEstablished"
"26.5.2","PolarisVega","d0_whql-amd-software-adrenalin-edition-26.5.2-win11-may-vega-polaris.exe_2e8755b69dde\Packages\Drivers\Audio\ACPBus2\WT64A\amdacpbusext\amdacpbusext.inf","Windows Server 2016","NOT_APPLICABLE","NotApplicable","0","0","0","NotEstablished"
"26.5.2","PolarisVega","d0_whql-amd-software-adrenalin-edition-26.5.2-win11-may-vega-polaris.exe_2e8755b69dde\Packages\Drivers\Audio\ACPBus2\WT64A\amdacpbusext\amdacpbusext.inf","Windows Server 2019","NATIVE_CANDIDATE","NativeCandidate","3","3","3","NotEstablished"
"26.5.2","PolarisVega","d0_whql-amd-software-adrenalin-edition-26.5.2-win11-may-vega-polaris.exe_2e8755b69dde\Packages\Drivers\Audio\ACPBus2\WT64A\amdacpbusext\amdacpbusext.inf","Windows Server 2022","NATIVE_CANDIDATE","NativeCandidate","3","3","3","NotEstablished"
"26.5.2","PolarisVega","d0_whql-amd-software-adrenalin-edition-26.5.2-win11-may-vega-polaris.exe_2e8755b69dde\Packages\Drivers\Audio\ACPBus2\WT64A\amdacpbusext\amdacpbusext.inf","Windows Server 2025","NATIVE_CANDIDATE","NativeCandidate","3","3","3","NotEstablished"
"26.5.2","PolarisVega","d0_whql-amd-software-adrenalin-edition-26.5.2-win11-may-vega-polaris.exe_2e8755b69dde\Packages\Drivers\Audio\HDABus\WT64A\amdhdaudbus.inf","Windows Server 2016","NATIVE_CANDIDATE","NativeCandidate","1","1","1","NotEstablished"
"26.5.2","PolarisVega","d0_whql-amd-software-adrenalin-edition-26.5.2-win11-may-vega-polaris.exe_2e8755b69dde\Packages\Drivers\Audio\HDABus\WT64A\amdhdaudbus.inf","Windows Server 2019","NATIVE_CANDIDATE","NativeCandidate","1","1","1","NotEstablished"
"26.5.2","PolarisVega","d0_whql-amd-software-adrenalin-edition-26.5.2-win11-may-vega-polaris.exe_2e8755b69dde\Packages\Drivers\Audio\HDABus\WT64A\amdhdaudbus.inf","Windows Server 2022","NATIVE_CANDIDATE","NativeCandidate","1","1","1","NotEstablished"
"26.5.2","PolarisVega","d0_whql-amd-software-adrenalin-edition-26.5.2-win11-may-vega-polaris.exe_2e8755b69dde\Packages\Drivers\Audio\HDABus\WT64A\amdhdaudbus.inf","Windows Server 2025","NATIVE_CANDIDATE","NativeCandidate","1","1","1","NotEstablished"
"26.5.2","PolarisVega","d0_whql-amd-software-adrenalin-edition-26.5.2-win11-may-vega-polaris.exe_2e8755b69dde\Packages\Drivers\Audio\HDMI\WT64A\AtihdWT6.inf","Windows Server 2016","NATIVE_CANDIDATE","NativeCandidate","8","8","8","NotEstablished"
"26.5.2","PolarisVega","d0_whql-amd-software-adrenalin-edition-26.5.2-win11-may-vega-polaris.exe_2e8755b69dde\Packages\Drivers\Audio\HDMI\WT64A\AtihdWT6.inf","Windows Server 2019","NATIVE_CANDIDATE","NativeCandidate","8","8","8","NotEstablished"
"26.5.2","PolarisVega","d0_whql-amd-software-adrenalin-edition-26.5.2-win11-may-vega-polaris.exe_2e8755b69dde\Packages\Drivers\Audio\HDMI\WT64A\AtihdWT6.inf","Windows Server 2022","NATIVE_CANDIDATE","NativeCandidate","8","8","8","NotEstablished"
"26.5.2","PolarisVega","d0_whql-amd-software-adrenalin-edition-26.5.2-win11-may-vega-polaris.exe_2e8755b69dde\Packages\Drivers\Audio\HDMI\WT64A\AtihdWT6.inf","Windows Server 2025","NATIVE_CANDIDATE","NativeCandidate","8","8","8","NotEstablished"
"26.5.2","PolarisVega","d0_whql-amd-software-adrenalin-edition-26.5.2-win11-may-vega-polaris.exe_2e8755b69dde\Packages\Drivers\Audio\I2STDM\WT64A\amdi2stdmafd.inf","Windows Server 2016","NATIVE_CANDIDATE","NativeCandidate","1","1","1","NotEstablished"
"26.5.2","PolarisVega","d0_whql-amd-software-adrenalin-edition-26.5.2-win11-may-vega-polaris.exe_2e8755b69dde\Packages\Drivers\Audio\I2STDM\WT64A\amdi2stdmafd.inf","Windows Server 2019","NATIVE_CANDIDATE","NativeCandidate","1","1","1","NotEstablished"
"26.5.2","PolarisVega","d0_whql-amd-software-adrenalin-edition-26.5.2-win11-may-vega-polaris.exe_2e8755b69dde\Packages\Drivers\Audio\I2STDM\WT64A\amdi2stdmafd.inf","Windows Server 2022","NATIVE_CANDIDATE","NativeCandidate","1","1","1","NotEstablished"
"26.5.2","PolarisVega","d0_whql-amd-software-adrenalin-edition-26.5.2-win11-may-vega-polaris.exe_2e8755b69dde\Packages\Drivers\Audio\I2STDM\WT64A\amdi2stdmafd.inf","Windows Server 2025","NATIVE_CANDIDATE","NativeCandidate","1","1","1","NotEstablished"
"26.5.2","PolarisVega","d0_whql-amd-software-adrenalin-edition-26.5.2-win11-may-vega-polaris.exe_2e8755b69dde\Packages\Drivers\Audio\SAFD\WT64A\amdsafd.inf","Windows Server 2016","NOT_APPLICABLE","NotApplicable","0","0","0","NotEstablished"
"26.5.2","PolarisVega","d0_whql-amd-software-adrenalin-edition-26.5.2-win11-may-vega-polaris.exe_2e8755b69dde\Packages\Drivers\Audio\SAFD\WT64A\amdsafd.inf","Windows Server 2019","NATIVE_CANDIDATE","NativeCandidate","1","1","1","NotEstablished"
"26.5.2","PolarisVega","d0_whql-amd-software-adrenalin-edition-26.5.2-win11-may-vega-polaris.exe_2e8755b69dde\Packages\Drivers\Audio\SAFD\WT64A\amdsafd.inf","Windows Server 2022","NATIVE_CANDIDATE","NativeCandidate","1","1","1","NotEstablished"
"26.5.2","PolarisVega","d0_whql-amd-software-adrenalin-edition-26.5.2-win11-may-vega-polaris.exe_2e8755b69dde\Packages\Drivers\Audio\SAFD\WT64A\amdsafd.inf","Windows Server 2025","NATIVE_CANDIDATE","NativeCandidate","1","1","1","NotEstablished"
"26.5.2","PolarisVega","d0_whql-amd-software-adrenalin-edition-26.5.2-win11-may-vega-polaris.exe_2e8755b69dde\Packages\Drivers\Display\WT6A_INF\u0201039.inf","Windows Server 2016","NOT_APPLICABLE","NotApplicable","0","0","0","NotEstablished"
"26.5.2","PolarisVega","d0_whql-amd-software-adrenalin-edition-26.5.2-win11-may-vega-polaris.exe_2e8755b69dde\Packages\Drivers\Display\WT6A_INF\u0201039.inf","Windows Server 2019","NOT_APPLICABLE","NotApplicable","0","0","0","NotEstablished"
"26.5.2","PolarisVega","d0_whql-amd-software-adrenalin-edition-26.5.2-win11-may-vega-polaris.exe_2e8755b69dde\Packages\Drivers\Display\WT6A_INF\u0201039.inf","Windows Server 2022","PATCH_CANDIDATE","ProjectionCandidate","5047","0","5047","NotEstablished"
"26.5.2","PolarisVega","d0_whql-amd-software-adrenalin-edition-26.5.2-win11-may-vega-polaris.exe_2e8755b69dde\Packages\Drivers\Display\WT6A_INF\u0201039.inf","Windows Server 2025","PATCH_CANDIDATE","ProjectionCandidate","5047","0","5047","NotEstablished"
"26.5.2","PolarisVega","d0_whql-amd-software-adrenalin-edition-26.5.2-win11-may-vega-polaris.exe_2e8755b69dde\Packages\Drivers\Display\WT6A_INF\amdafd\amdafd.inf","Windows Server 2016","NATIVE_CANDIDATE","NativeCandidate","2","2","2","NotEstablished"
"26.5.2","PolarisVega","d0_whql-amd-software-adrenalin-edition-26.5.2-win11-may-vega-polaris.exe_2e8755b69dde\Packages\Drivers\Display\WT6A_INF\amdafd\amdafd.inf","Windows Server 2019","NATIVE_CANDIDATE","NativeCandidate","2","2","2","NotEstablished"
"26.5.2","PolarisVega","d0_whql-amd-software-adrenalin-edition-26.5.2-win11-may-vega-polaris.exe_2e8755b69dde\Packages\Drivers\Display\WT6A_INF\amdafd\amdafd.inf","Windows Server 2022","NATIVE_CANDIDATE","NativeCandidate","2","2","2","NotEstablished"
"26.5.2","PolarisVega","d0_whql-amd-software-adrenalin-edition-26.5.2-win11-may-vega-polaris.exe_2e8755b69dde\Packages\Drivers\Display\WT6A_INF\amdafd\amdafd.inf","Windows Server 2025","NATIVE_CANDIDATE","NativeCandidate","2","2","2","NotEstablished"
"26.5.2","PolarisVega","d0_whql-amd-software-adrenalin-edition-26.5.2-win11-may-vega-polaris.exe_2e8755b69dde\Packages\Drivers\Display\WT6A_INF\amdfdans\AMDFDANS.inf","Windows Server 2016","NATIVE_CANDIDATE","NativeCandidate","1","1","1","NotEstablished"
"26.5.2","PolarisVega","d0_whql-amd-software-adrenalin-edition-26.5.2-win11-may-vega-polaris.exe_2e8755b69dde\Packages\Drivers\Display\WT6A_INF\amdfdans\AMDFDANS.inf","Windows Server 2019","NATIVE_CANDIDATE","NativeCandidate","1","1","1","NotEstablished"
"26.5.2","PolarisVega","d0_whql-amd-software-adrenalin-edition-26.5.2-win11-may-vega-polaris.exe_2e8755b69dde\Packages\Drivers\Display\WT6A_INF\amdfdans\AMDFDANS.inf","Windows Server 2022","NATIVE_CANDIDATE","NativeCandidate","1","1","1","NotEstablished"
"26.5.2","PolarisVega","d0_whql-amd-software-adrenalin-edition-26.5.2-win11-may-vega-polaris.exe_2e8755b69dde\Packages\Drivers\Display\WT6A_INF\amdfdans\AMDFDANS.inf","Windows Server 2025","NATIVE_CANDIDATE","NativeCandidate","1","1","1","NotEstablished"
"26.5.2","PolarisVega","d0_whql-amd-software-adrenalin-edition-26.5.2-win11-may-vega-polaris.exe_2e8755b69dde\Packages\Drivers\Display\WT6A_INF\amdfendr\amdfendr.inf","Windows Server 2016","NOT_APPLICABLE","NotApplicable","0","0","0","NotEstablished"
"26.5.2","PolarisVega","d0_whql-amd-software-adrenalin-edition-26.5.2-win11-may-vega-polaris.exe_2e8755b69dde\Packages\Drivers\Display\WT6A_INF\amdfendr\amdfendr.inf","Windows Server 2019","NATIVE_CANDIDATE","NativeCandidate","1","1","1","NotEstablished"
"26.5.2","PolarisVega","d0_whql-amd-software-adrenalin-edition-26.5.2-win11-may-vega-polaris.exe_2e8755b69dde\Packages\Drivers\Display\WT6A_INF\amdfendr\amdfendr.inf","Windows Server 2022","NATIVE_CANDIDATE","NativeCandidate","1","1","1","NotEstablished"
"26.5.2","PolarisVega","d0_whql-amd-software-adrenalin-edition-26.5.2-win11-may-vega-polaris.exe_2e8755b69dde\Packages\Drivers\Display\WT6A_INF\amdfendr\amdfendr.inf","Windows Server 2025","NATIVE_CANDIDATE","NativeCandidate","1","1","1","NotEstablished"
"26.5.2","PolarisVega","d0_whql-amd-software-adrenalin-edition-26.5.2-win11-may-vega-polaris.exe_2e8755b69dde\Packages\Drivers\Display\WT6A_INF\amdocl\amdocl.inf","Windows Server 2016","NOT_APPLICABLE","NotApplicable","0","0","0","NotEstablished"
"26.5.2","PolarisVega","d0_whql-amd-software-adrenalin-edition-26.5.2-win11-may-vega-polaris.exe_2e8755b69dde\Packages\Drivers\Display\WT6A_INF\amdocl\amdocl.inf","Windows Server 2019","NATIVE_CANDIDATE","NativeCandidate","1","1","1","NotEstablished"
"26.5.2","PolarisVega","d0_whql-amd-software-adrenalin-edition-26.5.2-win11-may-vega-polaris.exe_2e8755b69dde\Packages\Drivers\Display\WT6A_INF\amdocl\amdocl.inf","Windows Server 2022","NATIVE_CANDIDATE","NativeCandidate","1","1","1","NotEstablished"
"26.5.2","PolarisVega","d0_whql-amd-software-adrenalin-edition-26.5.2-win11-may-vega-polaris.exe_2e8755b69dde\Packages\Drivers\Display\WT6A_INF\amdocl\amdocl.inf","Windows Server 2025","NATIVE_CANDIDATE","NativeCandidate","1","1","1","NotEstablished"
"26.5.2","PolarisVega","d0_whql-amd-software-adrenalin-edition-26.5.2-win11-may-vega-polaris.exe_2e8755b69dde\Packages\Drivers\Display\WT6A_INF\amdpcibridge\amdpcibridgeextension.inf","Windows Server 2016","NATIVE_CANDIDATE","NativeCandidate","2","2","2","NotEstablished"
"26.5.2","PolarisVega","d0_whql-amd-software-adrenalin-edition-26.5.2-win11-may-vega-polaris.exe_2e8755b69dde\Packages\Drivers\Display\WT6A_INF\amdpcibridge\amdpcibridgeextension.inf","Windows Server 2019","NATIVE_CANDIDATE","NativeCandidate","2","2","2","NotEstablished"
"26.5.2","PolarisVega","d0_whql-amd-software-adrenalin-edition-26.5.2-win11-may-vega-polaris.exe_2e8755b69dde\Packages\Drivers\Display\WT6A_INF\amdpcibridge\amdpcibridgeextension.inf","Windows Server 2022","NATIVE_CANDIDATE","NativeCandidate","2","2","2","NotEstablished"
"26.5.2","PolarisVega","d0_whql-amd-software-adrenalin-edition-26.5.2-win11-may-vega-polaris.exe_2e8755b69dde\Packages\Drivers\Display\WT6A_INF\amdpcibridge\amdpcibridgeextension.inf","Windows Server 2025","NATIVE_CANDIDATE","NativeCandidate","2","2","2","NotEstablished"
"26.5.2","PolarisVega","d0_whql-amd-software-adrenalin-edition-26.5.2-win11-may-vega-polaris.exe_2e8755b69dde\Packages\Drivers\Display\WT6A_INF\amdwin\amdwin-u0201039.inf","Windows Server 2016","NATIVE_CANDIDATE","NativeCandidate","1","1","1","NotEstablished"
"26.5.2","PolarisVega","d0_whql-amd-software-adrenalin-edition-26.5.2-win11-may-vega-polaris.exe_2e8755b69dde\Packages\Drivers\Display\WT6A_INF\amdwin\amdwin-u0201039.inf","Windows Server 2019","NATIVE_CANDIDATE","NativeCandidate","1","1","1","NotEstablished"
"26.5.2","PolarisVega","d0_whql-amd-software-adrenalin-edition-26.5.2-win11-may-vega-polaris.exe_2e8755b69dde\Packages\Drivers\Display\WT6A_INF\amdwin\amdwin-u0201039.inf","Windows Server 2022","NATIVE_CANDIDATE","NativeCandidate","1","1","1","NotEstablished"
"26.5.2","PolarisVega","d0_whql-amd-software-adrenalin-edition-26.5.2-win11-may-vega-polaris.exe_2e8755b69dde\Packages\Drivers\Display\WT6A_INF\amdwin\amdwin-u0201039.inf","Windows Server 2025","NATIVE_CANDIDATE","NativeCandidate","1","1","1","NotEstablished"
"26.5.2","PolarisVega","d0_whql-amd-software-adrenalin-edition-26.5.2-win11-may-vega-polaris.exe_2e8755b69dde\Packages\Drivers\Display\WT6A_INF\amdxe\amdxe.inf","Windows Server 2016","NATIVE_CANDIDATE","NativeCandidate","1","1","1","NotEstablished"
"26.5.2","PolarisVega","d0_whql-amd-software-adrenalin-edition-26.5.2-win11-may-vega-polaris.exe_2e8755b69dde\Packages\Drivers\Display\WT6A_INF\amdxe\amdxe.inf","Windows Server 2019","NATIVE_CANDIDATE","NativeCandidate","1","1","1","NotEstablished"
"26.5.2","PolarisVega","d0_whql-amd-software-adrenalin-edition-26.5.2-win11-may-vega-polaris.exe_2e8755b69dde\Packages\Drivers\Display\WT6A_INF\amdxe\amdxe.inf","Windows Server 2022","NATIVE_CANDIDATE","NativeCandidate","1","1","1","NotEstablished"
"26.5.2","PolarisVega","d0_whql-amd-software-adrenalin-edition-26.5.2-win11-may-vega-polaris.exe_2e8755b69dde\Packages\Drivers\Display\WT6A_INF\amdxe\amdxe.inf","Windows Server 2025","NATIVE_CANDIDATE","NativeCandidate","1","1","1","NotEstablished"
"26.5.2","PolarisVega","d0_whql-amd-software-adrenalin-edition-26.5.2-win11-may-vega-polaris.exe_2e8755b69dde\Packages\Drivers\RadeonLED\WT64A\amdusbledfd.inf","Windows Server 2016","NATIVE_CANDIDATE","NativeCandidate","6","6","6","NotEstablished"
"26.5.2","PolarisVega","d0_whql-amd-software-adrenalin-edition-26.5.2-win11-may-vega-polaris.exe_2e8755b69dde\Packages\Drivers\RadeonLED\WT64A\amdusbledfd.inf","Windows Server 2019","NATIVE_CANDIDATE","NativeCandidate","6","6","6","NotEstablished"
"26.5.2","PolarisVega","d0_whql-amd-software-adrenalin-edition-26.5.2-win11-may-vega-polaris.exe_2e8755b69dde\Packages\Drivers\RadeonLED\WT64A\amdusbledfd.inf","Windows Server 2022","NATIVE_CANDIDATE","NativeCandidate","6","6","6","NotEstablished"
"26.5.2","PolarisVega","d0_whql-amd-software-adrenalin-edition-26.5.2-win11-may-vega-polaris.exe_2e8755b69dde\Packages\Drivers\RadeonLED\WT64A\amdusbledfd.inf","Windows Server 2025","NATIVE_CANDIDATE","NativeCandidate","6","6","6","NotEstablished"
"26.5.2","PolarisVega","d0_whql-amd-software-adrenalin-edition-26.5.2-win11-may-vega-polaris.exe_2e8755b69dde\Packages\Drivers\SBDrv\AMDUCSI\WT64A\amducsi.inf","Windows Server 2016","NATIVE_CANDIDATE","NativeCandidate","5","5","5","NotEstablished"
"26.5.2","PolarisVega","d0_whql-amd-software-adrenalin-edition-26.5.2-win11-may-vega-polaris.exe_2e8755b69dde\Packages\Drivers\SBDrv\AMDUCSI\WT64A\amducsi.inf","Windows Server 2019","NATIVE_CANDIDATE","NativeCandidate","5","5","5","NotEstablished"
"26.5.2","PolarisVega","d0_whql-amd-software-adrenalin-edition-26.5.2-win11-may-vega-polaris.exe_2e8755b69dde\Packages\Drivers\SBDrv\AMDUCSI\WT64A\amducsi.inf","Windows Server 2022","NATIVE_CANDIDATE","NativeCandidate","5","5","5","NotEstablished"
"26.5.2","PolarisVega","d0_whql-amd-software-adrenalin-edition-26.5.2-win11-may-vega-polaris.exe_2e8755b69dde\Packages\Drivers\SBDrv\AMDUCSI\WT64A\amducsi.inf","Windows Server 2025","NATIVE_CANDIDATE","NativeCandidate","5","5","5","NotEstablished"
"25.8.1","PolarisVega","d0_whql-amd-software-adrenalin-edition-25.8.1-win10-win11-aug-vega-polaris.exe_398a8ae8ca69\Packages\Drivers\Audio\ACPAfd\WT64A\amdacpafd.inf","Windows Server 2016","NOT_APPLICABLE","NotApplicable","0","0","0","NotEstablished"
"25.8.1","PolarisVega","d0_whql-amd-software-adrenalin-edition-25.8.1-win10-win11-aug-vega-polaris.exe_398a8ae8ca69\Packages\Drivers\Audio\ACPAfd\WT64A\amdacpafd.inf","Windows Server 2019","NATIVE_CANDIDATE","NativeCandidate","4","4","4","NotEstablished"
"25.8.1","PolarisVega","d0_whql-amd-software-adrenalin-edition-25.8.1-win10-win11-aug-vega-polaris.exe_398a8ae8ca69\Packages\Drivers\Audio\ACPAfd\WT64A\amdacpafd.inf","Windows Server 2022","NATIVE_CANDIDATE","NativeCandidate","4","4","4","NotEstablished"
"25.8.1","PolarisVega","d0_whql-amd-software-adrenalin-edition-25.8.1-win10-win11-aug-vega-polaris.exe_398a8ae8ca69\Packages\Drivers\Audio\ACPAfd\WT64A\amdacpafd.inf","Windows Server 2025","NATIVE_CANDIDATE","NativeCandidate","4","4","4","NotEstablished"
"25.8.1","PolarisVega","d0_whql-amd-software-adrenalin-edition-25.8.1-win10-win11-aug-vega-polaris.exe_398a8ae8ca69\Packages\Drivers\Audio\ACPBtAfd\WT64A\amdacpbt.inf","Windows Server 2016","NATIVE_CANDIDATE","NativeCandidate","1","1","1","NotEstablished"
"25.8.1","PolarisVega","d0_whql-amd-software-adrenalin-edition-25.8.1-win10-win11-aug-vega-polaris.exe_398a8ae8ca69\Packages\Drivers\Audio\ACPBtAfd\WT64A\amdacpbt.inf","Windows Server 2019","NATIVE_CANDIDATE","NativeCandidate","1","1","1","NotEstablished"
"25.8.1","PolarisVega","d0_whql-amd-software-adrenalin-edition-25.8.1-win10-win11-aug-vega-polaris.exe_398a8ae8ca69\Packages\Drivers\Audio\ACPBtAfd\WT64A\amdacpbt.inf","Windows Server 2022","NATIVE_CANDIDATE","NativeCandidate","1","1","1","NotEstablished"
"25.8.1","PolarisVega","d0_whql-amd-software-adrenalin-edition-25.8.1-win10-win11-aug-vega-polaris.exe_398a8ae8ca69\Packages\Drivers\Audio\ACPBtAfd\WT64A\amdacpbt.inf","Windows Server 2025","NATIVE_CANDIDATE","NativeCandidate","1","1","1","NotEstablished"
"25.8.1","PolarisVega","d0_whql-amd-software-adrenalin-edition-25.8.1-win10-win11-aug-vega-polaris.exe_398a8ae8ca69\Packages\Drivers\Audio\ACPBus\WT64A\amdacpbus.inf","Windows Server 2016","NOT_APPLICABLE","NotApplicable","0","0","0","NotEstablished"
"25.8.1","PolarisVega","d0_whql-amd-software-adrenalin-edition-25.8.1-win10-win11-aug-vega-polaris.exe_398a8ae8ca69\Packages\Drivers\Audio\ACPBus\WT64A\amdacpbus.inf","Windows Server 2019","NATIVE_CANDIDATE","NativeCandidate","7","7","7","NotEstablished"
"25.8.1","PolarisVega","d0_whql-amd-software-adrenalin-edition-25.8.1-win10-win11-aug-vega-polaris.exe_398a8ae8ca69\Packages\Drivers\Audio\ACPBus\WT64A\amdacpbus.inf","Windows Server 2022","NATIVE_CANDIDATE","NativeCandidate","7","7","7","NotEstablished"
"25.8.1","PolarisVega","d0_whql-amd-software-adrenalin-edition-25.8.1-win10-win11-aug-vega-polaris.exe_398a8ae8ca69\Packages\Drivers\Audio\ACPBus\WT64A\amdacpbus.inf","Windows Server 2025","NATIVE_CANDIDATE","NativeCandidate","7","7","7","NotEstablished"
"25.8.1","PolarisVega","d0_whql-amd-software-adrenalin-edition-25.8.1-win10-win11-aug-vega-polaris.exe_398a8ae8ca69\Packages\Drivers\Audio\ACPBus\WT64A\amdacpbusext\amdacpbusext.inf","Windows Server 2016","NOT_APPLICABLE","NotApplicable","0","0","0","NotEstablished"
"25.8.1","PolarisVega","d0_whql-amd-software-adrenalin-edition-25.8.1-win10-win11-aug-vega-polaris.exe_398a8ae8ca69\Packages\Drivers\Audio\ACPBus\WT64A\amdacpbusext\amdacpbusext.inf","Windows Server 2019","NATIVE_CANDIDATE","NativeCandidate","3","3","3","NotEstablished"
"25.8.1","PolarisVega","d0_whql-amd-software-adrenalin-edition-25.8.1-win10-win11-aug-vega-polaris.exe_398a8ae8ca69\Packages\Drivers\Audio\ACPBus\WT64A\amdacpbusext\amdacpbusext.inf","Windows Server 2022","NATIVE_CANDIDATE","NativeCandidate","3","3","3","NotEstablished"
"25.8.1","PolarisVega","d0_whql-amd-software-adrenalin-edition-25.8.1-win10-win11-aug-vega-polaris.exe_398a8ae8ca69\Packages\Drivers\Audio\ACPBus\WT64A\amdacpbusext\amdacpbusext.inf","Windows Server 2025","NATIVE_CANDIDATE","NativeCandidate","3","3","3","NotEstablished"
"25.8.1","PolarisVega","d0_whql-amd-software-adrenalin-edition-25.8.1-win10-win11-aug-vega-polaris.exe_398a8ae8ca69\Packages\Drivers\Audio\ACPBus2\WT64A\amdacpbusext\amdacpbusext.inf","Windows Server 2016","NOT_APPLICABLE","NotApplicable","0","0","0","NotEstablished"
"25.8.1","PolarisVega","d0_whql-amd-software-adrenalin-edition-25.8.1-win10-win11-aug-vega-polaris.exe_398a8ae8ca69\Packages\Drivers\Audio\ACPBus2\WT64A\amdacpbusext\amdacpbusext.inf","Windows Server 2019","NATIVE_CANDIDATE","NativeCandidate","3","3","3","NotEstablished"
"25.8.1","PolarisVega","d0_whql-amd-software-adrenalin-edition-25.8.1-win10-win11-aug-vega-polaris.exe_398a8ae8ca69\Packages\Drivers\Audio\ACPBus2\WT64A\amdacpbusext\amdacpbusext.inf","Windows Server 2022","NATIVE_CANDIDATE","NativeCandidate","3","3","3","NotEstablished"
"25.8.1","PolarisVega","d0_whql-amd-software-adrenalin-edition-25.8.1-win10-win11-aug-vega-polaris.exe_398a8ae8ca69\Packages\Drivers\Audio\ACPBus2\WT64A\amdacpbusext\amdacpbusext.inf","Windows Server 2025","NATIVE_CANDIDATE","NativeCandidate","3","3","3","NotEstablished"
"25.8.1","PolarisVega","d0_whql-amd-software-adrenalin-edition-25.8.1-win10-win11-aug-vega-polaris.exe_398a8ae8ca69\Packages\Drivers\Audio\HDABus\WT64A\amdhdaudbus.inf","Windows Server 2016","NATIVE_CANDIDATE","NativeCandidate","1","1","1","NotEstablished"
"25.8.1","PolarisVega","d0_whql-amd-software-adrenalin-edition-25.8.1-win10-win11-aug-vega-polaris.exe_398a8ae8ca69\Packages\Drivers\Audio\HDABus\WT64A\amdhdaudbus.inf","Windows Server 2019","NATIVE_CANDIDATE","NativeCandidate","1","1","1","NotEstablished"
"25.8.1","PolarisVega","d0_whql-amd-software-adrenalin-edition-25.8.1-win10-win11-aug-vega-polaris.exe_398a8ae8ca69\Packages\Drivers\Audio\HDABus\WT64A\amdhdaudbus.inf","Windows Server 2022","NATIVE_CANDIDATE","NativeCandidate","1","1","1","NotEstablished"
"25.8.1","PolarisVega","d0_whql-amd-software-adrenalin-edition-25.8.1-win10-win11-aug-vega-polaris.exe_398a8ae8ca69\Packages\Drivers\Audio\HDABus\WT64A\amdhdaudbus.inf","Windows Server 2025","NATIVE_CANDIDATE","NativeCandidate","1","1","1","NotEstablished"
"25.8.1","PolarisVega","d0_whql-amd-software-adrenalin-edition-25.8.1-win10-win11-aug-vega-polaris.exe_398a8ae8ca69\Packages\Drivers\Audio\HDMI\WT64A\AtihdWT6.inf","Windows Server 2016","NATIVE_CANDIDATE","NativeCandidate","8","8","8","NotEstablished"
"25.8.1","PolarisVega","d0_whql-amd-software-adrenalin-edition-25.8.1-win10-win11-aug-vega-polaris.exe_398a8ae8ca69\Packages\Drivers\Audio\HDMI\WT64A\AtihdWT6.inf","Windows Server 2019","NATIVE_CANDIDATE","NativeCandidate","8","8","8","NotEstablished"
"25.8.1","PolarisVega","d0_whql-amd-software-adrenalin-edition-25.8.1-win10-win11-aug-vega-polaris.exe_398a8ae8ca69\Packages\Drivers\Audio\HDMI\WT64A\AtihdWT6.inf","Windows Server 2022","NATIVE_CANDIDATE","NativeCandidate","8","8","8","NotEstablished"
"25.8.1","PolarisVega","d0_whql-amd-software-adrenalin-edition-25.8.1-win10-win11-aug-vega-polaris.exe_398a8ae8ca69\Packages\Drivers\Audio\HDMI\WT64A\AtihdWT6.inf","Windows Server 2025","NATIVE_CANDIDATE","NativeCandidate","8","8","8","NotEstablished"
"25.8.1","PolarisVega","d0_whql-amd-software-adrenalin-edition-25.8.1-win10-win11-aug-vega-polaris.exe_398a8ae8ca69\Packages\Drivers\Audio\I2STDM\WT64A\amdi2stdmafd.inf","Windows Server 2016","NATIVE_CANDIDATE","NativeCandidate","1","1","1","NotEstablished"
"25.8.1","PolarisVega","d0_whql-amd-software-adrenalin-edition-25.8.1-win10-win11-aug-vega-polaris.exe_398a8ae8ca69\Packages\Drivers\Audio\I2STDM\WT64A\amdi2stdmafd.inf","Windows Server 2019","NATIVE_CANDIDATE","NativeCandidate","1","1","1","NotEstablished"
"25.8.1","PolarisVega","d0_whql-amd-software-adrenalin-edition-25.8.1-win10-win11-aug-vega-polaris.exe_398a8ae8ca69\Packages\Drivers\Audio\I2STDM\WT64A\amdi2stdmafd.inf","Windows Server 2022","NATIVE_CANDIDATE","NativeCandidate","1","1","1","NotEstablished"
"25.8.1","PolarisVega","d0_whql-amd-software-adrenalin-edition-25.8.1-win10-win11-aug-vega-polaris.exe_398a8ae8ca69\Packages\Drivers\Audio\I2STDM\WT64A\amdi2stdmafd.inf","Windows Server 2025","NATIVE_CANDIDATE","NativeCandidate","1","1","1","NotEstablished"
"25.8.1","PolarisVega","d0_whql-amd-software-adrenalin-edition-25.8.1-win10-win11-aug-vega-polaris.exe_398a8ae8ca69\Packages\Drivers\Audio\SAFD\WT64A\amdsafd.inf","Windows Server 2016","NOT_APPLICABLE","NotApplicable","0","0","0","NotEstablished"
"25.8.1","PolarisVega","d0_whql-amd-software-adrenalin-edition-25.8.1-win10-win11-aug-vega-polaris.exe_398a8ae8ca69\Packages\Drivers\Audio\SAFD\WT64A\amdsafd.inf","Windows Server 2019","NATIVE_CANDIDATE","NativeCandidate","1","1","1","NotEstablished"
"25.8.1","PolarisVega","d0_whql-amd-software-adrenalin-edition-25.8.1-win10-win11-aug-vega-polaris.exe_398a8ae8ca69\Packages\Drivers\Audio\SAFD\WT64A\amdsafd.inf","Windows Server 2022","NATIVE_CANDIDATE","NativeCandidate","1","1","1","NotEstablished"
"25.8.1","PolarisVega","d0_whql-amd-software-adrenalin-edition-25.8.1-win10-win11-aug-vega-polaris.exe_398a8ae8ca69\Packages\Drivers\Audio\SAFD\WT64A\amdsafd.inf","Windows Server 2025","NATIVE_CANDIDATE","NativeCandidate","1","1","1","NotEstablished"
"25.8.1","PolarisVega","d0_whql-amd-software-adrenalin-edition-25.8.1-win10-win11-aug-vega-polaris.exe_398a8ae8ca69\Packages\Drivers\Display\WT6A_INF\u0417877.inf","Windows Server 2016","NOT_APPLICABLE","NotApplicable","0","0","0","NotEstablished"
"25.8.1","PolarisVega","d0_whql-amd-software-adrenalin-edition-25.8.1-win10-win11-aug-vega-polaris.exe_398a8ae8ca69\Packages\Drivers\Display\WT6A_INF\u0417877.inf","Windows Server 2019","PATCH_CANDIDATE","ProjectionCandidate","5046","0","5046","NotEstablished"
"25.8.1","PolarisVega","d0_whql-amd-software-adrenalin-edition-25.8.1-win10-win11-aug-vega-polaris.exe_398a8ae8ca69\Packages\Drivers\Display\WT6A_INF\u0417877.inf","Windows Server 2022","PATCH_CANDIDATE","ProjectionCandidate","5046","0","5046","NotEstablished"
"25.8.1","PolarisVega","d0_whql-amd-software-adrenalin-edition-25.8.1-win10-win11-aug-vega-polaris.exe_398a8ae8ca69\Packages\Drivers\Display\WT6A_INF\u0417877.inf","Windows Server 2025","PATCH_CANDIDATE","ProjectionCandidate","5046","0","5046","NotEstablished"
"25.8.1","PolarisVega","d0_whql-amd-software-adrenalin-edition-25.8.1-win10-win11-aug-vega-polaris.exe_398a8ae8ca69\Packages\Drivers\Display\WT6A_INF\amdafd\amdafd.inf","Windows Server 2016","NATIVE_CANDIDATE","NativeCandidate","2","2","2","NotEstablished"
"25.8.1","PolarisVega","d0_whql-amd-software-adrenalin-edition-25.8.1-win10-win11-aug-vega-polaris.exe_398a8ae8ca69\Packages\Drivers\Display\WT6A_INF\amdafd\amdafd.inf","Windows Server 2019","NATIVE_CANDIDATE","NativeCandidate","2","2","2","NotEstablished"
"25.8.1","PolarisVega","d0_whql-amd-software-adrenalin-edition-25.8.1-win10-win11-aug-vega-polaris.exe_398a8ae8ca69\Packages\Drivers\Display\WT6A_INF\amdafd\amdafd.inf","Windows Server 2022","NATIVE_CANDIDATE","NativeCandidate","2","2","2","NotEstablished"
"25.8.1","PolarisVega","d0_whql-amd-software-adrenalin-edition-25.8.1-win10-win11-aug-vega-polaris.exe_398a8ae8ca69\Packages\Drivers\Display\WT6A_INF\amdafd\amdafd.inf","Windows Server 2025","NATIVE_CANDIDATE","NativeCandidate","2","2","2","NotEstablished"
"25.8.1","PolarisVega","d0_whql-amd-software-adrenalin-edition-25.8.1-win10-win11-aug-vega-polaris.exe_398a8ae8ca69\Packages\Drivers\Display\WT6A_INF\amdfdans\AMDFDANS.inf","Windows Server 2016","NOT_APPLICABLE","NotApplicable","0","0","0","NotEstablished"
"25.8.1","PolarisVega","d0_whql-amd-software-adrenalin-edition-25.8.1-win10-win11-aug-vega-polaris.exe_398a8ae8ca69\Packages\Drivers\Display\WT6A_INF\amdfdans\AMDFDANS.inf","Windows Server 2019","NATIVE_CANDIDATE","NativeCandidate","1","1","1","NotEstablished"
"25.8.1","PolarisVega","d0_whql-amd-software-adrenalin-edition-25.8.1-win10-win11-aug-vega-polaris.exe_398a8ae8ca69\Packages\Drivers\Display\WT6A_INF\amdfdans\AMDFDANS.inf","Windows Server 2022","NATIVE_CANDIDATE","NativeCandidate","1","1","1","NotEstablished"
"25.8.1","PolarisVega","d0_whql-amd-software-adrenalin-edition-25.8.1-win10-win11-aug-vega-polaris.exe_398a8ae8ca69\Packages\Drivers\Display\WT6A_INF\amdfdans\AMDFDANS.inf","Windows Server 2025","NATIVE_CANDIDATE","NativeCandidate","1","1","1","NotEstablished"
"25.8.1","PolarisVega","d0_whql-amd-software-adrenalin-edition-25.8.1-win10-win11-aug-vega-polaris.exe_398a8ae8ca69\Packages\Drivers\Display\WT6A_INF\amdfendr\amdfendr.inf","Windows Server 2016","NOT_APPLICABLE","NotApplicable","0","0","0","NotEstablished"
"25.8.1","PolarisVega","d0_whql-amd-software-adrenalin-edition-25.8.1-win10-win11-aug-vega-polaris.exe_398a8ae8ca69\Packages\Drivers\Display\WT6A_INF\amdfendr\amdfendr.inf","Windows Server 2019","NATIVE_CANDIDATE","NativeCandidate","1","1","1","NotEstablished"
"25.8.1","PolarisVega","d0_whql-amd-software-adrenalin-edition-25.8.1-win10-win11-aug-vega-polaris.exe_398a8ae8ca69\Packages\Drivers\Display\WT6A_INF\amdfendr\amdfendr.inf","Windows Server 2022","NATIVE_CANDIDATE","NativeCandidate","1","1","1","NotEstablished"
"25.8.1","PolarisVega","d0_whql-amd-software-adrenalin-edition-25.8.1-win10-win11-aug-vega-polaris.exe_398a8ae8ca69\Packages\Drivers\Display\WT6A_INF\amdfendr\amdfendr.inf","Windows Server 2025","NATIVE_CANDIDATE","NativeCandidate","1","1","1","NotEstablished"
"25.8.1","PolarisVega","d0_whql-amd-software-adrenalin-edition-25.8.1-win10-win11-aug-vega-polaris.exe_398a8ae8ca69\Packages\Drivers\Display\WT6A_INF\amdocl\amdocl.inf","Windows Server 2016","NOT_APPLICABLE","NotApplicable","0","0","0","NotEstablished"
"25.8.1","PolarisVega","d0_whql-amd-software-adrenalin-edition-25.8.1-win10-win11-aug-vega-polaris.exe_398a8ae8ca69\Packages\Drivers\Display\WT6A_INF\amdocl\amdocl.inf","Windows Server 2019","NATIVE_CANDIDATE","NativeCandidate","1","1","1","NotEstablished"
"25.8.1","PolarisVega","d0_whql-amd-software-adrenalin-edition-25.8.1-win10-win11-aug-vega-polaris.exe_398a8ae8ca69\Packages\Drivers\Display\WT6A_INF\amdocl\amdocl.inf","Windows Server 2022","NATIVE_CANDIDATE","NativeCandidate","1","1","1","NotEstablished"
"25.8.1","PolarisVega","d0_whql-amd-software-adrenalin-edition-25.8.1-win10-win11-aug-vega-polaris.exe_398a8ae8ca69\Packages\Drivers\Display\WT6A_INF\amdocl\amdocl.inf","Windows Server 2025","NATIVE_CANDIDATE","NativeCandidate","1","1","1","NotEstablished"
"25.8.1","PolarisVega","d0_whql-amd-software-adrenalin-edition-25.8.1-win10-win11-aug-vega-polaris.exe_398a8ae8ca69\Packages\Drivers\Display\WT6A_INF\amdpcibridge\amdpcibridgeextension.inf","Windows Server 2016","NATIVE_CANDIDATE","NativeCandidate","2","2","2","NotEstablished"
"25.8.1","PolarisVega","d0_whql-amd-software-adrenalin-edition-25.8.1-win10-win11-aug-vega-polaris.exe_398a8ae8ca69\Packages\Drivers\Display\WT6A_INF\amdpcibridge\amdpcibridgeextension.inf","Windows Server 2019","NATIVE_CANDIDATE","NativeCandidate","2","2","2","NotEstablished"
"25.8.1","PolarisVega","d0_whql-amd-software-adrenalin-edition-25.8.1-win10-win11-aug-vega-polaris.exe_398a8ae8ca69\Packages\Drivers\Display\WT6A_INF\amdpcibridge\amdpcibridgeextension.inf","Windows Server 2022","NATIVE_CANDIDATE","NativeCandidate","2","2","2","NotEstablished"
"25.8.1","PolarisVega","d0_whql-amd-software-adrenalin-edition-25.8.1-win10-win11-aug-vega-polaris.exe_398a8ae8ca69\Packages\Drivers\Display\WT6A_INF\amdpcibridge\amdpcibridgeextension.inf","Windows Server 2025","NATIVE_CANDIDATE","NativeCandidate","2","2","2","NotEstablished"
"25.8.1","PolarisVega","d0_whql-amd-software-adrenalin-edition-25.8.1-win10-win11-aug-vega-polaris.exe_398a8ae8ca69\Packages\Drivers\Display\WT6A_INF\amdwin\amdwin-u0417877.inf","Windows Server 2016","NATIVE_CANDIDATE","NativeCandidate","1","1","1","NotEstablished"
"25.8.1","PolarisVega","d0_whql-amd-software-adrenalin-edition-25.8.1-win10-win11-aug-vega-polaris.exe_398a8ae8ca69\Packages\Drivers\Display\WT6A_INF\amdwin\amdwin-u0417877.inf","Windows Server 2019","NATIVE_CANDIDATE","NativeCandidate","1","1","1","NotEstablished"
"25.8.1","PolarisVega","d0_whql-amd-software-adrenalin-edition-25.8.1-win10-win11-aug-vega-polaris.exe_398a8ae8ca69\Packages\Drivers\Display\WT6A_INF\amdwin\amdwin-u0417877.inf","Windows Server 2022","NATIVE_CANDIDATE","NativeCandidate","1","1","1","NotEstablished"
"25.8.1","PolarisVega","d0_whql-amd-software-adrenalin-edition-25.8.1-win10-win11-aug-vega-polaris.exe_398a8ae8ca69\Packages\Drivers\Display\WT6A_INF\amdwin\amdwin-u0417877.inf","Windows Server 2025","NATIVE_CANDIDATE","NativeCandidate","1","1","1","NotEstablished"
"25.8.1","PolarisVega","d0_whql-amd-software-adrenalin-edition-25.8.1-win10-win11-aug-vega-polaris.exe_398a8ae8ca69\Packages\Drivers\Display\WT6A_INF\amdxe\amdxe.inf","Windows Server 2016","NATIVE_CANDIDATE","NativeCandidate","1","1","1","NotEstablished"
"25.8.1","PolarisVega","d0_whql-amd-software-adrenalin-edition-25.8.1-win10-win11-aug-vega-polaris.exe_398a8ae8ca69\Packages\Drivers\Display\WT6A_INF\amdxe\amdxe.inf","Windows Server 2019","NATIVE_CANDIDATE","NativeCandidate","1","1","1","NotEstablished"
"25.8.1","PolarisVega","d0_whql-amd-software-adrenalin-edition-25.8.1-win10-win11-aug-vega-polaris.exe_398a8ae8ca69\Packages\Drivers\Display\WT6A_INF\amdxe\amdxe.inf","Windows Server 2022","NATIVE_CANDIDATE","NativeCandidate","1","1","1","NotEstablished"
"25.8.1","PolarisVega","d0_whql-amd-software-adrenalin-edition-25.8.1-win10-win11-aug-vega-polaris.exe_398a8ae8ca69\Packages\Drivers\Display\WT6A_INF\amdxe\amdxe.inf","Windows Server 2025","NATIVE_CANDIDATE","NativeCandidate","1","1","1","NotEstablished"
"25.8.1","PolarisVega","d0_whql-amd-software-adrenalin-edition-25.8.1-win10-win11-aug-vega-polaris.exe_398a8ae8ca69\Packages\Drivers\RadeonLED\WT64A\amdusbledfd.inf","Windows Server 2016","NATIVE_CANDIDATE","NativeCandidate","6","6","6","NotEstablished"
"25.8.1","PolarisVega","d0_whql-amd-software-adrenalin-edition-25.8.1-win10-win11-aug-vega-polaris.exe_398a8ae8ca69\Packages\Drivers\RadeonLED\WT64A\amdusbledfd.inf","Windows Server 2019","NATIVE_CANDIDATE","NativeCandidate","6","6","6","NotEstablished"
"25.8.1","PolarisVega","d0_whql-amd-software-adrenalin-edition-25.8.1-win10-win11-aug-vega-polaris.exe_398a8ae8ca69\Packages\Drivers\RadeonLED\WT64A\amdusbledfd.inf","Windows Server 2022","NATIVE_CANDIDATE","NativeCandidate","6","6","6","NotEstablished"
"25.8.1","PolarisVega","d0_whql-amd-software-adrenalin-edition-25.8.1-win10-win11-aug-vega-polaris.exe_398a8ae8ca69\Packages\Drivers\RadeonLED\WT64A\amdusbledfd.inf","Windows Server 2025","NATIVE_CANDIDATE","NativeCandidate","6","6","6","NotEstablished"
"25.8.1","PolarisVega","d0_whql-amd-software-adrenalin-edition-25.8.1-win10-win11-aug-vega-polaris.exe_398a8ae8ca69\Packages\Drivers\SBDrv\AMDUCSI\WT64A\amducsi.inf","Windows Server 2016","NATIVE_CANDIDATE","NativeCandidate","5","5","5","NotEstablished"
"25.8.1","PolarisVega","d0_whql-amd-software-adrenalin-edition-25.8.1-win10-win11-aug-vega-polaris.exe_398a8ae8ca69\Packages\Drivers\SBDrv\AMDUCSI\WT64A\amducsi.inf","Windows Server 2019","NATIVE_CANDIDATE","NativeCandidate","5","5","5","NotEstablished"
"25.8.1","PolarisVega","d0_whql-amd-software-adrenalin-edition-25.8.1-win10-win11-aug-vega-polaris.exe_398a8ae8ca69\Packages\Drivers\SBDrv\AMDUCSI\WT64A\amducsi.inf","Windows Server 2022","NATIVE_CANDIDATE","NativeCandidate","5","5","5","NotEstablished"
"25.8.1","PolarisVega","d0_whql-amd-software-adrenalin-edition-25.8.1-win10-win11-aug-vega-polaris.exe_398a8ae8ca69\Packages\Drivers\SBDrv\AMDUCSI\WT64A\amducsi.inf","Windows Server 2025","NATIVE_CANDIDATE","NativeCandidate","5","5","5","NotEstablished"
"24.9.1","PolarisVega","d0_whql-amd-software-adrenalin-edition-24.9.1-win10-win11-vega-polaris.exe_f5da5456d84c\Packages\Drivers\Audio\ACPAfd\WT64A\amdacpafd.inf","Windows Server 2016","NOT_APPLICABLE","NotApplicable","0","0","0","NotEstablished"
"24.9.1","PolarisVega","d0_whql-amd-software-adrenalin-edition-24.9.1-win10-win11-vega-polaris.exe_f5da5456d84c\Packages\Drivers\Audio\ACPAfd\WT64A\amdacpafd.inf","Windows Server 2019","NATIVE_CANDIDATE","NativeCandidate","4","4","4","NotEstablished"
"24.9.1","PolarisVega","d0_whql-amd-software-adrenalin-edition-24.9.1-win10-win11-vega-polaris.exe_f5da5456d84c\Packages\Drivers\Audio\ACPAfd\WT64A\amdacpafd.inf","Windows Server 2022","NATIVE_CANDIDATE","NativeCandidate","4","4","4","NotEstablished"
"24.9.1","PolarisVega","d0_whql-amd-software-adrenalin-edition-24.9.1-win10-win11-vega-polaris.exe_f5da5456d84c\Packages\Drivers\Audio\ACPAfd\WT64A\amdacpafd.inf","Windows Server 2025","NATIVE_CANDIDATE","NativeCandidate","4","4","4","NotEstablished"
"24.9.1","PolarisVega","d0_whql-amd-software-adrenalin-edition-24.9.1-win10-win11-vega-polaris.exe_f5da5456d84c\Packages\Drivers\Audio\ACPBtAfd\WT64A\amdacpbt.inf","Windows Server 2016","NATIVE_CANDIDATE","NativeCandidate","1","1","1","NotEstablished"
"24.9.1","PolarisVega","d0_whql-amd-software-adrenalin-edition-24.9.1-win10-win11-vega-polaris.exe_f5da5456d84c\Packages\Drivers\Audio\ACPBtAfd\WT64A\amdacpbt.inf","Windows Server 2019","NATIVE_CANDIDATE","NativeCandidate","1","1","1","NotEstablished"
"24.9.1","PolarisVega","d0_whql-amd-software-adrenalin-edition-24.9.1-win10-win11-vega-polaris.exe_f5da5456d84c\Packages\Drivers\Audio\ACPBtAfd\WT64A\amdacpbt.inf","Windows Server 2022","NATIVE_CANDIDATE","NativeCandidate","1","1","1","NotEstablished"
"24.9.1","PolarisVega","d0_whql-amd-software-adrenalin-edition-24.9.1-win10-win11-vega-polaris.exe_f5da5456d84c\Packages\Drivers\Audio\ACPBtAfd\WT64A\amdacpbt.inf","Windows Server 2025","NATIVE_CANDIDATE","NativeCandidate","1","1","1","NotEstablished"
"24.9.1","PolarisVega","d0_whql-amd-software-adrenalin-edition-24.9.1-win10-win11-vega-polaris.exe_f5da5456d84c\Packages\Drivers\Audio\ACPBus\WT64A\amdacpbus.inf","Windows Server 2016","NOT_APPLICABLE","NotApplicable","0","0","0","NotEstablished"
"24.9.1","PolarisVega","d0_whql-amd-software-adrenalin-edition-24.9.1-win10-win11-vega-polaris.exe_f5da5456d84c\Packages\Drivers\Audio\ACPBus\WT64A\amdacpbus.inf","Windows Server 2019","NATIVE_CANDIDATE","NativeCandidate","7","7","7","NotEstablished"
"24.9.1","PolarisVega","d0_whql-amd-software-adrenalin-edition-24.9.1-win10-win11-vega-polaris.exe_f5da5456d84c\Packages\Drivers\Audio\ACPBus\WT64A\amdacpbus.inf","Windows Server 2022","NATIVE_CANDIDATE","NativeCandidate","7","7","7","NotEstablished"
"24.9.1","PolarisVega","d0_whql-amd-software-adrenalin-edition-24.9.1-win10-win11-vega-polaris.exe_f5da5456d84c\Packages\Drivers\Audio\ACPBus\WT64A\amdacpbus.inf","Windows Server 2025","NATIVE_CANDIDATE","NativeCandidate","7","7","7","NotEstablished"
"24.9.1","PolarisVega","d0_whql-amd-software-adrenalin-edition-24.9.1-win10-win11-vega-polaris.exe_f5da5456d84c\Packages\Drivers\Audio\ACPBus\WT64A\amdacpbusext\amdacpbusext.inf","Windows Server 2016","NOT_APPLICABLE","NotApplicable","0","0","0","NotEstablished"
"24.9.1","PolarisVega","d0_whql-amd-software-adrenalin-edition-24.9.1-win10-win11-vega-polaris.exe_f5da5456d84c\Packages\Drivers\Audio\ACPBus\WT64A\amdacpbusext\amdacpbusext.inf","Windows Server 2019","NATIVE_CANDIDATE","NativeCandidate","3","3","3","NotEstablished"
"24.9.1","PolarisVega","d0_whql-amd-software-adrenalin-edition-24.9.1-win10-win11-vega-polaris.exe_f5da5456d84c\Packages\Drivers\Audio\ACPBus\WT64A\amdacpbusext\amdacpbusext.inf","Windows Server 2022","NATIVE_CANDIDATE","NativeCandidate","3","3","3","NotEstablished"
"24.9.1","PolarisVega","d0_whql-amd-software-adrenalin-edition-24.9.1-win10-win11-vega-polaris.exe_f5da5456d84c\Packages\Drivers\Audio\ACPBus\WT64A\amdacpbusext\amdacpbusext.inf","Windows Server 2025","NATIVE_CANDIDATE","NativeCandidate","3","3","3","NotEstablished"
"24.9.1","PolarisVega","d0_whql-amd-software-adrenalin-edition-24.9.1-win10-win11-vega-polaris.exe_f5da5456d84c\Packages\Drivers\Audio\ACPBus2\WT64A\amdacpbusext\amdacpbusext.inf","Windows Server 2016","NOT_APPLICABLE","NotApplicable","0","0","0","NotEstablished"
"24.9.1","PolarisVega","d0_whql-amd-software-adrenalin-edition-24.9.1-win10-win11-vega-polaris.exe_f5da5456d84c\Packages\Drivers\Audio\ACPBus2\WT64A\amdacpbusext\amdacpbusext.inf","Windows Server 2019","NATIVE_CANDIDATE","NativeCandidate","3","3","3","NotEstablished"
"24.9.1","PolarisVega","d0_whql-amd-software-adrenalin-edition-24.9.1-win10-win11-vega-polaris.exe_f5da5456d84c\Packages\Drivers\Audio\ACPBus2\WT64A\amdacpbusext\amdacpbusext.inf","Windows Server 2022","NATIVE_CANDIDATE","NativeCandidate","3","3","3","NotEstablished"
"24.9.1","PolarisVega","d0_whql-amd-software-adrenalin-edition-24.9.1-win10-win11-vega-polaris.exe_f5da5456d84c\Packages\Drivers\Audio\ACPBus2\WT64A\amdacpbusext\amdacpbusext.inf","Windows Server 2025","NATIVE_CANDIDATE","NativeCandidate","3","3","3","NotEstablished"
"24.9.1","PolarisVega","d0_whql-amd-software-adrenalin-edition-24.9.1-win10-win11-vega-polaris.exe_f5da5456d84c\Packages\Drivers\Audio\HDABus\WT64A\amdhdaudbus.inf","Windows Server 2016","NATIVE_CANDIDATE","NativeCandidate","1","1","1","NotEstablished"
"24.9.1","PolarisVega","d0_whql-amd-software-adrenalin-edition-24.9.1-win10-win11-vega-polaris.exe_f5da5456d84c\Packages\Drivers\Audio\HDABus\WT64A\amdhdaudbus.inf","Windows Server 2019","NATIVE_CANDIDATE","NativeCandidate","1","1","1","NotEstablished"
"24.9.1","PolarisVega","d0_whql-amd-software-adrenalin-edition-24.9.1-win10-win11-vega-polaris.exe_f5da5456d84c\Packages\Drivers\Audio\HDABus\WT64A\amdhdaudbus.inf","Windows Server 2022","NATIVE_CANDIDATE","NativeCandidate","1","1","1","NotEstablished"
"24.9.1","PolarisVega","d0_whql-amd-software-adrenalin-edition-24.9.1-win10-win11-vega-polaris.exe_f5da5456d84c\Packages\Drivers\Audio\HDABus\WT64A\amdhdaudbus.inf","Windows Server 2025","NATIVE_CANDIDATE","NativeCandidate","1","1","1","NotEstablished"
"24.9.1","PolarisVega","d0_whql-amd-software-adrenalin-edition-24.9.1-win10-win11-vega-polaris.exe_f5da5456d84c\Packages\Drivers\Audio\HDMI\WT64A\AtihdWT6.inf","Windows Server 2016","NATIVE_CANDIDATE","NativeCandidate","8","8","8","NotEstablished"
"24.9.1","PolarisVega","d0_whql-amd-software-adrenalin-edition-24.9.1-win10-win11-vega-polaris.exe_f5da5456d84c\Packages\Drivers\Audio\HDMI\WT64A\AtihdWT6.inf","Windows Server 2019","NATIVE_CANDIDATE","NativeCandidate","8","8","8","NotEstablished"
"24.9.1","PolarisVega","d0_whql-amd-software-adrenalin-edition-24.9.1-win10-win11-vega-polaris.exe_f5da5456d84c\Packages\Drivers\Audio\HDMI\WT64A\AtihdWT6.inf","Windows Server 2022","NATIVE_CANDIDATE","NativeCandidate","8","8","8","NotEstablished"
"24.9.1","PolarisVega","d0_whql-amd-software-adrenalin-edition-24.9.1-win10-win11-vega-polaris.exe_f5da5456d84c\Packages\Drivers\Audio\HDMI\WT64A\AtihdWT6.inf","Windows Server 2025","NATIVE_CANDIDATE","NativeCandidate","8","8","8","NotEstablished"
"24.9.1","PolarisVega","d0_whql-amd-software-adrenalin-edition-24.9.1-win10-win11-vega-polaris.exe_f5da5456d84c\Packages\Drivers\Audio\I2STDM\WT64A\amdi2stdmafd.inf","Windows Server 2016","NATIVE_CANDIDATE","NativeCandidate","1","1","1","NotEstablished"
"24.9.1","PolarisVega","d0_whql-amd-software-adrenalin-edition-24.9.1-win10-win11-vega-polaris.exe_f5da5456d84c\Packages\Drivers\Audio\I2STDM\WT64A\amdi2stdmafd.inf","Windows Server 2019","NATIVE_CANDIDATE","NativeCandidate","1","1","1","NotEstablished"
"24.9.1","PolarisVega","d0_whql-amd-software-adrenalin-edition-24.9.1-win10-win11-vega-polaris.exe_f5da5456d84c\Packages\Drivers\Audio\I2STDM\WT64A\amdi2stdmafd.inf","Windows Server 2022","NATIVE_CANDIDATE","NativeCandidate","1","1","1","NotEstablished"
"24.9.1","PolarisVega","d0_whql-amd-software-adrenalin-edition-24.9.1-win10-win11-vega-polaris.exe_f5da5456d84c\Packages\Drivers\Audio\I2STDM\WT64A\amdi2stdmafd.inf","Windows Server 2025","NATIVE_CANDIDATE","NativeCandidate","1","1","1","NotEstablished"
"24.9.1","PolarisVega","d0_whql-amd-software-adrenalin-edition-24.9.1-win10-win11-vega-polaris.exe_f5da5456d84c\Packages\Drivers\Audio\SAFD\WT64A\amdsafd.inf","Windows Server 2016","NOT_APPLICABLE","NotApplicable","0","0","0","NotEstablished"
"24.9.1","PolarisVega","d0_whql-amd-software-adrenalin-edition-24.9.1-win10-win11-vega-polaris.exe_f5da5456d84c\Packages\Drivers\Audio\SAFD\WT64A\amdsafd.inf","Windows Server 2019","NATIVE_CANDIDATE","NativeCandidate","1","1","1","NotEstablished"
"24.9.1","PolarisVega","d0_whql-amd-software-adrenalin-edition-24.9.1-win10-win11-vega-polaris.exe_f5da5456d84c\Packages\Drivers\Audio\SAFD\WT64A\amdsafd.inf","Windows Server 2022","NATIVE_CANDIDATE","NativeCandidate","1","1","1","NotEstablished"
"24.9.1","PolarisVega","d0_whql-amd-software-adrenalin-edition-24.9.1-win10-win11-vega-polaris.exe_f5da5456d84c\Packages\Drivers\Audio\SAFD\WT64A\amdsafd.inf","Windows Server 2025","NATIVE_CANDIDATE","NativeCandidate","1","1","1","NotEstablished"
"24.9.1","PolarisVega","d0_whql-amd-software-adrenalin-edition-24.9.1-win10-win11-vega-polaris.exe_f5da5456d84c\Packages\Drivers\Display\WT6A_INF\u0407052.inf","Windows Server 2016","NOT_APPLICABLE","NotApplicable","0","0","0","NotEstablished"
"24.9.1","PolarisVega","d0_whql-amd-software-adrenalin-edition-24.9.1-win10-win11-vega-polaris.exe_f5da5456d84c\Packages\Drivers\Display\WT6A_INF\u0407052.inf","Windows Server 2019","PATCH_CANDIDATE","ProjectionCandidate","4336","0","4336","NotEstablished"
"24.9.1","PolarisVega","d0_whql-amd-software-adrenalin-edition-24.9.1-win10-win11-vega-polaris.exe_f5da5456d84c\Packages\Drivers\Display\WT6A_INF\u0407052.inf","Windows Server 2022","PATCH_CANDIDATE","ProjectionCandidate","4336","0","4336","NotEstablished"
"24.9.1","PolarisVega","d0_whql-amd-software-adrenalin-edition-24.9.1-win10-win11-vega-polaris.exe_f5da5456d84c\Packages\Drivers\Display\WT6A_INF\u0407052.inf","Windows Server 2025","PATCH_CANDIDATE","ProjectionCandidate","4336","0","4336","NotEstablished"
"24.9.1","PolarisVega","d0_whql-amd-software-adrenalin-edition-24.9.1-win10-win11-vega-polaris.exe_f5da5456d84c\Packages\Drivers\Display\WT6A_INF\amdafd\amdafd.inf","Windows Server 2016","NATIVE_CANDIDATE","NativeCandidate","2","2","2","NotEstablished"
"24.9.1","PolarisVega","d0_whql-amd-software-adrenalin-edition-24.9.1-win10-win11-vega-polaris.exe_f5da5456d84c\Packages\Drivers\Display\WT6A_INF\amdafd\amdafd.inf","Windows Server 2019","NATIVE_CANDIDATE","NativeCandidate","2","2","2","NotEstablished"
"24.9.1","PolarisVega","d0_whql-amd-software-adrenalin-edition-24.9.1-win10-win11-vega-polaris.exe_f5da5456d84c\Packages\Drivers\Display\WT6A_INF\amdafd\amdafd.inf","Windows Server 2022","NATIVE_CANDIDATE","NativeCandidate","2","2","2","NotEstablished"
"24.9.1","PolarisVega","d0_whql-amd-software-adrenalin-edition-24.9.1-win10-win11-vega-polaris.exe_f5da5456d84c\Packages\Drivers\Display\WT6A_INF\amdafd\amdafd.inf","Windows Server 2025","NATIVE_CANDIDATE","NativeCandidate","2","2","2","NotEstablished"
"24.9.1","PolarisVega","d0_whql-amd-software-adrenalin-edition-24.9.1-win10-win11-vega-polaris.exe_f5da5456d84c\Packages\Drivers\Display\WT6A_INF\amdfdans\AMDFDANS.inf","Windows Server 2016","NOT_APPLICABLE","NotApplicable","0","0","0","NotEstablished"
"24.9.1","PolarisVega","d0_whql-amd-software-adrenalin-edition-24.9.1-win10-win11-vega-polaris.exe_f5da5456d84c\Packages\Drivers\Display\WT6A_INF\amdfdans\AMDFDANS.inf","Windows Server 2019","NATIVE_CANDIDATE","NativeCandidate","1","1","1","NotEstablished"
"24.9.1","PolarisVega","d0_whql-amd-software-adrenalin-edition-24.9.1-win10-win11-vega-polaris.exe_f5da5456d84c\Packages\Drivers\Display\WT6A_INF\amdfdans\AMDFDANS.inf","Windows Server 2022","NATIVE_CANDIDATE","NativeCandidate","1","1","1","NotEstablished"
"24.9.1","PolarisVega","d0_whql-amd-software-adrenalin-edition-24.9.1-win10-win11-vega-polaris.exe_f5da5456d84c\Packages\Drivers\Display\WT6A_INF\amdfdans\AMDFDANS.inf","Windows Server 2025","NATIVE_CANDIDATE","NativeCandidate","1","1","1","NotEstablished"
"24.9.1","PolarisVega","d0_whql-amd-software-adrenalin-edition-24.9.1-win10-win11-vega-polaris.exe_f5da5456d84c\Packages\Drivers\Display\WT6A_INF\amdfendr\amdfendr.inf","Windows Server 2016","NOT_APPLICABLE","NotApplicable","0","0","0","NotEstablished"
"24.9.1","PolarisVega","d0_whql-amd-software-adrenalin-edition-24.9.1-win10-win11-vega-polaris.exe_f5da5456d84c\Packages\Drivers\Display\WT6A_INF\amdfendr\amdfendr.inf","Windows Server 2019","NATIVE_CANDIDATE","NativeCandidate","1","1","1","NotEstablished"
"24.9.1","PolarisVega","d0_whql-amd-software-adrenalin-edition-24.9.1-win10-win11-vega-polaris.exe_f5da5456d84c\Packages\Drivers\Display\WT6A_INF\amdfendr\amdfendr.inf","Windows Server 2022","NATIVE_CANDIDATE","NativeCandidate","1","1","1","NotEstablished"
"24.9.1","PolarisVega","d0_whql-amd-software-adrenalin-edition-24.9.1-win10-win11-vega-polaris.exe_f5da5456d84c\Packages\Drivers\Display\WT6A_INF\amdfendr\amdfendr.inf","Windows Server 2025","NATIVE_CANDIDATE","NativeCandidate","1","1","1","NotEstablished"
"24.9.1","PolarisVega","d0_whql-amd-software-adrenalin-edition-24.9.1-win10-win11-vega-polaris.exe_f5da5456d84c\Packages\Drivers\Display\WT6A_INF\amdocl\amdocl.inf","Windows Server 2016","NOT_APPLICABLE","NotApplicable","0","0","0","NotEstablished"
"24.9.1","PolarisVega","d0_whql-amd-software-adrenalin-edition-24.9.1-win10-win11-vega-polaris.exe_f5da5456d84c\Packages\Drivers\Display\WT6A_INF\amdocl\amdocl.inf","Windows Server 2019","NATIVE_CANDIDATE","NativeCandidate","1","1","1","NotEstablished"
"24.9.1","PolarisVega","d0_whql-amd-software-adrenalin-edition-24.9.1-win10-win11-vega-polaris.exe_f5da5456d84c\Packages\Drivers\Display\WT6A_INF\amdocl\amdocl.inf","Windows Server 2022","NATIVE_CANDIDATE","NativeCandidate","1","1","1","NotEstablished"
"24.9.1","PolarisVega","d0_whql-amd-software-adrenalin-edition-24.9.1-win10-win11-vega-polaris.exe_f5da5456d84c\Packages\Drivers\Display\WT6A_INF\amdocl\amdocl.inf","Windows Server 2025","NATIVE_CANDIDATE","NativeCandidate","1","1","1","NotEstablished"
"24.9.1","PolarisVega","d0_whql-amd-software-adrenalin-edition-24.9.1-win10-win11-vega-polaris.exe_f5da5456d84c\Packages\Drivers\Display\WT6A_INF\amdpcibridge\amdpcibridgeextension.inf","Windows Server 2016","NATIVE_CANDIDATE","NativeCandidate","2","2","2","NotEstablished"
"24.9.1","PolarisVega","d0_whql-amd-software-adrenalin-edition-24.9.1-win10-win11-vega-polaris.exe_f5da5456d84c\Packages\Drivers\Display\WT6A_INF\amdpcibridge\amdpcibridgeextension.inf","Windows Server 2019","NATIVE_CANDIDATE","NativeCandidate","2","2","2","NotEstablished"
"24.9.1","PolarisVega","d0_whql-amd-software-adrenalin-edition-24.9.1-win10-win11-vega-polaris.exe_f5da5456d84c\Packages\Drivers\Display\WT6A_INF\amdpcibridge\amdpcibridgeextension.inf","Windows Server 2022","NATIVE_CANDIDATE","NativeCandidate","2","2","2","NotEstablished"
"24.9.1","PolarisVega","d0_whql-amd-software-adrenalin-edition-24.9.1-win10-win11-vega-polaris.exe_f5da5456d84c\Packages\Drivers\Display\WT6A_INF\amdpcibridge\amdpcibridgeextension.inf","Windows Server 2025","NATIVE_CANDIDATE","NativeCandidate","2","2","2","NotEstablished"
"24.9.1","PolarisVega","d0_whql-amd-software-adrenalin-edition-24.9.1-win10-win11-vega-polaris.exe_f5da5456d84c\Packages\Drivers\Display\WT6A_INF\amdwin\amdwin-u0407052.inf","Windows Server 2016","NATIVE_CANDIDATE","NativeCandidate","1","1","1","NotEstablished"
"24.9.1","PolarisVega","d0_whql-amd-software-adrenalin-edition-24.9.1-win10-win11-vega-polaris.exe_f5da5456d84c\Packages\Drivers\Display\WT6A_INF\amdwin\amdwin-u0407052.inf","Windows Server 2019","NATIVE_CANDIDATE","NativeCandidate","1","1","1","NotEstablished"
"24.9.1","PolarisVega","d0_whql-amd-software-adrenalin-edition-24.9.1-win10-win11-vega-polaris.exe_f5da5456d84c\Packages\Drivers\Display\WT6A_INF\amdwin\amdwin-u0407052.inf","Windows Server 2022","NATIVE_CANDIDATE","NativeCandidate","1","1","1","NotEstablished"
"24.9.1","PolarisVega","d0_whql-amd-software-adrenalin-edition-24.9.1-win10-win11-vega-polaris.exe_f5da5456d84c\Packages\Drivers\Display\WT6A_INF\amdwin\amdwin-u0407052.inf","Windows Server 2025","NATIVE_CANDIDATE","NativeCandidate","1","1","1","NotEstablished"
"24.9.1","PolarisVega","d0_whql-amd-software-adrenalin-edition-24.9.1-win10-win11-vega-polaris.exe_f5da5456d84c\Packages\Drivers\Display\WT6A_INF\amdxe\amdxe.inf","Windows Server 2016","NATIVE_CANDIDATE","NativeCandidate","1","1","1","NotEstablished"
"24.9.1","PolarisVega","d0_whql-amd-software-adrenalin-edition-24.9.1-win10-win11-vega-polaris.exe_f5da5456d84c\Packages\Drivers\Display\WT6A_INF\amdxe\amdxe.inf","Windows Server 2019","NATIVE_CANDIDATE","NativeCandidate","1","1","1","NotEstablished"
"24.9.1","PolarisVega","d0_whql-amd-software-adrenalin-edition-24.9.1-win10-win11-vega-polaris.exe_f5da5456d84c\Packages\Drivers\Display\WT6A_INF\amdxe\amdxe.inf","Windows Server 2022","NATIVE_CANDIDATE","NativeCandidate","1","1","1","NotEstablished"
"24.9.1","PolarisVega","d0_whql-amd-software-adrenalin-edition-24.9.1-win10-win11-vega-polaris.exe_f5da5456d84c\Packages\Drivers\Display\WT6A_INF\amdxe\amdxe.inf","Windows Server 2025","NATIVE_CANDIDATE","NativeCandidate","1","1","1","NotEstablished"
"24.9.1","PolarisVega","d0_whql-amd-software-adrenalin-edition-24.9.1-win10-win11-vega-polaris.exe_f5da5456d84c\Packages\Drivers\RadeonLED\WT64A\amdusbledfd.inf","Windows Server 2016","NATIVE_CANDIDATE","NativeCandidate","6","6","6","NotEstablished"
"24.9.1","PolarisVega","d0_whql-amd-software-adrenalin-edition-24.9.1-win10-win11-vega-polaris.exe_f5da5456d84c\Packages\Drivers\RadeonLED\WT64A\amdusbledfd.inf","Windows Server 2019","NATIVE_CANDIDATE","NativeCandidate","6","6","6","NotEstablished"
"24.9.1","PolarisVega","d0_whql-amd-software-adrenalin-edition-24.9.1-win10-win11-vega-polaris.exe_f5da5456d84c\Packages\Drivers\RadeonLED\WT64A\amdusbledfd.inf","Windows Server 2022","NATIVE_CANDIDATE","NativeCandidate","6","6","6","NotEstablished"
"24.9.1","PolarisVega","d0_whql-amd-software-adrenalin-edition-24.9.1-win10-win11-vega-polaris.exe_f5da5456d84c\Packages\Drivers\RadeonLED\WT64A\amdusbledfd.inf","Windows Server 2025","NATIVE_CANDIDATE","NativeCandidate","6","6","6","NotEstablished"
"24.9.1","PolarisVega","d0_whql-amd-software-adrenalin-edition-24.9.1-win10-win11-vega-polaris.exe_f5da5456d84c\Packages\Drivers\SBDrv\AMDUCSI\WT64A\amducsi.inf","Windows Server 2016","NATIVE_CANDIDATE","NativeCandidate","5","5","5","NotEstablished"
"24.9.1","PolarisVega","d0_whql-amd-software-adrenalin-edition-24.9.1-win10-win11-vega-polaris.exe_f5da5456d84c\Packages\Drivers\SBDrv\AMDUCSI\WT64A\amducsi.inf","Windows Server 2019","NATIVE_CANDIDATE","NativeCandidate","5","5","5","NotEstablished"
"24.9.1","PolarisVega","d0_whql-amd-software-adrenalin-edition-24.9.1-win10-win11-vega-polaris.exe_f5da5456d84c\Packages\Drivers\SBDrv\AMDUCSI\WT64A\amducsi.inf","Windows Server 2022","NATIVE_CANDIDATE","NativeCandidate","5","5","5","NotEstablished"
"24.9.1","PolarisVega","d0_whql-amd-software-adrenalin-edition-24.9.1-win10-win11-vega-polaris.exe_f5da5456d84c\Packages\Drivers\SBDrv\AMDUCSI\WT64A\amducsi.inf","Windows Server 2025","NATIVE_CANDIDATE","NativeCandidate","5","5","5","NotEstablished"
"22.Q4","Unspecified","d0_amd-software-pro-edition-22.q4-win10-win11-nov15.exe_04db1ec2fbc1\Packages\Drivers\Audio\ACPBtAfd\WT64A\amdacpbt.inf","Windows Server 2016","NATIVE_CANDIDATE","NativeCandidate","1","1","1","NotEstablished"
"22.Q4","Unspecified","d0_amd-software-pro-edition-22.q4-win10-win11-nov15.exe_04db1ec2fbc1\Packages\Drivers\Audio\ACPBtAfd\WT64A\amdacpbt.inf","Windows Server 2019","NATIVE_CANDIDATE","NativeCandidate","1","1","1","NotEstablished"
"22.Q4","Unspecified","d0_amd-software-pro-edition-22.q4-win10-win11-nov15.exe_04db1ec2fbc1\Packages\Drivers\Audio\ACPBtAfd\WT64A\amdacpbt.inf","Windows Server 2022","NATIVE_CANDIDATE","NativeCandidate","1","1","1","NotEstablished"
"22.Q4","Unspecified","d0_amd-software-pro-edition-22.q4-win10-win11-nov15.exe_04db1ec2fbc1\Packages\Drivers\Audio\ACPBtAfd\WT64A\amdacpbt.inf","Windows Server 2025","NATIVE_CANDIDATE","NativeCandidate","1","1","1","NotEstablished"
"22.Q4","Unspecified","d0_amd-software-pro-edition-22.q4-win10-win11-nov15.exe_04db1ec2fbc1\Packages\Drivers\Audio\ACPBus\WT64A\amdacpbusext\amdacpbusext.inf","Windows Server 2016","NATIVE_CANDIDATE","NativeCandidate","3","3","3","NotEstablished"
"22.Q4","Unspecified","d0_amd-software-pro-edition-22.q4-win10-win11-nov15.exe_04db1ec2fbc1\Packages\Drivers\Audio\ACPBus\WT64A\amdacpbusext\amdacpbusext.inf","Windows Server 2019","NATIVE_CANDIDATE","NativeCandidate","3","3","3","NotEstablished"
"22.Q4","Unspecified","d0_amd-software-pro-edition-22.q4-win10-win11-nov15.exe_04db1ec2fbc1\Packages\Drivers\Audio\ACPBus\WT64A\amdacpbusext\amdacpbusext.inf","Windows Server 2022","NATIVE_CANDIDATE","NativeCandidate","3","3","3","NotEstablished"
"22.Q4","Unspecified","d0_amd-software-pro-edition-22.q4-win10-win11-nov15.exe_04db1ec2fbc1\Packages\Drivers\Audio\ACPBus\WT64A\amdacpbusext\amdacpbusext.inf","Windows Server 2025","NATIVE_CANDIDATE","NativeCandidate","3","3","3","NotEstablished"
"22.Q4","Unspecified","d0_amd-software-pro-edition-22.q4-win10-win11-nov15.exe_04db1ec2fbc1\Packages\Drivers\Audio\HDMI\WT64A\AtihdWT6.inf","Windows Server 2016","NATIVE_CANDIDATE","NativeCandidate","6","6","6","NotEstablished"
"22.Q4","Unspecified","d0_amd-software-pro-edition-22.q4-win10-win11-nov15.exe_04db1ec2fbc1\Packages\Drivers\Audio\HDMI\WT64A\AtihdWT6.inf","Windows Server 2019","NATIVE_CANDIDATE","NativeCandidate","6","6","6","NotEstablished"
"22.Q4","Unspecified","d0_amd-software-pro-edition-22.q4-win10-win11-nov15.exe_04db1ec2fbc1\Packages\Drivers\Audio\HDMI\WT64A\AtihdWT6.inf","Windows Server 2022","NATIVE_CANDIDATE","NativeCandidate","6","6","6","NotEstablished"
"22.Q4","Unspecified","d0_amd-software-pro-edition-22.q4-win10-win11-nov15.exe_04db1ec2fbc1\Packages\Drivers\Audio\HDMI\WT64A\AtihdWT6.inf","Windows Server 2025","NATIVE_CANDIDATE","NativeCandidate","6","6","6","NotEstablished"
"22.Q4","Unspecified","d0_amd-software-pro-edition-22.q4-win10-win11-nov15.exe_04db1ec2fbc1\Packages\Drivers\Audio\SAFD\WT64A\amdsafd.inf","Windows Server 2016","NATIVE_CANDIDATE","NativeCandidate","1","1","1","NotEstablished"
"22.Q4","Unspecified","d0_amd-software-pro-edition-22.q4-win10-win11-nov15.exe_04db1ec2fbc1\Packages\Drivers\Audio\SAFD\WT64A\amdsafd.inf","Windows Server 2019","NATIVE_CANDIDATE","NativeCandidate","1","1","1","NotEstablished"
"22.Q4","Unspecified","d0_amd-software-pro-edition-22.q4-win10-win11-nov15.exe_04db1ec2fbc1\Packages\Drivers\Audio\SAFD\WT64A\amdsafd.inf","Windows Server 2022","NATIVE_CANDIDATE","NativeCandidate","1","1","1","NotEstablished"
"22.Q4","Unspecified","d0_amd-software-pro-edition-22.q4-win10-win11-nov15.exe_04db1ec2fbc1\Packages\Drivers\Audio\SAFD\WT64A\amdsafd.inf","Windows Server 2025","NATIVE_CANDIDATE","NativeCandidate","1","1","1","NotEstablished"
"22.Q4","Unspecified","d0_amd-software-pro-edition-22.q4-win10-win11-nov15.exe_04db1ec2fbc1\Packages\Drivers\Display\WT6A_INF\U0385558.inf","Windows Server 2016","NOT_APPLICABLE","NotApplicable","0","0","0","NotEstablished"
"22.Q4","Unspecified","d0_amd-software-pro-edition-22.q4-win10-win11-nov15.exe_04db1ec2fbc1\Packages\Drivers\Display\WT6A_INF\U0385558.inf","Windows Server 2019","NATIVE_CANDIDATE","NativeCandidate","468","468","468","NotEstablished"
"22.Q4","Unspecified","d0_amd-software-pro-edition-22.q4-win10-win11-nov15.exe_04db1ec2fbc1\Packages\Drivers\Display\WT6A_INF\U0385558.inf","Windows Server 2022","NATIVE_CANDIDATE","NativeCandidate","468","468","468","NotEstablished"
"22.Q4","Unspecified","d0_amd-software-pro-edition-22.q4-win10-win11-nov15.exe_04db1ec2fbc1\Packages\Drivers\Display\WT6A_INF\U0385558.inf","Windows Server 2025","NATIVE_CANDIDATE","NativeCandidate","468","468","468","NotEstablished"
"22.Q4","Unspecified","d0_amd-software-pro-edition-22.q4-win10-win11-nov15.exe_04db1ec2fbc1\Packages\Drivers\Display\WT6A_INF\amdafd\amdafd.inf","Windows Server 2016","NATIVE_CANDIDATE","NativeCandidate","2","2","2","NotEstablished"
"22.Q4","Unspecified","d0_amd-software-pro-edition-22.q4-win10-win11-nov15.exe_04db1ec2fbc1\Packages\Drivers\Display\WT6A_INF\amdafd\amdafd.inf","Windows Server 2019","NATIVE_CANDIDATE","NativeCandidate","2","2","2","NotEstablished"
"22.Q4","Unspecified","d0_amd-software-pro-edition-22.q4-win10-win11-nov15.exe_04db1ec2fbc1\Packages\Drivers\Display\WT6A_INF\amdafd\amdafd.inf","Windows Server 2022","NATIVE_CANDIDATE","NativeCandidate","2","2","2","NotEstablished"
"22.Q4","Unspecified","d0_amd-software-pro-edition-22.q4-win10-win11-nov15.exe_04db1ec2fbc1\Packages\Drivers\Display\WT6A_INF\amdafd\amdafd.inf","Windows Server 2025","NATIVE_CANDIDATE","NativeCandidate","2","2","2","NotEstablished"
"22.Q4","Unspecified","d0_amd-software-pro-edition-22.q4-win10-win11-nov15.exe_04db1ec2fbc1\Packages\Drivers\Display\WT6A_INF\amdfdans\AMDFDANS.inf","Windows Server 2016","NATIVE_CANDIDATE","NativeCandidate","1","1","1","NotEstablished"
"22.Q4","Unspecified","d0_amd-software-pro-edition-22.q4-win10-win11-nov15.exe_04db1ec2fbc1\Packages\Drivers\Display\WT6A_INF\amdfdans\AMDFDANS.inf","Windows Server 2019","NATIVE_CANDIDATE","NativeCandidate","1","1","1","NotEstablished"
"22.Q4","Unspecified","d0_amd-software-pro-edition-22.q4-win10-win11-nov15.exe_04db1ec2fbc1\Packages\Drivers\Display\WT6A_INF\amdfdans\AMDFDANS.inf","Windows Server 2022","NATIVE_CANDIDATE","NativeCandidate","1","1","1","NotEstablished"
"22.Q4","Unspecified","d0_amd-software-pro-edition-22.q4-win10-win11-nov15.exe_04db1ec2fbc1\Packages\Drivers\Display\WT6A_INF\amdfdans\AMDFDANS.inf","Windows Server 2025","NATIVE_CANDIDATE","NativeCandidate","1","1","1","NotEstablished"
"22.Q4","Unspecified","d0_amd-software-pro-edition-22.q4-win10-win11-nov15.exe_04db1ec2fbc1\Packages\Drivers\Display\WT6A_INF\amdfendr\amdfendr.inf","Windows Server 2016","NATIVE_CANDIDATE","NativeCandidate","1","1","1","NotEstablished"
"22.Q4","Unspecified","d0_amd-software-pro-edition-22.q4-win10-win11-nov15.exe_04db1ec2fbc1\Packages\Drivers\Display\WT6A_INF\amdfendr\amdfendr.inf","Windows Server 2019","NATIVE_CANDIDATE","NativeCandidate","1","1","1","NotEstablished"
"22.Q4","Unspecified","d0_amd-software-pro-edition-22.q4-win10-win11-nov15.exe_04db1ec2fbc1\Packages\Drivers\Display\WT6A_INF\amdfendr\amdfendr.inf","Windows Server 2022","NATIVE_CANDIDATE","NativeCandidate","1","1","1","NotEstablished"
"22.Q4","Unspecified","d0_amd-software-pro-edition-22.q4-win10-win11-nov15.exe_04db1ec2fbc1\Packages\Drivers\Display\WT6A_INF\amdfendr\amdfendr.inf","Windows Server 2025","NATIVE_CANDIDATE","NativeCandidate","1","1","1","NotEstablished"
"22.Q4","Unspecified","d0_amd-software-pro-edition-22.q4-win10-win11-nov15.exe_04db1ec2fbc1\Packages\Drivers\Display\WT6A_INF\amdpcibridge\amdpcibridgeextension.inf","Windows Server 2016","NATIVE_CANDIDATE","NativeCandidate","2","2","2","NotEstablished"
"22.Q4","Unspecified","d0_amd-software-pro-edition-22.q4-win10-win11-nov15.exe_04db1ec2fbc1\Packages\Drivers\Display\WT6A_INF\amdpcibridge\amdpcibridgeextension.inf","Windows Server 2019","NATIVE_CANDIDATE","NativeCandidate","2","2","2","NotEstablished"
"22.Q4","Unspecified","d0_amd-software-pro-edition-22.q4-win10-win11-nov15.exe_04db1ec2fbc1\Packages\Drivers\Display\WT6A_INF\amdpcibridge\amdpcibridgeextension.inf","Windows Server 2022","NATIVE_CANDIDATE","NativeCandidate","2","2","2","NotEstablished"
"22.Q4","Unspecified","d0_amd-software-pro-edition-22.q4-win10-win11-nov15.exe_04db1ec2fbc1\Packages\Drivers\Display\WT6A_INF\amdpcibridge\amdpcibridgeextension.inf","Windows Server 2025","NATIVE_CANDIDATE","NativeCandidate","2","2","2","NotEstablished"
"22.Q4","Unspecified","d0_amd-software-pro-edition-22.q4-win10-win11-nov15.exe_04db1ec2fbc1\Packages\Drivers\RadeonLED\WT64A\amdusbledfd.inf","Windows Server 2016","NATIVE_CANDIDATE","NativeCandidate","6","6","6","NotEstablished"
"22.Q4","Unspecified","d0_amd-software-pro-edition-22.q4-win10-win11-nov15.exe_04db1ec2fbc1\Packages\Drivers\RadeonLED\WT64A\amdusbledfd.inf","Windows Server 2019","NATIVE_CANDIDATE","NativeCandidate","6","6","6","NotEstablished"
"22.Q4","Unspecified","d0_amd-software-pro-edition-22.q4-win10-win11-nov15.exe_04db1ec2fbc1\Packages\Drivers\RadeonLED\WT64A\amdusbledfd.inf","Windows Server 2022","NATIVE_CANDIDATE","NativeCandidate","6","6","6","NotEstablished"
"22.Q4","Unspecified","d0_amd-software-pro-edition-22.q4-win10-win11-nov15.exe_04db1ec2fbc1\Packages\Drivers\RadeonLED\WT64A\amdusbledfd.inf","Windows Server 2025","NATIVE_CANDIDATE","NativeCandidate","6","6","6","NotEstablished"
"22.Q4","Unspecified","d0_amd-software-pro-edition-22.q4-win10-win11-nov15.exe_04db1ec2fbc1\Packages\Drivers\SBDrv\AMDUCSI\WT64A\amducsi.inf","Windows Server 2016","NATIVE_CANDIDATE","NativeCandidate","5","5","5","NotEstablished"
"22.Q4","Unspecified","d0_amd-software-pro-edition-22.q4-win10-win11-nov15.exe_04db1ec2fbc1\Packages\Drivers\SBDrv\AMDUCSI\WT64A\amducsi.inf","Windows Server 2019","NATIVE_CANDIDATE","NativeCandidate","5","5","5","NotEstablished"
"22.Q4","Unspecified","d0_amd-software-pro-edition-22.q4-win10-win11-nov15.exe_04db1ec2fbc1\Packages\Drivers\SBDrv\AMDUCSI\WT64A\amducsi.inf","Windows Server 2022","NATIVE_CANDIDATE","NativeCandidate","5","5","5","NotEstablished"
"22.Q4","Unspecified","d0_amd-software-pro-edition-22.q4-win10-win11-nov15.exe_04db1ec2fbc1\Packages\Drivers\SBDrv\AMDUCSI\WT64A\amducsi.inf","Windows Server 2025","NATIVE_CANDIDATE","NativeCandidate","5","5","5","NotEstablished"
"22.Q4","Unspecified","d0_amd-software-pro-edition-22.q4-win10-win11-nov15.exe_04db1ec2fbc1\Packages\Drivers\SSG\WT64A\amdssg64.inf","Windows Server 2016","NATIVE_CANDIDATE","NativeCandidate","1","1","1","NotEstablished"
"22.Q4","Unspecified","d0_amd-software-pro-edition-22.q4-win10-win11-nov15.exe_04db1ec2fbc1\Packages\Drivers\SSG\WT64A\amdssg64.inf","Windows Server 2019","NATIVE_CANDIDATE","NativeCandidate","1","1","1","NotEstablished"
"22.Q4","Unspecified","d0_amd-software-pro-edition-22.q4-win10-win11-nov15.exe_04db1ec2fbc1\Packages\Drivers\SSG\WT64A\amdssg64.inf","Windows Server 2022","NATIVE_CANDIDATE","NativeCandidate","1","1","1","NotEstablished"
"22.Q4","Unspecified","d0_amd-software-pro-edition-22.q4-win10-win11-nov15.exe_04db1ec2fbc1\Packages\Drivers\SSG\WT64A\amdssg64.inf","Windows Server 2025","NATIVE_CANDIDATE","NativeCandidate","1","1","1","NotEstablished"
"22.Q4","WindowsServer","d0_amd-software-pro-edition-22.q4-winsvr2016-nov15.exe_aa4e02690300\Packages\Drivers\Display\WT6A_INF\S6385561.inf","Windows Server 2016","NATIVE_CANDIDATE","NativeCandidate","319","319","319","NotEstablished"
"22.Q4","WindowsServer","d0_amd-software-pro-edition-22.q4-winsvr2016-nov15.exe_aa4e02690300\Packages\Drivers\Display\WT6A_INF\S6385561.inf","Windows Server 2019","NATIVE_CANDIDATE","NativeCandidate","319","319","319","NotEstablished"
"22.Q4","WindowsServer","d0_amd-software-pro-edition-22.q4-winsvr2016-nov15.exe_aa4e02690300\Packages\Drivers\Display\WT6A_INF\S6385561.inf","Windows Server 2022","NATIVE_CANDIDATE","NativeCandidate","319","319","319","NotEstablished"
"22.Q4","WindowsServer","d0_amd-software-pro-edition-22.q4-winsvr2016-nov15.exe_aa4e02690300\Packages\Drivers\Display\WT6A_INF\S6385561.inf","Windows Server 2025","NATIVE_CANDIDATE","NativeCandidate","319","319","319","NotEstablished"
"22.Q4","WindowsServer","d0_amd-software-pro-edition-22.q4-winsvr2016-nov15.exe_aa4e02690300\Packages\Drivers\Display\WT6A_INF\amdafd\amdafd.inf","Windows Server 2016","NATIVE_CANDIDATE","NativeCandidate","2","2","2","NotEstablished"
"22.Q4","WindowsServer","d0_amd-software-pro-edition-22.q4-winsvr2016-nov15.exe_aa4e02690300\Packages\Drivers\Display\WT6A_INF\amdafd\amdafd.inf","Windows Server 2019","NATIVE_CANDIDATE","NativeCandidate","2","2","2","NotEstablished"
"22.Q4","WindowsServer","d0_amd-software-pro-edition-22.q4-winsvr2016-nov15.exe_aa4e02690300\Packages\Drivers\Display\WT6A_INF\amdafd\amdafd.inf","Windows Server 2022","NATIVE_CANDIDATE","NativeCandidate","2","2","2","NotEstablished"
"22.Q4","WindowsServer","d0_amd-software-pro-edition-22.q4-winsvr2016-nov15.exe_aa4e02690300\Packages\Drivers\Display\WT6A_INF\amdafd\amdafd.inf","Windows Server 2025","NATIVE_CANDIDATE","NativeCandidate","2","2","2","NotEstablished"
"22.Q4","WindowsServer","d0_amd-software-pro-edition-22.q4-winsvr2016-nov15.exe_aa4e02690300\Packages\Drivers\Display\WT6A_INF\amdfendr\amdfendr.inf","Windows Server 2016","NATIVE_CANDIDATE","NativeCandidate","1","1","1","NotEstablished"
"22.Q4","WindowsServer","d0_amd-software-pro-edition-22.q4-winsvr2016-nov15.exe_aa4e02690300\Packages\Drivers\Display\WT6A_INF\amdfendr\amdfendr.inf","Windows Server 2019","NATIVE_CANDIDATE","NativeCandidate","1","1","1","NotEstablished"
"22.Q4","WindowsServer","d0_amd-software-pro-edition-22.q4-winsvr2016-nov15.exe_aa4e02690300\Packages\Drivers\Display\WT6A_INF\amdfendr\amdfendr.inf","Windows Server 2022","NATIVE_CANDIDATE","NativeCandidate","1","1","1","NotEstablished"
"22.Q4","WindowsServer","d0_amd-software-pro-edition-22.q4-winsvr2016-nov15.exe_aa4e02690300\Packages\Drivers\Display\WT6A_INF\amdfendr\amdfendr.inf","Windows Server 2025","NATIVE_CANDIDATE","NativeCandidate","1","1","1","NotEstablished"
"22.Q4","WindowsServer","d0_amd-software-pro-edition-22.q4-winsvr2016-nov15.exe_aa4e02690300\Packages\Drivers\SSG\WT64A\amdssg64.inf","Windows Server 2016","NATIVE_CANDIDATE","NativeCandidate","1","1","1","NotEstablished"
"22.Q4","WindowsServer","d0_amd-software-pro-edition-22.q4-winsvr2016-nov15.exe_aa4e02690300\Packages\Drivers\SSG\WT64A\amdssg64.inf","Windows Server 2019","NATIVE_CANDIDATE","NativeCandidate","1","1","1","NotEstablished"
"22.Q4","WindowsServer","d0_amd-software-pro-edition-22.q4-winsvr2016-nov15.exe_aa4e02690300\Packages\Drivers\SSG\WT64A\amdssg64.inf","Windows Server 2022","NATIVE_CANDIDATE","NativeCandidate","1","1","1","NotEstablished"
"22.Q4","WindowsServer","d0_amd-software-pro-edition-22.q4-winsvr2016-nov15.exe_aa4e02690300\Packages\Drivers\SSG\WT64A\amdssg64.inf","Windows Server 2025","NATIVE_CANDIDATE","NativeCandidate","1","1","1","NotEstablished"
"21.Q4","Unspecified","d0_win10-win11-radeon-pro-software-21.q4-dec3.exe_fb5920272ff4\Packages\Drivers\Audio\HDMI\WT64A\AtihdWT6.inf","Windows Server 2016","NATIVE_CANDIDATE","NativeCandidate","6","6","6","NotEstablished"
"21.Q4","Unspecified","d0_win10-win11-radeon-pro-software-21.q4-dec3.exe_fb5920272ff4\Packages\Drivers\Audio\HDMI\WT64A\AtihdWT6.inf","Windows Server 2019","NATIVE_CANDIDATE","NativeCandidate","6","6","6","NotEstablished"
"21.Q4","Unspecified","d0_win10-win11-radeon-pro-software-21.q4-dec3.exe_fb5920272ff4\Packages\Drivers\Audio\HDMI\WT64A\AtihdWT6.inf","Windows Server 2022","NATIVE_CANDIDATE","NativeCandidate","6","6","6","NotEstablished"
"21.Q4","Unspecified","d0_win10-win11-radeon-pro-software-21.q4-dec3.exe_fb5920272ff4\Packages\Drivers\Audio\HDMI\WT64A\AtihdWT6.inf","Windows Server 2025","NATIVE_CANDIDATE","NativeCandidate","6","6","6","NotEstablished"
"21.Q4","Unspecified","d0_win10-win11-radeon-pro-software-21.q4-dec3.exe_fb5920272ff4\Packages\Drivers\Audio\SAFD\WT64A\amdsafd.inf","Windows Server 2016","NATIVE_CANDIDATE","NativeCandidate","1","1","1","NotEstablished"
"21.Q4","Unspecified","d0_win10-win11-radeon-pro-software-21.q4-dec3.exe_fb5920272ff4\Packages\Drivers\Audio\SAFD\WT64A\amdsafd.inf","Windows Server 2019","NATIVE_CANDIDATE","NativeCandidate","1","1","1","NotEstablished"
"21.Q4","Unspecified","d0_win10-win11-radeon-pro-software-21.q4-dec3.exe_fb5920272ff4\Packages\Drivers\Audio\SAFD\WT64A\amdsafd.inf","Windows Server 2022","NATIVE_CANDIDATE","NativeCandidate","1","1","1","NotEstablished"
"21.Q4","Unspecified","d0_win10-win11-radeon-pro-software-21.q4-dec3.exe_fb5920272ff4\Packages\Drivers\Audio\SAFD\WT64A\amdsafd.inf","Windows Server 2025","NATIVE_CANDIDATE","NativeCandidate","1","1","1","NotEstablished"
"21.Q4","Unspecified","d0_win10-win11-radeon-pro-software-21.q4-dec3.exe_fb5920272ff4\Packages\Drivers\Display\WT6A_INF\U0374134.inf","Windows Server 2016","NOT_APPLICABLE","NotApplicable","0","0","0","NotEstablished"
"21.Q4","Unspecified","d0_win10-win11-radeon-pro-software-21.q4-dec3.exe_fb5920272ff4\Packages\Drivers\Display\WT6A_INF\U0374134.inf","Windows Server 2019","NATIVE_CANDIDATE","NativeCandidate","418","418","418","NotEstablished"
"21.Q4","Unspecified","d0_win10-win11-radeon-pro-software-21.q4-dec3.exe_fb5920272ff4\Packages\Drivers\Display\WT6A_INF\U0374134.inf","Windows Server 2022","NATIVE_CANDIDATE","NativeCandidate","418","418","418","NotEstablished"
"21.Q4","Unspecified","d0_win10-win11-radeon-pro-software-21.q4-dec3.exe_fb5920272ff4\Packages\Drivers\Display\WT6A_INF\U0374134.inf","Windows Server 2025","NATIVE_CANDIDATE","NativeCandidate","418","418","418","NotEstablished"
"21.Q4","Unspecified","d0_win10-win11-radeon-pro-software-21.q4-dec3.exe_fb5920272ff4\Packages\Drivers\Display\WT6A_INF\amdafd\amdafd.inf","Windows Server 2016","NATIVE_CANDIDATE","NativeCandidate","2","2","2","NotEstablished"
"21.Q4","Unspecified","d0_win10-win11-radeon-pro-software-21.q4-dec3.exe_fb5920272ff4\Packages\Drivers\Display\WT6A_INF\amdafd\amdafd.inf","Windows Server 2019","NATIVE_CANDIDATE","NativeCandidate","2","2","2","NotEstablished"
"21.Q4","Unspecified","d0_win10-win11-radeon-pro-software-21.q4-dec3.exe_fb5920272ff4\Packages\Drivers\Display\WT6A_INF\amdafd\amdafd.inf","Windows Server 2022","NATIVE_CANDIDATE","NativeCandidate","2","2","2","NotEstablished"
"21.Q4","Unspecified","d0_win10-win11-radeon-pro-software-21.q4-dec3.exe_fb5920272ff4\Packages\Drivers\Display\WT6A_INF\amdafd\amdafd.inf","Windows Server 2025","NATIVE_CANDIDATE","NativeCandidate","2","2","2","NotEstablished"
"21.Q4","Unspecified","d0_win10-win11-radeon-pro-software-21.q4-dec3.exe_fb5920272ff4\Packages\Drivers\Display\WT6A_INF\amdfendr\amdfendr.inf","Windows Server 2016","NATIVE_CANDIDATE","NativeCandidate","1","1","1","NotEstablished"
"21.Q4","Unspecified","d0_win10-win11-radeon-pro-software-21.q4-dec3.exe_fb5920272ff4\Packages\Drivers\Display\WT6A_INF\amdfendr\amdfendr.inf","Windows Server 2019","NATIVE_CANDIDATE","NativeCandidate","1","1","1","NotEstablished"
"21.Q4","Unspecified","d0_win10-win11-radeon-pro-software-21.q4-dec3.exe_fb5920272ff4\Packages\Drivers\Display\WT6A_INF\amdfendr\amdfendr.inf","Windows Server 2022","NATIVE_CANDIDATE","NativeCandidate","1","1","1","NotEstablished"
"21.Q4","Unspecified","d0_win10-win11-radeon-pro-software-21.q4-dec3.exe_fb5920272ff4\Packages\Drivers\Display\WT6A_INF\amdfendr\amdfendr.inf","Windows Server 2025","NATIVE_CANDIDATE","NativeCandidate","1","1","1","NotEstablished"
"21.Q4","Unspecified","d0_win10-win11-radeon-pro-software-21.q4-dec3.exe_fb5920272ff4\Packages\Drivers\Display\WT6A_INF\amdpcibridge\amdpcibridgeextension.inf","Windows Server 2016","NATIVE_CANDIDATE","NativeCandidate","2","2","2","NotEstablished"
"21.Q4","Unspecified","d0_win10-win11-radeon-pro-software-21.q4-dec3.exe_fb5920272ff4\Packages\Drivers\Display\WT6A_INF\amdpcibridge\amdpcibridgeextension.inf","Windows Server 2019","NATIVE_CANDIDATE","NativeCandidate","2","2","2","NotEstablished"
"21.Q4","Unspecified","d0_win10-win11-radeon-pro-software-21.q4-dec3.exe_fb5920272ff4\Packages\Drivers\Display\WT6A_INF\amdpcibridge\amdpcibridgeextension.inf","Windows Server 2022","NATIVE_CANDIDATE","NativeCandidate","2","2","2","NotEstablished"
"21.Q4","Unspecified","d0_win10-win11-radeon-pro-software-21.q4-dec3.exe_fb5920272ff4\Packages\Drivers\Display\WT6A_INF\amdpcibridge\amdpcibridgeextension.inf","Windows Server 2025","NATIVE_CANDIDATE","NativeCandidate","2","2","2","NotEstablished"
"21.Q4","Unspecified","d0_win10-win11-radeon-pro-software-21.q4-dec3.exe_fb5920272ff4\Packages\Drivers\RadeonLED\WT64A\amdusbledfd.inf","Windows Server 2016","NATIVE_CANDIDATE","NativeCandidate","6","6","6","NotEstablished"
"21.Q4","Unspecified","d0_win10-win11-radeon-pro-software-21.q4-dec3.exe_fb5920272ff4\Packages\Drivers\RadeonLED\WT64A\amdusbledfd.inf","Windows Server 2019","NATIVE_CANDIDATE","NativeCandidate","6","6","6","NotEstablished"
"21.Q4","Unspecified","d0_win10-win11-radeon-pro-software-21.q4-dec3.exe_fb5920272ff4\Packages\Drivers\RadeonLED\WT64A\amdusbledfd.inf","Windows Server 2022","NATIVE_CANDIDATE","NativeCandidate","6","6","6","NotEstablished"
"21.Q4","Unspecified","d0_win10-win11-radeon-pro-software-21.q4-dec3.exe_fb5920272ff4\Packages\Drivers\RadeonLED\WT64A\amdusbledfd.inf","Windows Server 2025","NATIVE_CANDIDATE","NativeCandidate","6","6","6","NotEstablished"
"21.Q4","Unspecified","d0_win10-win11-radeon-pro-software-21.q4-dec3.exe_fb5920272ff4\Packages\Drivers\SBDrv\AMDUCSI\WT64A\amducsi.inf","Windows Server 2016","NATIVE_CANDIDATE","NativeCandidate","4","4","4","NotEstablished"
"21.Q4","Unspecified","d0_win10-win11-radeon-pro-software-21.q4-dec3.exe_fb5920272ff4\Packages\Drivers\SBDrv\AMDUCSI\WT64A\amducsi.inf","Windows Server 2019","NATIVE_CANDIDATE","NativeCandidate","4","4","4","NotEstablished"
"21.Q4","Unspecified","d0_win10-win11-radeon-pro-software-21.q4-dec3.exe_fb5920272ff4\Packages\Drivers\SBDrv\AMDUCSI\WT64A\amducsi.inf","Windows Server 2022","NATIVE_CANDIDATE","NativeCandidate","4","4","4","NotEstablished"
"21.Q4","Unspecified","d0_win10-win11-radeon-pro-software-21.q4-dec3.exe_fb5920272ff4\Packages\Drivers\SBDrv\AMDUCSI\WT64A\amducsi.inf","Windows Server 2025","NATIVE_CANDIDATE","NativeCandidate","4","4","4","NotEstablished"
"21.Q4","Unspecified","d0_win10-win11-radeon-pro-software-21.q4-dec3.exe_fb5920272ff4\Packages\Drivers\SSG\WT64A\amdssg64.inf","Windows Server 2016","NATIVE_CANDIDATE","NativeCandidate","1","1","1","NotEstablished"
"21.Q4","Unspecified","d0_win10-win11-radeon-pro-software-21.q4-dec3.exe_fb5920272ff4\Packages\Drivers\SSG\WT64A\amdssg64.inf","Windows Server 2019","NATIVE_CANDIDATE","NativeCandidate","1","1","1","NotEstablished"
"21.Q4","Unspecified","d0_win10-win11-radeon-pro-software-21.q4-dec3.exe_fb5920272ff4\Packages\Drivers\SSG\WT64A\amdssg64.inf","Windows Server 2022","NATIVE_CANDIDATE","NativeCandidate","1","1","1","NotEstablished"
"21.Q4","Unspecified","d0_win10-win11-radeon-pro-software-21.q4-dec3.exe_fb5920272ff4\Packages\Drivers\SSG\WT64A\amdssg64.inf","Windows Server 2025","NATIVE_CANDIDATE","NativeCandidate","1","1","1","NotEstablished"
"21.Q4","WindowsServer","d0_winsvr2016-radeon-pro-software-21.q4-for-amd-radeon-pro-w6400.exe_e82d18f63ff6\Packages\Drivers\Audio\HDMI\WT64A\AtihdWT6.inf","Windows Server 2016","NATIVE_CANDIDATE","NativeCandidate","6","6","6","NotEstablished"
"21.Q4","WindowsServer","d0_winsvr2016-radeon-pro-software-21.q4-for-amd-radeon-pro-w6400.exe_e82d18f63ff6\Packages\Drivers\Audio\HDMI\WT64A\AtihdWT6.inf","Windows Server 2019","NATIVE_CANDIDATE","NativeCandidate","6","6","6","NotEstablished"
"21.Q4","WindowsServer","d0_winsvr2016-radeon-pro-software-21.q4-for-amd-radeon-pro-w6400.exe_e82d18f63ff6\Packages\Drivers\Audio\HDMI\WT64A\AtihdWT6.inf","Windows Server 2022","NATIVE_CANDIDATE","NativeCandidate","6","6","6","NotEstablished"
"21.Q4","WindowsServer","d0_winsvr2016-radeon-pro-software-21.q4-for-amd-radeon-pro-w6400.exe_e82d18f63ff6\Packages\Drivers\Audio\HDMI\WT64A\AtihdWT6.inf","Windows Server 2025","NATIVE_CANDIDATE","NativeCandidate","6","6","6","NotEstablished"
"21.Q4","WindowsServer","d0_winsvr2016-radeon-pro-software-21.q4-for-amd-radeon-pro-w6400.exe_e82d18f63ff6\Packages\Drivers\Display\WT6A_INF\S6374639.inf","Windows Server 2016","NATIVE_CANDIDATE","NativeCandidate","251","251","251","NotEstablished"
"21.Q4","WindowsServer","d0_winsvr2016-radeon-pro-software-21.q4-for-amd-radeon-pro-w6400.exe_e82d18f63ff6\Packages\Drivers\Display\WT6A_INF\S6374639.inf","Windows Server 2019","NATIVE_CANDIDATE","NativeCandidate","251","251","251","NotEstablished"
"21.Q4","WindowsServer","d0_winsvr2016-radeon-pro-software-21.q4-for-amd-radeon-pro-w6400.exe_e82d18f63ff6\Packages\Drivers\Display\WT6A_INF\S6374639.inf","Windows Server 2022","NATIVE_CANDIDATE","NativeCandidate","251","251","251","NotEstablished"
"21.Q4","WindowsServer","d0_winsvr2016-radeon-pro-software-21.q4-for-amd-radeon-pro-w6400.exe_e82d18f63ff6\Packages\Drivers\Display\WT6A_INF\S6374639.inf","Windows Server 2025","NATIVE_CANDIDATE","NativeCandidate","251","251","251","NotEstablished"
"21.Q4","WindowsServer","d0_winsvr2016-radeon-pro-software-21.q4-for-amd-radeon-pro-w6400.exe_e82d18f63ff6\Packages\Drivers\Display\WT6A_INF\amdafd\amdafd.inf","Windows Server 2016","NATIVE_CANDIDATE","NativeCandidate","2","2","2","NotEstablished"
"21.Q4","WindowsServer","d0_winsvr2016-radeon-pro-software-21.q4-for-amd-radeon-pro-w6400.exe_e82d18f63ff6\Packages\Drivers\Display\WT6A_INF\amdafd\amdafd.inf","Windows Server 2019","NATIVE_CANDIDATE","NativeCandidate","2","2","2","NotEstablished"
"21.Q4","WindowsServer","d0_winsvr2016-radeon-pro-software-21.q4-for-amd-radeon-pro-w6400.exe_e82d18f63ff6\Packages\Drivers\Display\WT6A_INF\amdafd\amdafd.inf","Windows Server 2022","NATIVE_CANDIDATE","NativeCandidate","2","2","2","NotEstablished"
"21.Q4","WindowsServer","d0_winsvr2016-radeon-pro-software-21.q4-for-amd-radeon-pro-w6400.exe_e82d18f63ff6\Packages\Drivers\Display\WT6A_INF\amdafd\amdafd.inf","Windows Server 2025","NATIVE_CANDIDATE","NativeCandidate","2","2","2","NotEstablished"
"21.Q4","WindowsServer","d0_winsvr2016-radeon-pro-software-21.q4-for-amd-radeon-pro-w6400.exe_e82d18f63ff6\Packages\Drivers\Display\WT6A_INF\amdfendr\amdfendr.inf","Windows Server 2016","NATIVE_CANDIDATE","NativeCandidate","1","1","1","NotEstablished"
"21.Q4","WindowsServer","d0_winsvr2016-radeon-pro-software-21.q4-for-amd-radeon-pro-w6400.exe_e82d18f63ff6\Packages\Drivers\Display\WT6A_INF\amdfendr\amdfendr.inf","Windows Server 2019","NATIVE_CANDIDATE","NativeCandidate","1","1","1","NotEstablished"
"21.Q4","WindowsServer","d0_winsvr2016-radeon-pro-software-21.q4-for-amd-radeon-pro-w6400.exe_e82d18f63ff6\Packages\Drivers\Display\WT6A_INF\amdfendr\amdfendr.inf","Windows Server 2022","NATIVE_CANDIDATE","NativeCandidate","1","1","1","NotEstablished"
"21.Q4","WindowsServer","d0_winsvr2016-radeon-pro-software-21.q4-for-amd-radeon-pro-w6400.exe_e82d18f63ff6\Packages\Drivers\Display\WT6A_INF\amdfendr\amdfendr.inf","Windows Server 2025","NATIVE_CANDIDATE","NativeCandidate","1","1","1","NotEstablished"
"21.Q4","WindowsServer","d0_winsvr2016-radeon-pro-software-21.q4-for-amd-radeon-pro-w6400.exe_e82d18f63ff6\Packages\Drivers\SSG\WT64A\amdssg64.inf","Windows Server 2016","NATIVE_CANDIDATE","NativeCandidate","1","1","1","NotEstablished"
"21.Q4","WindowsServer","d0_winsvr2016-radeon-pro-software-21.q4-for-amd-radeon-pro-w6400.exe_e82d18f63ff6\Packages\Drivers\SSG\WT64A\amdssg64.inf","Windows Server 2019","NATIVE_CANDIDATE","NativeCandidate","1","1","1","NotEstablished"
"21.Q4","WindowsServer","d0_winsvr2016-radeon-pro-software-21.q4-for-amd-radeon-pro-w6400.exe_e82d18f63ff6\Packages\Drivers\SSG\WT64A\amdssg64.inf","Windows Server 2022","NATIVE_CANDIDATE","NativeCandidate","1","1","1","NotEstablished"
"21.Q4","WindowsServer","d0_winsvr2016-radeon-pro-software-21.q4-for-amd-radeon-pro-w6400.exe_e82d18f63ff6\Packages\Drivers\SSG\WT64A\amdssg64.inf","Windows Server 2025","NATIVE_CANDIDATE","NativeCandidate","1","1","1","NotEstablished"
"26.7.1","Main","d0_whql-amd-software-adrenalin-edition-26.7.1-win11-b.exe_116c6269b767\Packages\Drivers\AMDISP\AMDCAMERA\WT64A\amdcamera.inf","Windows Server 2016","NATIVE_CANDIDATE","NativeCandidate","1","1","1","NotEstablished"
"26.7.1","Main","d0_whql-amd-software-adrenalin-edition-26.7.1-win11-b.exe_116c6269b767\Packages\Drivers\AMDISP\AMDCAMERA\WT64A\amdcamera.inf","Windows Server 2019","NATIVE_CANDIDATE","NativeCandidate","1","1","1","NotEstablished"
"26.7.1","Main","d0_whql-amd-software-adrenalin-edition-26.7.1-win11-b.exe_116c6269b767\Packages\Drivers\AMDISP\AMDCAMERA\WT64A\amdcamera.inf","Windows Server 2022","NATIVE_CANDIDATE","NativeCandidate","1","1","1","NotEstablished"
"26.7.1","Main","d0_whql-amd-software-adrenalin-edition-26.7.1-win11-b.exe_116c6269b767\Packages\Drivers\AMDISP\AMDCAMERA\WT64A\amdcamera.inf","Windows Server 2025","NATIVE_CANDIDATE","NativeCandidate","1","1","1","NotEstablished"
"26.7.1","Main","d0_whql-amd-software-adrenalin-edition-26.7.1-win11-b.exe_116c6269b767\Packages\Drivers\AMDISP\AMDISP\WT64A\amdisp.inf","Windows Server 2016","REVIEW_REQUIRED","WdfRequirementReview","2","2","2","NotEstablished"
"26.7.1","Main","d0_whql-amd-software-adrenalin-edition-26.7.1-win11-b.exe_116c6269b767\Packages\Drivers\AMDISP\AMDISP\WT64A\amdisp.inf","Windows Server 2019","NATIVE_CANDIDATE","NativeCandidate","2","2","2","NotEstablished"
"26.7.1","Main","d0_whql-amd-software-adrenalin-edition-26.7.1-win11-b.exe_116c6269b767\Packages\Drivers\AMDISP\AMDISP\WT64A\amdisp.inf","Windows Server 2022","NATIVE_CANDIDATE","NativeCandidate","2","2","2","NotEstablished"
"26.7.1","Main","d0_whql-amd-software-adrenalin-edition-26.7.1-win11-b.exe_116c6269b767\Packages\Drivers\AMDISP\AMDISP\WT64A\amdisp.inf","Windows Server 2025","NATIVE_CANDIDATE","NativeCandidate","2","2","2","NotEstablished"
"26.7.1","Main","d0_whql-amd-software-adrenalin-edition-26.7.1-win11-b.exe_116c6269b767\Packages\Drivers\AMDISP\GC1029\WT64A\sensorGC1029.inf","Windows Server 2016","NATIVE_CANDIDATE","NativeCandidate","1","1","1","NotEstablished"
"26.7.1","Main","d0_whql-amd-software-adrenalin-edition-26.7.1-win11-b.exe_116c6269b767\Packages\Drivers\AMDISP\GC1029\WT64A\sensorGC1029.inf","Windows Server 2019","NATIVE_CANDIDATE","NativeCandidate","1","1","1","NotEstablished"
"26.7.1","Main","d0_whql-amd-software-adrenalin-edition-26.7.1-win11-b.exe_116c6269b767\Packages\Drivers\AMDISP\GC1029\WT64A\sensorGC1029.inf","Windows Server 2022","NATIVE_CANDIDATE","NativeCandidate","1","1","1","NotEstablished"
"26.7.1","Main","d0_whql-amd-software-adrenalin-edition-26.7.1-win11-b.exe_116c6269b767\Packages\Drivers\AMDISP\GC1029\WT64A\sensorGC1029.inf","Windows Server 2025","NATIVE_CANDIDATE","NativeCandidate","1","1","1","NotEstablished"
"26.7.1","Main","d0_whql-amd-software-adrenalin-edition-26.7.1-win11-b.exe_116c6269b767\Packages\Drivers\AMDISP\HM1092\WT64A\sensorHM1092.inf","Windows Server 2016","NATIVE_CANDIDATE","NativeCandidate","1","1","1","NotEstablished"
"26.7.1","Main","d0_whql-amd-software-adrenalin-edition-26.7.1-win11-b.exe_116c6269b767\Packages\Drivers\AMDISP\HM1092\WT64A\sensorHM1092.inf","Windows Server 2019","NATIVE_CANDIDATE","NativeCandidate","1","1","1","NotEstablished"
"26.7.1","Main","d0_whql-amd-software-adrenalin-edition-26.7.1-win11-b.exe_116c6269b767\Packages\Drivers\AMDISP\HM1092\WT64A\sensorHM1092.inf","Windows Server 2022","NATIVE_CANDIDATE","NativeCandidate","1","1","1","NotEstablished"
"26.7.1","Main","d0_whql-amd-software-adrenalin-edition-26.7.1-win11-b.exe_116c6269b767\Packages\Drivers\AMDISP\HM1092\WT64A\sensorHM1092.inf","Windows Server 2025","NATIVE_CANDIDATE","NativeCandidate","1","1","1","NotEstablished"
"26.7.1","Main","d0_whql-amd-software-adrenalin-edition-26.7.1-win11-b.exe_116c6269b767\Packages\Drivers\AMDISP\OV05C\WT64A\sensorOV05C.inf","Windows Server 2016","NATIVE_CANDIDATE","NativeCandidate","1","1","1","NotEstablished"
"26.7.1","Main","d0_whql-amd-software-adrenalin-edition-26.7.1-win11-b.exe_116c6269b767\Packages\Drivers\AMDISP\OV05C\WT64A\sensorOV05C.inf","Windows Server 2019","NATIVE_CANDIDATE","NativeCandidate","1","1","1","NotEstablished"
"26.7.1","Main","d0_whql-amd-software-adrenalin-edition-26.7.1-win11-b.exe_116c6269b767\Packages\Drivers\AMDISP\OV05C\WT64A\sensorOV05C.inf","Windows Server 2022","NATIVE_CANDIDATE","NativeCandidate","1","1","1","NotEstablished"
"26.7.1","Main","d0_whql-amd-software-adrenalin-edition-26.7.1-win11-b.exe_116c6269b767\Packages\Drivers\AMDISP\OV05C\WT64A\sensorOV05C.inf","Windows Server 2025","NATIVE_CANDIDATE","NativeCandidate","1","1","1","NotEstablished"
"26.7.1","Main","d0_whql-amd-software-adrenalin-edition-26.7.1-win11-b.exe_116c6269b767\Packages\Drivers\AMDISP\OV08X\WT64A\sensorOV08X.inf","Windows Server 2016","NATIVE_CANDIDATE","NativeCandidate","2","2","2","NotEstablished"
"26.7.1","Main","d0_whql-amd-software-adrenalin-edition-26.7.1-win11-b.exe_116c6269b767\Packages\Drivers\AMDISP\OV08X\WT64A\sensorOV08X.inf","Windows Server 2019","NATIVE_CANDIDATE","NativeCandidate","2","2","2","NotEstablished"
"26.7.1","Main","d0_whql-amd-software-adrenalin-edition-26.7.1-win11-b.exe_116c6269b767\Packages\Drivers\AMDISP\OV08X\WT64A\sensorOV08X.inf","Windows Server 2022","NATIVE_CANDIDATE","NativeCandidate","2","2","2","NotEstablished"
"26.7.1","Main","d0_whql-amd-software-adrenalin-edition-26.7.1-win11-b.exe_116c6269b767\Packages\Drivers\AMDISP\OV08X\WT64A\sensorOV08X.inf","Windows Server 2025","NATIVE_CANDIDATE","NativeCandidate","2","2","2","NotEstablished"
"26.7.1","Main","d0_whql-amd-software-adrenalin-edition-26.7.1-win11-b.exe_116c6269b767\Packages\Drivers\AMDISP\OV13B\WT64A\sensorOV13B.inf","Windows Server 2016","NATIVE_CANDIDATE","NativeCandidate","1","1","1","NotEstablished"
"26.7.1","Main","d0_whql-amd-software-adrenalin-edition-26.7.1-win11-b.exe_116c6269b767\Packages\Drivers\AMDISP\OV13B\WT64A\sensorOV13B.inf","Windows Server 2019","NATIVE_CANDIDATE","NativeCandidate","1","1","1","NotEstablished"
"26.7.1","Main","d0_whql-amd-software-adrenalin-edition-26.7.1-win11-b.exe_116c6269b767\Packages\Drivers\AMDISP\OV13B\WT64A\sensorOV13B.inf","Windows Server 2022","NATIVE_CANDIDATE","NativeCandidate","1","1","1","NotEstablished"
"26.7.1","Main","d0_whql-amd-software-adrenalin-edition-26.7.1-win11-b.exe_116c6269b767\Packages\Drivers\AMDISP\OV13B\WT64A\sensorOV13B.inf","Windows Server 2025","NATIVE_CANDIDATE","NativeCandidate","1","1","1","NotEstablished"
"26.7.1","Main","d0_whql-amd-software-adrenalin-edition-26.7.1-win11-b.exe_116c6269b767\Packages\Drivers\AMDISP\VD55G0\WT64A\sensorVD55G0.inf","Windows Server 2016","NATIVE_CANDIDATE","NativeCandidate","2","2","2","NotEstablished"
"26.7.1","Main","d0_whql-amd-software-adrenalin-edition-26.7.1-win11-b.exe_116c6269b767\Packages\Drivers\AMDISP\VD55G0\WT64A\sensorVD55G0.inf","Windows Server 2019","NATIVE_CANDIDATE","NativeCandidate","2","2","2","NotEstablished"
"26.7.1","Main","d0_whql-amd-software-adrenalin-edition-26.7.1-win11-b.exe_116c6269b767\Packages\Drivers\AMDISP\VD55G0\WT64A\sensorVD55G0.inf","Windows Server 2022","NATIVE_CANDIDATE","NativeCandidate","2","2","2","NotEstablished"
"26.7.1","Main","d0_whql-amd-software-adrenalin-edition-26.7.1-win11-b.exe_116c6269b767\Packages\Drivers\AMDISP\VD55G0\WT64A\sensorVD55G0.inf","Windows Server 2025","NATIVE_CANDIDATE","NativeCandidate","2","2","2","NotEstablished"
"26.7.1","Main","d0_whql-amd-software-adrenalin-edition-26.7.1-win11-b.exe_116c6269b767\Packages\Drivers\AMDNPUMCDM\WT64A\kipudrv.inf","Windows Server 2016","NOT_APPLICABLE","NotApplicable","0","0","0","NotEstablished"
"26.7.1","Main","d0_whql-amd-software-adrenalin-edition-26.7.1-win11-b.exe_116c6269b767\Packages\Drivers\AMDNPUMCDM\WT64A\kipudrv.inf","Windows Server 2019","NOT_APPLICABLE","NotApplicable","0","0","0","NotEstablished"
"26.7.1","Main","d0_whql-amd-software-adrenalin-edition-26.7.1-win11-b.exe_116c6269b767\Packages\Drivers\AMDNPUMCDM\WT64A\kipudrv.inf","Windows Server 2022","NOT_APPLICABLE","NotApplicable","0","0","0","NotEstablished"
"26.7.1","Main","d0_whql-amd-software-adrenalin-edition-26.7.1-win11-b.exe_116c6269b767\Packages\Drivers\AMDNPUMCDM\WT64A\kipudrv.inf","Windows Server 2025","NATIVE_CANDIDATE","NativeCandidate","2","2","2","NotEstablished"
"26.7.1","Main","d0_whql-amd-software-adrenalin-edition-26.7.1-win11-b.exe_116c6269b767\Packages\Drivers\Audio\acpafd\wt64a\amdacpafd.inf","Windows Server 2016","NOT_APPLICABLE","NotApplicable","0","0","0","NotEstablished"
"26.7.1","Main","d0_whql-amd-software-adrenalin-edition-26.7.1-win11-b.exe_116c6269b767\Packages\Drivers\Audio\acpafd\wt64a\amdacpafd.inf","Windows Server 2019","NATIVE_CANDIDATE","NativeCandidate","8","8","8","NotEstablished"
"26.7.1","Main","d0_whql-amd-software-adrenalin-edition-26.7.1-win11-b.exe_116c6269b767\Packages\Drivers\Audio\acpafd\wt64a\amdacpafd.inf","Windows Server 2022","NATIVE_CANDIDATE","NativeCandidate","8","8","8","NotEstablished"
"26.7.1","Main","d0_whql-amd-software-adrenalin-edition-26.7.1-win11-b.exe_116c6269b767\Packages\Drivers\Audio\acpafd\wt64a\amdacpafd.inf","Windows Server 2025","NATIVE_CANDIDATE","NativeCandidate","8","8","8","NotEstablished"
"26.7.1","Main","d0_whql-amd-software-adrenalin-edition-26.7.1-win11-b.exe_116c6269b767\Packages\Drivers\Audio\acpbtacx\wt64a\amdacpbtacx.inf","Windows Server 2016","NOT_APPLICABLE","NotApplicable","0","0","0","NotEstablished"
"26.7.1","Main","d0_whql-amd-software-adrenalin-edition-26.7.1-win11-b.exe_116c6269b767\Packages\Drivers\Audio\acpbtacx\wt64a\amdacpbtacx.inf","Windows Server 2019","REVIEW_REQUIRED","WdfRequirementReview","17","17","17","NotEstablished"
"26.7.1","Main","d0_whql-amd-software-adrenalin-edition-26.7.1-win11-b.exe_116c6269b767\Packages\Drivers\Audio\acpbtacx\wt64a\amdacpbtacx.inf","Windows Server 2022","NATIVE_CANDIDATE","NativeCandidate","17","17","17","NotEstablished"
"26.7.1","Main","d0_whql-amd-software-adrenalin-edition-26.7.1-win11-b.exe_116c6269b767\Packages\Drivers\Audio\acpbtacx\wt64a\amdacpbtacx.inf","Windows Server 2025","NATIVE_CANDIDATE","NativeCandidate","17","17","17","NotEstablished"
"26.7.1","Main","d0_whql-amd-software-adrenalin-edition-26.7.1-win11-b.exe_116c6269b767\Packages\Drivers\Audio\ACPBtAfd\WT64A\amdacpbt.inf","Windows Server 2016","NOT_APPLICABLE","NotApplicable","0","0","0","NotEstablished"
"26.7.1","Main","d0_whql-amd-software-adrenalin-edition-26.7.1-win11-b.exe_116c6269b767\Packages\Drivers\Audio\ACPBtAfd\WT64A\amdacpbt.inf","Windows Server 2019","NATIVE_CANDIDATE","NativeCandidate","1","1","1","NotEstablished"
"26.7.1","Main","d0_whql-amd-software-adrenalin-edition-26.7.1-win11-b.exe_116c6269b767\Packages\Drivers\Audio\ACPBtAfd\WT64A\amdacpbt.inf","Windows Server 2022","NATIVE_CANDIDATE","NativeCandidate","1","1","1","NotEstablished"
"26.7.1","Main","d0_whql-amd-software-adrenalin-edition-26.7.1-win11-b.exe_116c6269b767\Packages\Drivers\Audio\ACPBtAfd\WT64A\amdacpbt.inf","Windows Server 2025","NATIVE_CANDIDATE","NativeCandidate","1","1","1","NotEstablished"
"26.7.1","Main","d0_whql-amd-software-adrenalin-edition-26.7.1-win11-b.exe_116c6269b767\Packages\Drivers\Audio\ACPBtAfd\WT64A\amdacpbtscoext\amdacpbtscoext.inf","Windows Server 2016","NOT_APPLICABLE","NotApplicable","0","0","0","NotEstablished"
"26.7.1","Main","d0_whql-amd-software-adrenalin-edition-26.7.1-win11-b.exe_116c6269b767\Packages\Drivers\Audio\ACPBtAfd\WT64A\amdacpbtscoext\amdacpbtscoext.inf","Windows Server 2019","NOT_APPLICABLE","NotApplicable","0","0","0","NotEstablished"
"26.7.1","Main","d0_whql-amd-software-adrenalin-edition-26.7.1-win11-b.exe_116c6269b767\Packages\Drivers\Audio\ACPBtAfd\WT64A\amdacpbtscoext\amdacpbtscoext.inf","Windows Server 2022","NOT_APPLICABLE","NotApplicable","0","0","0","NotEstablished"
"26.7.1","Main","d0_whql-amd-software-adrenalin-edition-26.7.1-win11-b.exe_116c6269b767\Packages\Drivers\Audio\ACPBtAfd\WT64A\amdacpbtscoext\amdacpbtscoext.inf","Windows Server 2025","NATIVE_CANDIDATE","NativeCandidate","1","1","1","NotEstablished"
"26.7.1","Main","d0_whql-amd-software-adrenalin-edition-26.7.1-win11-b.exe_116c6269b767\Packages\Drivers\Audio\acpbus\wt64a\amdacpbus.inf","Windows Server 2016","NOT_APPLICABLE","NotApplicable","0","0","0","NotEstablished"
"26.7.1","Main","d0_whql-amd-software-adrenalin-edition-26.7.1-win11-b.exe_116c6269b767\Packages\Drivers\Audio\acpbus\wt64a\amdacpbus.inf","Windows Server 2019","NATIVE_CANDIDATE","NativeCandidate","1","1","1","NotEstablished"
"26.7.1","Main","d0_whql-amd-software-adrenalin-edition-26.7.1-win11-b.exe_116c6269b767\Packages\Drivers\Audio\acpbus\wt64a\amdacpbus.inf","Windows Server 2022","NATIVE_CANDIDATE","NativeCandidate","1","1","1","NotEstablished"
"26.7.1","Main","d0_whql-amd-software-adrenalin-edition-26.7.1-win11-b.exe_116c6269b767\Packages\Drivers\Audio\acpbus\wt64a\amdacpbus.inf","Windows Server 2025","NATIVE_CANDIDATE","NativeCandidate","1","1","1","NotEstablished"
"26.7.1","Main","d0_whql-amd-software-adrenalin-edition-26.7.1-win11-b.exe_116c6269b767\Packages\Drivers\Audio\acpbus\wt64a\amdacpbusext\amdacpbusext.inf","Windows Server 2016","NOT_APPLICABLE","NotApplicable","0","0","0","NotEstablished"
"26.7.1","Main","d0_whql-amd-software-adrenalin-edition-26.7.1-win11-b.exe_116c6269b767\Packages\Drivers\Audio\acpbus\wt64a\amdacpbusext\amdacpbusext.inf","Windows Server 2019","NATIVE_CANDIDATE","NativeCandidate","1","1","1","NotEstablished"
"26.7.1","Main","d0_whql-amd-software-adrenalin-edition-26.7.1-win11-b.exe_116c6269b767\Packages\Drivers\Audio\acpbus\wt64a\amdacpbusext\amdacpbusext.inf","Windows Server 2022","NATIVE_CANDIDATE","NativeCandidate","1","1","1","NotEstablished"
"26.7.1","Main","d0_whql-amd-software-adrenalin-edition-26.7.1-win11-b.exe_116c6269b767\Packages\Drivers\Audio\acpbus\wt64a\amdacpbusext\amdacpbusext.inf","Windows Server 2025","NATIVE_CANDIDATE","NativeCandidate","1","1","1","NotEstablished"
"26.7.1","Main","d0_whql-amd-software-adrenalin-edition-26.7.1-win11-b.exe_116c6269b767\Packages\Drivers\Audio\acpbus2\wt64a\amdacpbus2.inf","Windows Server 2016","NOT_APPLICABLE","NotApplicable","0","0","0","NotEstablished"
"26.7.1","Main","d0_whql-amd-software-adrenalin-edition-26.7.1-win11-b.exe_116c6269b767\Packages\Drivers\Audio\acpbus2\wt64a\amdacpbus2.inf","Windows Server 2019","NATIVE_CANDIDATE","NativeCandidate","5","5","5","NotEstablished"
"26.7.1","Main","d0_whql-amd-software-adrenalin-edition-26.7.1-win11-b.exe_116c6269b767\Packages\Drivers\Audio\acpbus2\wt64a\amdacpbus2.inf","Windows Server 2022","NATIVE_CANDIDATE","NativeCandidate","5","5","5","NotEstablished"
"26.7.1","Main","d0_whql-amd-software-adrenalin-edition-26.7.1-win11-b.exe_116c6269b767\Packages\Drivers\Audio\acpbus2\wt64a\amdacpbus2.inf","Windows Server 2025","NATIVE_CANDIDATE","NativeCandidate","5","5","5","NotEstablished"
"26.7.1","Main","d0_whql-amd-software-adrenalin-edition-26.7.1-win11-b.exe_116c6269b767\Packages\Drivers\Audio\acpbus2\wt64a\amdacpbusext\amdacpbusext.inf","Windows Server 2016","NOT_APPLICABLE","NotApplicable","0","0","0","NotEstablished"
"26.7.1","Main","d0_whql-amd-software-adrenalin-edition-26.7.1-win11-b.exe_116c6269b767\Packages\Drivers\Audio\acpbus2\wt64a\amdacpbusext\amdacpbusext.inf","Windows Server 2019","NATIVE_CANDIDATE","NativeCandidate","1","1","1","NotEstablished"
"26.7.1","Main","d0_whql-amd-software-adrenalin-edition-26.7.1-win11-b.exe_116c6269b767\Packages\Drivers\Audio\acpbus2\wt64a\amdacpbusext\amdacpbusext.inf","Windows Server 2022","NATIVE_CANDIDATE","NativeCandidate","1","1","1","NotEstablished"
"26.7.1","Main","d0_whql-amd-software-adrenalin-edition-26.7.1-win11-b.exe_116c6269b767\Packages\Drivers\Audio\acpbus2\wt64a\amdacpbusext\amdacpbusext.inf","Windows Server 2025","NATIVE_CANDIDATE","NativeCandidate","1","1","1","NotEstablished"
"26.7.1","Main","d0_whql-amd-software-adrenalin-edition-26.7.1-win11-b.exe_116c6269b767\Packages\Drivers\Audio\acpbus2\wt64a\amdacprgmext\amdacprgmext.inf","Windows Server 2016","NOT_APPLICABLE","NotApplicable","0","0","0","NotEstablished"
"26.7.1","Main","d0_whql-amd-software-adrenalin-edition-26.7.1-win11-b.exe_116c6269b767\Packages\Drivers\Audio\acpbus2\wt64a\amdacprgmext\amdacprgmext.inf","Windows Server 2019","NOT_APPLICABLE","NotApplicable","0","0","0","NotEstablished"
"26.7.1","Main","d0_whql-amd-software-adrenalin-edition-26.7.1-win11-b.exe_116c6269b767\Packages\Drivers\Audio\acpbus2\wt64a\amdacprgmext\amdacprgmext.inf","Windows Server 2022","NOT_APPLICABLE","NotApplicable","0","0","0","NotEstablished"
"26.7.1","Main","d0_whql-amd-software-adrenalin-edition-26.7.1-win11-b.exe_116c6269b767\Packages\Drivers\Audio\acpbus2\wt64a\amdacprgmext\amdacprgmext.inf","Windows Server 2025","NATIVE_CANDIDATE","NativeCandidate","4","4","4","NotEstablished"
"26.7.1","Main","d0_whql-amd-software-adrenalin-edition-26.7.1-win11-b.exe_116c6269b767\Packages\Drivers\Audio\acphpd\wt64a\amdacphpd.inf","Windows Server 2016","NOT_APPLICABLE","NotApplicable","0","0","0","NotEstablished"
"26.7.1","Main","d0_whql-amd-software-adrenalin-edition-26.7.1-win11-b.exe_116c6269b767\Packages\Drivers\Audio\acphpd\wt64a\amdacphpd.inf","Windows Server 2019","NOT_APPLICABLE","NotApplicable","0","0","0","NotEstablished"
"26.7.1","Main","d0_whql-amd-software-adrenalin-edition-26.7.1-win11-b.exe_116c6269b767\Packages\Drivers\Audio\acphpd\wt64a\amdacphpd.inf","Windows Server 2022","NOT_APPLICABLE","NotApplicable","0","0","0","NotEstablished"
"26.7.1","Main","d0_whql-amd-software-adrenalin-edition-26.7.1-win11-b.exe_116c6269b767\Packages\Drivers\Audio\acphpd\wt64a\amdacphpd.inf","Windows Server 2025","REVIEW_REQUIRED","WdfRequirementReview","1","1","1","NotEstablished"
"26.7.1","Main","d0_whql-amd-software-adrenalin-edition-26.7.1-win11-b.exe_116c6269b767\Packages\Drivers\Audio\acphpd\wt64a\amdacphpdcomp.inf","Windows Server 2016","NOT_APPLICABLE","NotApplicable","0","0","0","NotEstablished"
"26.7.1","Main","d0_whql-amd-software-adrenalin-edition-26.7.1-win11-b.exe_116c6269b767\Packages\Drivers\Audio\acphpd\wt64a\amdacphpdcomp.inf","Windows Server 2019","NATIVE_CANDIDATE","NativeCandidate","1","1","1","NotEstablished"
"26.7.1","Main","d0_whql-amd-software-adrenalin-edition-26.7.1-win11-b.exe_116c6269b767\Packages\Drivers\Audio\acphpd\wt64a\amdacphpdcomp.inf","Windows Server 2022","NATIVE_CANDIDATE","NativeCandidate","1","1","1","NotEstablished"
"26.7.1","Main","d0_whql-amd-software-adrenalin-edition-26.7.1-win11-b.exe_116c6269b767\Packages\Drivers\Audio\acphpd\wt64a\amdacphpdcomp.inf","Windows Server 2025","NATIVE_CANDIDATE","NativeCandidate","1","1","1","NotEstablished"
"26.7.1","Main","d0_whql-amd-software-adrenalin-edition-26.7.1-win11-b.exe_116c6269b767\Packages\Drivers\Audio\acphpd\wt64a\amdacphpdext.inf","Windows Server 2016","NOT_APPLICABLE","NotApplicable","0","0","0","NotEstablished"
"26.7.1","Main","d0_whql-amd-software-adrenalin-edition-26.7.1-win11-b.exe_116c6269b767\Packages\Drivers\Audio\acphpd\wt64a\amdacphpdext.inf","Windows Server 2019","NATIVE_CANDIDATE","NativeCandidate","6","6","6","NotEstablished"
"26.7.1","Main","d0_whql-amd-software-adrenalin-edition-26.7.1-win11-b.exe_116c6269b767\Packages\Drivers\Audio\acphpd\wt64a\amdacphpdext.inf","Windows Server 2022","NATIVE_CANDIDATE","NativeCandidate","6","6","6","NotEstablished"
"26.7.1","Main","d0_whql-amd-software-adrenalin-edition-26.7.1-win11-b.exe_116c6269b767\Packages\Drivers\Audio\acphpd\wt64a\amdacphpdext.inf","Windows Server 2025","NATIVE_CANDIDATE","NativeCandidate","6","6","6","NotEstablished"
"26.7.1","Main","d0_whql-amd-software-adrenalin-edition-26.7.1-win11-b.exe_116c6269b767\Packages\Drivers\Audio\acpusbafd\wt64a\amdacpusb.inf","Windows Server 2016","NOT_APPLICABLE","NotApplicable","0","0","0","NotEstablished"
"26.7.1","Main","d0_whql-amd-software-adrenalin-edition-26.7.1-win11-b.exe_116c6269b767\Packages\Drivers\Audio\acpusbafd\wt64a\amdacpusb.inf","Windows Server 2019","NATIVE_CANDIDATE","NativeCandidate","4","4","4","NotEstablished"
"26.7.1","Main","d0_whql-amd-software-adrenalin-edition-26.7.1-win11-b.exe_116c6269b767\Packages\Drivers\Audio\acpusbafd\wt64a\amdacpusb.inf","Windows Server 2022","NATIVE_CANDIDATE","NativeCandidate","4","4","4","NotEstablished"
"26.7.1","Main","d0_whql-amd-software-adrenalin-edition-26.7.1-win11-b.exe_116c6269b767\Packages\Drivers\Audio\acpusbafd\wt64a\amdacpusb.inf","Windows Server 2025","NATIVE_CANDIDATE","NativeCandidate","4","4","4","NotEstablished"
"26.7.1","Main","d0_whql-amd-software-adrenalin-edition-26.7.1-win11-b.exe_116c6269b767\Packages\Drivers\Audio\HDABus\WT64A\amdhdaudbus.inf","Windows Server 2016","NATIVE_CANDIDATE","NativeCandidate","1","1","1","NotEstablished"
"26.7.1","Main","d0_whql-amd-software-adrenalin-edition-26.7.1-win11-b.exe_116c6269b767\Packages\Drivers\Audio\HDABus\WT64A\amdhdaudbus.inf","Windows Server 2019","NATIVE_CANDIDATE","NativeCandidate","1","1","1","NotEstablished"
"26.7.1","Main","d0_whql-amd-software-adrenalin-edition-26.7.1-win11-b.exe_116c6269b767\Packages\Drivers\Audio\HDABus\WT64A\amdhdaudbus.inf","Windows Server 2022","NATIVE_CANDIDATE","NativeCandidate","1","1","1","NotEstablished"
"26.7.1","Main","d0_whql-amd-software-adrenalin-edition-26.7.1-win11-b.exe_116c6269b767\Packages\Drivers\Audio\HDABus\WT64A\amdhdaudbus.inf","Windows Server 2025","NATIVE_CANDIDATE","NativeCandidate","1","1","1","NotEstablished"
"26.7.1","Main","d0_whql-amd-software-adrenalin-edition-26.7.1-win11-b.exe_116c6269b767\Packages\Drivers\Audio\hdmi\wt64a\AtihdWT6.inf","Windows Server 2016","PATCH_CANDIDATE","ProjectionCandidate","8","0","8","NotEstablished"
"26.7.1","Main","d0_whql-amd-software-adrenalin-edition-26.7.1-win11-b.exe_116c6269b767\Packages\Drivers\Audio\hdmi\wt64a\AtihdWT6.inf","Windows Server 2019","PATCH_CANDIDATE","ProjectionCandidate","8","0","8","NotEstablished"
"26.7.1","Main","d0_whql-amd-software-adrenalin-edition-26.7.1-win11-b.exe_116c6269b767\Packages\Drivers\Audio\hdmi\wt64a\AtihdWT6.inf","Windows Server 2022","PATCH_CANDIDATE","ProjectionCandidate","8","0","8","NotEstablished"
"26.7.1","Main","d0_whql-amd-software-adrenalin-edition-26.7.1-win11-b.exe_116c6269b767\Packages\Drivers\Audio\hdmi\wt64a\AtihdWT6.inf","Windows Server 2025","PATCH_CANDIDATE","ProjectionCandidate","8","0","8","NotEstablished"
"26.7.1","Main","d0_whql-amd-software-adrenalin-edition-26.7.1-win11-b.exe_116c6269b767\Packages\Drivers\Audio\I2S\WT64A\amdi2safd.inf","Windows Server 2016","NATIVE_CANDIDATE","NativeCandidate","1","1","1","NotEstablished"
"26.7.1","Main","d0_whql-amd-software-adrenalin-edition-26.7.1-win11-b.exe_116c6269b767\Packages\Drivers\Audio\I2S\WT64A\amdi2safd.inf","Windows Server 2019","NATIVE_CANDIDATE","NativeCandidate","1","1","1","NotEstablished"
"26.7.1","Main","d0_whql-amd-software-adrenalin-edition-26.7.1-win11-b.exe_116c6269b767\Packages\Drivers\Audio\I2S\WT64A\amdi2safd.inf","Windows Server 2022","NATIVE_CANDIDATE","NativeCandidate","1","1","1","NotEstablished"
"26.7.1","Main","d0_whql-amd-software-adrenalin-edition-26.7.1-win11-b.exe_116c6269b767\Packages\Drivers\Audio\I2S\WT64A\amdi2safd.inf","Windows Server 2025","NATIVE_CANDIDATE","NativeCandidate","1","1","1","NotEstablished"
"26.7.1","Main","d0_whql-amd-software-adrenalin-edition-26.7.1-win11-b.exe_116c6269b767\Packages\Drivers\Audio\safd\wt64a\amdsafd.inf","Windows Server 2016","NOT_APPLICABLE","NotApplicable","0","0","0","NotEstablished"
"26.7.1","Main","d0_whql-amd-software-adrenalin-edition-26.7.1-win11-b.exe_116c6269b767\Packages\Drivers\Audio\safd\wt64a\amdsafd.inf","Windows Server 2019","NATIVE_CANDIDATE","NativeCandidate","2","2","2","NotEstablished"
"26.7.1","Main","d0_whql-amd-software-adrenalin-edition-26.7.1-win11-b.exe_116c6269b767\Packages\Drivers\Audio\safd\wt64a\amdsafd.inf","Windows Server 2022","NATIVE_CANDIDATE","NativeCandidate","2","2","2","NotEstablished"
"26.7.1","Main","d0_whql-amd-software-adrenalin-edition-26.7.1-win11-b.exe_116c6269b767\Packages\Drivers\Audio\safd\wt64a\amdsafd.inf","Windows Server 2025","NATIVE_CANDIDATE","NativeCandidate","2","2","2","NotEstablished"
"26.7.1","Main","d0_whql-amd-software-adrenalin-edition-26.7.1-win11-b.exe_116c6269b767\Packages\Drivers\Audio\sdwc\wt64a\amdsdwc.inf","Windows Server 2016","NOT_APPLICABLE","NotApplicable","0","0","0","NotEstablished"
"26.7.1","Main","d0_whql-amd-software-adrenalin-edition-26.7.1-win11-b.exe_116c6269b767\Packages\Drivers\Audio\sdwc\wt64a\amdsdwc.inf","Windows Server 2019","REVIEW_REQUIRED","WdfRequirementReview","6","6","6","NotEstablished"
"26.7.1","Main","d0_whql-amd-software-adrenalin-edition-26.7.1-win11-b.exe_116c6269b767\Packages\Drivers\Audio\sdwc\wt64a\amdsdwc.inf","Windows Server 2022","NATIVE_CANDIDATE","NativeCandidate","6","6","6","NotEstablished"
"26.7.1","Main","d0_whql-amd-software-adrenalin-edition-26.7.1-win11-b.exe_116c6269b767\Packages\Drivers\Audio\sdwc\wt64a\amdsdwc.inf","Windows Server 2025","NATIVE_CANDIDATE","NativeCandidate","6","6","6","NotEstablished"
"26.7.1","Main","d0_whql-amd-software-adrenalin-edition-26.7.1-win11-b.exe_116c6269b767\Packages\Drivers\Audio\sdws\wt64a\amdsdws.inf","Windows Server 2016","NOT_APPLICABLE","NotApplicable","0","0","0","NotEstablished"
"26.7.1","Main","d0_whql-amd-software-adrenalin-edition-26.7.1-win11-b.exe_116c6269b767\Packages\Drivers\Audio\sdws\wt64a\amdsdws.inf","Windows Server 2019","REVIEW_REQUIRED","WdfRequirementReview","15","15","15","NotEstablished"
"26.7.1","Main","d0_whql-amd-software-adrenalin-edition-26.7.1-win11-b.exe_116c6269b767\Packages\Drivers\Audio\sdws\wt64a\amdsdws.inf","Windows Server 2022","NATIVE_CANDIDATE","NativeCandidate","15","15","15","NotEstablished"
"26.7.1","Main","d0_whql-amd-software-adrenalin-edition-26.7.1-win11-b.exe_116c6269b767\Packages\Drivers\Audio\sdws\wt64a\amdsdws.inf","Windows Server 2025","NATIVE_CANDIDATE","NativeCandidate","15","15","15","NotEstablished"
"26.7.1","Main","d0_whql-amd-software-adrenalin-edition-26.7.1-win11-b.exe_116c6269b767\Packages\Drivers\Audio\sdws\wt64a\amdsdwsext\amdsdwsext.inf","Windows Server 2016","NOT_APPLICABLE","NotApplicable","0","0","0","NotEstablished"
"26.7.1","Main","d0_whql-amd-software-adrenalin-edition-26.7.1-win11-b.exe_116c6269b767\Packages\Drivers\Audio\sdws\wt64a\amdsdwsext\amdsdwsext.inf","Windows Server 2019","NATIVE_CANDIDATE","NativeCandidate","4","4","4","NotEstablished"
"26.7.1","Main","d0_whql-amd-software-adrenalin-edition-26.7.1-win11-b.exe_116c6269b767\Packages\Drivers\Audio\sdws\wt64a\amdsdwsext\amdsdwsext.inf","Windows Server 2022","NATIVE_CANDIDATE","NativeCandidate","4","4","4","NotEstablished"
"26.7.1","Main","d0_whql-amd-software-adrenalin-edition-26.7.1-win11-b.exe_116c6269b767\Packages\Drivers\Audio\sdws\wt64a\amdsdwsext\amdsdwsext.inf","Windows Server 2025","NATIVE_CANDIDATE","NativeCandidate","4","4","4","NotEstablished"
"26.7.1","Main","d0_whql-amd-software-adrenalin-edition-26.7.1-win11-b.exe_116c6269b767\Packages\Drivers\Display\WT6A_INF\u0202643.inf","Windows Server 2016","NOT_APPLICABLE","NotApplicable","0","0","0","NotEstablished"
"26.7.1","Main","d0_whql-amd-software-adrenalin-edition-26.7.1-win11-b.exe_116c6269b767\Packages\Drivers\Display\WT6A_INF\u0202643.inf","Windows Server 2019","NOT_APPLICABLE","NotApplicable","0","0","0","NotEstablished"
"26.7.1","Main","d0_whql-amd-software-adrenalin-edition-26.7.1-win11-b.exe_116c6269b767\Packages\Drivers\Display\WT6A_INF\u0202643.inf","Windows Server 2022","PATCH_CANDIDATE","ProjectionCandidate","5353","0","5353","NotEstablished"
"26.7.1","Main","d0_whql-amd-software-adrenalin-edition-26.7.1-win11-b.exe_116c6269b767\Packages\Drivers\Display\WT6A_INF\u0202643.inf","Windows Server 2025","PATCH_CANDIDATE","ProjectionCandidate","5353","0","5353","NotEstablished"
"26.7.1","Main","d0_whql-amd-software-adrenalin-edition-26.7.1-win11-b.exe_116c6269b767\Packages\Drivers\Display\WT6A_INF\amdafd\amdafd.inf","Windows Server 2016","NATIVE_CANDIDATE","NativeCandidate","2","2","2","NotEstablished"
"26.7.1","Main","d0_whql-amd-software-adrenalin-edition-26.7.1-win11-b.exe_116c6269b767\Packages\Drivers\Display\WT6A_INF\amdafd\amdafd.inf","Windows Server 2019","NATIVE_CANDIDATE","NativeCandidate","2","2","2","NotEstablished"
"26.7.1","Main","d0_whql-amd-software-adrenalin-edition-26.7.1-win11-b.exe_116c6269b767\Packages\Drivers\Display\WT6A_INF\amdafd\amdafd.inf","Windows Server 2022","NATIVE_CANDIDATE","NativeCandidate","2","2","2","NotEstablished"
"26.7.1","Main","d0_whql-amd-software-adrenalin-edition-26.7.1-win11-b.exe_116c6269b767\Packages\Drivers\Display\WT6A_INF\amdafd\amdafd.inf","Windows Server 2025","NATIVE_CANDIDATE","NativeCandidate","2","2","2","NotEstablished"
"26.7.1","Main","d0_whql-amd-software-adrenalin-edition-26.7.1-win11-b.exe_116c6269b767\Packages\Drivers\Display\WT6A_INF\amdfdans\AMDFDANS.inf","Windows Server 2016","NATIVE_CANDIDATE","NativeCandidate","1","1","1","NotEstablished"
"26.7.1","Main","d0_whql-amd-software-adrenalin-edition-26.7.1-win11-b.exe_116c6269b767\Packages\Drivers\Display\WT6A_INF\amdfdans\AMDFDANS.inf","Windows Server 2019","NATIVE_CANDIDATE","NativeCandidate","1","1","1","NotEstablished"
"26.7.1","Main","d0_whql-amd-software-adrenalin-edition-26.7.1-win11-b.exe_116c6269b767\Packages\Drivers\Display\WT6A_INF\amdfdans\AMDFDANS.inf","Windows Server 2022","NATIVE_CANDIDATE","NativeCandidate","1","1","1","NotEstablished"
"26.7.1","Main","d0_whql-amd-software-adrenalin-edition-26.7.1-win11-b.exe_116c6269b767\Packages\Drivers\Display\WT6A_INF\amdfdans\AMDFDANS.inf","Windows Server 2025","NATIVE_CANDIDATE","NativeCandidate","1","1","1","NotEstablished"
"26.7.1","Main","d0_whql-amd-software-adrenalin-edition-26.7.1-win11-b.exe_116c6269b767\Packages\Drivers\Display\WT6A_INF\amdfendr\amdfendr.inf","Windows Server 2016","NOT_APPLICABLE","NotApplicable","0","0","0","NotEstablished"
"26.7.1","Main","d0_whql-amd-software-adrenalin-edition-26.7.1-win11-b.exe_116c6269b767\Packages\Drivers\Display\WT6A_INF\amdfendr\amdfendr.inf","Windows Server 2019","NATIVE_CANDIDATE","NativeCandidate","1","1","1","NotEstablished"
"26.7.1","Main","d0_whql-amd-software-adrenalin-edition-26.7.1-win11-b.exe_116c6269b767\Packages\Drivers\Display\WT6A_INF\amdfendr\amdfendr.inf","Windows Server 2022","NATIVE_CANDIDATE","NativeCandidate","1","1","1","NotEstablished"
"26.7.1","Main","d0_whql-amd-software-adrenalin-edition-26.7.1-win11-b.exe_116c6269b767\Packages\Drivers\Display\WT6A_INF\amdfendr\amdfendr.inf","Windows Server 2025","NATIVE_CANDIDATE","NativeCandidate","1","1","1","NotEstablished"
"26.7.1","Main","d0_whql-amd-software-adrenalin-edition-26.7.1-win11-b.exe_116c6269b767\Packages\Drivers\Display\WT6A_INF\amdocl\amdocl.inf","Windows Server 2016","NOT_APPLICABLE","NotApplicable","0","0","0","NotEstablished"
"26.7.1","Main","d0_whql-amd-software-adrenalin-edition-26.7.1-win11-b.exe_116c6269b767\Packages\Drivers\Display\WT6A_INF\amdocl\amdocl.inf","Windows Server 2019","NATIVE_CANDIDATE","NativeCandidate","1","1","1","NotEstablished"
"26.7.1","Main","d0_whql-amd-software-adrenalin-edition-26.7.1-win11-b.exe_116c6269b767\Packages\Drivers\Display\WT6A_INF\amdocl\amdocl.inf","Windows Server 2022","NATIVE_CANDIDATE","NativeCandidate","1","1","1","NotEstablished"
"26.7.1","Main","d0_whql-amd-software-adrenalin-edition-26.7.1-win11-b.exe_116c6269b767\Packages\Drivers\Display\WT6A_INF\amdocl\amdocl.inf","Windows Server 2025","NATIVE_CANDIDATE","NativeCandidate","1","1","1","NotEstablished"
"26.7.1","Main","d0_whql-amd-software-adrenalin-edition-26.7.1-win11-b.exe_116c6269b767\Packages\Drivers\Display\WT6A_INF\amdogl\amdogl.inf","Windows Server 2016","NOT_APPLICABLE","NotApplicable","0","0","0","NotEstablished"
"26.7.1","Main","d0_whql-amd-software-adrenalin-edition-26.7.1-win11-b.exe_116c6269b767\Packages\Drivers\Display\WT6A_INF\amdogl\amdogl.inf","Windows Server 2019","NATIVE_CANDIDATE","NativeCandidate","1","1","1","NotEstablished"
"26.7.1","Main","d0_whql-amd-software-adrenalin-edition-26.7.1-win11-b.exe_116c6269b767\Packages\Drivers\Display\WT6A_INF\amdogl\amdogl.inf","Windows Server 2022","NATIVE_CANDIDATE","NativeCandidate","1","1","1","NotEstablished"
"26.7.1","Main","d0_whql-amd-software-adrenalin-edition-26.7.1-win11-b.exe_116c6269b767\Packages\Drivers\Display\WT6A_INF\amdogl\amdogl.inf","Windows Server 2025","NATIVE_CANDIDATE","NativeCandidate","1","1","1","NotEstablished"
"26.7.1","Main","d0_whql-amd-software-adrenalin-edition-26.7.1-win11-b.exe_116c6269b767\Packages\Drivers\Display\WT6A_INF\amdpcibridge\amdpcibridgeextension.inf","Windows Server 2016","NATIVE_CANDIDATE","NativeCandidate","2","2","2","NotEstablished"
"26.7.1","Main","d0_whql-amd-software-adrenalin-edition-26.7.1-win11-b.exe_116c6269b767\Packages\Drivers\Display\WT6A_INF\amdpcibridge\amdpcibridgeextension.inf","Windows Server 2019","NATIVE_CANDIDATE","NativeCandidate","2","2","2","NotEstablished"
"26.7.1","Main","d0_whql-amd-software-adrenalin-edition-26.7.1-win11-b.exe_116c6269b767\Packages\Drivers\Display\WT6A_INF\amdpcibridge\amdpcibridgeextension.inf","Windows Server 2022","NATIVE_CANDIDATE","NativeCandidate","2","2","2","NotEstablished"
"26.7.1","Main","d0_whql-amd-software-adrenalin-edition-26.7.1-win11-b.exe_116c6269b767\Packages\Drivers\Display\WT6A_INF\amdpcibridge\amdpcibridgeextension.inf","Windows Server 2025","NATIVE_CANDIDATE","NativeCandidate","2","2","2","NotEstablished"
"26.7.1","Main","d0_whql-amd-software-adrenalin-edition-26.7.1-win11-b.exe_116c6269b767\Packages\Drivers\Display\WT6A_INF\amdvlk\amdvlk.inf","Windows Server 2016","NOT_APPLICABLE","NotApplicable","0","0","0","NotEstablished"
"26.7.1","Main","d0_whql-amd-software-adrenalin-edition-26.7.1-win11-b.exe_116c6269b767\Packages\Drivers\Display\WT6A_INF\amdvlk\amdvlk.inf","Windows Server 2019","NATIVE_CANDIDATE","NativeCandidate","1","1","1","NotEstablished"
"26.7.1","Main","d0_whql-amd-software-adrenalin-edition-26.7.1-win11-b.exe_116c6269b767\Packages\Drivers\Display\WT6A_INF\amdvlk\amdvlk.inf","Windows Server 2022","NATIVE_CANDIDATE","NativeCandidate","1","1","1","NotEstablished"
"26.7.1","Main","d0_whql-amd-software-adrenalin-edition-26.7.1-win11-b.exe_116c6269b767\Packages\Drivers\Display\WT6A_INF\amdvlk\amdvlk.inf","Windows Server 2025","NATIVE_CANDIDATE","NativeCandidate","1","1","1","NotEstablished"
"26.7.1","Main","d0_whql-amd-software-adrenalin-edition-26.7.1-win11-b.exe_116c6269b767\Packages\Drivers\Display\WT6A_INF\amdwin\amdwin-u0202643.inf","Windows Server 2016","NATIVE_CANDIDATE","NativeCandidate","1","1","1","NotEstablished"
"26.7.1","Main","d0_whql-amd-software-adrenalin-edition-26.7.1-win11-b.exe_116c6269b767\Packages\Drivers\Display\WT6A_INF\amdwin\amdwin-u0202643.inf","Windows Server 2019","NATIVE_CANDIDATE","NativeCandidate","1","1","1","NotEstablished"
"26.7.1","Main","d0_whql-amd-software-adrenalin-edition-26.7.1-win11-b.exe_116c6269b767\Packages\Drivers\Display\WT6A_INF\amdwin\amdwin-u0202643.inf","Windows Server 2022","NATIVE_CANDIDATE","NativeCandidate","1","1","1","NotEstablished"
"26.7.1","Main","d0_whql-amd-software-adrenalin-edition-26.7.1-win11-b.exe_116c6269b767\Packages\Drivers\Display\WT6A_INF\amdwin\amdwin-u0202643.inf","Windows Server 2025","NATIVE_CANDIDATE","NativeCandidate","1","1","1","NotEstablished"
"26.7.1","Main","d0_whql-amd-software-adrenalin-edition-26.7.1-win11-b.exe_116c6269b767\Packages\Drivers\Display\WT6A_INF\amdxe\amdxe.inf","Windows Server 2016","NATIVE_CANDIDATE","NativeCandidate","1","1","1","NotEstablished"
"26.7.1","Main","d0_whql-amd-software-adrenalin-edition-26.7.1-win11-b.exe_116c6269b767\Packages\Drivers\Display\WT6A_INF\amdxe\amdxe.inf","Windows Server 2019","NATIVE_CANDIDATE","NativeCandidate","1","1","1","NotEstablished"
"26.7.1","Main","d0_whql-amd-software-adrenalin-edition-26.7.1-win11-b.exe_116c6269b767\Packages\Drivers\Display\WT6A_INF\amdxe\amdxe.inf","Windows Server 2022","NATIVE_CANDIDATE","NativeCandidate","1","1","1","NotEstablished"
"26.7.1","Main","d0_whql-amd-software-adrenalin-edition-26.7.1-win11-b.exe_116c6269b767\Packages\Drivers\Display\WT6A_INF\amdxe\amdxe.inf","Windows Server 2025","NATIVE_CANDIDATE","NativeCandidate","1","1","1","NotEstablished"
"26.7.1","Main","d0_whql-amd-software-adrenalin-edition-26.7.1-win11-b.exe_116c6269b767\Packages\Drivers\SBDrv\AMDUCSI\WT64A\amducsi.inf","Windows Server 2016","NATIVE_CANDIDATE","NativeCandidate","5","5","5","NotEstablished"
"26.7.1","Main","d0_whql-amd-software-adrenalin-edition-26.7.1-win11-b.exe_116c6269b767\Packages\Drivers\SBDrv\AMDUCSI\WT64A\amducsi.inf","Windows Server 2019","NATIVE_CANDIDATE","NativeCandidate","5","5","5","NotEstablished"
"26.7.1","Main","d0_whql-amd-software-adrenalin-edition-26.7.1-win11-b.exe_116c6269b767\Packages\Drivers\SBDrv\AMDUCSI\WT64A\amducsi.inf","Windows Server 2022","NATIVE_CANDIDATE","NativeCandidate","5","5","5","NotEstablished"
"26.7.1","Main","d0_whql-amd-software-adrenalin-edition-26.7.1-win11-b.exe_116c6269b767\Packages\Drivers\SBDrv\AMDUCSI\WT64A\amducsi.inf","Windows Server 2025","NATIVE_CANDIDATE","NativeCandidate","5","5","5","NotEstablished"
"26.7.1","Main","d0_whql-amd-software-adrenalin-edition-26.7.1-win11-a.exe_da1b95633533\Packages\Drivers\AMDISP\AMDCAMERA\WT64A\amdcamera.inf","Windows Server 2016","NATIVE_CANDIDATE","NativeCandidate","1","1","1","NotEstablished"
"26.7.1","Main","d0_whql-amd-software-adrenalin-edition-26.7.1-win11-a.exe_da1b95633533\Packages\Drivers\AMDISP\AMDCAMERA\WT64A\amdcamera.inf","Windows Server 2019","NATIVE_CANDIDATE","NativeCandidate","1","1","1","NotEstablished"
"26.7.1","Main","d0_whql-amd-software-adrenalin-edition-26.7.1-win11-a.exe_da1b95633533\Packages\Drivers\AMDISP\AMDCAMERA\WT64A\amdcamera.inf","Windows Server 2022","NATIVE_CANDIDATE","NativeCandidate","1","1","1","NotEstablished"
"26.7.1","Main","d0_whql-amd-software-adrenalin-edition-26.7.1-win11-a.exe_da1b95633533\Packages\Drivers\AMDISP\AMDCAMERA\WT64A\amdcamera.inf","Windows Server 2025","NATIVE_CANDIDATE","NativeCandidate","1","1","1","NotEstablished"
"26.7.1","Main","d0_whql-amd-software-adrenalin-edition-26.7.1-win11-a.exe_da1b95633533\Packages\Drivers\AMDISP\AMDISP\WT64A\amdisp.inf","Windows Server 2016","REVIEW_REQUIRED","WdfRequirementReview","2","2","2","NotEstablished"
"26.7.1","Main","d0_whql-amd-software-adrenalin-edition-26.7.1-win11-a.exe_da1b95633533\Packages\Drivers\AMDISP\AMDISP\WT64A\amdisp.inf","Windows Server 2019","NATIVE_CANDIDATE","NativeCandidate","2","2","2","NotEstablished"
"26.7.1","Main","d0_whql-amd-software-adrenalin-edition-26.7.1-win11-a.exe_da1b95633533\Packages\Drivers\AMDISP\AMDISP\WT64A\amdisp.inf","Windows Server 2022","NATIVE_CANDIDATE","NativeCandidate","2","2","2","NotEstablished"
"26.7.1","Main","d0_whql-amd-software-adrenalin-edition-26.7.1-win11-a.exe_da1b95633533\Packages\Drivers\AMDISP\AMDISP\WT64A\amdisp.inf","Windows Server 2025","NATIVE_CANDIDATE","NativeCandidate","2","2","2","NotEstablished"
"26.7.1","Main","d0_whql-amd-software-adrenalin-edition-26.7.1-win11-a.exe_da1b95633533\Packages\Drivers\AMDISP\GC1029\WT64A\sensorGC1029.inf","Windows Server 2016","NATIVE_CANDIDATE","NativeCandidate","1","1","1","NotEstablished"
"26.7.1","Main","d0_whql-amd-software-adrenalin-edition-26.7.1-win11-a.exe_da1b95633533\Packages\Drivers\AMDISP\GC1029\WT64A\sensorGC1029.inf","Windows Server 2019","NATIVE_CANDIDATE","NativeCandidate","1","1","1","NotEstablished"
"26.7.1","Main","d0_whql-amd-software-adrenalin-edition-26.7.1-win11-a.exe_da1b95633533\Packages\Drivers\AMDISP\GC1029\WT64A\sensorGC1029.inf","Windows Server 2022","NATIVE_CANDIDATE","NativeCandidate","1","1","1","NotEstablished"
"26.7.1","Main","d0_whql-amd-software-adrenalin-edition-26.7.1-win11-a.exe_da1b95633533\Packages\Drivers\AMDISP\GC1029\WT64A\sensorGC1029.inf","Windows Server 2025","NATIVE_CANDIDATE","NativeCandidate","1","1","1","NotEstablished"
"26.7.1","Main","d0_whql-amd-software-adrenalin-edition-26.7.1-win11-a.exe_da1b95633533\Packages\Drivers\AMDISP\HM1092\WT64A\sensorHM1092.inf","Windows Server 2016","NATIVE_CANDIDATE","NativeCandidate","1","1","1","NotEstablished"
"26.7.1","Main","d0_whql-amd-software-adrenalin-edition-26.7.1-win11-a.exe_da1b95633533\Packages\Drivers\AMDISP\HM1092\WT64A\sensorHM1092.inf","Windows Server 2019","NATIVE_CANDIDATE","NativeCandidate","1","1","1","NotEstablished"
"26.7.1","Main","d0_whql-amd-software-adrenalin-edition-26.7.1-win11-a.exe_da1b95633533\Packages\Drivers\AMDISP\HM1092\WT64A\sensorHM1092.inf","Windows Server 2022","NATIVE_CANDIDATE","NativeCandidate","1","1","1","NotEstablished"
"26.7.1","Main","d0_whql-amd-software-adrenalin-edition-26.7.1-win11-a.exe_da1b95633533\Packages\Drivers\AMDISP\HM1092\WT64A\sensorHM1092.inf","Windows Server 2025","NATIVE_CANDIDATE","NativeCandidate","1","1","1","NotEstablished"
"26.7.1","Main","d0_whql-amd-software-adrenalin-edition-26.7.1-win11-a.exe_da1b95633533\Packages\Drivers\AMDISP\OV05C\WT64A\sensorOV05C.inf","Windows Server 2016","NATIVE_CANDIDATE","NativeCandidate","1","1","1","NotEstablished"
"26.7.1","Main","d0_whql-amd-software-adrenalin-edition-26.7.1-win11-a.exe_da1b95633533\Packages\Drivers\AMDISP\OV05C\WT64A\sensorOV05C.inf","Windows Server 2019","NATIVE_CANDIDATE","NativeCandidate","1","1","1","NotEstablished"
"26.7.1","Main","d0_whql-amd-software-adrenalin-edition-26.7.1-win11-a.exe_da1b95633533\Packages\Drivers\AMDISP\OV05C\WT64A\sensorOV05C.inf","Windows Server 2022","NATIVE_CANDIDATE","NativeCandidate","1","1","1","NotEstablished"
"26.7.1","Main","d0_whql-amd-software-adrenalin-edition-26.7.1-win11-a.exe_da1b95633533\Packages\Drivers\AMDISP\OV05C\WT64A\sensorOV05C.inf","Windows Server 2025","NATIVE_CANDIDATE","NativeCandidate","1","1","1","NotEstablished"
"26.7.1","Main","d0_whql-amd-software-adrenalin-edition-26.7.1-win11-a.exe_da1b95633533\Packages\Drivers\AMDISP\OV08X\WT64A\sensorOV08X.inf","Windows Server 2016","NATIVE_CANDIDATE","NativeCandidate","2","2","2","NotEstablished"
"26.7.1","Main","d0_whql-amd-software-adrenalin-edition-26.7.1-win11-a.exe_da1b95633533\Packages\Drivers\AMDISP\OV08X\WT64A\sensorOV08X.inf","Windows Server 2019","NATIVE_CANDIDATE","NativeCandidate","2","2","2","NotEstablished"
"26.7.1","Main","d0_whql-amd-software-adrenalin-edition-26.7.1-win11-a.exe_da1b95633533\Packages\Drivers\AMDISP\OV08X\WT64A\sensorOV08X.inf","Windows Server 2022","NATIVE_CANDIDATE","NativeCandidate","2","2","2","NotEstablished"
"26.7.1","Main","d0_whql-amd-software-adrenalin-edition-26.7.1-win11-a.exe_da1b95633533\Packages\Drivers\AMDISP\OV08X\WT64A\sensorOV08X.inf","Windows Server 2025","NATIVE_CANDIDATE","NativeCandidate","2","2","2","NotEstablished"
"26.7.1","Main","d0_whql-amd-software-adrenalin-edition-26.7.1-win11-a.exe_da1b95633533\Packages\Drivers\AMDISP\OV13B\WT64A\sensorOV13B.inf","Windows Server 2016","NATIVE_CANDIDATE","NativeCandidate","1","1","1","NotEstablished"
"26.7.1","Main","d0_whql-amd-software-adrenalin-edition-26.7.1-win11-a.exe_da1b95633533\Packages\Drivers\AMDISP\OV13B\WT64A\sensorOV13B.inf","Windows Server 2019","NATIVE_CANDIDATE","NativeCandidate","1","1","1","NotEstablished"
"26.7.1","Main","d0_whql-amd-software-adrenalin-edition-26.7.1-win11-a.exe_da1b95633533\Packages\Drivers\AMDISP\OV13B\WT64A\sensorOV13B.inf","Windows Server 2022","NATIVE_CANDIDATE","NativeCandidate","1","1","1","NotEstablished"
"26.7.1","Main","d0_whql-amd-software-adrenalin-edition-26.7.1-win11-a.exe_da1b95633533\Packages\Drivers\AMDISP\OV13B\WT64A\sensorOV13B.inf","Windows Server 2025","NATIVE_CANDIDATE","NativeCandidate","1","1","1","NotEstablished"
"26.7.1","Main","d0_whql-amd-software-adrenalin-edition-26.7.1-win11-a.exe_da1b95633533\Packages\Drivers\AMDNPUMCDM\WT64A\kipudrv.inf","Windows Server 2016","NOT_APPLICABLE","NotApplicable","0","0","0","NotEstablished"
"26.7.1","Main","d0_whql-amd-software-adrenalin-edition-26.7.1-win11-a.exe_da1b95633533\Packages\Drivers\AMDNPUMCDM\WT64A\kipudrv.inf","Windows Server 2019","NOT_APPLICABLE","NotApplicable","0","0","0","NotEstablished"
"26.7.1","Main","d0_whql-amd-software-adrenalin-edition-26.7.1-win11-a.exe_da1b95633533\Packages\Drivers\AMDNPUMCDM\WT64A\kipudrv.inf","Windows Server 2022","NOT_APPLICABLE","NotApplicable","0","0","0","NotEstablished"
"26.7.1","Main","d0_whql-amd-software-adrenalin-edition-26.7.1-win11-a.exe_da1b95633533\Packages\Drivers\AMDNPUMCDM\WT64A\kipudrv.inf","Windows Server 2025","NATIVE_CANDIDATE","NativeCandidate","2","2","2","NotEstablished"
"26.7.1","Main","d0_whql-amd-software-adrenalin-edition-26.7.1-win11-a.exe_da1b95633533\Packages\Drivers\AMDNPUWDF\WT64A\kipudrv.inf","Windows Server 2016","NATIVE_CANDIDATE","NativeCandidate","2","2","2","NotEstablished"
"26.7.1","Main","d0_whql-amd-software-adrenalin-edition-26.7.1-win11-a.exe_da1b95633533\Packages\Drivers\AMDNPUWDF\WT64A\kipudrv.inf","Windows Server 2019","NATIVE_CANDIDATE","NativeCandidate","2","2","2","NotEstablished"
"26.7.1","Main","d0_whql-amd-software-adrenalin-edition-26.7.1-win11-a.exe_da1b95633533\Packages\Drivers\AMDNPUWDF\WT64A\kipudrv.inf","Windows Server 2022","NATIVE_CANDIDATE","NativeCandidate","2","2","2","NotEstablished"
"26.7.1","Main","d0_whql-amd-software-adrenalin-edition-26.7.1-win11-a.exe_da1b95633533\Packages\Drivers\AMDNPUWDF\WT64A\kipudrv.inf","Windows Server 2025","NATIVE_CANDIDATE","NativeCandidate","2","2","2","NotEstablished"
"26.7.1","Main","d0_whql-amd-software-adrenalin-edition-26.7.1-win11-a.exe_da1b95633533\Packages\Drivers\Audio\ACPAfd\WT64A\amdacpafd.inf","Windows Server 2016","NOT_APPLICABLE","NotApplicable","0","0","0","NotEstablished"
"26.7.1","Main","d0_whql-amd-software-adrenalin-edition-26.7.1-win11-a.exe_da1b95633533\Packages\Drivers\Audio\ACPAfd\WT64A\amdacpafd.inf","Windows Server 2019","NATIVE_CANDIDATE","NativeCandidate","13","13","13","NotEstablished"
"26.7.1","Main","d0_whql-amd-software-adrenalin-edition-26.7.1-win11-a.exe_da1b95633533\Packages\Drivers\Audio\ACPAfd\WT64A\amdacpafd.inf","Windows Server 2022","NATIVE_CANDIDATE","NativeCandidate","13","13","13","NotEstablished"
"26.7.1","Main","d0_whql-amd-software-adrenalin-edition-26.7.1-win11-a.exe_da1b95633533\Packages\Drivers\Audio\ACPAfd\WT64A\amdacpafd.inf","Windows Server 2025","NATIVE_CANDIDATE","NativeCandidate","13","13","13","NotEstablished"
"26.7.1","Main","d0_whql-amd-software-adrenalin-edition-26.7.1-win11-a.exe_da1b95633533\Packages\Drivers\Audio\ACPAFDSVC\WT64A\amdacpafdcomp.inf","Windows Server 2016","NOT_APPLICABLE","NotApplicable","0","0","0","NotEstablished"
"26.7.1","Main","d0_whql-amd-software-adrenalin-edition-26.7.1-win11-a.exe_da1b95633533\Packages\Drivers\Audio\ACPAFDSVC\WT64A\amdacpafdcomp.inf","Windows Server 2019","NATIVE_CANDIDATE","NativeCandidate","1","1","1","NotEstablished"
"26.7.1","Main","d0_whql-amd-software-adrenalin-edition-26.7.1-win11-a.exe_da1b95633533\Packages\Drivers\Audio\ACPAFDSVC\WT64A\amdacpafdcomp.inf","Windows Server 2022","NATIVE_CANDIDATE","NativeCandidate","1","1","1","NotEstablished"
"26.7.1","Main","d0_whql-amd-software-adrenalin-edition-26.7.1-win11-a.exe_da1b95633533\Packages\Drivers\Audio\ACPAFDSVC\WT64A\amdacpafdcomp.inf","Windows Server 2025","NATIVE_CANDIDATE","NativeCandidate","1","1","1","NotEstablished"
"26.7.1","Main","d0_whql-amd-software-adrenalin-edition-26.7.1-win11-a.exe_da1b95633533\Packages\Drivers\Audio\ACPAFDSVC\WT64A\amdacpafdext.inf","Windows Server 2016","NOT_APPLICABLE","NotApplicable","0","0","0","NotEstablished"
"26.7.1","Main","d0_whql-amd-software-adrenalin-edition-26.7.1-win11-a.exe_da1b95633533\Packages\Drivers\Audio\ACPAFDSVC\WT64A\amdacpafdext.inf","Windows Server 2019","NATIVE_CANDIDATE","NativeCandidate","1","1","1","NotEstablished"
"26.7.1","Main","d0_whql-amd-software-adrenalin-edition-26.7.1-win11-a.exe_da1b95633533\Packages\Drivers\Audio\ACPAFDSVC\WT64A\amdacpafdext.inf","Windows Server 2022","NATIVE_CANDIDATE","NativeCandidate","1","1","1","NotEstablished"
"26.7.1","Main","d0_whql-amd-software-adrenalin-edition-26.7.1-win11-a.exe_da1b95633533\Packages\Drivers\Audio\ACPAFDSVC\WT64A\amdacpafdext.inf","Windows Server 2025","NATIVE_CANDIDATE","NativeCandidate","1","1","1","NotEstablished"
"26.7.1","Main","d0_whql-amd-software-adrenalin-edition-26.7.1-win11-a.exe_da1b95633533\Packages\Drivers\Audio\ACPBTACX\WT64A\amdacpbtacx.inf","Windows Server 2016","NOT_APPLICABLE","NotApplicable","0","0","0","NotEstablished"
"26.7.1","Main","d0_whql-amd-software-adrenalin-edition-26.7.1-win11-a.exe_da1b95633533\Packages\Drivers\Audio\ACPBTACX\WT64A\amdacpbtacx.inf","Windows Server 2019","REVIEW_REQUIRED","WdfRequirementReview","10","10","10","NotEstablished"
"26.7.1","Main","d0_whql-amd-software-adrenalin-edition-26.7.1-win11-a.exe_da1b95633533\Packages\Drivers\Audio\ACPBTACX\WT64A\amdacpbtacx.inf","Windows Server 2022","NATIVE_CANDIDATE","NativeCandidate","10","10","10","NotEstablished"
"26.7.1","Main","d0_whql-amd-software-adrenalin-edition-26.7.1-win11-a.exe_da1b95633533\Packages\Drivers\Audio\ACPBTACX\WT64A\amdacpbtacx.inf","Windows Server 2025","NATIVE_CANDIDATE","NativeCandidate","10","10","10","NotEstablished"
"26.7.1","Main","d0_whql-amd-software-adrenalin-edition-26.7.1-win11-a.exe_da1b95633533\Packages\Drivers\Audio\ACPBtAfd\WT64A\amdacpbt.inf","Windows Server 2016","NOT_APPLICABLE","NotApplicable","0","0","0","NotEstablished"
"26.7.1","Main","d0_whql-amd-software-adrenalin-edition-26.7.1-win11-a.exe_da1b95633533\Packages\Drivers\Audio\ACPBtAfd\WT64A\amdacpbt.inf","Windows Server 2019","NATIVE_CANDIDATE","NativeCandidate","3","3","3","NotEstablished"
"26.7.1","Main","d0_whql-amd-software-adrenalin-edition-26.7.1-win11-a.exe_da1b95633533\Packages\Drivers\Audio\ACPBtAfd\WT64A\amdacpbt.inf","Windows Server 2022","NATIVE_CANDIDATE","NativeCandidate","3","3","3","NotEstablished"
"26.7.1","Main","d0_whql-amd-software-adrenalin-edition-26.7.1-win11-a.exe_da1b95633533\Packages\Drivers\Audio\ACPBtAfd\WT64A\amdacpbt.inf","Windows Server 2025","NATIVE_CANDIDATE","NativeCandidate","3","3","3","NotEstablished"
"26.7.1","Main","d0_whql-amd-software-adrenalin-edition-26.7.1-win11-a.exe_da1b95633533\Packages\Drivers\Audio\ACPBtAfd\WT64A\amdacpbtscoext\amdacpbtscoext.inf","Windows Server 2016","NOT_APPLICABLE","NotApplicable","0","0","0","NotEstablished"
"26.7.1","Main","d0_whql-amd-software-adrenalin-edition-26.7.1-win11-a.exe_da1b95633533\Packages\Drivers\Audio\ACPBtAfd\WT64A\amdacpbtscoext\amdacpbtscoext.inf","Windows Server 2019","NOT_APPLICABLE","NotApplicable","0","0","0","NotEstablished"
"26.7.1","Main","d0_whql-amd-software-adrenalin-edition-26.7.1-win11-a.exe_da1b95633533\Packages\Drivers\Audio\ACPBtAfd\WT64A\amdacpbtscoext\amdacpbtscoext.inf","Windows Server 2022","NOT_APPLICABLE","NotApplicable","0","0","0","NotEstablished"
"26.7.1","Main","d0_whql-amd-software-adrenalin-edition-26.7.1-win11-a.exe_da1b95633533\Packages\Drivers\Audio\ACPBtAfd\WT64A\amdacpbtscoext\amdacpbtscoext.inf","Windows Server 2025","NATIVE_CANDIDATE","NativeCandidate","1","1","1","NotEstablished"
"26.7.1","Main","d0_whql-amd-software-adrenalin-edition-26.7.1-win11-a.exe_da1b95633533\Packages\Drivers\Audio\acpbus\wt64a\amdacpbus.inf","Windows Server 2016","NOT_APPLICABLE","NotApplicable","0","0","0","NotEstablished"
"26.7.1","Main","d0_whql-amd-software-adrenalin-edition-26.7.1-win11-a.exe_da1b95633533\Packages\Drivers\Audio\acpbus\wt64a\amdacpbus.inf","Windows Server 2019","NATIVE_CANDIDATE","NativeCandidate","6","6","6","NotEstablished"
"26.7.1","Main","d0_whql-amd-software-adrenalin-edition-26.7.1-win11-a.exe_da1b95633533\Packages\Drivers\Audio\acpbus\wt64a\amdacpbus.inf","Windows Server 2022","NATIVE_CANDIDATE","NativeCandidate","6","6","6","NotEstablished"
"26.7.1","Main","d0_whql-amd-software-adrenalin-edition-26.7.1-win11-a.exe_da1b95633533\Packages\Drivers\Audio\acpbus\wt64a\amdacpbus.inf","Windows Server 2025","NATIVE_CANDIDATE","NativeCandidate","6","6","6","NotEstablished"
"26.7.1","Main","d0_whql-amd-software-adrenalin-edition-26.7.1-win11-a.exe_da1b95633533\Packages\Drivers\Audio\acpbus\wt64a\amdacpbusext\amdacpbusext.inf","Windows Server 2016","NOT_APPLICABLE","NotApplicable","0","0","0","NotEstablished"
"26.7.1","Main","d0_whql-amd-software-adrenalin-edition-26.7.1-win11-a.exe_da1b95633533\Packages\Drivers\Audio\acpbus\wt64a\amdacpbusext\amdacpbusext.inf","Windows Server 2019","NATIVE_CANDIDATE","NativeCandidate","4","4","4","NotEstablished"
"26.7.1","Main","d0_whql-amd-software-adrenalin-edition-26.7.1-win11-a.exe_da1b95633533\Packages\Drivers\Audio\acpbus\wt64a\amdacpbusext\amdacpbusext.inf","Windows Server 2022","NATIVE_CANDIDATE","NativeCandidate","4","4","4","NotEstablished"
"26.7.1","Main","d0_whql-amd-software-adrenalin-edition-26.7.1-win11-a.exe_da1b95633533\Packages\Drivers\Audio\acpbus\wt64a\amdacpbusext\amdacpbusext.inf","Windows Server 2025","NATIVE_CANDIDATE","NativeCandidate","4","4","4","NotEstablished"
"26.7.1","Main","d0_whql-amd-software-adrenalin-edition-26.7.1-win11-a.exe_da1b95633533\Packages\Drivers\Audio\acpbus2\wt64a\amdacpbus2.inf","Windows Server 2016","NOT_APPLICABLE","NotApplicable","0","0","0","NotEstablished"
"26.7.1","Main","d0_whql-amd-software-adrenalin-edition-26.7.1-win11-a.exe_da1b95633533\Packages\Drivers\Audio\acpbus2\wt64a\amdacpbus2.inf","Windows Server 2019","NATIVE_CANDIDATE","NativeCandidate","3","3","3","NotEstablished"
"26.7.1","Main","d0_whql-amd-software-adrenalin-edition-26.7.1-win11-a.exe_da1b95633533\Packages\Drivers\Audio\acpbus2\wt64a\amdacpbus2.inf","Windows Server 2022","NATIVE_CANDIDATE","NativeCandidate","3","3","3","NotEstablished"
"26.7.1","Main","d0_whql-amd-software-adrenalin-edition-26.7.1-win11-a.exe_da1b95633533\Packages\Drivers\Audio\acpbus2\wt64a\amdacpbus2.inf","Windows Server 2025","NATIVE_CANDIDATE","NativeCandidate","3","3","3","NotEstablished"
"26.7.1","Main","d0_whql-amd-software-adrenalin-edition-26.7.1-win11-a.exe_da1b95633533\Packages\Drivers\Audio\acpbus2\wt64a\amdacpbusext\amdacpbusext.inf","Windows Server 2016","NOT_APPLICABLE","NotApplicable","0","0","0","NotEstablished"
"26.7.1","Main","d0_whql-amd-software-adrenalin-edition-26.7.1-win11-a.exe_da1b95633533\Packages\Drivers\Audio\acpbus2\wt64a\amdacpbusext\amdacpbusext.inf","Windows Server 2019","NATIVE_CANDIDATE","NativeCandidate","4","4","4","NotEstablished"
"26.7.1","Main","d0_whql-amd-software-adrenalin-edition-26.7.1-win11-a.exe_da1b95633533\Packages\Drivers\Audio\acpbus2\wt64a\amdacpbusext\amdacpbusext.inf","Windows Server 2022","NATIVE_CANDIDATE","NativeCandidate","4","4","4","NotEstablished"
"26.7.1","Main","d0_whql-amd-software-adrenalin-edition-26.7.1-win11-a.exe_da1b95633533\Packages\Drivers\Audio\acpbus2\wt64a\amdacpbusext\amdacpbusext.inf","Windows Server 2025","NATIVE_CANDIDATE","NativeCandidate","4","4","4","NotEstablished"
"26.7.1","Main","d0_whql-amd-software-adrenalin-edition-26.7.1-win11-a.exe_da1b95633533\Packages\Drivers\Audio\acpbus2\wt64a\amdacprgmext\amdacprgmext.inf","Windows Server 2016","NOT_APPLICABLE","NotApplicable","0","0","0","NotEstablished"
"26.7.1","Main","d0_whql-amd-software-adrenalin-edition-26.7.1-win11-a.exe_da1b95633533\Packages\Drivers\Audio\acpbus2\wt64a\amdacprgmext\amdacprgmext.inf","Windows Server 2019","NOT_APPLICABLE","NotApplicable","0","0","0","NotEstablished"
"26.7.1","Main","d0_whql-amd-software-adrenalin-edition-26.7.1-win11-a.exe_da1b95633533\Packages\Drivers\Audio\acpbus2\wt64a\amdacprgmext\amdacprgmext.inf","Windows Server 2022","NOT_APPLICABLE","NotApplicable","0","0","0","NotEstablished"
"26.7.1","Main","d0_whql-amd-software-adrenalin-edition-26.7.1-win11-a.exe_da1b95633533\Packages\Drivers\Audio\acpbus2\wt64a\amdacprgmext\amdacprgmext.inf","Windows Server 2025","NATIVE_CANDIDATE","NativeCandidate","3","3","3","NotEstablished"
"26.7.1","Main","d0_whql-amd-software-adrenalin-edition-26.7.1-win11-a.exe_da1b95633533\Packages\Drivers\Audio\ACPHPd\WT64A\amdacphpd.inf","Windows Server 2016","NOT_APPLICABLE","NotApplicable","0","0","0","NotEstablished"
"26.7.1","Main","d0_whql-amd-software-adrenalin-edition-26.7.1-win11-a.exe_da1b95633533\Packages\Drivers\Audio\ACPHPd\WT64A\amdacphpd.inf","Windows Server 2019","NOT_APPLICABLE","NotApplicable","0","0","0","NotEstablished"
"26.7.1","Main","d0_whql-amd-software-adrenalin-edition-26.7.1-win11-a.exe_da1b95633533\Packages\Drivers\Audio\ACPHPd\WT64A\amdacphpd.inf","Windows Server 2022","NOT_APPLICABLE","NotApplicable","0","0","0","NotEstablished"
"26.7.1","Main","d0_whql-amd-software-adrenalin-edition-26.7.1-win11-a.exe_da1b95633533\Packages\Drivers\Audio\ACPHPd\WT64A\amdacphpd.inf","Windows Server 2025","REVIEW_REQUIRED","WdfRequirementReview","1","1","1","NotEstablished"
"26.7.1","Main","d0_whql-amd-software-adrenalin-edition-26.7.1-win11-a.exe_da1b95633533\Packages\Drivers\Audio\ACPHPd\WT64A\amdacphpdcomp.inf","Windows Server 2016","NOT_APPLICABLE","NotApplicable","0","0","0","NotEstablished"
"26.7.1","Main","d0_whql-amd-software-adrenalin-edition-26.7.1-win11-a.exe_da1b95633533\Packages\Drivers\Audio\ACPHPd\WT64A\amdacphpdcomp.inf","Windows Server 2019","NATIVE_CANDIDATE","NativeCandidate","1","1","1","NotEstablished"
"26.7.1","Main","d0_whql-amd-software-adrenalin-edition-26.7.1-win11-a.exe_da1b95633533\Packages\Drivers\Audio\ACPHPd\WT64A\amdacphpdcomp.inf","Windows Server 2022","NATIVE_CANDIDATE","NativeCandidate","1","1","1","NotEstablished"
"26.7.1","Main","d0_whql-amd-software-adrenalin-edition-26.7.1-win11-a.exe_da1b95633533\Packages\Drivers\Audio\ACPHPd\WT64A\amdacphpdcomp.inf","Windows Server 2025","NATIVE_CANDIDATE","NativeCandidate","1","1","1","NotEstablished"
"26.7.1","Main","d0_whql-amd-software-adrenalin-edition-26.7.1-win11-a.exe_da1b95633533\Packages\Drivers\Audio\ACPHPd\WT64A\amdacphpdext.inf","Windows Server 2016","NOT_APPLICABLE","NotApplicable","0","0","0","NotEstablished"
"26.7.1","Main","d0_whql-amd-software-adrenalin-edition-26.7.1-win11-a.exe_da1b95633533\Packages\Drivers\Audio\ACPHPd\WT64A\amdacphpdext.inf","Windows Server 2019","NATIVE_CANDIDATE","NativeCandidate","6","6","6","NotEstablished"
"26.7.1","Main","d0_whql-amd-software-adrenalin-edition-26.7.1-win11-a.exe_da1b95633533\Packages\Drivers\Audio\ACPHPd\WT64A\amdacphpdext.inf","Windows Server 2022","NATIVE_CANDIDATE","NativeCandidate","6","6","6","NotEstablished"
"26.7.1","Main","d0_whql-amd-software-adrenalin-edition-26.7.1-win11-a.exe_da1b95633533\Packages\Drivers\Audio\ACPHPd\WT64A\amdacphpdext.inf","Windows Server 2025","NATIVE_CANDIDATE","NativeCandidate","6","6","6","NotEstablished"
"26.7.1","Main","d0_whql-amd-software-adrenalin-edition-26.7.1-win11-a.exe_da1b95633533\Packages\Drivers\Audio\ACPUsbAfd\WT64A\amdacpusb.inf","Windows Server 2016","NOT_APPLICABLE","NotApplicable","0","0","0","NotEstablished"
"26.7.1","Main","d0_whql-amd-software-adrenalin-edition-26.7.1-win11-a.exe_da1b95633533\Packages\Drivers\Audio\ACPUsbAfd\WT64A\amdacpusb.inf","Windows Server 2019","NATIVE_CANDIDATE","NativeCandidate","4","4","4","NotEstablished"
"26.7.1","Main","d0_whql-amd-software-adrenalin-edition-26.7.1-win11-a.exe_da1b95633533\Packages\Drivers\Audio\ACPUsbAfd\WT64A\amdacpusb.inf","Windows Server 2022","NATIVE_CANDIDATE","NativeCandidate","4","4","4","NotEstablished"
"26.7.1","Main","d0_whql-amd-software-adrenalin-edition-26.7.1-win11-a.exe_da1b95633533\Packages\Drivers\Audio\ACPUsbAfd\WT64A\amdacpusb.inf","Windows Server 2025","NATIVE_CANDIDATE","NativeCandidate","4","4","4","NotEstablished"
"26.7.1","Main","d0_whql-amd-software-adrenalin-edition-26.7.1-win11-a.exe_da1b95633533\Packages\Drivers\Audio\HDABus\WT64A\amdhdaudbus.inf","Windows Server 2016","NATIVE_CANDIDATE","NativeCandidate","1","1","1","NotEstablished"
"26.7.1","Main","d0_whql-amd-software-adrenalin-edition-26.7.1-win11-a.exe_da1b95633533\Packages\Drivers\Audio\HDABus\WT64A\amdhdaudbus.inf","Windows Server 2019","NATIVE_CANDIDATE","NativeCandidate","1","1","1","NotEstablished"
"26.7.1","Main","d0_whql-amd-software-adrenalin-edition-26.7.1-win11-a.exe_da1b95633533\Packages\Drivers\Audio\HDABus\WT64A\amdhdaudbus.inf","Windows Server 2022","NATIVE_CANDIDATE","NativeCandidate","1","1","1","NotEstablished"
"26.7.1","Main","d0_whql-amd-software-adrenalin-edition-26.7.1-win11-a.exe_da1b95633533\Packages\Drivers\Audio\HDABus\WT64A\amdhdaudbus.inf","Windows Server 2025","NATIVE_CANDIDATE","NativeCandidate","1","1","1","NotEstablished"
"26.7.1","Main","d0_whql-amd-software-adrenalin-edition-26.7.1-win11-a.exe_da1b95633533\Packages\Drivers\Audio\hdmi\wt64a\AtihdWT6.inf","Windows Server 2016","PATCH_CANDIDATE","ProjectionCandidate","8","0","8","NotEstablished"
"26.7.1","Main","d0_whql-amd-software-adrenalin-edition-26.7.1-win11-a.exe_da1b95633533\Packages\Drivers\Audio\hdmi\wt64a\AtihdWT6.inf","Windows Server 2019","PATCH_CANDIDATE","ProjectionCandidate","8","0","8","NotEstablished"
"26.7.1","Main","d0_whql-amd-software-adrenalin-edition-26.7.1-win11-a.exe_da1b95633533\Packages\Drivers\Audio\hdmi\wt64a\AtihdWT6.inf","Windows Server 2022","PATCH_CANDIDATE","ProjectionCandidate","8","0","8","NotEstablished"
"26.7.1","Main","d0_whql-amd-software-adrenalin-edition-26.7.1-win11-a.exe_da1b95633533\Packages\Drivers\Audio\hdmi\wt64a\AtihdWT6.inf","Windows Server 2025","PATCH_CANDIDATE","ProjectionCandidate","8","0","8","NotEstablished"
"26.7.1","Main","d0_whql-amd-software-adrenalin-edition-26.7.1-win11-a.exe_da1b95633533\Packages\Drivers\Audio\I2S\WT64A\amdi2safd.inf","Windows Server 2016","NATIVE_CANDIDATE","NativeCandidate","1","1","1","NotEstablished"
"26.7.1","Main","d0_whql-amd-software-adrenalin-edition-26.7.1-win11-a.exe_da1b95633533\Packages\Drivers\Audio\I2S\WT64A\amdi2safd.inf","Windows Server 2019","NATIVE_CANDIDATE","NativeCandidate","1","1","1","NotEstablished"
"26.7.1","Main","d0_whql-amd-software-adrenalin-edition-26.7.1-win11-a.exe_da1b95633533\Packages\Drivers\Audio\I2S\WT64A\amdi2safd.inf","Windows Server 2022","NATIVE_CANDIDATE","NativeCandidate","1","1","1","NotEstablished"
"26.7.1","Main","d0_whql-amd-software-adrenalin-edition-26.7.1-win11-a.exe_da1b95633533\Packages\Drivers\Audio\I2S\WT64A\amdi2safd.inf","Windows Server 2025","NATIVE_CANDIDATE","NativeCandidate","1","1","1","NotEstablished"
"26.7.1","Main","d0_whql-amd-software-adrenalin-edition-26.7.1-win11-a.exe_da1b95633533\Packages\Drivers\Audio\SAFD\WT64A\amdsafd.inf","Windows Server 2016","NOT_APPLICABLE","NotApplicable","0","0","0","NotEstablished"
"26.7.1","Main","d0_whql-amd-software-adrenalin-edition-26.7.1-win11-a.exe_da1b95633533\Packages\Drivers\Audio\SAFD\WT64A\amdsafd.inf","Windows Server 2019","NATIVE_CANDIDATE","NativeCandidate","2","2","2","NotEstablished"
"26.7.1","Main","d0_whql-amd-software-adrenalin-edition-26.7.1-win11-a.exe_da1b95633533\Packages\Drivers\Audio\SAFD\WT64A\amdsafd.inf","Windows Server 2022","NATIVE_CANDIDATE","NativeCandidate","2","2","2","NotEstablished"
"26.7.1","Main","d0_whql-amd-software-adrenalin-edition-26.7.1-win11-a.exe_da1b95633533\Packages\Drivers\Audio\SAFD\WT64A\amdsafd.inf","Windows Server 2025","NATIVE_CANDIDATE","NativeCandidate","2","2","2","NotEstablished"
"26.7.1","Main","d0_whql-amd-software-adrenalin-edition-26.7.1-win11-a.exe_da1b95633533\Packages\Drivers\Audio\SDWC\WT64A\amdsdwc.inf","Windows Server 2016","NOT_APPLICABLE","NotApplicable","0","0","0","NotEstablished"
"26.7.1","Main","d0_whql-amd-software-adrenalin-edition-26.7.1-win11-a.exe_da1b95633533\Packages\Drivers\Audio\SDWC\WT64A\amdsdwc.inf","Windows Server 2019","REVIEW_REQUIRED","WdfRequirementReview","7","7","7","NotEstablished"
"26.7.1","Main","d0_whql-amd-software-adrenalin-edition-26.7.1-win11-a.exe_da1b95633533\Packages\Drivers\Audio\SDWC\WT64A\amdsdwc.inf","Windows Server 2022","NATIVE_CANDIDATE","NativeCandidate","7","7","7","NotEstablished"
"26.7.1","Main","d0_whql-amd-software-adrenalin-edition-26.7.1-win11-a.exe_da1b95633533\Packages\Drivers\Audio\SDWC\WT64A\amdsdwc.inf","Windows Server 2025","NATIVE_CANDIDATE","NativeCandidate","7","7","7","NotEstablished"
"26.7.1","Main","d0_whql-amd-software-adrenalin-edition-26.7.1-win11-a.exe_da1b95633533\Packages\Drivers\Audio\SDWS\WT64A\amdsdws.inf","Windows Server 2016","NOT_APPLICABLE","NotApplicable","0","0","0","NotEstablished"
"26.7.1","Main","d0_whql-amd-software-adrenalin-edition-26.7.1-win11-a.exe_da1b95633533\Packages\Drivers\Audio\SDWS\WT64A\amdsdws.inf","Windows Server 2019","REVIEW_REQUIRED","WdfRequirementReview","11","11","11","NotEstablished"
"26.7.1","Main","d0_whql-amd-software-adrenalin-edition-26.7.1-win11-a.exe_da1b95633533\Packages\Drivers\Audio\SDWS\WT64A\amdsdws.inf","Windows Server 2022","NATIVE_CANDIDATE","NativeCandidate","11","11","11","NotEstablished"
"26.7.1","Main","d0_whql-amd-software-adrenalin-edition-26.7.1-win11-a.exe_da1b95633533\Packages\Drivers\Audio\SDWS\WT64A\amdsdws.inf","Windows Server 2025","NATIVE_CANDIDATE","NativeCandidate","11","11","11","NotEstablished"
"26.7.1","Main","d0_whql-amd-software-adrenalin-edition-26.7.1-win11-a.exe_da1b95633533\Packages\Drivers\Audio\SDWS\WT64A\amdsdwsext\amdsdwsext.inf","Windows Server 2016","NOT_APPLICABLE","NotApplicable","0","0","0","NotEstablished"
"26.7.1","Main","d0_whql-amd-software-adrenalin-edition-26.7.1-win11-a.exe_da1b95633533\Packages\Drivers\Audio\SDWS\WT64A\amdsdwsext\amdsdwsext.inf","Windows Server 2019","NATIVE_CANDIDATE","NativeCandidate","4","4","4","NotEstablished"
"26.7.1","Main","d0_whql-amd-software-adrenalin-edition-26.7.1-win11-a.exe_da1b95633533\Packages\Drivers\Audio\SDWS\WT64A\amdsdwsext\amdsdwsext.inf","Windows Server 2022","NATIVE_CANDIDATE","NativeCandidate","4","4","4","NotEstablished"
"26.7.1","Main","d0_whql-amd-software-adrenalin-edition-26.7.1-win11-a.exe_da1b95633533\Packages\Drivers\Audio\SDWS\WT64A\amdsdwsext\amdsdwsext.inf","Windows Server 2025","NATIVE_CANDIDATE","NativeCandidate","4","4","4","NotEstablished"
"26.7.1","Main","d0_whql-amd-software-adrenalin-edition-26.7.1-win11-a.exe_da1b95633533\Packages\Drivers\Display\WT6A_INF\u0202642.inf","Windows Server 2016","NOT_APPLICABLE","NotApplicable","0","0","0","NotEstablished"
"26.7.1","Main","d0_whql-amd-software-adrenalin-edition-26.7.1-win11-a.exe_da1b95633533\Packages\Drivers\Display\WT6A_INF\u0202642.inf","Windows Server 2019","NOT_APPLICABLE","NotApplicable","0","0","0","NotEstablished"
"26.7.1","Main","d0_whql-amd-software-adrenalin-edition-26.7.1-win11-a.exe_da1b95633533\Packages\Drivers\Display\WT6A_INF\u0202642.inf","Windows Server 2022","PATCH_CANDIDATE","ProjectionCandidate","3218","0","3218","NotEstablished"
"26.7.1","Main","d0_whql-amd-software-adrenalin-edition-26.7.1-win11-a.exe_da1b95633533\Packages\Drivers\Display\WT6A_INF\u0202642.inf","Windows Server 2025","PATCH_CANDIDATE","ProjectionCandidate","3218","0","3218","NotEstablished"
"26.7.1","Main","d0_whql-amd-software-adrenalin-edition-26.7.1-win11-a.exe_da1b95633533\Packages\Drivers\Display\WT6A_INF\amdafd\amdafd.inf","Windows Server 2016","NATIVE_CANDIDATE","NativeCandidate","2","2","2","NotEstablished"
"26.7.1","Main","d0_whql-amd-software-adrenalin-edition-26.7.1-win11-a.exe_da1b95633533\Packages\Drivers\Display\WT6A_INF\amdafd\amdafd.inf","Windows Server 2019","NATIVE_CANDIDATE","NativeCandidate","2","2","2","NotEstablished"
"26.7.1","Main","d0_whql-amd-software-adrenalin-edition-26.7.1-win11-a.exe_da1b95633533\Packages\Drivers\Display\WT6A_INF\amdafd\amdafd.inf","Windows Server 2022","NATIVE_CANDIDATE","NativeCandidate","2","2","2","NotEstablished"
"26.7.1","Main","d0_whql-amd-software-adrenalin-edition-26.7.1-win11-a.exe_da1b95633533\Packages\Drivers\Display\WT6A_INF\amdafd\amdafd.inf","Windows Server 2025","NATIVE_CANDIDATE","NativeCandidate","2","2","2","NotEstablished"
"26.7.1","Main","d0_whql-amd-software-adrenalin-edition-26.7.1-win11-a.exe_da1b95633533\Packages\Drivers\Display\WT6A_INF\amdfdans\AMDFDANS.inf","Windows Server 2016","NATIVE_CANDIDATE","NativeCandidate","1","1","1","NotEstablished"
"26.7.1","Main","d0_whql-amd-software-adrenalin-edition-26.7.1-win11-a.exe_da1b95633533\Packages\Drivers\Display\WT6A_INF\amdfdans\AMDFDANS.inf","Windows Server 2019","NATIVE_CANDIDATE","NativeCandidate","1","1","1","NotEstablished"
"26.7.1","Main","d0_whql-amd-software-adrenalin-edition-26.7.1-win11-a.exe_da1b95633533\Packages\Drivers\Display\WT6A_INF\amdfdans\AMDFDANS.inf","Windows Server 2022","NATIVE_CANDIDATE","NativeCandidate","1","1","1","NotEstablished"
"26.7.1","Main","d0_whql-amd-software-adrenalin-edition-26.7.1-win11-a.exe_da1b95633533\Packages\Drivers\Display\WT6A_INF\amdfdans\AMDFDANS.inf","Windows Server 2025","NATIVE_CANDIDATE","NativeCandidate","1","1","1","NotEstablished"
"26.7.1","Main","d0_whql-amd-software-adrenalin-edition-26.7.1-win11-a.exe_da1b95633533\Packages\Drivers\Display\WT6A_INF\amdfendr\amdfendr.inf","Windows Server 2016","NOT_APPLICABLE","NotApplicable","0","0","0","NotEstablished"
"26.7.1","Main","d0_whql-amd-software-adrenalin-edition-26.7.1-win11-a.exe_da1b95633533\Packages\Drivers\Display\WT6A_INF\amdfendr\amdfendr.inf","Windows Server 2019","NATIVE_CANDIDATE","NativeCandidate","1","1","1","NotEstablished"
"26.7.1","Main","d0_whql-amd-software-adrenalin-edition-26.7.1-win11-a.exe_da1b95633533\Packages\Drivers\Display\WT6A_INF\amdfendr\amdfendr.inf","Windows Server 2022","NATIVE_CANDIDATE","NativeCandidate","1","1","1","NotEstablished"
"26.7.1","Main","d0_whql-amd-software-adrenalin-edition-26.7.1-win11-a.exe_da1b95633533\Packages\Drivers\Display\WT6A_INF\amdfendr\amdfendr.inf","Windows Server 2025","NATIVE_CANDIDATE","NativeCandidate","1","1","1","NotEstablished"
"26.7.1","Main","d0_whql-amd-software-adrenalin-edition-26.7.1-win11-a.exe_da1b95633533\Packages\Drivers\Display\WT6A_INF\amdocl\amdocl.inf","Windows Server 2016","NOT_APPLICABLE","NotApplicable","0","0","0","NotEstablished"
"26.7.1","Main","d0_whql-amd-software-adrenalin-edition-26.7.1-win11-a.exe_da1b95633533\Packages\Drivers\Display\WT6A_INF\amdocl\amdocl.inf","Windows Server 2019","NATIVE_CANDIDATE","NativeCandidate","1","1","1","NotEstablished"
"26.7.1","Main","d0_whql-amd-software-adrenalin-edition-26.7.1-win11-a.exe_da1b95633533\Packages\Drivers\Display\WT6A_INF\amdocl\amdocl.inf","Windows Server 2022","NATIVE_CANDIDATE","NativeCandidate","1","1","1","NotEstablished"
"26.7.1","Main","d0_whql-amd-software-adrenalin-edition-26.7.1-win11-a.exe_da1b95633533\Packages\Drivers\Display\WT6A_INF\amdocl\amdocl.inf","Windows Server 2025","NATIVE_CANDIDATE","NativeCandidate","1","1","1","NotEstablished"
"26.7.1","Main","d0_whql-amd-software-adrenalin-edition-26.7.1-win11-a.exe_da1b95633533\Packages\Drivers\Display\WT6A_INF\amdpcibridge\amdpcibridgeextension.inf","Windows Server 2016","NATIVE_CANDIDATE","NativeCandidate","2","2","2","NotEstablished"
"26.7.1","Main","d0_whql-amd-software-adrenalin-edition-26.7.1-win11-a.exe_da1b95633533\Packages\Drivers\Display\WT6A_INF\amdpcibridge\amdpcibridgeextension.inf","Windows Server 2019","NATIVE_CANDIDATE","NativeCandidate","2","2","2","NotEstablished"
"26.7.1","Main","d0_whql-amd-software-adrenalin-edition-26.7.1-win11-a.exe_da1b95633533\Packages\Drivers\Display\WT6A_INF\amdpcibridge\amdpcibridgeextension.inf","Windows Server 2022","NATIVE_CANDIDATE","NativeCandidate","2","2","2","NotEstablished"
"26.7.1","Main","d0_whql-amd-software-adrenalin-edition-26.7.1-win11-a.exe_da1b95633533\Packages\Drivers\Display\WT6A_INF\amdpcibridge\amdpcibridgeextension.inf","Windows Server 2025","NATIVE_CANDIDATE","NativeCandidate","2","2","2","NotEstablished"
"26.7.1","Main","d0_whql-amd-software-adrenalin-edition-26.7.1-win11-a.exe_da1b95633533\Packages\Drivers\Display\WT6A_INF\amdwin\amdwin-u0202642.inf","Windows Server 2016","NATIVE_CANDIDATE","NativeCandidate","1","1","1","NotEstablished"
"26.7.1","Main","d0_whql-amd-software-adrenalin-edition-26.7.1-win11-a.exe_da1b95633533\Packages\Drivers\Display\WT6A_INF\amdwin\amdwin-u0202642.inf","Windows Server 2019","NATIVE_CANDIDATE","NativeCandidate","1","1","1","NotEstablished"
"26.7.1","Main","d0_whql-amd-software-adrenalin-edition-26.7.1-win11-a.exe_da1b95633533\Packages\Drivers\Display\WT6A_INF\amdwin\amdwin-u0202642.inf","Windows Server 2022","NATIVE_CANDIDATE","NativeCandidate","1","1","1","NotEstablished"
"26.7.1","Main","d0_whql-amd-software-adrenalin-edition-26.7.1-win11-a.exe_da1b95633533\Packages\Drivers\Display\WT6A_INF\amdwin\amdwin-u0202642.inf","Windows Server 2025","NATIVE_CANDIDATE","NativeCandidate","1","1","1","NotEstablished"
"26.7.1","Main","d0_whql-amd-software-adrenalin-edition-26.7.1-win11-a.exe_da1b95633533\Packages\Drivers\Display\WT6A_INF\amdxe\amdxe.inf","Windows Server 2016","NATIVE_CANDIDATE","NativeCandidate","1","1","1","NotEstablished"
"26.7.1","Main","d0_whql-amd-software-adrenalin-edition-26.7.1-win11-a.exe_da1b95633533\Packages\Drivers\Display\WT6A_INF\amdxe\amdxe.inf","Windows Server 2019","NATIVE_CANDIDATE","NativeCandidate","1","1","1","NotEstablished"
"26.7.1","Main","d0_whql-amd-software-adrenalin-edition-26.7.1-win11-a.exe_da1b95633533\Packages\Drivers\Display\WT6A_INF\amdxe\amdxe.inf","Windows Server 2022","NATIVE_CANDIDATE","NativeCandidate","1","1","1","NotEstablished"
"26.7.1","Main","d0_whql-amd-software-adrenalin-edition-26.7.1-win11-a.exe_da1b95633533\Packages\Drivers\Display\WT6A_INF\amdxe\amdxe.inf","Windows Server 2025","NATIVE_CANDIDATE","NativeCandidate","1","1","1","NotEstablished"
"26.7.1","Main","d0_whql-amd-software-adrenalin-edition-26.7.1-win11-a.exe_da1b95633533\Packages\Drivers\RadeonLED\WT64A\amdusbledfd.inf","Windows Server 2016","NATIVE_CANDIDATE","NativeCandidate","6","6","6","NotEstablished"
"26.7.1","Main","d0_whql-amd-software-adrenalin-edition-26.7.1-win11-a.exe_da1b95633533\Packages\Drivers\RadeonLED\WT64A\amdusbledfd.inf","Windows Server 2019","NATIVE_CANDIDATE","NativeCandidate","6","6","6","NotEstablished"
"26.7.1","Main","d0_whql-amd-software-adrenalin-edition-26.7.1-win11-a.exe_da1b95633533\Packages\Drivers\RadeonLED\WT64A\amdusbledfd.inf","Windows Server 2022","NATIVE_CANDIDATE","NativeCandidate","6","6","6","NotEstablished"
"26.7.1","Main","d0_whql-amd-software-adrenalin-edition-26.7.1-win11-a.exe_da1b95633533\Packages\Drivers\RadeonLED\WT64A\amdusbledfd.inf","Windows Server 2025","NATIVE_CANDIDATE","NativeCandidate","6","6","6","NotEstablished"
"26.7.1","Main","d0_whql-amd-software-adrenalin-edition-26.7.1-win11-a.exe_da1b95633533\Packages\Drivers\SBDrv\AMDUCSI\WT64A\amducsi.inf","Windows Server 2016","NATIVE_CANDIDATE","NativeCandidate","5","5","5","NotEstablished"
"26.7.1","Main","d0_whql-amd-software-adrenalin-edition-26.7.1-win11-a.exe_da1b95633533\Packages\Drivers\SBDrv\AMDUCSI\WT64A\amducsi.inf","Windows Server 2019","NATIVE_CANDIDATE","NativeCandidate","5","5","5","NotEstablished"
"26.7.1","Main","d0_whql-amd-software-adrenalin-edition-26.7.1-win11-a.exe_da1b95633533\Packages\Drivers\SBDrv\AMDUCSI\WT64A\amducsi.inf","Windows Server 2022","NATIVE_CANDIDATE","NativeCandidate","5","5","5","NotEstablished"
"26.7.1","Main","d0_whql-amd-software-adrenalin-edition-26.7.1-win11-a.exe_da1b95633533\Packages\Drivers\SBDrv\AMDUCSI\WT64A\amducsi.inf","Windows Server 2025","NATIVE_CANDIDATE","NativeCandidate","5","5","5","NotEstablished"
"25.12.1","Main","d0_whql-amd-software-adrenalin-edition-25.12.1-win11-b.exe_c4a26c581a06\Packages\Drivers\AMDISP\AMDCAMERA\WT64A\amdcamera.inf","Windows Server 2016","NATIVE_CANDIDATE","NativeCandidate","1","1","1","NotEstablished"
"25.12.1","Main","d0_whql-amd-software-adrenalin-edition-25.12.1-win11-b.exe_c4a26c581a06\Packages\Drivers\AMDISP\AMDCAMERA\WT64A\amdcamera.inf","Windows Server 2019","NATIVE_CANDIDATE","NativeCandidate","1","1","1","NotEstablished"
"25.12.1","Main","d0_whql-amd-software-adrenalin-edition-25.12.1-win11-b.exe_c4a26c581a06\Packages\Drivers\AMDISP\AMDCAMERA\WT64A\amdcamera.inf","Windows Server 2022","NATIVE_CANDIDATE","NativeCandidate","1","1","1","NotEstablished"
"25.12.1","Main","d0_whql-amd-software-adrenalin-edition-25.12.1-win11-b.exe_c4a26c581a06\Packages\Drivers\AMDISP\AMDCAMERA\WT64A\amdcamera.inf","Windows Server 2025","NATIVE_CANDIDATE","NativeCandidate","1","1","1","NotEstablished"
"25.12.1","Main","d0_whql-amd-software-adrenalin-edition-25.12.1-win11-b.exe_c4a26c581a06\Packages\Drivers\AMDISP\AMDISP\WT64A\amdisp.inf","Windows Server 2016","REVIEW_REQUIRED","WdfRequirementReview","2","2","2","NotEstablished"
"25.12.1","Main","d0_whql-amd-software-adrenalin-edition-25.12.1-win11-b.exe_c4a26c581a06\Packages\Drivers\AMDISP\AMDISP\WT64A\amdisp.inf","Windows Server 2019","NATIVE_CANDIDATE","NativeCandidate","2","2","2","NotEstablished"
"25.12.1","Main","d0_whql-amd-software-adrenalin-edition-25.12.1-win11-b.exe_c4a26c581a06\Packages\Drivers\AMDISP\AMDISP\WT64A\amdisp.inf","Windows Server 2022","NATIVE_CANDIDATE","NativeCandidate","2","2","2","NotEstablished"
"25.12.1","Main","d0_whql-amd-software-adrenalin-edition-25.12.1-win11-b.exe_c4a26c581a06\Packages\Drivers\AMDISP\AMDISP\WT64A\amdisp.inf","Windows Server 2025","NATIVE_CANDIDATE","NativeCandidate","2","2","2","NotEstablished"
"25.12.1","Main","d0_whql-amd-software-adrenalin-edition-25.12.1-win11-b.exe_c4a26c581a06\Packages\Drivers\AMDISP\GC1029\WT64A\sensorGC1029.inf","Windows Server 2016","NATIVE_CANDIDATE","NativeCandidate","1","1","1","NotEstablished"
"25.12.1","Main","d0_whql-amd-software-adrenalin-edition-25.12.1-win11-b.exe_c4a26c581a06\Packages\Drivers\AMDISP\GC1029\WT64A\sensorGC1029.inf","Windows Server 2019","NATIVE_CANDIDATE","NativeCandidate","1","1","1","NotEstablished"
"25.12.1","Main","d0_whql-amd-software-adrenalin-edition-25.12.1-win11-b.exe_c4a26c581a06\Packages\Drivers\AMDISP\GC1029\WT64A\sensorGC1029.inf","Windows Server 2022","NATIVE_CANDIDATE","NativeCandidate","1","1","1","NotEstablished"
"25.12.1","Main","d0_whql-amd-software-adrenalin-edition-25.12.1-win11-b.exe_c4a26c581a06\Packages\Drivers\AMDISP\GC1029\WT64A\sensorGC1029.inf","Windows Server 2025","NATIVE_CANDIDATE","NativeCandidate","1","1","1","NotEstablished"
"25.12.1","Main","d0_whql-amd-software-adrenalin-edition-25.12.1-win11-b.exe_c4a26c581a06\Packages\Drivers\AMDISP\HM1092\WT64A\sensorHM1092.inf","Windows Server 2016","NATIVE_CANDIDATE","NativeCandidate","1","1","1","NotEstablished"
"25.12.1","Main","d0_whql-amd-software-adrenalin-edition-25.12.1-win11-b.exe_c4a26c581a06\Packages\Drivers\AMDISP\HM1092\WT64A\sensorHM1092.inf","Windows Server 2019","NATIVE_CANDIDATE","NativeCandidate","1","1","1","NotEstablished"
"25.12.1","Main","d0_whql-amd-software-adrenalin-edition-25.12.1-win11-b.exe_c4a26c581a06\Packages\Drivers\AMDISP\HM1092\WT64A\sensorHM1092.inf","Windows Server 2022","NATIVE_CANDIDATE","NativeCandidate","1","1","1","NotEstablished"
"25.12.1","Main","d0_whql-amd-software-adrenalin-edition-25.12.1-win11-b.exe_c4a26c581a06\Packages\Drivers\AMDISP\HM1092\WT64A\sensorHM1092.inf","Windows Server 2025","NATIVE_CANDIDATE","NativeCandidate","1","1","1","NotEstablished"
"25.12.1","Main","d0_whql-amd-software-adrenalin-edition-25.12.1-win11-b.exe_c4a26c581a06\Packages\Drivers\AMDISP\OV05C\WT64A\sensorOV05C.inf","Windows Server 2016","NATIVE_CANDIDATE","NativeCandidate","1","1","1","NotEstablished"
"25.12.1","Main","d0_whql-amd-software-adrenalin-edition-25.12.1-win11-b.exe_c4a26c581a06\Packages\Drivers\AMDISP\OV05C\WT64A\sensorOV05C.inf","Windows Server 2019","NATIVE_CANDIDATE","NativeCandidate","1","1","1","NotEstablished"
"25.12.1","Main","d0_whql-amd-software-adrenalin-edition-25.12.1-win11-b.exe_c4a26c581a06\Packages\Drivers\AMDISP\OV05C\WT64A\sensorOV05C.inf","Windows Server 2022","NATIVE_CANDIDATE","NativeCandidate","1","1","1","NotEstablished"
"25.12.1","Main","d0_whql-amd-software-adrenalin-edition-25.12.1-win11-b.exe_c4a26c581a06\Packages\Drivers\AMDISP\OV05C\WT64A\sensorOV05C.inf","Windows Server 2025","NATIVE_CANDIDATE","NativeCandidate","1","1","1","NotEstablished"
"25.12.1","Main","d0_whql-amd-software-adrenalin-edition-25.12.1-win11-b.exe_c4a26c581a06\Packages\Drivers\AMDISP\OV08X\WT64A\sensorOV08X.inf","Windows Server 2016","NATIVE_CANDIDATE","NativeCandidate","2","2","2","NotEstablished"
"25.12.1","Main","d0_whql-amd-software-adrenalin-edition-25.12.1-win11-b.exe_c4a26c581a06\Packages\Drivers\AMDISP\OV08X\WT64A\sensorOV08X.inf","Windows Server 2019","NATIVE_CANDIDATE","NativeCandidate","2","2","2","NotEstablished"
"25.12.1","Main","d0_whql-amd-software-adrenalin-edition-25.12.1-win11-b.exe_c4a26c581a06\Packages\Drivers\AMDISP\OV08X\WT64A\sensorOV08X.inf","Windows Server 2022","NATIVE_CANDIDATE","NativeCandidate","2","2","2","NotEstablished"
"25.12.1","Main","d0_whql-amd-software-adrenalin-edition-25.12.1-win11-b.exe_c4a26c581a06\Packages\Drivers\AMDISP\OV08X\WT64A\sensorOV08X.inf","Windows Server 2025","NATIVE_CANDIDATE","NativeCandidate","2","2","2","NotEstablished"
"25.12.1","Main","d0_whql-amd-software-adrenalin-edition-25.12.1-win11-b.exe_c4a26c581a06\Packages\Drivers\AMDISP\OV13B\WT64A\sensorOV13B.inf","Windows Server 2016","NATIVE_CANDIDATE","NativeCandidate","1","1","1","NotEstablished"
"25.12.1","Main","d0_whql-amd-software-adrenalin-edition-25.12.1-win11-b.exe_c4a26c581a06\Packages\Drivers\AMDISP\OV13B\WT64A\sensorOV13B.inf","Windows Server 2019","NATIVE_CANDIDATE","NativeCandidate","1","1","1","NotEstablished"
"25.12.1","Main","d0_whql-amd-software-adrenalin-edition-25.12.1-win11-b.exe_c4a26c581a06\Packages\Drivers\AMDISP\OV13B\WT64A\sensorOV13B.inf","Windows Server 2022","NATIVE_CANDIDATE","NativeCandidate","1","1","1","NotEstablished"
"25.12.1","Main","d0_whql-amd-software-adrenalin-edition-25.12.1-win11-b.exe_c4a26c581a06\Packages\Drivers\AMDISP\OV13B\WT64A\sensorOV13B.inf","Windows Server 2025","NATIVE_CANDIDATE","NativeCandidate","1","1","1","NotEstablished"
"25.12.1","Main","d0_whql-amd-software-adrenalin-edition-25.12.1-win11-b.exe_c4a26c581a06\Packages\Drivers\AMDNPUMCDM\WT64A\kipudrv.inf","Windows Server 2016","NOT_APPLICABLE","NotApplicable","0","0","0","NotEstablished"
"25.12.1","Main","d0_whql-amd-software-adrenalin-edition-25.12.1-win11-b.exe_c4a26c581a06\Packages\Drivers\AMDNPUMCDM\WT64A\kipudrv.inf","Windows Server 2019","NOT_APPLICABLE","NotApplicable","0","0","0","NotEstablished"
"25.12.1","Main","d0_whql-amd-software-adrenalin-edition-25.12.1-win11-b.exe_c4a26c581a06\Packages\Drivers\AMDNPUMCDM\WT64A\kipudrv.inf","Windows Server 2022","NOT_APPLICABLE","NotApplicable","0","0","0","NotEstablished"
"25.12.1","Main","d0_whql-amd-software-adrenalin-edition-25.12.1-win11-b.exe_c4a26c581a06\Packages\Drivers\AMDNPUMCDM\WT64A\kipudrv.inf","Windows Server 2025","NATIVE_CANDIDATE","NativeCandidate","2","2","2","NotEstablished"
"25.12.1","Main","d0_whql-amd-software-adrenalin-edition-25.12.1-win11-b.exe_c4a26c581a06\Packages\Drivers\AMDNPUWDF\WT64A\kipudrv.inf","Windows Server 2016","NATIVE_CANDIDATE","NativeCandidate","2","2","2","NotEstablished"
"25.12.1","Main","d0_whql-amd-software-adrenalin-edition-25.12.1-win11-b.exe_c4a26c581a06\Packages\Drivers\AMDNPUWDF\WT64A\kipudrv.inf","Windows Server 2019","NATIVE_CANDIDATE","NativeCandidate","2","2","2","NotEstablished"
"25.12.1","Main","d0_whql-amd-software-adrenalin-edition-25.12.1-win11-b.exe_c4a26c581a06\Packages\Drivers\AMDNPUWDF\WT64A\kipudrv.inf","Windows Server 2022","NATIVE_CANDIDATE","NativeCandidate","2","2","2","NotEstablished"
"25.12.1","Main","d0_whql-amd-software-adrenalin-edition-25.12.1-win11-b.exe_c4a26c581a06\Packages\Drivers\AMDNPUWDF\WT64A\kipudrv.inf","Windows Server 2025","NATIVE_CANDIDATE","NativeCandidate","2","2","2","NotEstablished"
"25.12.1","Main","d0_whql-amd-software-adrenalin-edition-25.12.1-win11-b.exe_c4a26c581a06\Packages\Drivers\Audio\ACPAfd\WT64A\amdacpafd.inf","Windows Server 2016","NOT_APPLICABLE","NotApplicable","0","0","0","NotEstablished"
"25.12.1","Main","d0_whql-amd-software-adrenalin-edition-25.12.1-win11-b.exe_c4a26c581a06\Packages\Drivers\Audio\ACPAfd\WT64A\amdacpafd.inf","Windows Server 2019","NATIVE_CANDIDATE","NativeCandidate","8","8","8","NotEstablished"
"25.12.1","Main","d0_whql-amd-software-adrenalin-edition-25.12.1-win11-b.exe_c4a26c581a06\Packages\Drivers\Audio\ACPAfd\WT64A\amdacpafd.inf","Windows Server 2022","NATIVE_CANDIDATE","NativeCandidate","8","8","8","NotEstablished"
"25.12.1","Main","d0_whql-amd-software-adrenalin-edition-25.12.1-win11-b.exe_c4a26c581a06\Packages\Drivers\Audio\ACPAfd\WT64A\amdacpafd.inf","Windows Server 2025","NATIVE_CANDIDATE","NativeCandidate","8","8","8","NotEstablished"
"25.12.1","Main","d0_whql-amd-software-adrenalin-edition-25.12.1-win11-b.exe_c4a26c581a06\Packages\Drivers\Audio\ACPBTACX\WT64A\amdacpbtacx.inf","Windows Server 2016","NOT_APPLICABLE","NotApplicable","0","0","0","NotEstablished"
"25.12.1","Main","d0_whql-amd-software-adrenalin-edition-25.12.1-win11-b.exe_c4a26c581a06\Packages\Drivers\Audio\ACPBTACX\WT64A\amdacpbtacx.inf","Windows Server 2019","REVIEW_REQUIRED","WdfRequirementReview","13","13","13","NotEstablished"
"25.12.1","Main","d0_whql-amd-software-adrenalin-edition-25.12.1-win11-b.exe_c4a26c581a06\Packages\Drivers\Audio\ACPBTACX\WT64A\amdacpbtacx.inf","Windows Server 2022","NATIVE_CANDIDATE","NativeCandidate","13","13","13","NotEstablished"
"25.12.1","Main","d0_whql-amd-software-adrenalin-edition-25.12.1-win11-b.exe_c4a26c581a06\Packages\Drivers\Audio\ACPBTACX\WT64A\amdacpbtacx.inf","Windows Server 2025","NATIVE_CANDIDATE","NativeCandidate","13","13","13","NotEstablished"
"25.12.1","Main","d0_whql-amd-software-adrenalin-edition-25.12.1-win11-b.exe_c4a26c581a06\Packages\Drivers\Audio\ACPBtAfd\WT64A\amdacpbt.inf","Windows Server 2016","NOT_APPLICABLE","NotApplicable","0","0","0","NotEstablished"
"25.12.1","Main","d0_whql-amd-software-adrenalin-edition-25.12.1-win11-b.exe_c4a26c581a06\Packages\Drivers\Audio\ACPBtAfd\WT64A\amdacpbt.inf","Windows Server 2019","NATIVE_CANDIDATE","NativeCandidate","1","1","1","NotEstablished"
"25.12.1","Main","d0_whql-amd-software-adrenalin-edition-25.12.1-win11-b.exe_c4a26c581a06\Packages\Drivers\Audio\ACPBtAfd\WT64A\amdacpbt.inf","Windows Server 2022","NATIVE_CANDIDATE","NativeCandidate","1","1","1","NotEstablished"
"25.12.1","Main","d0_whql-amd-software-adrenalin-edition-25.12.1-win11-b.exe_c4a26c581a06\Packages\Drivers\Audio\ACPBtAfd\WT64A\amdacpbt.inf","Windows Server 2025","NATIVE_CANDIDATE","NativeCandidate","1","1","1","NotEstablished"
"25.12.1","Main","d0_whql-amd-software-adrenalin-edition-25.12.1-win11-b.exe_c4a26c581a06\Packages\Drivers\Audio\ACPBtAfd\WT64A\amdacpbtscoext\amdacpbtscoext.inf","Windows Server 2016","NOT_APPLICABLE","NotApplicable","0","0","0","NotEstablished"
"25.12.1","Main","d0_whql-amd-software-adrenalin-edition-25.12.1-win11-b.exe_c4a26c581a06\Packages\Drivers\Audio\ACPBtAfd\WT64A\amdacpbtscoext\amdacpbtscoext.inf","Windows Server 2019","NOT_APPLICABLE","NotApplicable","0","0","0","NotEstablished"
"25.12.1","Main","d0_whql-amd-software-adrenalin-edition-25.12.1-win11-b.exe_c4a26c581a06\Packages\Drivers\Audio\ACPBtAfd\WT64A\amdacpbtscoext\amdacpbtscoext.inf","Windows Server 2022","NOT_APPLICABLE","NotApplicable","0","0","0","NotEstablished"
"25.12.1","Main","d0_whql-amd-software-adrenalin-edition-25.12.1-win11-b.exe_c4a26c581a06\Packages\Drivers\Audio\ACPBtAfd\WT64A\amdacpbtscoext\amdacpbtscoext.inf","Windows Server 2025","NATIVE_CANDIDATE","NativeCandidate","1","1","1","NotEstablished"
"25.12.1","Main","d0_whql-amd-software-adrenalin-edition-25.12.1-win11-b.exe_c4a26c581a06\Packages\Drivers\Audio\ACPBus\WT64A\amdacpbus.inf","Windows Server 2016","NOT_APPLICABLE","NotApplicable","0","0","0","NotEstablished"
"25.12.1","Main","d0_whql-amd-software-adrenalin-edition-25.12.1-win11-b.exe_c4a26c581a06\Packages\Drivers\Audio\ACPBus\WT64A\amdacpbus.inf","Windows Server 2019","NATIVE_CANDIDATE","NativeCandidate","1","1","1","NotEstablished"
"25.12.1","Main","d0_whql-amd-software-adrenalin-edition-25.12.1-win11-b.exe_c4a26c581a06\Packages\Drivers\Audio\ACPBus\WT64A\amdacpbus.inf","Windows Server 2022","NATIVE_CANDIDATE","NativeCandidate","1","1","1","NotEstablished"
"25.12.1","Main","d0_whql-amd-software-adrenalin-edition-25.12.1-win11-b.exe_c4a26c581a06\Packages\Drivers\Audio\ACPBus\WT64A\amdacpbus.inf","Windows Server 2025","NATIVE_CANDIDATE","NativeCandidate","1","1","1","NotEstablished"
"25.12.1","Main","d0_whql-amd-software-adrenalin-edition-25.12.1-win11-b.exe_c4a26c581a06\Packages\Drivers\Audio\ACPBus\WT64A\amdacpbusext\amdacpbusext.inf","Windows Server 2016","NOT_APPLICABLE","NotApplicable","0","0","0","NotEstablished"
"25.12.1","Main","d0_whql-amd-software-adrenalin-edition-25.12.1-win11-b.exe_c4a26c581a06\Packages\Drivers\Audio\ACPBus\WT64A\amdacpbusext\amdacpbusext.inf","Windows Server 2019","NATIVE_CANDIDATE","NativeCandidate","1","1","1","NotEstablished"
"25.12.1","Main","d0_whql-amd-software-adrenalin-edition-25.12.1-win11-b.exe_c4a26c581a06\Packages\Drivers\Audio\ACPBus\WT64A\amdacpbusext\amdacpbusext.inf","Windows Server 2022","NATIVE_CANDIDATE","NativeCandidate","1","1","1","NotEstablished"
"25.12.1","Main","d0_whql-amd-software-adrenalin-edition-25.12.1-win11-b.exe_c4a26c581a06\Packages\Drivers\Audio\ACPBus\WT64A\amdacpbusext\amdacpbusext.inf","Windows Server 2025","NATIVE_CANDIDATE","NativeCandidate","1","1","1","NotEstablished"
"25.12.1","Main","d0_whql-amd-software-adrenalin-edition-25.12.1-win11-b.exe_c4a26c581a06\Packages\Drivers\Audio\ACPBus2\WT64A\amdacpbus2.inf","Windows Server 2016","NOT_APPLICABLE","NotApplicable","0","0","0","NotEstablished"
"25.12.1","Main","d0_whql-amd-software-adrenalin-edition-25.12.1-win11-b.exe_c4a26c581a06\Packages\Drivers\Audio\ACPBus2\WT64A\amdacpbus2.inf","Windows Server 2019","NATIVE_CANDIDATE","NativeCandidate","3","3","3","NotEstablished"
"25.12.1","Main","d0_whql-amd-software-adrenalin-edition-25.12.1-win11-b.exe_c4a26c581a06\Packages\Drivers\Audio\ACPBus2\WT64A\amdacpbus2.inf","Windows Server 2022","NATIVE_CANDIDATE","NativeCandidate","3","3","3","NotEstablished"
"25.12.1","Main","d0_whql-amd-software-adrenalin-edition-25.12.1-win11-b.exe_c4a26c581a06\Packages\Drivers\Audio\ACPBus2\WT64A\amdacpbus2.inf","Windows Server 2025","NATIVE_CANDIDATE","NativeCandidate","3","3","3","NotEstablished"
"25.12.1","Main","d0_whql-amd-software-adrenalin-edition-25.12.1-win11-b.exe_c4a26c581a06\Packages\Drivers\Audio\ACPBus2\WT64A\amdacpbusext\amdacpbusext.inf","Windows Server 2016","NOT_APPLICABLE","NotApplicable","0","0","0","NotEstablished"
"25.12.1","Main","d0_whql-amd-software-adrenalin-edition-25.12.1-win11-b.exe_c4a26c581a06\Packages\Drivers\Audio\ACPBus2\WT64A\amdacpbusext\amdacpbusext.inf","Windows Server 2019","NATIVE_CANDIDATE","NativeCandidate","1","1","1","NotEstablished"
"25.12.1","Main","d0_whql-amd-software-adrenalin-edition-25.12.1-win11-b.exe_c4a26c581a06\Packages\Drivers\Audio\ACPBus2\WT64A\amdacpbusext\amdacpbusext.inf","Windows Server 2022","NATIVE_CANDIDATE","NativeCandidate","1","1","1","NotEstablished"
"25.12.1","Main","d0_whql-amd-software-adrenalin-edition-25.12.1-win11-b.exe_c4a26c581a06\Packages\Drivers\Audio\ACPBus2\WT64A\amdacpbusext\amdacpbusext.inf","Windows Server 2025","NATIVE_CANDIDATE","NativeCandidate","1","1","1","NotEstablished"
"25.12.1","Main","d0_whql-amd-software-adrenalin-edition-25.12.1-win11-b.exe_c4a26c581a06\Packages\Drivers\Audio\ACPBus2\WT64A\amdacprgmext\amdacprgmext.inf","Windows Server 2016","NOT_APPLICABLE","NotApplicable","0","0","0","NotEstablished"
"25.12.1","Main","d0_whql-amd-software-adrenalin-edition-25.12.1-win11-b.exe_c4a26c581a06\Packages\Drivers\Audio\ACPBus2\WT64A\amdacprgmext\amdacprgmext.inf","Windows Server 2019","NOT_APPLICABLE","NotApplicable","0","0","0","NotEstablished"
"25.12.1","Main","d0_whql-amd-software-adrenalin-edition-25.12.1-win11-b.exe_c4a26c581a06\Packages\Drivers\Audio\ACPBus2\WT64A\amdacprgmext\amdacprgmext.inf","Windows Server 2022","NOT_APPLICABLE","NotApplicable","0","0","0","NotEstablished"
"25.12.1","Main","d0_whql-amd-software-adrenalin-edition-25.12.1-win11-b.exe_c4a26c581a06\Packages\Drivers\Audio\ACPBus2\WT64A\amdacprgmext\amdacprgmext.inf","Windows Server 2025","NATIVE_CANDIDATE","NativeCandidate","4","4","4","NotEstablished"
"25.12.1","Main","d0_whql-amd-software-adrenalin-edition-25.12.1-win11-b.exe_c4a26c581a06\Packages\Drivers\Audio\ACPHpd\WT64A\amdacphpd.inf","Windows Server 2016","NOT_APPLICABLE","NotApplicable","0","0","0","NotEstablished"
"25.12.1","Main","d0_whql-amd-software-adrenalin-edition-25.12.1-win11-b.exe_c4a26c581a06\Packages\Drivers\Audio\ACPHpd\WT64A\amdacphpd.inf","Windows Server 2019","NOT_APPLICABLE","NotApplicable","0","0","0","NotEstablished"
"25.12.1","Main","d0_whql-amd-software-adrenalin-edition-25.12.1-win11-b.exe_c4a26c581a06\Packages\Drivers\Audio\ACPHpd\WT64A\amdacphpd.inf","Windows Server 2022","NOT_APPLICABLE","NotApplicable","0","0","0","NotEstablished"
"25.12.1","Main","d0_whql-amd-software-adrenalin-edition-25.12.1-win11-b.exe_c4a26c581a06\Packages\Drivers\Audio\ACPHpd\WT64A\amdacphpd.inf","Windows Server 2025","REVIEW_REQUIRED","WdfRequirementReview","1","1","1","NotEstablished"
"25.12.1","Main","d0_whql-amd-software-adrenalin-edition-25.12.1-win11-b.exe_c4a26c581a06\Packages\Drivers\Audio\ACPHpd\WT64A\amdacphpdcomp.inf","Windows Server 2016","NOT_APPLICABLE","NotApplicable","0","0","0","NotEstablished"
"25.12.1","Main","d0_whql-amd-software-adrenalin-edition-25.12.1-win11-b.exe_c4a26c581a06\Packages\Drivers\Audio\ACPHpd\WT64A\amdacphpdcomp.inf","Windows Server 2019","NATIVE_CANDIDATE","NativeCandidate","1","1","1","NotEstablished"
"25.12.1","Main","d0_whql-amd-software-adrenalin-edition-25.12.1-win11-b.exe_c4a26c581a06\Packages\Drivers\Audio\ACPHpd\WT64A\amdacphpdcomp.inf","Windows Server 2022","NATIVE_CANDIDATE","NativeCandidate","1","1","1","NotEstablished"
"25.12.1","Main","d0_whql-amd-software-adrenalin-edition-25.12.1-win11-b.exe_c4a26c581a06\Packages\Drivers\Audio\ACPHpd\WT64A\amdacphpdcomp.inf","Windows Server 2025","NATIVE_CANDIDATE","NativeCandidate","1","1","1","NotEstablished"
"25.12.1","Main","d0_whql-amd-software-adrenalin-edition-25.12.1-win11-b.exe_c4a26c581a06\Packages\Drivers\Audio\ACPHpd\WT64A\amdacphpdext.inf","Windows Server 2016","NOT_APPLICABLE","NotApplicable","0","0","0","NotEstablished"
"25.12.1","Main","d0_whql-amd-software-adrenalin-edition-25.12.1-win11-b.exe_c4a26c581a06\Packages\Drivers\Audio\ACPHpd\WT64A\amdacphpdext.inf","Windows Server 2019","NATIVE_CANDIDATE","NativeCandidate","6","6","6","NotEstablished"
"25.12.1","Main","d0_whql-amd-software-adrenalin-edition-25.12.1-win11-b.exe_c4a26c581a06\Packages\Drivers\Audio\ACPHpd\WT64A\amdacphpdext.inf","Windows Server 2022","NATIVE_CANDIDATE","NativeCandidate","6","6","6","NotEstablished"
"25.12.1","Main","d0_whql-amd-software-adrenalin-edition-25.12.1-win11-b.exe_c4a26c581a06\Packages\Drivers\Audio\ACPHpd\WT64A\amdacphpdext.inf","Windows Server 2025","NATIVE_CANDIDATE","NativeCandidate","6","6","6","NotEstablished"
"25.12.1","Main","d0_whql-amd-software-adrenalin-edition-25.12.1-win11-b.exe_c4a26c581a06\Packages\Drivers\Audio\ACPUsbAfd\WT64A\amdacpusb.inf","Windows Server 2016","NOT_APPLICABLE","NotApplicable","0","0","0","NotEstablished"
"25.12.1","Main","d0_whql-amd-software-adrenalin-edition-25.12.1-win11-b.exe_c4a26c581a06\Packages\Drivers\Audio\ACPUsbAfd\WT64A\amdacpusb.inf","Windows Server 2019","NATIVE_CANDIDATE","NativeCandidate","4","4","4","NotEstablished"
"25.12.1","Main","d0_whql-amd-software-adrenalin-edition-25.12.1-win11-b.exe_c4a26c581a06\Packages\Drivers\Audio\ACPUsbAfd\WT64A\amdacpusb.inf","Windows Server 2022","NATIVE_CANDIDATE","NativeCandidate","4","4","4","NotEstablished"
"25.12.1","Main","d0_whql-amd-software-adrenalin-edition-25.12.1-win11-b.exe_c4a26c581a06\Packages\Drivers\Audio\ACPUsbAfd\WT64A\amdacpusb.inf","Windows Server 2025","NATIVE_CANDIDATE","NativeCandidate","4","4","4","NotEstablished"
"25.12.1","Main","d0_whql-amd-software-adrenalin-edition-25.12.1-win11-b.exe_c4a26c581a06\Packages\Drivers\Audio\HDABus\WT64A\amdhdaudbus.inf","Windows Server 2016","NATIVE_CANDIDATE","NativeCandidate","1","1","1","NotEstablished"
"25.12.1","Main","d0_whql-amd-software-adrenalin-edition-25.12.1-win11-b.exe_c4a26c581a06\Packages\Drivers\Audio\HDABus\WT64A\amdhdaudbus.inf","Windows Server 2019","NATIVE_CANDIDATE","NativeCandidate","1","1","1","NotEstablished"
"25.12.1","Main","d0_whql-amd-software-adrenalin-edition-25.12.1-win11-b.exe_c4a26c581a06\Packages\Drivers\Audio\HDABus\WT64A\amdhdaudbus.inf","Windows Server 2022","NATIVE_CANDIDATE","NativeCandidate","1","1","1","NotEstablished"
"25.12.1","Main","d0_whql-amd-software-adrenalin-edition-25.12.1-win11-b.exe_c4a26c581a06\Packages\Drivers\Audio\HDABus\WT64A\amdhdaudbus.inf","Windows Server 2025","NATIVE_CANDIDATE","NativeCandidate","1","1","1","NotEstablished"
"25.12.1","Main","d0_whql-amd-software-adrenalin-edition-25.12.1-win11-b.exe_c4a26c581a06\Packages\Drivers\Audio\HDMI\WT64A\AtihdWT6.inf","Windows Server 2016","PATCH_CANDIDATE","ProjectionCandidate","8","0","8","NotEstablished"
"25.12.1","Main","d0_whql-amd-software-adrenalin-edition-25.12.1-win11-b.exe_c4a26c581a06\Packages\Drivers\Audio\HDMI\WT64A\AtihdWT6.inf","Windows Server 2019","PATCH_CANDIDATE","ProjectionCandidate","8","0","8","NotEstablished"
"25.12.1","Main","d0_whql-amd-software-adrenalin-edition-25.12.1-win11-b.exe_c4a26c581a06\Packages\Drivers\Audio\HDMI\WT64A\AtihdWT6.inf","Windows Server 2022","PATCH_CANDIDATE","ProjectionCandidate","8","0","8","NotEstablished"
"25.12.1","Main","d0_whql-amd-software-adrenalin-edition-25.12.1-win11-b.exe_c4a26c581a06\Packages\Drivers\Audio\HDMI\WT64A\AtihdWT6.inf","Windows Server 2025","PATCH_CANDIDATE","ProjectionCandidate","8","0","8","NotEstablished"
"25.12.1","Main","d0_whql-amd-software-adrenalin-edition-25.12.1-win11-b.exe_c4a26c581a06\Packages\Drivers\Audio\SAFD\WT64A\amdsafd.inf","Windows Server 2016","NOT_APPLICABLE","NotApplicable","0","0","0","NotEstablished"
"25.12.1","Main","d0_whql-amd-software-adrenalin-edition-25.12.1-win11-b.exe_c4a26c581a06\Packages\Drivers\Audio\SAFD\WT64A\amdsafd.inf","Windows Server 2019","NATIVE_CANDIDATE","NativeCandidate","2","2","2","NotEstablished"
"25.12.1","Main","d0_whql-amd-software-adrenalin-edition-25.12.1-win11-b.exe_c4a26c581a06\Packages\Drivers\Audio\SAFD\WT64A\amdsafd.inf","Windows Server 2022","NATIVE_CANDIDATE","NativeCandidate","2","2","2","NotEstablished"
"25.12.1","Main","d0_whql-amd-software-adrenalin-edition-25.12.1-win11-b.exe_c4a26c581a06\Packages\Drivers\Audio\SAFD\WT64A\amdsafd.inf","Windows Server 2025","NATIVE_CANDIDATE","NativeCandidate","2","2","2","NotEstablished"
"25.12.1","Main","d0_whql-amd-software-adrenalin-edition-25.12.1-win11-b.exe_c4a26c581a06\Packages\Drivers\Audio\SDWC\WT64A\amdsdwc.inf","Windows Server 2016","NOT_APPLICABLE","NotApplicable","0","0","0","NotEstablished"
"25.12.1","Main","d0_whql-amd-software-adrenalin-edition-25.12.1-win11-b.exe_c4a26c581a06\Packages\Drivers\Audio\SDWC\WT64A\amdsdwc.inf","Windows Server 2019","REVIEW_REQUIRED","WdfRequirementReview","4","4","4","NotEstablished"
"25.12.1","Main","d0_whql-amd-software-adrenalin-edition-25.12.1-win11-b.exe_c4a26c581a06\Packages\Drivers\Audio\SDWC\WT64A\amdsdwc.inf","Windows Server 2022","NATIVE_CANDIDATE","NativeCandidate","4","4","4","NotEstablished"
"25.12.1","Main","d0_whql-amd-software-adrenalin-edition-25.12.1-win11-b.exe_c4a26c581a06\Packages\Drivers\Audio\SDWC\WT64A\amdsdwc.inf","Windows Server 2025","NATIVE_CANDIDATE","NativeCandidate","4","4","4","NotEstablished"
"25.12.1","Main","d0_whql-amd-software-adrenalin-edition-25.12.1-win11-b.exe_c4a26c581a06\Packages\Drivers\Audio\SDWS\WT64A\amdsdws.inf","Windows Server 2016","NOT_APPLICABLE","NotApplicable","0","0","0","NotEstablished"
"25.12.1","Main","d0_whql-amd-software-adrenalin-edition-25.12.1-win11-b.exe_c4a26c581a06\Packages\Drivers\Audio\SDWS\WT64A\amdsdws.inf","Windows Server 2019","REVIEW_REQUIRED","WdfRequirementReview","11","11","11","NotEstablished"
"25.12.1","Main","d0_whql-amd-software-adrenalin-edition-25.12.1-win11-b.exe_c4a26c581a06\Packages\Drivers\Audio\SDWS\WT64A\amdsdws.inf","Windows Server 2022","NATIVE_CANDIDATE","NativeCandidate","11","11","11","NotEstablished"
"25.12.1","Main","d0_whql-amd-software-adrenalin-edition-25.12.1-win11-b.exe_c4a26c581a06\Packages\Drivers\Audio\SDWS\WT64A\amdsdws.inf","Windows Server 2025","NATIVE_CANDIDATE","NativeCandidate","11","11","11","NotEstablished"
"25.12.1","Main","d0_whql-amd-software-adrenalin-edition-25.12.1-win11-b.exe_c4a26c581a06\Packages\Drivers\Audio\SDWS\WT64A\amdsdwsext\amdsdwsext.inf","Windows Server 2016","NOT_APPLICABLE","NotApplicable","0","0","0","NotEstablished"
"25.12.1","Main","d0_whql-amd-software-adrenalin-edition-25.12.1-win11-b.exe_c4a26c581a06\Packages\Drivers\Audio\SDWS\WT64A\amdsdwsext\amdsdwsext.inf","Windows Server 2019","NATIVE_CANDIDATE","NativeCandidate","4","4","4","NotEstablished"
"25.12.1","Main","d0_whql-amd-software-adrenalin-edition-25.12.1-win11-b.exe_c4a26c581a06\Packages\Drivers\Audio\SDWS\WT64A\amdsdwsext\amdsdwsext.inf","Windows Server 2022","NATIVE_CANDIDATE","NativeCandidate","4","4","4","NotEstablished"
"25.12.1","Main","d0_whql-amd-software-adrenalin-edition-25.12.1-win11-b.exe_c4a26c581a06\Packages\Drivers\Audio\SDWS\WT64A\amdsdwsext\amdsdwsext.inf","Windows Server 2025","NATIVE_CANDIDATE","NativeCandidate","4","4","4","NotEstablished"
"25.12.1","Main","d0_whql-amd-software-adrenalin-edition-25.12.1-win11-b.exe_c4a26c581a06\Packages\Drivers\Display\WT6A_INF\u0196284.inf","Windows Server 2016","NOT_APPLICABLE","NotApplicable","0","0","0","NotEstablished"
"25.12.1","Main","d0_whql-amd-software-adrenalin-edition-25.12.1-win11-b.exe_c4a26c581a06\Packages\Drivers\Display\WT6A_INF\u0196284.inf","Windows Server 2019","PATCH_CANDIDATE","ProjectionCandidate","3818","0","3818","NotEstablished"
"25.12.1","Main","d0_whql-amd-software-adrenalin-edition-25.12.1-win11-b.exe_c4a26c581a06\Packages\Drivers\Display\WT6A_INF\u0196284.inf","Windows Server 2022","PATCH_CANDIDATE","ProjectionCandidate","3818","0","3818","NotEstablished"
"25.12.1","Main","d0_whql-amd-software-adrenalin-edition-25.12.1-win11-b.exe_c4a26c581a06\Packages\Drivers\Display\WT6A_INF\u0196284.inf","Windows Server 2025","PATCH_CANDIDATE","ProjectionCandidate","3818","0","3818","NotEstablished"
"25.12.1","Main","d0_whql-amd-software-adrenalin-edition-25.12.1-win11-b.exe_c4a26c581a06\Packages\Drivers\Display\WT6A_INF\amdfdans\AMDFDANS.inf","Windows Server 2016","NATIVE_CANDIDATE","NativeCandidate","1","1","1","NotEstablished"
"25.12.1","Main","d0_whql-amd-software-adrenalin-edition-25.12.1-win11-b.exe_c4a26c581a06\Packages\Drivers\Display\WT6A_INF\amdfdans\AMDFDANS.inf","Windows Server 2019","NATIVE_CANDIDATE","NativeCandidate","1","1","1","NotEstablished"
"25.12.1","Main","d0_whql-amd-software-adrenalin-edition-25.12.1-win11-b.exe_c4a26c581a06\Packages\Drivers\Display\WT6A_INF\amdfdans\AMDFDANS.inf","Windows Server 2022","NATIVE_CANDIDATE","NativeCandidate","1","1","1","NotEstablished"
"25.12.1","Main","d0_whql-amd-software-adrenalin-edition-25.12.1-win11-b.exe_c4a26c581a06\Packages\Drivers\Display\WT6A_INF\amdfdans\AMDFDANS.inf","Windows Server 2025","NATIVE_CANDIDATE","NativeCandidate","1","1","1","NotEstablished"
"25.12.1","Main","d0_whql-amd-software-adrenalin-edition-25.12.1-win11-b.exe_c4a26c581a06\Packages\Drivers\Display\WT6A_INF\amdfendr\amdfendr.inf","Windows Server 2016","NOT_APPLICABLE","NotApplicable","0","0","0","NotEstablished"
"25.12.1","Main","d0_whql-amd-software-adrenalin-edition-25.12.1-win11-b.exe_c4a26c581a06\Packages\Drivers\Display\WT6A_INF\amdfendr\amdfendr.inf","Windows Server 2019","NATIVE_CANDIDATE","NativeCandidate","1","1","1","NotEstablished"
"25.12.1","Main","d0_whql-amd-software-adrenalin-edition-25.12.1-win11-b.exe_c4a26c581a06\Packages\Drivers\Display\WT6A_INF\amdfendr\amdfendr.inf","Windows Server 2022","NATIVE_CANDIDATE","NativeCandidate","1","1","1","NotEstablished"
"25.12.1","Main","d0_whql-amd-software-adrenalin-edition-25.12.1-win11-b.exe_c4a26c581a06\Packages\Drivers\Display\WT6A_INF\amdfendr\amdfendr.inf","Windows Server 2025","NATIVE_CANDIDATE","NativeCandidate","1","1","1","NotEstablished"
"25.12.1","Main","d0_whql-amd-software-adrenalin-edition-25.12.1-win11-b.exe_c4a26c581a06\Packages\Drivers\Display\WT6A_INF\amdocl\amdocl.inf","Windows Server 2016","NOT_APPLICABLE","NotApplicable","0","0","0","NotEstablished"
"25.12.1","Main","d0_whql-amd-software-adrenalin-edition-25.12.1-win11-b.exe_c4a26c581a06\Packages\Drivers\Display\WT6A_INF\amdocl\amdocl.inf","Windows Server 2019","NATIVE_CANDIDATE","NativeCandidate","1","1","1","NotEstablished"
"25.12.1","Main","d0_whql-amd-software-adrenalin-edition-25.12.1-win11-b.exe_c4a26c581a06\Packages\Drivers\Display\WT6A_INF\amdocl\amdocl.inf","Windows Server 2022","NATIVE_CANDIDATE","NativeCandidate","1","1","1","NotEstablished"
"25.12.1","Main","d0_whql-amd-software-adrenalin-edition-25.12.1-win11-b.exe_c4a26c581a06\Packages\Drivers\Display\WT6A_INF\amdocl\amdocl.inf","Windows Server 2025","NATIVE_CANDIDATE","NativeCandidate","1","1","1","NotEstablished"
"25.12.1","Main","d0_whql-amd-software-adrenalin-edition-25.12.1-win11-b.exe_c4a26c581a06\Packages\Drivers\Display\WT6A_INF\amdogl\amdogl.inf","Windows Server 2016","NOT_APPLICABLE","NotApplicable","0","0","0","NotEstablished"
"25.12.1","Main","d0_whql-amd-software-adrenalin-edition-25.12.1-win11-b.exe_c4a26c581a06\Packages\Drivers\Display\WT6A_INF\amdogl\amdogl.inf","Windows Server 2019","NATIVE_CANDIDATE","NativeCandidate","1","1","1","NotEstablished"
"25.12.1","Main","d0_whql-amd-software-adrenalin-edition-25.12.1-win11-b.exe_c4a26c581a06\Packages\Drivers\Display\WT6A_INF\amdogl\amdogl.inf","Windows Server 2022","NATIVE_CANDIDATE","NativeCandidate","1","1","1","NotEstablished"
"25.12.1","Main","d0_whql-amd-software-adrenalin-edition-25.12.1-win11-b.exe_c4a26c581a06\Packages\Drivers\Display\WT6A_INF\amdogl\amdogl.inf","Windows Server 2025","NATIVE_CANDIDATE","NativeCandidate","1","1","1","NotEstablished"
"25.12.1","Main","d0_whql-amd-software-adrenalin-edition-25.12.1-win11-b.exe_c4a26c581a06\Packages\Drivers\Display\WT6A_INF\amdpcibridge\amdpcibridgeextension.inf","Windows Server 2016","NATIVE_CANDIDATE","NativeCandidate","2","2","2","NotEstablished"
"25.12.1","Main","d0_whql-amd-software-adrenalin-edition-25.12.1-win11-b.exe_c4a26c581a06\Packages\Drivers\Display\WT6A_INF\amdpcibridge\amdpcibridgeextension.inf","Windows Server 2019","NATIVE_CANDIDATE","NativeCandidate","2","2","2","NotEstablished"
"25.12.1","Main","d0_whql-amd-software-adrenalin-edition-25.12.1-win11-b.exe_c4a26c581a06\Packages\Drivers\Display\WT6A_INF\amdpcibridge\amdpcibridgeextension.inf","Windows Server 2022","NATIVE_CANDIDATE","NativeCandidate","2","2","2","NotEstablished"
"25.12.1","Main","d0_whql-amd-software-adrenalin-edition-25.12.1-win11-b.exe_c4a26c581a06\Packages\Drivers\Display\WT6A_INF\amdpcibridge\amdpcibridgeextension.inf","Windows Server 2025","NATIVE_CANDIDATE","NativeCandidate","2","2","2","NotEstablished"
"25.12.1","Main","d0_whql-amd-software-adrenalin-edition-25.12.1-win11-b.exe_c4a26c581a06\Packages\Drivers\Display\WT6A_INF\amdvlk\amdvlk.inf","Windows Server 2016","NOT_APPLICABLE","NotApplicable","0","0","0","NotEstablished"
"25.12.1","Main","d0_whql-amd-software-adrenalin-edition-25.12.1-win11-b.exe_c4a26c581a06\Packages\Drivers\Display\WT6A_INF\amdvlk\amdvlk.inf","Windows Server 2019","NATIVE_CANDIDATE","NativeCandidate","1","1","1","NotEstablished"
"25.12.1","Main","d0_whql-amd-software-adrenalin-edition-25.12.1-win11-b.exe_c4a26c581a06\Packages\Drivers\Display\WT6A_INF\amdvlk\amdvlk.inf","Windows Server 2022","NATIVE_CANDIDATE","NativeCandidate","1","1","1","NotEstablished"
"25.12.1","Main","d0_whql-amd-software-adrenalin-edition-25.12.1-win11-b.exe_c4a26c581a06\Packages\Drivers\Display\WT6A_INF\amdvlk\amdvlk.inf","Windows Server 2025","NATIVE_CANDIDATE","NativeCandidate","1","1","1","NotEstablished"
"25.12.1","Main","d0_whql-amd-software-adrenalin-edition-25.12.1-win11-b.exe_c4a26c581a06\Packages\Drivers\Display\WT6A_INF\amdwin\amdwin-u0196284.inf","Windows Server 2016","NATIVE_CANDIDATE","NativeCandidate","1","1","1","NotEstablished"
"25.12.1","Main","d0_whql-amd-software-adrenalin-edition-25.12.1-win11-b.exe_c4a26c581a06\Packages\Drivers\Display\WT6A_INF\amdwin\amdwin-u0196284.inf","Windows Server 2019","NATIVE_CANDIDATE","NativeCandidate","1","1","1","NotEstablished"
"25.12.1","Main","d0_whql-amd-software-adrenalin-edition-25.12.1-win11-b.exe_c4a26c581a06\Packages\Drivers\Display\WT6A_INF\amdwin\amdwin-u0196284.inf","Windows Server 2022","NATIVE_CANDIDATE","NativeCandidate","1","1","1","NotEstablished"
"25.12.1","Main","d0_whql-amd-software-adrenalin-edition-25.12.1-win11-b.exe_c4a26c581a06\Packages\Drivers\Display\WT6A_INF\amdwin\amdwin-u0196284.inf","Windows Server 2025","NATIVE_CANDIDATE","NativeCandidate","1","1","1","NotEstablished"
"25.12.1","Main","d0_whql-amd-software-adrenalin-edition-25.12.1-win11-b.exe_c4a26c581a06\Packages\Drivers\Display\WT6A_INF\amdxe\amdxe.inf","Windows Server 2016","NATIVE_CANDIDATE","NativeCandidate","1","1","1","NotEstablished"
"25.12.1","Main","d0_whql-amd-software-adrenalin-edition-25.12.1-win11-b.exe_c4a26c581a06\Packages\Drivers\Display\WT6A_INF\amdxe\amdxe.inf","Windows Server 2019","NATIVE_CANDIDATE","NativeCandidate","1","1","1","NotEstablished"
"25.12.1","Main","d0_whql-amd-software-adrenalin-edition-25.12.1-win11-b.exe_c4a26c581a06\Packages\Drivers\Display\WT6A_INF\amdxe\amdxe.inf","Windows Server 2022","NATIVE_CANDIDATE","NativeCandidate","1","1","1","NotEstablished"
"25.12.1","Main","d0_whql-amd-software-adrenalin-edition-25.12.1-win11-b.exe_c4a26c581a06\Packages\Drivers\Display\WT6A_INF\amdxe\amdxe.inf","Windows Server 2025","NATIVE_CANDIDATE","NativeCandidate","1","1","1","NotEstablished"
"25.12.1","Main","d0_whql-amd-software-adrenalin-edition-25.12.1-win11-b.exe_c4a26c581a06\Packages\Drivers\SBDrv\AMDUCSI\WT64A\amducsi.inf","Windows Server 2016","NATIVE_CANDIDATE","NativeCandidate","5","5","5","NotEstablished"
"25.12.1","Main","d0_whql-amd-software-adrenalin-edition-25.12.1-win11-b.exe_c4a26c581a06\Packages\Drivers\SBDrv\AMDUCSI\WT64A\amducsi.inf","Windows Server 2019","NATIVE_CANDIDATE","NativeCandidate","5","5","5","NotEstablished"
"25.12.1","Main","d0_whql-amd-software-adrenalin-edition-25.12.1-win11-b.exe_c4a26c581a06\Packages\Drivers\SBDrv\AMDUCSI\WT64A\amducsi.inf","Windows Server 2022","NATIVE_CANDIDATE","NativeCandidate","5","5","5","NotEstablished"
"25.12.1","Main","d0_whql-amd-software-adrenalin-edition-25.12.1-win11-b.exe_c4a26c581a06\Packages\Drivers\SBDrv\AMDUCSI\WT64A\amducsi.inf","Windows Server 2025","NATIVE_CANDIDATE","NativeCandidate","5","5","5","NotEstablished"
"25.12.1","Main","d0_whql-amd-software-adrenalin-edition-25.12.1-win11-a.exe_63050d5da330\Packages\Drivers\AMDISP\AMDCAMERA\WT64A\amdcamera.inf","Windows Server 2016","NATIVE_CANDIDATE","NativeCandidate","1","1","1","NotEstablished"
"25.12.1","Main","d0_whql-amd-software-adrenalin-edition-25.12.1-win11-a.exe_63050d5da330\Packages\Drivers\AMDISP\AMDCAMERA\WT64A\amdcamera.inf","Windows Server 2019","NATIVE_CANDIDATE","NativeCandidate","1","1","1","NotEstablished"
"25.12.1","Main","d0_whql-amd-software-adrenalin-edition-25.12.1-win11-a.exe_63050d5da330\Packages\Drivers\AMDISP\AMDCAMERA\WT64A\amdcamera.inf","Windows Server 2022","NATIVE_CANDIDATE","NativeCandidate","1","1","1","NotEstablished"
"25.12.1","Main","d0_whql-amd-software-adrenalin-edition-25.12.1-win11-a.exe_63050d5da330\Packages\Drivers\AMDISP\AMDCAMERA\WT64A\amdcamera.inf","Windows Server 2025","NATIVE_CANDIDATE","NativeCandidate","1","1","1","NotEstablished"
"25.12.1","Main","d0_whql-amd-software-adrenalin-edition-25.12.1-win11-a.exe_63050d5da330\Packages\Drivers\AMDISP\AMDISP\WT64A\amdisp.inf","Windows Server 2016","REVIEW_REQUIRED","WdfRequirementReview","2","2","2","NotEstablished"
"25.12.1","Main","d0_whql-amd-software-adrenalin-edition-25.12.1-win11-a.exe_63050d5da330\Packages\Drivers\AMDISP\AMDISP\WT64A\amdisp.inf","Windows Server 2019","NATIVE_CANDIDATE","NativeCandidate","2","2","2","NotEstablished"
"25.12.1","Main","d0_whql-amd-software-adrenalin-edition-25.12.1-win11-a.exe_63050d5da330\Packages\Drivers\AMDISP\AMDISP\WT64A\amdisp.inf","Windows Server 2022","NATIVE_CANDIDATE","NativeCandidate","2","2","2","NotEstablished"
"25.12.1","Main","d0_whql-amd-software-adrenalin-edition-25.12.1-win11-a.exe_63050d5da330\Packages\Drivers\AMDISP\AMDISP\WT64A\amdisp.inf","Windows Server 2025","NATIVE_CANDIDATE","NativeCandidate","2","2","2","NotEstablished"
"25.12.1","Main","d0_whql-amd-software-adrenalin-edition-25.12.1-win11-a.exe_63050d5da330\Packages\Drivers\AMDISP\GC1029\WT64A\sensorGC1029.inf","Windows Server 2016","NATIVE_CANDIDATE","NativeCandidate","1","1","1","NotEstablished"
"25.12.1","Main","d0_whql-amd-software-adrenalin-edition-25.12.1-win11-a.exe_63050d5da330\Packages\Drivers\AMDISP\GC1029\WT64A\sensorGC1029.inf","Windows Server 2019","NATIVE_CANDIDATE","NativeCandidate","1","1","1","NotEstablished"
"25.12.1","Main","d0_whql-amd-software-adrenalin-edition-25.12.1-win11-a.exe_63050d5da330\Packages\Drivers\AMDISP\GC1029\WT64A\sensorGC1029.inf","Windows Server 2022","NATIVE_CANDIDATE","NativeCandidate","1","1","1","NotEstablished"
"25.12.1","Main","d0_whql-amd-software-adrenalin-edition-25.12.1-win11-a.exe_63050d5da330\Packages\Drivers\AMDISP\GC1029\WT64A\sensorGC1029.inf","Windows Server 2025","NATIVE_CANDIDATE","NativeCandidate","1","1","1","NotEstablished"
"25.12.1","Main","d0_whql-amd-software-adrenalin-edition-25.12.1-win11-a.exe_63050d5da330\Packages\Drivers\AMDISP\HM1092\WT64A\sensorHM1092.inf","Windows Server 2016","NATIVE_CANDIDATE","NativeCandidate","1","1","1","NotEstablished"
"25.12.1","Main","d0_whql-amd-software-adrenalin-edition-25.12.1-win11-a.exe_63050d5da330\Packages\Drivers\AMDISP\HM1092\WT64A\sensorHM1092.inf","Windows Server 2019","NATIVE_CANDIDATE","NativeCandidate","1","1","1","NotEstablished"
"25.12.1","Main","d0_whql-amd-software-adrenalin-edition-25.12.1-win11-a.exe_63050d5da330\Packages\Drivers\AMDISP\HM1092\WT64A\sensorHM1092.inf","Windows Server 2022","NATIVE_CANDIDATE","NativeCandidate","1","1","1","NotEstablished"
"25.12.1","Main","d0_whql-amd-software-adrenalin-edition-25.12.1-win11-a.exe_63050d5da330\Packages\Drivers\AMDISP\HM1092\WT64A\sensorHM1092.inf","Windows Server 2025","NATIVE_CANDIDATE","NativeCandidate","1","1","1","NotEstablished"
"25.12.1","Main","d0_whql-amd-software-adrenalin-edition-25.12.1-win11-a.exe_63050d5da330\Packages\Drivers\AMDISP\OV05C\WT64A\sensorOV05C.inf","Windows Server 2016","NATIVE_CANDIDATE","NativeCandidate","1","1","1","NotEstablished"
"25.12.1","Main","d0_whql-amd-software-adrenalin-edition-25.12.1-win11-a.exe_63050d5da330\Packages\Drivers\AMDISP\OV05C\WT64A\sensorOV05C.inf","Windows Server 2019","NATIVE_CANDIDATE","NativeCandidate","1","1","1","NotEstablished"
"25.12.1","Main","d0_whql-amd-software-adrenalin-edition-25.12.1-win11-a.exe_63050d5da330\Packages\Drivers\AMDISP\OV05C\WT64A\sensorOV05C.inf","Windows Server 2022","NATIVE_CANDIDATE","NativeCandidate","1","1","1","NotEstablished"
"25.12.1","Main","d0_whql-amd-software-adrenalin-edition-25.12.1-win11-a.exe_63050d5da330\Packages\Drivers\AMDISP\OV05C\WT64A\sensorOV05C.inf","Windows Server 2025","NATIVE_CANDIDATE","NativeCandidate","1","1","1","NotEstablished"
"25.12.1","Main","d0_whql-amd-software-adrenalin-edition-25.12.1-win11-a.exe_63050d5da330\Packages\Drivers\AMDISP\OV08X\WT64A\sensorOV08X.inf","Windows Server 2016","NATIVE_CANDIDATE","NativeCandidate","2","2","2","NotEstablished"
"25.12.1","Main","d0_whql-amd-software-adrenalin-edition-25.12.1-win11-a.exe_63050d5da330\Packages\Drivers\AMDISP\OV08X\WT64A\sensorOV08X.inf","Windows Server 2019","NATIVE_CANDIDATE","NativeCandidate","2","2","2","NotEstablished"
"25.12.1","Main","d0_whql-amd-software-adrenalin-edition-25.12.1-win11-a.exe_63050d5da330\Packages\Drivers\AMDISP\OV08X\WT64A\sensorOV08X.inf","Windows Server 2022","NATIVE_CANDIDATE","NativeCandidate","2","2","2","NotEstablished"
"25.12.1","Main","d0_whql-amd-software-adrenalin-edition-25.12.1-win11-a.exe_63050d5da330\Packages\Drivers\AMDISP\OV08X\WT64A\sensorOV08X.inf","Windows Server 2025","NATIVE_CANDIDATE","NativeCandidate","2","2","2","NotEstablished"
"25.12.1","Main","d0_whql-amd-software-adrenalin-edition-25.12.1-win11-a.exe_63050d5da330\Packages\Drivers\AMDISP\OV13B\WT64A\sensorOV13B.inf","Windows Server 2016","NATIVE_CANDIDATE","NativeCandidate","1","1","1","NotEstablished"
"25.12.1","Main","d0_whql-amd-software-adrenalin-edition-25.12.1-win11-a.exe_63050d5da330\Packages\Drivers\AMDISP\OV13B\WT64A\sensorOV13B.inf","Windows Server 2019","NATIVE_CANDIDATE","NativeCandidate","1","1","1","NotEstablished"
"25.12.1","Main","d0_whql-amd-software-adrenalin-edition-25.12.1-win11-a.exe_63050d5da330\Packages\Drivers\AMDISP\OV13B\WT64A\sensorOV13B.inf","Windows Server 2022","NATIVE_CANDIDATE","NativeCandidate","1","1","1","NotEstablished"
"25.12.1","Main","d0_whql-amd-software-adrenalin-edition-25.12.1-win11-a.exe_63050d5da330\Packages\Drivers\AMDISP\OV13B\WT64A\sensorOV13B.inf","Windows Server 2025","NATIVE_CANDIDATE","NativeCandidate","1","1","1","NotEstablished"
"25.12.1","Main","d0_whql-amd-software-adrenalin-edition-25.12.1-win11-a.exe_63050d5da330\Packages\Drivers\AMDNPUMCDM\WT64A\kipudrv.inf","Windows Server 2016","NOT_APPLICABLE","NotApplicable","0","0","0","NotEstablished"
"25.12.1","Main","d0_whql-amd-software-adrenalin-edition-25.12.1-win11-a.exe_63050d5da330\Packages\Drivers\AMDNPUMCDM\WT64A\kipudrv.inf","Windows Server 2019","NOT_APPLICABLE","NotApplicable","0","0","0","NotEstablished"
"25.12.1","Main","d0_whql-amd-software-adrenalin-edition-25.12.1-win11-a.exe_63050d5da330\Packages\Drivers\AMDNPUMCDM\WT64A\kipudrv.inf","Windows Server 2022","NOT_APPLICABLE","NotApplicable","0","0","0","NotEstablished"
"25.12.1","Main","d0_whql-amd-software-adrenalin-edition-25.12.1-win11-a.exe_63050d5da330\Packages\Drivers\AMDNPUMCDM\WT64A\kipudrv.inf","Windows Server 2025","NATIVE_CANDIDATE","NativeCandidate","2","2","2","NotEstablished"
"25.12.1","Main","d0_whql-amd-software-adrenalin-edition-25.12.1-win11-a.exe_63050d5da330\Packages\Drivers\AMDNPUWDF\WT64A\kipudrv.inf","Windows Server 2016","NATIVE_CANDIDATE","NativeCandidate","2","2","2","NotEstablished"
"25.12.1","Main","d0_whql-amd-software-adrenalin-edition-25.12.1-win11-a.exe_63050d5da330\Packages\Drivers\AMDNPUWDF\WT64A\kipudrv.inf","Windows Server 2019","NATIVE_CANDIDATE","NativeCandidate","2","2","2","NotEstablished"
"25.12.1","Main","d0_whql-amd-software-adrenalin-edition-25.12.1-win11-a.exe_63050d5da330\Packages\Drivers\AMDNPUWDF\WT64A\kipudrv.inf","Windows Server 2022","NATIVE_CANDIDATE","NativeCandidate","2","2","2","NotEstablished"
"25.12.1","Main","d0_whql-amd-software-adrenalin-edition-25.12.1-win11-a.exe_63050d5da330\Packages\Drivers\AMDNPUWDF\WT64A\kipudrv.inf","Windows Server 2025","NATIVE_CANDIDATE","NativeCandidate","2","2","2","NotEstablished"
"25.12.1","Main","d0_whql-amd-software-adrenalin-edition-25.12.1-win11-a.exe_63050d5da330\Packages\Drivers\Audio\ACPAfd\WT64A\amdacpafd.inf","Windows Server 2016","NOT_APPLICABLE","NotApplicable","0","0","0","NotEstablished"
"25.12.1","Main","d0_whql-amd-software-adrenalin-edition-25.12.1-win11-a.exe_63050d5da330\Packages\Drivers\Audio\ACPAfd\WT64A\amdacpafd.inf","Windows Server 2019","NATIVE_CANDIDATE","NativeCandidate","13","13","13","NotEstablished"
"25.12.1","Main","d0_whql-amd-software-adrenalin-edition-25.12.1-win11-a.exe_63050d5da330\Packages\Drivers\Audio\ACPAfd\WT64A\amdacpafd.inf","Windows Server 2022","NATIVE_CANDIDATE","NativeCandidate","13","13","13","NotEstablished"
"25.12.1","Main","d0_whql-amd-software-adrenalin-edition-25.12.1-win11-a.exe_63050d5da330\Packages\Drivers\Audio\ACPAfd\WT64A\amdacpafd.inf","Windows Server 2025","NATIVE_CANDIDATE","NativeCandidate","13","13","13","NotEstablished"
"25.12.1","Main","d0_whql-amd-software-adrenalin-edition-25.12.1-win11-a.exe_63050d5da330\Packages\Drivers\Audio\ACPAFDSVC\WT64A\amdacpafdcomp.inf","Windows Server 2016","NOT_APPLICABLE","NotApplicable","0","0","0","NotEstablished"
"25.12.1","Main","d0_whql-amd-software-adrenalin-edition-25.12.1-win11-a.exe_63050d5da330\Packages\Drivers\Audio\ACPAFDSVC\WT64A\amdacpafdcomp.inf","Windows Server 2019","NATIVE_CANDIDATE","NativeCandidate","1","1","1","NotEstablished"
"25.12.1","Main","d0_whql-amd-software-adrenalin-edition-25.12.1-win11-a.exe_63050d5da330\Packages\Drivers\Audio\ACPAFDSVC\WT64A\amdacpafdcomp.inf","Windows Server 2022","NATIVE_CANDIDATE","NativeCandidate","1","1","1","NotEstablished"
"25.12.1","Main","d0_whql-amd-software-adrenalin-edition-25.12.1-win11-a.exe_63050d5da330\Packages\Drivers\Audio\ACPAFDSVC\WT64A\amdacpafdcomp.inf","Windows Server 2025","NATIVE_CANDIDATE","NativeCandidate","1","1","1","NotEstablished"
"25.12.1","Main","d0_whql-amd-software-adrenalin-edition-25.12.1-win11-a.exe_63050d5da330\Packages\Drivers\Audio\ACPAFDSVC\WT64A\amdacpafdext.inf","Windows Server 2016","NOT_APPLICABLE","NotApplicable","0","0","0","NotEstablished"
"25.12.1","Main","d0_whql-amd-software-adrenalin-edition-25.12.1-win11-a.exe_63050d5da330\Packages\Drivers\Audio\ACPAFDSVC\WT64A\amdacpafdext.inf","Windows Server 2019","NATIVE_CANDIDATE","NativeCandidate","1","1","1","NotEstablished"
"25.12.1","Main","d0_whql-amd-software-adrenalin-edition-25.12.1-win11-a.exe_63050d5da330\Packages\Drivers\Audio\ACPAFDSVC\WT64A\amdacpafdext.inf","Windows Server 2022","NATIVE_CANDIDATE","NativeCandidate","1","1","1","NotEstablished"
"25.12.1","Main","d0_whql-amd-software-adrenalin-edition-25.12.1-win11-a.exe_63050d5da330\Packages\Drivers\Audio\ACPAFDSVC\WT64A\amdacpafdext.inf","Windows Server 2025","NATIVE_CANDIDATE","NativeCandidate","1","1","1","NotEstablished"
"25.12.1","Main","d0_whql-amd-software-adrenalin-edition-25.12.1-win11-a.exe_63050d5da330\Packages\Drivers\Audio\ACPBTACX\WT64A\amdacpbtacx.inf","Windows Server 2016","NOT_APPLICABLE","NotApplicable","0","0","0","NotEstablished"
"25.12.1","Main","d0_whql-amd-software-adrenalin-edition-25.12.1-win11-a.exe_63050d5da330\Packages\Drivers\Audio\ACPBTACX\WT64A\amdacpbtacx.inf","Windows Server 2019","REVIEW_REQUIRED","WdfRequirementReview","10","10","10","NotEstablished"
"25.12.1","Main","d0_whql-amd-software-adrenalin-edition-25.12.1-win11-a.exe_63050d5da330\Packages\Drivers\Audio\ACPBTACX\WT64A\amdacpbtacx.inf","Windows Server 2022","NATIVE_CANDIDATE","NativeCandidate","10","10","10","NotEstablished"
"25.12.1","Main","d0_whql-amd-software-adrenalin-edition-25.12.1-win11-a.exe_63050d5da330\Packages\Drivers\Audio\ACPBTACX\WT64A\amdacpbtacx.inf","Windows Server 2025","NATIVE_CANDIDATE","NativeCandidate","10","10","10","NotEstablished"
"25.12.1","Main","d0_whql-amd-software-adrenalin-edition-25.12.1-win11-a.exe_63050d5da330\Packages\Drivers\Audio\ACPBtAfd\WT64A\amdacpbt.inf","Windows Server 2016","NOT_APPLICABLE","NotApplicable","0","0","0","NotEstablished"
"25.12.1","Main","d0_whql-amd-software-adrenalin-edition-25.12.1-win11-a.exe_63050d5da330\Packages\Drivers\Audio\ACPBtAfd\WT64A\amdacpbt.inf","Windows Server 2019","NATIVE_CANDIDATE","NativeCandidate","3","3","3","NotEstablished"
"25.12.1","Main","d0_whql-amd-software-adrenalin-edition-25.12.1-win11-a.exe_63050d5da330\Packages\Drivers\Audio\ACPBtAfd\WT64A\amdacpbt.inf","Windows Server 2022","NATIVE_CANDIDATE","NativeCandidate","3","3","3","NotEstablished"
"25.12.1","Main","d0_whql-amd-software-adrenalin-edition-25.12.1-win11-a.exe_63050d5da330\Packages\Drivers\Audio\ACPBtAfd\WT64A\amdacpbt.inf","Windows Server 2025","NATIVE_CANDIDATE","NativeCandidate","3","3","3","NotEstablished"
"25.12.1","Main","d0_whql-amd-software-adrenalin-edition-25.12.1-win11-a.exe_63050d5da330\Packages\Drivers\Audio\ACPBtAfd\WT64A\amdacpbtscoext\amdacpbtscoext.inf","Windows Server 2016","NOT_APPLICABLE","NotApplicable","0","0","0","NotEstablished"
"25.12.1","Main","d0_whql-amd-software-adrenalin-edition-25.12.1-win11-a.exe_63050d5da330\Packages\Drivers\Audio\ACPBtAfd\WT64A\amdacpbtscoext\amdacpbtscoext.inf","Windows Server 2019","NOT_APPLICABLE","NotApplicable","0","0","0","NotEstablished"
"25.12.1","Main","d0_whql-amd-software-adrenalin-edition-25.12.1-win11-a.exe_63050d5da330\Packages\Drivers\Audio\ACPBtAfd\WT64A\amdacpbtscoext\amdacpbtscoext.inf","Windows Server 2022","NOT_APPLICABLE","NotApplicable","0","0","0","NotEstablished"
"25.12.1","Main","d0_whql-amd-software-adrenalin-edition-25.12.1-win11-a.exe_63050d5da330\Packages\Drivers\Audio\ACPBtAfd\WT64A\amdacpbtscoext\amdacpbtscoext.inf","Windows Server 2025","NATIVE_CANDIDATE","NativeCandidate","1","1","1","NotEstablished"
"25.12.1","Main","d0_whql-amd-software-adrenalin-edition-25.12.1-win11-a.exe_63050d5da330\Packages\Drivers\Audio\ACPBus\WT64A\amdacpbus.inf","Windows Server 2016","NOT_APPLICABLE","NotApplicable","0","0","0","NotEstablished"
"25.12.1","Main","d0_whql-amd-software-adrenalin-edition-25.12.1-win11-a.exe_63050d5da330\Packages\Drivers\Audio\ACPBus\WT64A\amdacpbus.inf","Windows Server 2019","NATIVE_CANDIDATE","NativeCandidate","6","6","6","NotEstablished"
"25.12.1","Main","d0_whql-amd-software-adrenalin-edition-25.12.1-win11-a.exe_63050d5da330\Packages\Drivers\Audio\ACPBus\WT64A\amdacpbus.inf","Windows Server 2022","NATIVE_CANDIDATE","NativeCandidate","6","6","6","NotEstablished"
"25.12.1","Main","d0_whql-amd-software-adrenalin-edition-25.12.1-win11-a.exe_63050d5da330\Packages\Drivers\Audio\ACPBus\WT64A\amdacpbus.inf","Windows Server 2025","NATIVE_CANDIDATE","NativeCandidate","6","6","6","NotEstablished"
"25.12.1","Main","d0_whql-amd-software-adrenalin-edition-25.12.1-win11-a.exe_63050d5da330\Packages\Drivers\Audio\ACPBus2\WT64A\amdacpbus2.inf","Windows Server 2016","NOT_APPLICABLE","NotApplicable","0","0","0","NotEstablished"
"25.12.1","Main","d0_whql-amd-software-adrenalin-edition-25.12.1-win11-a.exe_63050d5da330\Packages\Drivers\Audio\ACPBus2\WT64A\amdacpbus2.inf","Windows Server 2019","NATIVE_CANDIDATE","NativeCandidate","3","3","3","NotEstablished"
"25.12.1","Main","d0_whql-amd-software-adrenalin-edition-25.12.1-win11-a.exe_63050d5da330\Packages\Drivers\Audio\ACPBus2\WT64A\amdacpbus2.inf","Windows Server 2022","NATIVE_CANDIDATE","NativeCandidate","3","3","3","NotEstablished"
"25.12.1","Main","d0_whql-amd-software-adrenalin-edition-25.12.1-win11-a.exe_63050d5da330\Packages\Drivers\Audio\ACPBus2\WT64A\amdacpbus2.inf","Windows Server 2025","NATIVE_CANDIDATE","NativeCandidate","3","3","3","NotEstablished"
"25.12.1","Main","d0_whql-amd-software-adrenalin-edition-25.12.1-win11-a.exe_63050d5da330\Packages\Drivers\Audio\ACPBus2\WT64A\amdacpbusext\amdacpbusext.inf","Windows Server 2016","NOT_APPLICABLE","NotApplicable","0","0","0","NotEstablished"
"25.12.1","Main","d0_whql-amd-software-adrenalin-edition-25.12.1-win11-a.exe_63050d5da330\Packages\Drivers\Audio\ACPBus2\WT64A\amdacpbusext\amdacpbusext.inf","Windows Server 2019","NATIVE_CANDIDATE","NativeCandidate","4","4","4","NotEstablished"
"25.12.1","Main","d0_whql-amd-software-adrenalin-edition-25.12.1-win11-a.exe_63050d5da330\Packages\Drivers\Audio\ACPBus2\WT64A\amdacpbusext\amdacpbusext.inf","Windows Server 2022","NATIVE_CANDIDATE","NativeCandidate","4","4","4","NotEstablished"
"25.12.1","Main","d0_whql-amd-software-adrenalin-edition-25.12.1-win11-a.exe_63050d5da330\Packages\Drivers\Audio\ACPBus2\WT64A\amdacpbusext\amdacpbusext.inf","Windows Server 2025","NATIVE_CANDIDATE","NativeCandidate","4","4","4","NotEstablished"
"25.12.1","Main","d0_whql-amd-software-adrenalin-edition-25.12.1-win11-a.exe_63050d5da330\Packages\Drivers\Audio\ACPBus2\WT64A\amdacprgmext\amdacprgmext.inf","Windows Server 2016","NOT_APPLICABLE","NotApplicable","0","0","0","NotEstablished"
"25.12.1","Main","d0_whql-amd-software-adrenalin-edition-25.12.1-win11-a.exe_63050d5da330\Packages\Drivers\Audio\ACPBus2\WT64A\amdacprgmext\amdacprgmext.inf","Windows Server 2019","NOT_APPLICABLE","NotApplicable","0","0","0","NotEstablished"
"25.12.1","Main","d0_whql-amd-software-adrenalin-edition-25.12.1-win11-a.exe_63050d5da330\Packages\Drivers\Audio\ACPBus2\WT64A\amdacprgmext\amdacprgmext.inf","Windows Server 2022","NOT_APPLICABLE","NotApplicable","0","0","0","NotEstablished"
"25.12.1","Main","d0_whql-amd-software-adrenalin-edition-25.12.1-win11-a.exe_63050d5da330\Packages\Drivers\Audio\ACPBus2\WT64A\amdacprgmext\amdacprgmext.inf","Windows Server 2025","NATIVE_CANDIDATE","NativeCandidate","3","3","3","NotEstablished"
"25.12.1","Main","d0_whql-amd-software-adrenalin-edition-25.12.1-win11-a.exe_63050d5da330\Packages\Drivers\Audio\ACPHPd\WT64A\amdacphpd.inf","Windows Server 2016","NOT_APPLICABLE","NotApplicable","0","0","0","NotEstablished"
"25.12.1","Main","d0_whql-amd-software-adrenalin-edition-25.12.1-win11-a.exe_63050d5da330\Packages\Drivers\Audio\ACPHPd\WT64A\amdacphpd.inf","Windows Server 2019","NOT_APPLICABLE","NotApplicable","0","0","0","NotEstablished"
"25.12.1","Main","d0_whql-amd-software-adrenalin-edition-25.12.1-win11-a.exe_63050d5da330\Packages\Drivers\Audio\ACPHPd\WT64A\amdacphpd.inf","Windows Server 2022","NOT_APPLICABLE","NotApplicable","0","0","0","NotEstablished"
"25.12.1","Main","d0_whql-amd-software-adrenalin-edition-25.12.1-win11-a.exe_63050d5da330\Packages\Drivers\Audio\ACPHPd\WT64A\amdacphpd.inf","Windows Server 2025","REVIEW_REQUIRED","WdfRequirementReview","1","1","1","NotEstablished"
"25.12.1","Main","d0_whql-amd-software-adrenalin-edition-25.12.1-win11-a.exe_63050d5da330\Packages\Drivers\Audio\ACPHPd\WT64A\amdacphpdcomp.inf","Windows Server 2016","NOT_APPLICABLE","NotApplicable","0","0","0","NotEstablished"
"25.12.1","Main","d0_whql-amd-software-adrenalin-edition-25.12.1-win11-a.exe_63050d5da330\Packages\Drivers\Audio\ACPHPd\WT64A\amdacphpdcomp.inf","Windows Server 2019","NATIVE_CANDIDATE","NativeCandidate","1","1","1","NotEstablished"
"25.12.1","Main","d0_whql-amd-software-adrenalin-edition-25.12.1-win11-a.exe_63050d5da330\Packages\Drivers\Audio\ACPHPd\WT64A\amdacphpdcomp.inf","Windows Server 2022","NATIVE_CANDIDATE","NativeCandidate","1","1","1","NotEstablished"
"25.12.1","Main","d0_whql-amd-software-adrenalin-edition-25.12.1-win11-a.exe_63050d5da330\Packages\Drivers\Audio\ACPHPd\WT64A\amdacphpdcomp.inf","Windows Server 2025","NATIVE_CANDIDATE","NativeCandidate","1","1","1","NotEstablished"
"25.12.1","Main","d0_whql-amd-software-adrenalin-edition-25.12.1-win11-a.exe_63050d5da330\Packages\Drivers\Audio\ACPHPd\WT64A\amdacphpdext.inf","Windows Server 2016","NOT_APPLICABLE","NotApplicable","0","0","0","NotEstablished"
"25.12.1","Main","d0_whql-amd-software-adrenalin-edition-25.12.1-win11-a.exe_63050d5da330\Packages\Drivers\Audio\ACPHPd\WT64A\amdacphpdext.inf","Windows Server 2019","NATIVE_CANDIDATE","NativeCandidate","6","6","6","NotEstablished"
"25.12.1","Main","d0_whql-amd-software-adrenalin-edition-25.12.1-win11-a.exe_63050d5da330\Packages\Drivers\Audio\ACPHPd\WT64A\amdacphpdext.inf","Windows Server 2022","NATIVE_CANDIDATE","NativeCandidate","6","6","6","NotEstablished"
"25.12.1","Main","d0_whql-amd-software-adrenalin-edition-25.12.1-win11-a.exe_63050d5da330\Packages\Drivers\Audio\ACPHPd\WT64A\amdacphpdext.inf","Windows Server 2025","NATIVE_CANDIDATE","NativeCandidate","6","6","6","NotEstablished"
"25.12.1","Main","d0_whql-amd-software-adrenalin-edition-25.12.1-win11-a.exe_63050d5da330\Packages\Drivers\Audio\ACPUsbAfd\WT64A\amdacpusb.inf","Windows Server 2016","NOT_APPLICABLE","NotApplicable","0","0","0","NotEstablished"
"25.12.1","Main","d0_whql-amd-software-adrenalin-edition-25.12.1-win11-a.exe_63050d5da330\Packages\Drivers\Audio\ACPUsbAfd\WT64A\amdacpusb.inf","Windows Server 2019","NATIVE_CANDIDATE","NativeCandidate","4","4","4","NotEstablished"
"25.12.1","Main","d0_whql-amd-software-adrenalin-edition-25.12.1-win11-a.exe_63050d5da330\Packages\Drivers\Audio\ACPUsbAfd\WT64A\amdacpusb.inf","Windows Server 2022","NATIVE_CANDIDATE","NativeCandidate","4","4","4","NotEstablished"
"25.12.1","Main","d0_whql-amd-software-adrenalin-edition-25.12.1-win11-a.exe_63050d5da330\Packages\Drivers\Audio\ACPUsbAfd\WT64A\amdacpusb.inf","Windows Server 2025","NATIVE_CANDIDATE","NativeCandidate","4","4","4","NotEstablished"
"25.12.1","Main","d0_whql-amd-software-adrenalin-edition-25.12.1-win11-a.exe_63050d5da330\Packages\Drivers\Audio\HDABus\WT64A\amdhdaudbus.inf","Windows Server 2016","NATIVE_CANDIDATE","NativeCandidate","1","1","1","NotEstablished"
"25.12.1","Main","d0_whql-amd-software-adrenalin-edition-25.12.1-win11-a.exe_63050d5da330\Packages\Drivers\Audio\HDABus\WT64A\amdhdaudbus.inf","Windows Server 2019","NATIVE_CANDIDATE","NativeCandidate","1","1","1","NotEstablished"
"25.12.1","Main","d0_whql-amd-software-adrenalin-edition-25.12.1-win11-a.exe_63050d5da330\Packages\Drivers\Audio\HDABus\WT64A\amdhdaudbus.inf","Windows Server 2022","NATIVE_CANDIDATE","NativeCandidate","1","1","1","NotEstablished"
"25.12.1","Main","d0_whql-amd-software-adrenalin-edition-25.12.1-win11-a.exe_63050d5da330\Packages\Drivers\Audio\HDABus\WT64A\amdhdaudbus.inf","Windows Server 2025","NATIVE_CANDIDATE","NativeCandidate","1","1","1","NotEstablished"
"25.12.1","Main","d0_whql-amd-software-adrenalin-edition-25.12.1-win11-a.exe_63050d5da330\Packages\Drivers\Audio\HDMI\WT64A\AtihdWT6.inf","Windows Server 2016","PATCH_CANDIDATE","ProjectionCandidate","8","0","8","NotEstablished"
"25.12.1","Main","d0_whql-amd-software-adrenalin-edition-25.12.1-win11-a.exe_63050d5da330\Packages\Drivers\Audio\HDMI\WT64A\AtihdWT6.inf","Windows Server 2019","PATCH_CANDIDATE","ProjectionCandidate","8","0","8","NotEstablished"
"25.12.1","Main","d0_whql-amd-software-adrenalin-edition-25.12.1-win11-a.exe_63050d5da330\Packages\Drivers\Audio\HDMI\WT64A\AtihdWT6.inf","Windows Server 2022","PATCH_CANDIDATE","ProjectionCandidate","8","0","8","NotEstablished"
"25.12.1","Main","d0_whql-amd-software-adrenalin-edition-25.12.1-win11-a.exe_63050d5da330\Packages\Drivers\Audio\HDMI\WT64A\AtihdWT6.inf","Windows Server 2025","PATCH_CANDIDATE","ProjectionCandidate","8","0","8","NotEstablished"
"25.12.1","Main","d0_whql-amd-software-adrenalin-edition-25.12.1-win11-a.exe_63050d5da330\Packages\Drivers\Audio\SAFD\WT64A\amdsafd.inf","Windows Server 2016","NOT_APPLICABLE","NotApplicable","0","0","0","NotEstablished"
"25.12.1","Main","d0_whql-amd-software-adrenalin-edition-25.12.1-win11-a.exe_63050d5da330\Packages\Drivers\Audio\SAFD\WT64A\amdsafd.inf","Windows Server 2019","NATIVE_CANDIDATE","NativeCandidate","2","2","2","NotEstablished"
"25.12.1","Main","d0_whql-amd-software-adrenalin-edition-25.12.1-win11-a.exe_63050d5da330\Packages\Drivers\Audio\SAFD\WT64A\amdsafd.inf","Windows Server 2022","NATIVE_CANDIDATE","NativeCandidate","2","2","2","NotEstablished"
"25.12.1","Main","d0_whql-amd-software-adrenalin-edition-25.12.1-win11-a.exe_63050d5da330\Packages\Drivers\Audio\SAFD\WT64A\amdsafd.inf","Windows Server 2025","NATIVE_CANDIDATE","NativeCandidate","2","2","2","NotEstablished"
"25.12.1","Main","d0_whql-amd-software-adrenalin-edition-25.12.1-win11-a.exe_63050d5da330\Packages\Drivers\Audio\SDWC\WT64A\amdsdwc.inf","Windows Server 2016","NOT_APPLICABLE","NotApplicable","0","0","0","NotEstablished"
"25.12.1","Main","d0_whql-amd-software-adrenalin-edition-25.12.1-win11-a.exe_63050d5da330\Packages\Drivers\Audio\SDWC\WT64A\amdsdwc.inf","Windows Server 2019","REVIEW_REQUIRED","WdfRequirementReview","7","7","7","NotEstablished"
"25.12.1","Main","d0_whql-amd-software-adrenalin-edition-25.12.1-win11-a.exe_63050d5da330\Packages\Drivers\Audio\SDWC\WT64A\amdsdwc.inf","Windows Server 2022","NATIVE_CANDIDATE","NativeCandidate","7","7","7","NotEstablished"
"25.12.1","Main","d0_whql-amd-software-adrenalin-edition-25.12.1-win11-a.exe_63050d5da330\Packages\Drivers\Audio\SDWC\WT64A\amdsdwc.inf","Windows Server 2025","NATIVE_CANDIDATE","NativeCandidate","7","7","7","NotEstablished"
"25.12.1","Main","d0_whql-amd-software-adrenalin-edition-25.12.1-win11-a.exe_63050d5da330\Packages\Drivers\Audio\SDWS\WT64A\amdsdws.inf","Windows Server 2016","NOT_APPLICABLE","NotApplicable","0","0","0","NotEstablished"
"25.12.1","Main","d0_whql-amd-software-adrenalin-edition-25.12.1-win11-a.exe_63050d5da330\Packages\Drivers\Audio\SDWS\WT64A\amdsdws.inf","Windows Server 2019","REVIEW_REQUIRED","WdfRequirementReview","11","11","11","NotEstablished"
"25.12.1","Main","d0_whql-amd-software-adrenalin-edition-25.12.1-win11-a.exe_63050d5da330\Packages\Drivers\Audio\SDWS\WT64A\amdsdws.inf","Windows Server 2022","NATIVE_CANDIDATE","NativeCandidate","11","11","11","NotEstablished"
"25.12.1","Main","d0_whql-amd-software-adrenalin-edition-25.12.1-win11-a.exe_63050d5da330\Packages\Drivers\Audio\SDWS\WT64A\amdsdws.inf","Windows Server 2025","NATIVE_CANDIDATE","NativeCandidate","11","11","11","NotEstablished"
"25.12.1","Main","d0_whql-amd-software-adrenalin-edition-25.12.1-win11-a.exe_63050d5da330\Packages\Drivers\Audio\SDWS\WT64A\amdsdwsext\amdsdwsext.inf","Windows Server 2016","NOT_APPLICABLE","NotApplicable","0","0","0","NotEstablished"
"25.12.1","Main","d0_whql-amd-software-adrenalin-edition-25.12.1-win11-a.exe_63050d5da330\Packages\Drivers\Audio\SDWS\WT64A\amdsdwsext\amdsdwsext.inf","Windows Server 2019","NATIVE_CANDIDATE","NativeCandidate","4","4","4","NotEstablished"
"25.12.1","Main","d0_whql-amd-software-adrenalin-edition-25.12.1-win11-a.exe_63050d5da330\Packages\Drivers\Audio\SDWS\WT64A\amdsdwsext\amdsdwsext.inf","Windows Server 2022","NATIVE_CANDIDATE","NativeCandidate","4","4","4","NotEstablished"
"25.12.1","Main","d0_whql-amd-software-adrenalin-edition-25.12.1-win11-a.exe_63050d5da330\Packages\Drivers\Audio\SDWS\WT64A\amdsdwsext\amdsdwsext.inf","Windows Server 2025","NATIVE_CANDIDATE","NativeCandidate","4","4","4","NotEstablished"
"25.12.1","Main","d0_whql-amd-software-adrenalin-edition-25.12.1-win11-a.exe_63050d5da330\Packages\Drivers\Display\WT6A_INF\u0196283.inf","Windows Server 2016","NOT_APPLICABLE","NotApplicable","0","0","0","NotEstablished"
"25.12.1","Main","d0_whql-amd-software-adrenalin-edition-25.12.1-win11-a.exe_63050d5da330\Packages\Drivers\Display\WT6A_INF\u0196283.inf","Windows Server 2019","PATCH_CANDIDATE","ProjectionCandidate","3028","0","3028","NotEstablished"
"25.12.1","Main","d0_whql-amd-software-adrenalin-edition-25.12.1-win11-a.exe_63050d5da330\Packages\Drivers\Display\WT6A_INF\u0196283.inf","Windows Server 2022","PATCH_CANDIDATE","ProjectionCandidate","3028","0","3028","NotEstablished"
"25.12.1","Main","d0_whql-amd-software-adrenalin-edition-25.12.1-win11-a.exe_63050d5da330\Packages\Drivers\Display\WT6A_INF\u0196283.inf","Windows Server 2025","PATCH_CANDIDATE","ProjectionCandidate","3028","0","3028","NotEstablished"
"25.12.1","Main","d0_whql-amd-software-adrenalin-edition-25.12.1-win11-a.exe_63050d5da330\Packages\Drivers\Display\WT6A_INF\amdfdans\AMDFDANS.inf","Windows Server 2016","NATIVE_CANDIDATE","NativeCandidate","1","1","1","NotEstablished"
"25.12.1","Main","d0_whql-amd-software-adrenalin-edition-25.12.1-win11-a.exe_63050d5da330\Packages\Drivers\Display\WT6A_INF\amdfdans\AMDFDANS.inf","Windows Server 2019","NATIVE_CANDIDATE","NativeCandidate","1","1","1","NotEstablished"
"25.12.1","Main","d0_whql-amd-software-adrenalin-edition-25.12.1-win11-a.exe_63050d5da330\Packages\Drivers\Display\WT6A_INF\amdfdans\AMDFDANS.inf","Windows Server 2022","NATIVE_CANDIDATE","NativeCandidate","1","1","1","NotEstablished"
"25.12.1","Main","d0_whql-amd-software-adrenalin-edition-25.12.1-win11-a.exe_63050d5da330\Packages\Drivers\Display\WT6A_INF\amdfdans\AMDFDANS.inf","Windows Server 2025","NATIVE_CANDIDATE","NativeCandidate","1","1","1","NotEstablished"
"25.12.1","Main","d0_whql-amd-software-adrenalin-edition-25.12.1-win11-a.exe_63050d5da330\Packages\Drivers\Display\WT6A_INF\amdfendr\amdfendr.inf","Windows Server 2016","NOT_APPLICABLE","NotApplicable","0","0","0","NotEstablished"
"25.12.1","Main","d0_whql-amd-software-adrenalin-edition-25.12.1-win11-a.exe_63050d5da330\Packages\Drivers\Display\WT6A_INF\amdfendr\amdfendr.inf","Windows Server 2019","NATIVE_CANDIDATE","NativeCandidate","1","1","1","NotEstablished"
"25.12.1","Main","d0_whql-amd-software-adrenalin-edition-25.12.1-win11-a.exe_63050d5da330\Packages\Drivers\Display\WT6A_INF\amdfendr\amdfendr.inf","Windows Server 2022","NATIVE_CANDIDATE","NativeCandidate","1","1","1","NotEstablished"
"25.12.1","Main","d0_whql-amd-software-adrenalin-edition-25.12.1-win11-a.exe_63050d5da330\Packages\Drivers\Display\WT6A_INF\amdfendr\amdfendr.inf","Windows Server 2025","NATIVE_CANDIDATE","NativeCandidate","1","1","1","NotEstablished"
"25.12.1","Main","d0_whql-amd-software-adrenalin-edition-25.12.1-win11-a.exe_63050d5da330\Packages\Drivers\Display\WT6A_INF\amdocl\amdocl.inf","Windows Server 2016","NOT_APPLICABLE","NotApplicable","0","0","0","NotEstablished"
"25.12.1","Main","d0_whql-amd-software-adrenalin-edition-25.12.1-win11-a.exe_63050d5da330\Packages\Drivers\Display\WT6A_INF\amdocl\amdocl.inf","Windows Server 2019","NATIVE_CANDIDATE","NativeCandidate","1","1","1","NotEstablished"
"25.12.1","Main","d0_whql-amd-software-adrenalin-edition-25.12.1-win11-a.exe_63050d5da330\Packages\Drivers\Display\WT6A_INF\amdocl\amdocl.inf","Windows Server 2022","NATIVE_CANDIDATE","NativeCandidate","1","1","1","NotEstablished"
"25.12.1","Main","d0_whql-amd-software-adrenalin-edition-25.12.1-win11-a.exe_63050d5da330\Packages\Drivers\Display\WT6A_INF\amdocl\amdocl.inf","Windows Server 2025","NATIVE_CANDIDATE","NativeCandidate","1","1","1","NotEstablished"
"25.12.1","Main","d0_whql-amd-software-adrenalin-edition-25.12.1-win11-a.exe_63050d5da330\Packages\Drivers\Display\WT6A_INF\amdpcibridge\amdpcibridgeextension.inf","Windows Server 2016","NATIVE_CANDIDATE","NativeCandidate","2","2","2","NotEstablished"
"25.12.1","Main","d0_whql-amd-software-adrenalin-edition-25.12.1-win11-a.exe_63050d5da330\Packages\Drivers\Display\WT6A_INF\amdpcibridge\amdpcibridgeextension.inf","Windows Server 2019","NATIVE_CANDIDATE","NativeCandidate","2","2","2","NotEstablished"
"25.12.1","Main","d0_whql-amd-software-adrenalin-edition-25.12.1-win11-a.exe_63050d5da330\Packages\Drivers\Display\WT6A_INF\amdpcibridge\amdpcibridgeextension.inf","Windows Server 2022","NATIVE_CANDIDATE","NativeCandidate","2","2","2","NotEstablished"
"25.12.1","Main","d0_whql-amd-software-adrenalin-edition-25.12.1-win11-a.exe_63050d5da330\Packages\Drivers\Display\WT6A_INF\amdpcibridge\amdpcibridgeextension.inf","Windows Server 2025","NATIVE_CANDIDATE","NativeCandidate","2","2","2","NotEstablished"
"25.12.1","Main","d0_whql-amd-software-adrenalin-edition-25.12.1-win11-a.exe_63050d5da330\Packages\Drivers\Display\WT6A_INF\amdwin\amdwin-u0196283.inf","Windows Server 2016","NATIVE_CANDIDATE","NativeCandidate","1","1","1","NotEstablished"
"25.12.1","Main","d0_whql-amd-software-adrenalin-edition-25.12.1-win11-a.exe_63050d5da330\Packages\Drivers\Display\WT6A_INF\amdwin\amdwin-u0196283.inf","Windows Server 2019","NATIVE_CANDIDATE","NativeCandidate","1","1","1","NotEstablished"
"25.12.1","Main","d0_whql-amd-software-adrenalin-edition-25.12.1-win11-a.exe_63050d5da330\Packages\Drivers\Display\WT6A_INF\amdwin\amdwin-u0196283.inf","Windows Server 2022","NATIVE_CANDIDATE","NativeCandidate","1","1","1","NotEstablished"
"25.12.1","Main","d0_whql-amd-software-adrenalin-edition-25.12.1-win11-a.exe_63050d5da330\Packages\Drivers\Display\WT6A_INF\amdwin\amdwin-u0196283.inf","Windows Server 2025","NATIVE_CANDIDATE","NativeCandidate","1","1","1","NotEstablished"
"25.12.1","Main","d0_whql-amd-software-adrenalin-edition-25.12.1-win11-a.exe_63050d5da330\Packages\Drivers\Display\WT6A_INF\amdxe\amdxe.inf","Windows Server 2016","NATIVE_CANDIDATE","NativeCandidate","1","1","1","NotEstablished"
"25.12.1","Main","d0_whql-amd-software-adrenalin-edition-25.12.1-win11-a.exe_63050d5da330\Packages\Drivers\Display\WT6A_INF\amdxe\amdxe.inf","Windows Server 2019","NATIVE_CANDIDATE","NativeCandidate","1","1","1","NotEstablished"
"25.12.1","Main","d0_whql-amd-software-adrenalin-edition-25.12.1-win11-a.exe_63050d5da330\Packages\Drivers\Display\WT6A_INF\amdxe\amdxe.inf","Windows Server 2022","NATIVE_CANDIDATE","NativeCandidate","1","1","1","NotEstablished"
"25.12.1","Main","d0_whql-amd-software-adrenalin-edition-25.12.1-win11-a.exe_63050d5da330\Packages\Drivers\Display\WT6A_INF\amdxe\amdxe.inf","Windows Server 2025","NATIVE_CANDIDATE","NativeCandidate","1","1","1","NotEstablished"
"25.12.1","Main","d0_whql-amd-software-adrenalin-edition-25.12.1-win11-a.exe_63050d5da330\Packages\Drivers\RadeonLED\WT64A\amdusbledfd.inf","Windows Server 2016","NATIVE_CANDIDATE","NativeCandidate","6","6","6","NotEstablished"
"25.12.1","Main","d0_whql-amd-software-adrenalin-edition-25.12.1-win11-a.exe_63050d5da330\Packages\Drivers\RadeonLED\WT64A\amdusbledfd.inf","Windows Server 2019","NATIVE_CANDIDATE","NativeCandidate","6","6","6","NotEstablished"
"25.12.1","Main","d0_whql-amd-software-adrenalin-edition-25.12.1-win11-a.exe_63050d5da330\Packages\Drivers\RadeonLED\WT64A\amdusbledfd.inf","Windows Server 2022","NATIVE_CANDIDATE","NativeCandidate","6","6","6","NotEstablished"
"25.12.1","Main","d0_whql-amd-software-adrenalin-edition-25.12.1-win11-a.exe_63050d5da330\Packages\Drivers\RadeonLED\WT64A\amdusbledfd.inf","Windows Server 2025","NATIVE_CANDIDATE","NativeCandidate","6","6","6","NotEstablished"
"25.12.1","Main","d0_whql-amd-software-adrenalin-edition-25.12.1-win11-a.exe_63050d5da330\Packages\Drivers\SBDrv\AMDUCSI\WT64A\amducsi.inf","Windows Server 2016","NATIVE_CANDIDATE","NativeCandidate","5","5","5","NotEstablished"
"25.12.1","Main","d0_whql-amd-software-adrenalin-edition-25.12.1-win11-a.exe_63050d5da330\Packages\Drivers\SBDrv\AMDUCSI\WT64A\amducsi.inf","Windows Server 2019","NATIVE_CANDIDATE","NativeCandidate","5","5","5","NotEstablished"
"25.12.1","Main","d0_whql-amd-software-adrenalin-edition-25.12.1-win11-a.exe_63050d5da330\Packages\Drivers\SBDrv\AMDUCSI\WT64A\amducsi.inf","Windows Server 2022","NATIVE_CANDIDATE","NativeCandidate","5","5","5","NotEstablished"
"25.12.1","Main","d0_whql-amd-software-adrenalin-edition-25.12.1-win11-a.exe_63050d5da330\Packages\Drivers\SBDrv\AMDUCSI\WT64A\amducsi.inf","Windows Server 2025","NATIVE_CANDIDATE","NativeCandidate","5","5","5","NotEstablished"
"24.12.1","RDNA","d0_whql-amd-software-adrenalin-edition-24.12.1-win10-win11-dec-rdna.exe_55eb3002898e\Packages\Drivers\AMDNPUMCDM\WT64A\kipudrv.inf","Windows Server 2016","NOT_APPLICABLE","NotApplicable","0","0","0","NotEstablished"
"24.12.1","RDNA","d0_whql-amd-software-adrenalin-edition-24.12.1-win10-win11-dec-rdna.exe_55eb3002898e\Packages\Drivers\AMDNPUMCDM\WT64A\kipudrv.inf","Windows Server 2019","NOT_APPLICABLE","NotApplicable","0","0","0","NotEstablished"
"24.12.1","RDNA","d0_whql-amd-software-adrenalin-edition-24.12.1-win10-win11-dec-rdna.exe_55eb3002898e\Packages\Drivers\AMDNPUMCDM\WT64A\kipudrv.inf","Windows Server 2022","NOT_APPLICABLE","NotApplicable","0","0","0","NotEstablished"
"24.12.1","RDNA","d0_whql-amd-software-adrenalin-edition-24.12.1-win10-win11-dec-rdna.exe_55eb3002898e\Packages\Drivers\AMDNPUMCDM\WT64A\kipudrv.inf","Windows Server 2025","NATIVE_CANDIDATE","NativeCandidate","2","2","2","NotEstablished"
"24.12.1","RDNA","d0_whql-amd-software-adrenalin-edition-24.12.1-win10-win11-dec-rdna.exe_55eb3002898e\Packages\Drivers\AMDNPUWDF\WT64A\kipudrv.inf","Windows Server 2016","NATIVE_CANDIDATE","NativeCandidate","2","2","2","NotEstablished"
"24.12.1","RDNA","d0_whql-amd-software-adrenalin-edition-24.12.1-win10-win11-dec-rdna.exe_55eb3002898e\Packages\Drivers\AMDNPUWDF\WT64A\kipudrv.inf","Windows Server 2019","NATIVE_CANDIDATE","NativeCandidate","2","2","2","NotEstablished"
"24.12.1","RDNA","d0_whql-amd-software-adrenalin-edition-24.12.1-win10-win11-dec-rdna.exe_55eb3002898e\Packages\Drivers\AMDNPUWDF\WT64A\kipudrv.inf","Windows Server 2022","NATIVE_CANDIDATE","NativeCandidate","2","2","2","NotEstablished"
"24.12.1","RDNA","d0_whql-amd-software-adrenalin-edition-24.12.1-win10-win11-dec-rdna.exe_55eb3002898e\Packages\Drivers\AMDNPUWDF\WT64A\kipudrv.inf","Windows Server 2025","NATIVE_CANDIDATE","NativeCandidate","2","2","2","NotEstablished"
"24.12.1","RDNA","d0_whql-amd-software-adrenalin-edition-24.12.1-win10-win11-dec-rdna.exe_55eb3002898e\Packages\Drivers\Audio\ACPAfd\WT64A\amdacpafd.inf","Windows Server 2016","NOT_APPLICABLE","NotApplicable","0","0","0","NotEstablished"
"24.12.1","RDNA","d0_whql-amd-software-adrenalin-edition-24.12.1-win10-win11-dec-rdna.exe_55eb3002898e\Packages\Drivers\Audio\ACPAfd\WT64A\amdacpafd.inf","Windows Server 2019","NATIVE_CANDIDATE","NativeCandidate","4","4","4","NotEstablished"
"24.12.1","RDNA","d0_whql-amd-software-adrenalin-edition-24.12.1-win10-win11-dec-rdna.exe_55eb3002898e\Packages\Drivers\Audio\ACPAfd\WT64A\amdacpafd.inf","Windows Server 2022","NATIVE_CANDIDATE","NativeCandidate","4","4","4","NotEstablished"
"24.12.1","RDNA","d0_whql-amd-software-adrenalin-edition-24.12.1-win10-win11-dec-rdna.exe_55eb3002898e\Packages\Drivers\Audio\ACPAfd\WT64A\amdacpafd.inf","Windows Server 2025","NATIVE_CANDIDATE","NativeCandidate","4","4","4","NotEstablished"
"24.12.1","RDNA","d0_whql-amd-software-adrenalin-edition-24.12.1-win10-win11-dec-rdna.exe_55eb3002898e\Packages\Drivers\Audio\ACPAFDSVC\WT64A\amdacpafdcomp.inf","Windows Server 2016","NOT_APPLICABLE","NotApplicable","0","0","0","NotEstablished"
"24.12.1","RDNA","d0_whql-amd-software-adrenalin-edition-24.12.1-win10-win11-dec-rdna.exe_55eb3002898e\Packages\Drivers\Audio\ACPAFDSVC\WT64A\amdacpafdcomp.inf","Windows Server 2019","NATIVE_CANDIDATE","NativeCandidate","1","1","1","NotEstablished"
"24.12.1","RDNA","d0_whql-amd-software-adrenalin-edition-24.12.1-win10-win11-dec-rdna.exe_55eb3002898e\Packages\Drivers\Audio\ACPAFDSVC\WT64A\amdacpafdcomp.inf","Windows Server 2022","NATIVE_CANDIDATE","NativeCandidate","1","1","1","NotEstablished"
"24.12.1","RDNA","d0_whql-amd-software-adrenalin-edition-24.12.1-win10-win11-dec-rdna.exe_55eb3002898e\Packages\Drivers\Audio\ACPAFDSVC\WT64A\amdacpafdcomp.inf","Windows Server 2025","NATIVE_CANDIDATE","NativeCandidate","1","1","1","NotEstablished"
"24.12.1","RDNA","d0_whql-amd-software-adrenalin-edition-24.12.1-win10-win11-dec-rdna.exe_55eb3002898e\Packages\Drivers\Audio\ACPAFDSVC\WT64A\amdacpafdext.inf","Windows Server 2016","NOT_APPLICABLE","NotApplicable","0","0","0","NotEstablished"
"24.12.1","RDNA","d0_whql-amd-software-adrenalin-edition-24.12.1-win10-win11-dec-rdna.exe_55eb3002898e\Packages\Drivers\Audio\ACPAFDSVC\WT64A\amdacpafdext.inf","Windows Server 2019","NATIVE_CANDIDATE","NativeCandidate","1","1","1","NotEstablished"
"24.12.1","RDNA","d0_whql-amd-software-adrenalin-edition-24.12.1-win10-win11-dec-rdna.exe_55eb3002898e\Packages\Drivers\Audio\ACPAFDSVC\WT64A\amdacpafdext.inf","Windows Server 2022","NATIVE_CANDIDATE","NativeCandidate","1","1","1","NotEstablished"
"24.12.1","RDNA","d0_whql-amd-software-adrenalin-edition-24.12.1-win10-win11-dec-rdna.exe_55eb3002898e\Packages\Drivers\Audio\ACPAFDSVC\WT64A\amdacpafdext.inf","Windows Server 2025","NATIVE_CANDIDATE","NativeCandidate","1","1","1","NotEstablished"
"24.12.1","RDNA","d0_whql-amd-software-adrenalin-edition-24.12.1-win10-win11-dec-rdna.exe_55eb3002898e\Packages\Drivers\Audio\ACPBTACX\WT64A\amdacpbtacx.inf","Windows Server 2016","NOT_APPLICABLE","NotApplicable","0","0","0","NotEstablished"
"24.12.1","RDNA","d0_whql-amd-software-adrenalin-edition-24.12.1-win10-win11-dec-rdna.exe_55eb3002898e\Packages\Drivers\Audio\ACPBTACX\WT64A\amdacpbtacx.inf","Windows Server 2019","REVIEW_REQUIRED","WdfRequirementReview","7","7","7","NotEstablished"
"24.12.1","RDNA","d0_whql-amd-software-adrenalin-edition-24.12.1-win10-win11-dec-rdna.exe_55eb3002898e\Packages\Drivers\Audio\ACPBTACX\WT64A\amdacpbtacx.inf","Windows Server 2022","NATIVE_CANDIDATE","NativeCandidate","7","7","7","NotEstablished"
"24.12.1","RDNA","d0_whql-amd-software-adrenalin-edition-24.12.1-win10-win11-dec-rdna.exe_55eb3002898e\Packages\Drivers\Audio\ACPBTACX\WT64A\amdacpbtacx.inf","Windows Server 2025","NATIVE_CANDIDATE","NativeCandidate","7","7","7","NotEstablished"
"24.12.1","RDNA","d0_whql-amd-software-adrenalin-edition-24.12.1-win10-win11-dec-rdna.exe_55eb3002898e\Packages\Drivers\Audio\ACPBtAfd\WT64A\amdacpbt.inf","Windows Server 2016","NOT_APPLICABLE","NotApplicable","0","0","0","NotEstablished"
"24.12.1","RDNA","d0_whql-amd-software-adrenalin-edition-24.12.1-win10-win11-dec-rdna.exe_55eb3002898e\Packages\Drivers\Audio\ACPBtAfd\WT64A\amdacpbt.inf","Windows Server 2019","NATIVE_CANDIDATE","NativeCandidate","1","1","1","NotEstablished"
"24.12.1","RDNA","d0_whql-amd-software-adrenalin-edition-24.12.1-win10-win11-dec-rdna.exe_55eb3002898e\Packages\Drivers\Audio\ACPBtAfd\WT64A\amdacpbt.inf","Windows Server 2022","NATIVE_CANDIDATE","NativeCandidate","1","1","1","NotEstablished"
"24.12.1","RDNA","d0_whql-amd-software-adrenalin-edition-24.12.1-win10-win11-dec-rdna.exe_55eb3002898e\Packages\Drivers\Audio\ACPBtAfd\WT64A\amdacpbt.inf","Windows Server 2025","NATIVE_CANDIDATE","NativeCandidate","1","1","1","NotEstablished"
"24.12.1","RDNA","d0_whql-amd-software-adrenalin-edition-24.12.1-win10-win11-dec-rdna.exe_55eb3002898e\Packages\Drivers\Audio\ACPBtAfd\WT64A\amdacpbtscoext\amdacpbtscoext.inf","Windows Server 2016","NOT_APPLICABLE","NotApplicable","0","0","0","NotEstablished"
"24.12.1","RDNA","d0_whql-amd-software-adrenalin-edition-24.12.1-win10-win11-dec-rdna.exe_55eb3002898e\Packages\Drivers\Audio\ACPBtAfd\WT64A\amdacpbtscoext\amdacpbtscoext.inf","Windows Server 2019","NOT_APPLICABLE","NotApplicable","0","0","0","NotEstablished"
"24.12.1","RDNA","d0_whql-amd-software-adrenalin-edition-24.12.1-win10-win11-dec-rdna.exe_55eb3002898e\Packages\Drivers\Audio\ACPBtAfd\WT64A\amdacpbtscoext\amdacpbtscoext.inf","Windows Server 2022","NOT_APPLICABLE","NotApplicable","0","0","0","NotEstablished"
"24.12.1","RDNA","d0_whql-amd-software-adrenalin-edition-24.12.1-win10-win11-dec-rdna.exe_55eb3002898e\Packages\Drivers\Audio\ACPBtAfd\WT64A\amdacpbtscoext\amdacpbtscoext.inf","Windows Server 2025","NATIVE_CANDIDATE","NativeCandidate","1","1","1","NotEstablished"
"24.12.1","RDNA","d0_whql-amd-software-adrenalin-edition-24.12.1-win10-win11-dec-rdna.exe_55eb3002898e\Packages\Drivers\Audio\ACPBus\WT64A\amdacpbus.inf","Windows Server 2016","NOT_APPLICABLE","NotApplicable","0","0","0","NotEstablished"
"24.12.1","RDNA","d0_whql-amd-software-adrenalin-edition-24.12.1-win10-win11-dec-rdna.exe_55eb3002898e\Packages\Drivers\Audio\ACPBus\WT64A\amdacpbus.inf","Windows Server 2019","NATIVE_CANDIDATE","NativeCandidate","6","6","6","NotEstablished"
"24.12.1","RDNA","d0_whql-amd-software-adrenalin-edition-24.12.1-win10-win11-dec-rdna.exe_55eb3002898e\Packages\Drivers\Audio\ACPBus\WT64A\amdacpbus.inf","Windows Server 2022","NATIVE_CANDIDATE","NativeCandidate","6","6","6","NotEstablished"
"24.12.1","RDNA","d0_whql-amd-software-adrenalin-edition-24.12.1-win10-win11-dec-rdna.exe_55eb3002898e\Packages\Drivers\Audio\ACPBus\WT64A\amdacpbus.inf","Windows Server 2025","NATIVE_CANDIDATE","NativeCandidate","6","6","6","NotEstablished"
"24.12.1","RDNA","d0_whql-amd-software-adrenalin-edition-24.12.1-win10-win11-dec-rdna.exe_55eb3002898e\Packages\Drivers\Audio\ACPBus\WT64A\amdacpbusext\amdacpbusext.inf","Windows Server 2016","NOT_APPLICABLE","NotApplicable","0","0","0","NotEstablished"
"24.12.1","RDNA","d0_whql-amd-software-adrenalin-edition-24.12.1-win10-win11-dec-rdna.exe_55eb3002898e\Packages\Drivers\Audio\ACPBus\WT64A\amdacpbusext\amdacpbusext.inf","Windows Server 2019","NATIVE_CANDIDATE","NativeCandidate","4","4","4","NotEstablished"
"24.12.1","RDNA","d0_whql-amd-software-adrenalin-edition-24.12.1-win10-win11-dec-rdna.exe_55eb3002898e\Packages\Drivers\Audio\ACPBus\WT64A\amdacpbusext\amdacpbusext.inf","Windows Server 2022","NATIVE_CANDIDATE","NativeCandidate","4","4","4","NotEstablished"
"24.12.1","RDNA","d0_whql-amd-software-adrenalin-edition-24.12.1-win10-win11-dec-rdna.exe_55eb3002898e\Packages\Drivers\Audio\ACPBus\WT64A\amdacpbusext\amdacpbusext.inf","Windows Server 2025","NATIVE_CANDIDATE","NativeCandidate","4","4","4","NotEstablished"
"24.12.1","RDNA","d0_whql-amd-software-adrenalin-edition-24.12.1-win10-win11-dec-rdna.exe_55eb3002898e\Packages\Drivers\Audio\ACPBus2\WT64A\amdacpbus2.inf","Windows Server 2016","NOT_APPLICABLE","NotApplicable","0","0","0","NotEstablished"
"24.12.1","RDNA","d0_whql-amd-software-adrenalin-edition-24.12.1-win10-win11-dec-rdna.exe_55eb3002898e\Packages\Drivers\Audio\ACPBus2\WT64A\amdacpbus2.inf","Windows Server 2019","NATIVE_CANDIDATE","NativeCandidate","2","2","2","NotEstablished"
"24.12.1","RDNA","d0_whql-amd-software-adrenalin-edition-24.12.1-win10-win11-dec-rdna.exe_55eb3002898e\Packages\Drivers\Audio\ACPBus2\WT64A\amdacpbus2.inf","Windows Server 2022","NATIVE_CANDIDATE","NativeCandidate","2","2","2","NotEstablished"
"24.12.1","RDNA","d0_whql-amd-software-adrenalin-edition-24.12.1-win10-win11-dec-rdna.exe_55eb3002898e\Packages\Drivers\Audio\ACPBus2\WT64A\amdacpbus2.inf","Windows Server 2025","NATIVE_CANDIDATE","NativeCandidate","2","2","2","NotEstablished"
"24.12.1","RDNA","d0_whql-amd-software-adrenalin-edition-24.12.1-win10-win11-dec-rdna.exe_55eb3002898e\Packages\Drivers\Audio\ACPBus2\WT64A\amdacpbusext\amdacpbusext.inf","Windows Server 2016","NOT_APPLICABLE","NotApplicable","0","0","0","NotEstablished"
"24.12.1","RDNA","d0_whql-amd-software-adrenalin-edition-24.12.1-win10-win11-dec-rdna.exe_55eb3002898e\Packages\Drivers\Audio\ACPBus2\WT64A\amdacpbusext\amdacpbusext.inf","Windows Server 2019","NATIVE_CANDIDATE","NativeCandidate","4","4","4","NotEstablished"
"24.12.1","RDNA","d0_whql-amd-software-adrenalin-edition-24.12.1-win10-win11-dec-rdna.exe_55eb3002898e\Packages\Drivers\Audio\ACPBus2\WT64A\amdacpbusext\amdacpbusext.inf","Windows Server 2022","NATIVE_CANDIDATE","NativeCandidate","4","4","4","NotEstablished"
"24.12.1","RDNA","d0_whql-amd-software-adrenalin-edition-24.12.1-win10-win11-dec-rdna.exe_55eb3002898e\Packages\Drivers\Audio\ACPBus2\WT64A\amdacpbusext\amdacpbusext.inf","Windows Server 2025","NATIVE_CANDIDATE","NativeCandidate","4","4","4","NotEstablished"
"24.12.1","RDNA","d0_whql-amd-software-adrenalin-edition-24.12.1-win10-win11-dec-rdna.exe_55eb3002898e\Packages\Drivers\Audio\ACPBus2\WT64A\amdacprgmext\amdacprgmext.inf","Windows Server 2016","NOT_APPLICABLE","NotApplicable","0","0","0","NotEstablished"
"24.12.1","RDNA","d0_whql-amd-software-adrenalin-edition-24.12.1-win10-win11-dec-rdna.exe_55eb3002898e\Packages\Drivers\Audio\ACPBus2\WT64A\amdacprgmext\amdacprgmext.inf","Windows Server 2019","NOT_APPLICABLE","NotApplicable","0","0","0","NotEstablished"
"24.12.1","RDNA","d0_whql-amd-software-adrenalin-edition-24.12.1-win10-win11-dec-rdna.exe_55eb3002898e\Packages\Drivers\Audio\ACPBus2\WT64A\amdacprgmext\amdacprgmext.inf","Windows Server 2022","NOT_APPLICABLE","NotApplicable","0","0","0","NotEstablished"
"24.12.1","RDNA","d0_whql-amd-software-adrenalin-edition-24.12.1-win10-win11-dec-rdna.exe_55eb3002898e\Packages\Drivers\Audio\ACPBus2\WT64A\amdacprgmext\amdacprgmext.inf","Windows Server 2025","NATIVE_CANDIDATE","NativeCandidate","3","3","3","NotEstablished"
"24.12.1","RDNA","d0_whql-amd-software-adrenalin-edition-24.12.1-win10-win11-dec-rdna.exe_55eb3002898e\Packages\Drivers\Audio\ACPHpd\WT64A\amdacphpd.inf","Windows Server 2016","NOT_APPLICABLE","NotApplicable","0","0","0","NotEstablished"
"24.12.1","RDNA","d0_whql-amd-software-adrenalin-edition-24.12.1-win10-win11-dec-rdna.exe_55eb3002898e\Packages\Drivers\Audio\ACPHpd\WT64A\amdacphpd.inf","Windows Server 2019","NOT_APPLICABLE","NotApplicable","0","0","0","NotEstablished"
"24.12.1","RDNA","d0_whql-amd-software-adrenalin-edition-24.12.1-win10-win11-dec-rdna.exe_55eb3002898e\Packages\Drivers\Audio\ACPHpd\WT64A\amdacphpd.inf","Windows Server 2022","NOT_APPLICABLE","NotApplicable","0","0","0","NotEstablished"
"24.12.1","RDNA","d0_whql-amd-software-adrenalin-edition-24.12.1-win10-win11-dec-rdna.exe_55eb3002898e\Packages\Drivers\Audio\ACPHpd\WT64A\amdacphpd.inf","Windows Server 2025","REVIEW_REQUIRED","WdfRequirementReview","1","1","1","NotEstablished"
"24.12.1","RDNA","d0_whql-amd-software-adrenalin-edition-24.12.1-win10-win11-dec-rdna.exe_55eb3002898e\Packages\Drivers\Audio\ACPHpd\WT64A\amdacphpdcomp.inf","Windows Server 2016","NOT_APPLICABLE","NotApplicable","0","0","0","NotEstablished"
"24.12.1","RDNA","d0_whql-amd-software-adrenalin-edition-24.12.1-win10-win11-dec-rdna.exe_55eb3002898e\Packages\Drivers\Audio\ACPHpd\WT64A\amdacphpdcomp.inf","Windows Server 2019","NATIVE_CANDIDATE","NativeCandidate","1","1","1","NotEstablished"
"24.12.1","RDNA","d0_whql-amd-software-adrenalin-edition-24.12.1-win10-win11-dec-rdna.exe_55eb3002898e\Packages\Drivers\Audio\ACPHpd\WT64A\amdacphpdcomp.inf","Windows Server 2022","NATIVE_CANDIDATE","NativeCandidate","1","1","1","NotEstablished"
"24.12.1","RDNA","d0_whql-amd-software-adrenalin-edition-24.12.1-win10-win11-dec-rdna.exe_55eb3002898e\Packages\Drivers\Audio\ACPHpd\WT64A\amdacphpdcomp.inf","Windows Server 2025","NATIVE_CANDIDATE","NativeCandidate","1","1","1","NotEstablished"
"24.12.1","RDNA","d0_whql-amd-software-adrenalin-edition-24.12.1-win10-win11-dec-rdna.exe_55eb3002898e\Packages\Drivers\Audio\ACPHpd\WT64A\amdacphpdext.inf","Windows Server 2016","NOT_APPLICABLE","NotApplicable","0","0","0","NotEstablished"
"24.12.1","RDNA","d0_whql-amd-software-adrenalin-edition-24.12.1-win10-win11-dec-rdna.exe_55eb3002898e\Packages\Drivers\Audio\ACPHpd\WT64A\amdacphpdext.inf","Windows Server 2019","NATIVE_CANDIDATE","NativeCandidate","4","4","4","NotEstablished"
"24.12.1","RDNA","d0_whql-amd-software-adrenalin-edition-24.12.1-win10-win11-dec-rdna.exe_55eb3002898e\Packages\Drivers\Audio\ACPHpd\WT64A\amdacphpdext.inf","Windows Server 2022","NATIVE_CANDIDATE","NativeCandidate","4","4","4","NotEstablished"
"24.12.1","RDNA","d0_whql-amd-software-adrenalin-edition-24.12.1-win10-win11-dec-rdna.exe_55eb3002898e\Packages\Drivers\Audio\ACPHpd\WT64A\amdacphpdext.inf","Windows Server 2025","NATIVE_CANDIDATE","NativeCandidate","4","4","4","NotEstablished"
"24.12.1","RDNA","d0_whql-amd-software-adrenalin-edition-24.12.1-win10-win11-dec-rdna.exe_55eb3002898e\Packages\Drivers\Audio\ACPUsbAfd\WT64A\amdacpusb.inf","Windows Server 2016","NOT_APPLICABLE","NotApplicable","0","0","0","NotEstablished"
"24.12.1","RDNA","d0_whql-amd-software-adrenalin-edition-24.12.1-win10-win11-dec-rdna.exe_55eb3002898e\Packages\Drivers\Audio\ACPUsbAfd\WT64A\amdacpusb.inf","Windows Server 2019","NATIVE_CANDIDATE","NativeCandidate","1","1","1","NotEstablished"
"24.12.1","RDNA","d0_whql-amd-software-adrenalin-edition-24.12.1-win10-win11-dec-rdna.exe_55eb3002898e\Packages\Drivers\Audio\ACPUsbAfd\WT64A\amdacpusb.inf","Windows Server 2022","NATIVE_CANDIDATE","NativeCandidate","1","1","1","NotEstablished"
"24.12.1","RDNA","d0_whql-amd-software-adrenalin-edition-24.12.1-win10-win11-dec-rdna.exe_55eb3002898e\Packages\Drivers\Audio\ACPUsbAfd\WT64A\amdacpusb.inf","Windows Server 2025","NATIVE_CANDIDATE","NativeCandidate","1","1","1","NotEstablished"
"24.12.1","RDNA","d0_whql-amd-software-adrenalin-edition-24.12.1-win10-win11-dec-rdna.exe_55eb3002898e\Packages\Drivers\Audio\HDABus\WT64A\amdhdaudbus.inf","Windows Server 2016","NATIVE_CANDIDATE","NativeCandidate","1","1","1","NotEstablished"
"24.12.1","RDNA","d0_whql-amd-software-adrenalin-edition-24.12.1-win10-win11-dec-rdna.exe_55eb3002898e\Packages\Drivers\Audio\HDABus\WT64A\amdhdaudbus.inf","Windows Server 2019","NATIVE_CANDIDATE","NativeCandidate","1","1","1","NotEstablished"
"24.12.1","RDNA","d0_whql-amd-software-adrenalin-edition-24.12.1-win10-win11-dec-rdna.exe_55eb3002898e\Packages\Drivers\Audio\HDABus\WT64A\amdhdaudbus.inf","Windows Server 2022","NATIVE_CANDIDATE","NativeCandidate","1","1","1","NotEstablished"
"24.12.1","RDNA","d0_whql-amd-software-adrenalin-edition-24.12.1-win10-win11-dec-rdna.exe_55eb3002898e\Packages\Drivers\Audio\HDABus\WT64A\amdhdaudbus.inf","Windows Server 2025","NATIVE_CANDIDATE","NativeCandidate","1","1","1","NotEstablished"
"24.12.1","RDNA","d0_whql-amd-software-adrenalin-edition-24.12.1-win10-win11-dec-rdna.exe_55eb3002898e\Packages\Drivers\Audio\HDMI\WT64A\AtihdWT6.inf","Windows Server 2016","NATIVE_CANDIDATE","NativeCandidate","8","8","8","NotEstablished"
"24.12.1","RDNA","d0_whql-amd-software-adrenalin-edition-24.12.1-win10-win11-dec-rdna.exe_55eb3002898e\Packages\Drivers\Audio\HDMI\WT64A\AtihdWT6.inf","Windows Server 2019","NATIVE_CANDIDATE","NativeCandidate","8","8","8","NotEstablished"
"24.12.1","RDNA","d0_whql-amd-software-adrenalin-edition-24.12.1-win10-win11-dec-rdna.exe_55eb3002898e\Packages\Drivers\Audio\HDMI\WT64A\AtihdWT6.inf","Windows Server 2022","NATIVE_CANDIDATE","NativeCandidate","8","8","8","NotEstablished"
"24.12.1","RDNA","d0_whql-amd-software-adrenalin-edition-24.12.1-win10-win11-dec-rdna.exe_55eb3002898e\Packages\Drivers\Audio\HDMI\WT64A\AtihdWT6.inf","Windows Server 2025","NATIVE_CANDIDATE","NativeCandidate","8","8","8","NotEstablished"
"24.12.1","RDNA","d0_whql-amd-software-adrenalin-edition-24.12.1-win10-win11-dec-rdna.exe_55eb3002898e\Packages\Drivers\Audio\SAFD\WT64A\amdsafd.inf","Windows Server 2016","NOT_APPLICABLE","NotApplicable","0","0","0","NotEstablished"
"24.12.1","RDNA","d0_whql-amd-software-adrenalin-edition-24.12.1-win10-win11-dec-rdna.exe_55eb3002898e\Packages\Drivers\Audio\SAFD\WT64A\amdsafd.inf","Windows Server 2019","NATIVE_CANDIDATE","NativeCandidate","2","2","2","NotEstablished"
"24.12.1","RDNA","d0_whql-amd-software-adrenalin-edition-24.12.1-win10-win11-dec-rdna.exe_55eb3002898e\Packages\Drivers\Audio\SAFD\WT64A\amdsafd.inf","Windows Server 2022","NATIVE_CANDIDATE","NativeCandidate","2","2","2","NotEstablished"
"24.12.1","RDNA","d0_whql-amd-software-adrenalin-edition-24.12.1-win10-win11-dec-rdna.exe_55eb3002898e\Packages\Drivers\Audio\SAFD\WT64A\amdsafd.inf","Windows Server 2025","NATIVE_CANDIDATE","NativeCandidate","2","2","2","NotEstablished"
"24.12.1","RDNA","d0_whql-amd-software-adrenalin-edition-24.12.1-win10-win11-dec-rdna.exe_55eb3002898e\Packages\Drivers\Audio\SDWC\WT64A\amdsdwc.inf","Windows Server 2016","NOT_APPLICABLE","NotApplicable","0","0","0","NotEstablished"
"24.12.1","RDNA","d0_whql-amd-software-adrenalin-edition-24.12.1-win10-win11-dec-rdna.exe_55eb3002898e\Packages\Drivers\Audio\SDWC\WT64A\amdsdwc.inf","Windows Server 2019","REVIEW_REQUIRED","WdfRequirementReview","1","1","1","NotEstablished"
"24.12.1","RDNA","d0_whql-amd-software-adrenalin-edition-24.12.1-win10-win11-dec-rdna.exe_55eb3002898e\Packages\Drivers\Audio\SDWC\WT64A\amdsdwc.inf","Windows Server 2022","NATIVE_CANDIDATE","NativeCandidate","1","1","1","NotEstablished"
"24.12.1","RDNA","d0_whql-amd-software-adrenalin-edition-24.12.1-win10-win11-dec-rdna.exe_55eb3002898e\Packages\Drivers\Audio\SDWC\WT64A\amdsdwc.inf","Windows Server 2025","NATIVE_CANDIDATE","NativeCandidate","1","1","1","NotEstablished"
"24.12.1","RDNA","d0_whql-amd-software-adrenalin-edition-24.12.1-win10-win11-dec-rdna.exe_55eb3002898e\Packages\Drivers\Audio\SDWS\WT64A\amdsdws.inf","Windows Server 2016","NOT_APPLICABLE","NotApplicable","0","0","0","NotEstablished"
"24.12.1","RDNA","d0_whql-amd-software-adrenalin-edition-24.12.1-win10-win11-dec-rdna.exe_55eb3002898e\Packages\Drivers\Audio\SDWS\WT64A\amdsdws.inf","Windows Server 2019","REVIEW_REQUIRED","WdfRequirementReview","5","5","5","NotEstablished"
"24.12.1","RDNA","d0_whql-amd-software-adrenalin-edition-24.12.1-win10-win11-dec-rdna.exe_55eb3002898e\Packages\Drivers\Audio\SDWS\WT64A\amdsdws.inf","Windows Server 2022","NATIVE_CANDIDATE","NativeCandidate","5","5","5","NotEstablished"
"24.12.1","RDNA","d0_whql-amd-software-adrenalin-edition-24.12.1-win10-win11-dec-rdna.exe_55eb3002898e\Packages\Drivers\Audio\SDWS\WT64A\amdsdws.inf","Windows Server 2025","NATIVE_CANDIDATE","NativeCandidate","5","5","5","NotEstablished"
"24.12.1","RDNA","d0_whql-amd-software-adrenalin-edition-24.12.1-win10-win11-dec-rdna.exe_55eb3002898e\Packages\Drivers\Audio\SDWS\WT64A\amdsdwsext\amdsdwsext.inf","Windows Server 2016","NOT_APPLICABLE","NotApplicable","0","0","0","NotEstablished"
"24.12.1","RDNA","d0_whql-amd-software-adrenalin-edition-24.12.1-win10-win11-dec-rdna.exe_55eb3002898e\Packages\Drivers\Audio\SDWS\WT64A\amdsdwsext\amdsdwsext.inf","Windows Server 2019","NATIVE_CANDIDATE","NativeCandidate","4","4","4","NotEstablished"
"24.12.1","RDNA","d0_whql-amd-software-adrenalin-edition-24.12.1-win10-win11-dec-rdna.exe_55eb3002898e\Packages\Drivers\Audio\SDWS\WT64A\amdsdwsext\amdsdwsext.inf","Windows Server 2022","NATIVE_CANDIDATE","NativeCandidate","4","4","4","NotEstablished"
"24.12.1","RDNA","d0_whql-amd-software-adrenalin-edition-24.12.1-win10-win11-dec-rdna.exe_55eb3002898e\Packages\Drivers\Audio\SDWS\WT64A\amdsdwsext\amdsdwsext.inf","Windows Server 2025","NATIVE_CANDIDATE","NativeCandidate","4","4","4","NotEstablished"
"24.12.1","RDNA","d0_whql-amd-software-adrenalin-edition-24.12.1-win10-win11-dec-rdna.exe_55eb3002898e\Packages\Drivers\Display\WT6A_INF\u0410212.inf","Windows Server 2016","NOT_APPLICABLE","NotApplicable","0","0","0","NotEstablished"
"24.12.1","RDNA","d0_whql-amd-software-adrenalin-edition-24.12.1-win10-win11-dec-rdna.exe_55eb3002898e\Packages\Drivers\Display\WT6A_INF\u0410212.inf","Windows Server 2019","PATCH_CANDIDATE","ProjectionCandidate","4485","0","4485","NotEstablished"
"24.12.1","RDNA","d0_whql-amd-software-adrenalin-edition-24.12.1-win10-win11-dec-rdna.exe_55eb3002898e\Packages\Drivers\Display\WT6A_INF\u0410212.inf","Windows Server 2022","PATCH_CANDIDATE","ProjectionCandidate","4485","0","4485","NotEstablished"
"24.12.1","RDNA","d0_whql-amd-software-adrenalin-edition-24.12.1-win10-win11-dec-rdna.exe_55eb3002898e\Packages\Drivers\Display\WT6A_INF\u0410212.inf","Windows Server 2025","PATCH_CANDIDATE","ProjectionCandidate","4485","0","4485","NotEstablished"
"24.12.1","RDNA","d0_whql-amd-software-adrenalin-edition-24.12.1-win10-win11-dec-rdna.exe_55eb3002898e\Packages\Drivers\Display\WT6A_INF\amdfdans\AMDFDANS.inf","Windows Server 2016","NOT_APPLICABLE","NotApplicable","0","0","0","NotEstablished"
"24.12.1","RDNA","d0_whql-amd-software-adrenalin-edition-24.12.1-win10-win11-dec-rdna.exe_55eb3002898e\Packages\Drivers\Display\WT6A_INF\amdfdans\AMDFDANS.inf","Windows Server 2019","NATIVE_CANDIDATE","NativeCandidate","1","1","1","NotEstablished"
"24.12.1","RDNA","d0_whql-amd-software-adrenalin-edition-24.12.1-win10-win11-dec-rdna.exe_55eb3002898e\Packages\Drivers\Display\WT6A_INF\amdfdans\AMDFDANS.inf","Windows Server 2022","NATIVE_CANDIDATE","NativeCandidate","1","1","1","NotEstablished"
"24.12.1","RDNA","d0_whql-amd-software-adrenalin-edition-24.12.1-win10-win11-dec-rdna.exe_55eb3002898e\Packages\Drivers\Display\WT6A_INF\amdfdans\AMDFDANS.inf","Windows Server 2025","NATIVE_CANDIDATE","NativeCandidate","1","1","1","NotEstablished"
"24.12.1","RDNA","d0_whql-amd-software-adrenalin-edition-24.12.1-win10-win11-dec-rdna.exe_55eb3002898e\Packages\Drivers\Display\WT6A_INF\amdfendr\amdfendr.inf","Windows Server 2016","NOT_APPLICABLE","NotApplicable","0","0","0","NotEstablished"
"24.12.1","RDNA","d0_whql-amd-software-adrenalin-edition-24.12.1-win10-win11-dec-rdna.exe_55eb3002898e\Packages\Drivers\Display\WT6A_INF\amdfendr\amdfendr.inf","Windows Server 2019","NATIVE_CANDIDATE","NativeCandidate","1","1","1","NotEstablished"
"24.12.1","RDNA","d0_whql-amd-software-adrenalin-edition-24.12.1-win10-win11-dec-rdna.exe_55eb3002898e\Packages\Drivers\Display\WT6A_INF\amdfendr\amdfendr.inf","Windows Server 2022","NATIVE_CANDIDATE","NativeCandidate","1","1","1","NotEstablished"
"24.12.1","RDNA","d0_whql-amd-software-adrenalin-edition-24.12.1-win10-win11-dec-rdna.exe_55eb3002898e\Packages\Drivers\Display\WT6A_INF\amdfendr\amdfendr.inf","Windows Server 2025","NATIVE_CANDIDATE","NativeCandidate","1","1","1","NotEstablished"
"24.12.1","RDNA","d0_whql-amd-software-adrenalin-edition-24.12.1-win10-win11-dec-rdna.exe_55eb3002898e\Packages\Drivers\Display\WT6A_INF\amdocl\amdocl.inf","Windows Server 2016","NOT_APPLICABLE","NotApplicable","0","0","0","NotEstablished"
"24.12.1","RDNA","d0_whql-amd-software-adrenalin-edition-24.12.1-win10-win11-dec-rdna.exe_55eb3002898e\Packages\Drivers\Display\WT6A_INF\amdocl\amdocl.inf","Windows Server 2019","NATIVE_CANDIDATE","NativeCandidate","1","1","1","NotEstablished"
"24.12.1","RDNA","d0_whql-amd-software-adrenalin-edition-24.12.1-win10-win11-dec-rdna.exe_55eb3002898e\Packages\Drivers\Display\WT6A_INF\amdocl\amdocl.inf","Windows Server 2022","NATIVE_CANDIDATE","NativeCandidate","1","1","1","NotEstablished"
"24.12.1","RDNA","d0_whql-amd-software-adrenalin-edition-24.12.1-win10-win11-dec-rdna.exe_55eb3002898e\Packages\Drivers\Display\WT6A_INF\amdocl\amdocl.inf","Windows Server 2025","NATIVE_CANDIDATE","NativeCandidate","1","1","1","NotEstablished"
"24.12.1","RDNA","d0_whql-amd-software-adrenalin-edition-24.12.1-win10-win11-dec-rdna.exe_55eb3002898e\Packages\Drivers\Display\WT6A_INF\amdpcibridge\amdpcibridgeextension.inf","Windows Server 2016","NATIVE_CANDIDATE","NativeCandidate","2","2","2","NotEstablished"
"24.12.1","RDNA","d0_whql-amd-software-adrenalin-edition-24.12.1-win10-win11-dec-rdna.exe_55eb3002898e\Packages\Drivers\Display\WT6A_INF\amdpcibridge\amdpcibridgeextension.inf","Windows Server 2019","NATIVE_CANDIDATE","NativeCandidate","2","2","2","NotEstablished"
"24.12.1","RDNA","d0_whql-amd-software-adrenalin-edition-24.12.1-win10-win11-dec-rdna.exe_55eb3002898e\Packages\Drivers\Display\WT6A_INF\amdpcibridge\amdpcibridgeextension.inf","Windows Server 2022","NATIVE_CANDIDATE","NativeCandidate","2","2","2","NotEstablished"
"24.12.1","RDNA","d0_whql-amd-software-adrenalin-edition-24.12.1-win10-win11-dec-rdna.exe_55eb3002898e\Packages\Drivers\Display\WT6A_INF\amdpcibridge\amdpcibridgeextension.inf","Windows Server 2025","NATIVE_CANDIDATE","NativeCandidate","2","2","2","NotEstablished"
"24.12.1","RDNA","d0_whql-amd-software-adrenalin-edition-24.12.1-win10-win11-dec-rdna.exe_55eb3002898e\Packages\Drivers\Display\WT6A_INF\amdwin\amdwin-u0410212.inf","Windows Server 2016","NATIVE_CANDIDATE","NativeCandidate","1","1","1","NotEstablished"
"24.12.1","RDNA","d0_whql-amd-software-adrenalin-edition-24.12.1-win10-win11-dec-rdna.exe_55eb3002898e\Packages\Drivers\Display\WT6A_INF\amdwin\amdwin-u0410212.inf","Windows Server 2019","NATIVE_CANDIDATE","NativeCandidate","1","1","1","NotEstablished"
"24.12.1","RDNA","d0_whql-amd-software-adrenalin-edition-24.12.1-win10-win11-dec-rdna.exe_55eb3002898e\Packages\Drivers\Display\WT6A_INF\amdwin\amdwin-u0410212.inf","Windows Server 2022","NATIVE_CANDIDATE","NativeCandidate","1","1","1","NotEstablished"
"24.12.1","RDNA","d0_whql-amd-software-adrenalin-edition-24.12.1-win10-win11-dec-rdna.exe_55eb3002898e\Packages\Drivers\Display\WT6A_INF\amdwin\amdwin-u0410212.inf","Windows Server 2025","NATIVE_CANDIDATE","NativeCandidate","1","1","1","NotEstablished"
"24.12.1","RDNA","d0_whql-amd-software-adrenalin-edition-24.12.1-win10-win11-dec-rdna.exe_55eb3002898e\Packages\Drivers\Display\WT6A_INF\amdxe\amdxe.inf","Windows Server 2016","NATIVE_CANDIDATE","NativeCandidate","1","1","1","NotEstablished"
"24.12.1","RDNA","d0_whql-amd-software-adrenalin-edition-24.12.1-win10-win11-dec-rdna.exe_55eb3002898e\Packages\Drivers\Display\WT6A_INF\amdxe\amdxe.inf","Windows Server 2019","NATIVE_CANDIDATE","NativeCandidate","1","1","1","NotEstablished"
"24.12.1","RDNA","d0_whql-amd-software-adrenalin-edition-24.12.1-win10-win11-dec-rdna.exe_55eb3002898e\Packages\Drivers\Display\WT6A_INF\amdxe\amdxe.inf","Windows Server 2022","NATIVE_CANDIDATE","NativeCandidate","1","1","1","NotEstablished"
"24.12.1","RDNA","d0_whql-amd-software-adrenalin-edition-24.12.1-win10-win11-dec-rdna.exe_55eb3002898e\Packages\Drivers\Display\WT6A_INF\amdxe\amdxe.inf","Windows Server 2025","NATIVE_CANDIDATE","NativeCandidate","1","1","1","NotEstablished"
"24.12.1","RDNA","d0_whql-amd-software-adrenalin-edition-24.12.1-win10-win11-dec-rdna.exe_55eb3002898e\Packages\Drivers\RadeonLED\WT64A\amdusbledfd.inf","Windows Server 2016","NATIVE_CANDIDATE","NativeCandidate","6","6","6","NotEstablished"
"24.12.1","RDNA","d0_whql-amd-software-adrenalin-edition-24.12.1-win10-win11-dec-rdna.exe_55eb3002898e\Packages\Drivers\RadeonLED\WT64A\amdusbledfd.inf","Windows Server 2019","NATIVE_CANDIDATE","NativeCandidate","6","6","6","NotEstablished"
"24.12.1","RDNA","d0_whql-amd-software-adrenalin-edition-24.12.1-win10-win11-dec-rdna.exe_55eb3002898e\Packages\Drivers\RadeonLED\WT64A\amdusbledfd.inf","Windows Server 2022","NATIVE_CANDIDATE","NativeCandidate","6","6","6","NotEstablished"
"24.12.1","RDNA","d0_whql-amd-software-adrenalin-edition-24.12.1-win10-win11-dec-rdna.exe_55eb3002898e\Packages\Drivers\RadeonLED\WT64A\amdusbledfd.inf","Windows Server 2025","NATIVE_CANDIDATE","NativeCandidate","6","6","6","NotEstablished"
"24.12.1","RDNA","d0_whql-amd-software-adrenalin-edition-24.12.1-win10-win11-dec-rdna.exe_55eb3002898e\Packages\Drivers\SBDrv\AMDUCSI\WT64A\amducsi.inf","Windows Server 2016","NATIVE_CANDIDATE","NativeCandidate","5","5","5","NotEstablished"
"24.12.1","RDNA","d0_whql-amd-software-adrenalin-edition-24.12.1-win10-win11-dec-rdna.exe_55eb3002898e\Packages\Drivers\SBDrv\AMDUCSI\WT64A\amducsi.inf","Windows Server 2019","NATIVE_CANDIDATE","NativeCandidate","5","5","5","NotEstablished"
"24.12.1","RDNA","d0_whql-amd-software-adrenalin-edition-24.12.1-win10-win11-dec-rdna.exe_55eb3002898e\Packages\Drivers\SBDrv\AMDUCSI\WT64A\amducsi.inf","Windows Server 2022","NATIVE_CANDIDATE","NativeCandidate","5","5","5","NotEstablished"
"24.12.1","RDNA","d0_whql-amd-software-adrenalin-edition-24.12.1-win10-win11-dec-rdna.exe_55eb3002898e\Packages\Drivers\SBDrv\AMDUCSI\WT64A\amducsi.inf","Windows Server 2025","NATIVE_CANDIDATE","NativeCandidate","5","5","5","NotEstablished"
"26.Q1","RDNA","d0_amd-software-pro-edition-26.q1-win11-rdna.exe_12482d7df129\Packages\Drivers\AMDISP\AMDCAMERA\WT64A\amdcamera.inf","Windows Server 2016","NATIVE_CANDIDATE","NativeCandidate","1","1","1","NotEstablished"
"26.Q1","RDNA","d0_amd-software-pro-edition-26.q1-win11-rdna.exe_12482d7df129\Packages\Drivers\AMDISP\AMDCAMERA\WT64A\amdcamera.inf","Windows Server 2019","NATIVE_CANDIDATE","NativeCandidate","1","1","1","NotEstablished"
"26.Q1","RDNA","d0_amd-software-pro-edition-26.q1-win11-rdna.exe_12482d7df129\Packages\Drivers\AMDISP\AMDCAMERA\WT64A\amdcamera.inf","Windows Server 2022","NATIVE_CANDIDATE","NativeCandidate","1","1","1","NotEstablished"
"26.Q1","RDNA","d0_amd-software-pro-edition-26.q1-win11-rdna.exe_12482d7df129\Packages\Drivers\AMDISP\AMDCAMERA\WT64A\amdcamera.inf","Windows Server 2025","NATIVE_CANDIDATE","NativeCandidate","1","1","1","NotEstablished"
"26.Q1","RDNA","d0_amd-software-pro-edition-26.q1-win11-rdna.exe_12482d7df129\Packages\Drivers\AMDISP\AMDISP\WT64A\amdisp.inf","Windows Server 2016","REVIEW_REQUIRED","WdfRequirementReview","2","2","2","NotEstablished"
"26.Q1","RDNA","d0_amd-software-pro-edition-26.q1-win11-rdna.exe_12482d7df129\Packages\Drivers\AMDISP\AMDISP\WT64A\amdisp.inf","Windows Server 2019","NATIVE_CANDIDATE","NativeCandidate","2","2","2","NotEstablished"
"26.Q1","RDNA","d0_amd-software-pro-edition-26.q1-win11-rdna.exe_12482d7df129\Packages\Drivers\AMDISP\AMDISP\WT64A\amdisp.inf","Windows Server 2022","NATIVE_CANDIDATE","NativeCandidate","2","2","2","NotEstablished"
"26.Q1","RDNA","d0_amd-software-pro-edition-26.q1-win11-rdna.exe_12482d7df129\Packages\Drivers\AMDISP\AMDISP\WT64A\amdisp.inf","Windows Server 2025","NATIVE_CANDIDATE","NativeCandidate","2","2","2","NotEstablished"
"26.Q1","RDNA","d0_amd-software-pro-edition-26.q1-win11-rdna.exe_12482d7df129\Packages\Drivers\AMDISP\GC1029\WT64A\sensorGC1029.inf","Windows Server 2016","NATIVE_CANDIDATE","NativeCandidate","1","1","1","NotEstablished"
"26.Q1","RDNA","d0_amd-software-pro-edition-26.q1-win11-rdna.exe_12482d7df129\Packages\Drivers\AMDISP\GC1029\WT64A\sensorGC1029.inf","Windows Server 2019","NATIVE_CANDIDATE","NativeCandidate","1","1","1","NotEstablished"
"26.Q1","RDNA","d0_amd-software-pro-edition-26.q1-win11-rdna.exe_12482d7df129\Packages\Drivers\AMDISP\GC1029\WT64A\sensorGC1029.inf","Windows Server 2022","NATIVE_CANDIDATE","NativeCandidate","1","1","1","NotEstablished"
"26.Q1","RDNA","d0_amd-software-pro-edition-26.q1-win11-rdna.exe_12482d7df129\Packages\Drivers\AMDISP\GC1029\WT64A\sensorGC1029.inf","Windows Server 2025","NATIVE_CANDIDATE","NativeCandidate","1","1","1","NotEstablished"
"26.Q1","RDNA","d0_amd-software-pro-edition-26.q1-win11-rdna.exe_12482d7df129\Packages\Drivers\AMDISP\HM1092\WT64A\sensorHM1092.inf","Windows Server 2016","NATIVE_CANDIDATE","NativeCandidate","1","1","1","NotEstablished"
"26.Q1","RDNA","d0_amd-software-pro-edition-26.q1-win11-rdna.exe_12482d7df129\Packages\Drivers\AMDISP\HM1092\WT64A\sensorHM1092.inf","Windows Server 2019","NATIVE_CANDIDATE","NativeCandidate","1","1","1","NotEstablished"
"26.Q1","RDNA","d0_amd-software-pro-edition-26.q1-win11-rdna.exe_12482d7df129\Packages\Drivers\AMDISP\HM1092\WT64A\sensorHM1092.inf","Windows Server 2022","NATIVE_CANDIDATE","NativeCandidate","1","1","1","NotEstablished"
"26.Q1","RDNA","d0_amd-software-pro-edition-26.q1-win11-rdna.exe_12482d7df129\Packages\Drivers\AMDISP\HM1092\WT64A\sensorHM1092.inf","Windows Server 2025","NATIVE_CANDIDATE","NativeCandidate","1","1","1","NotEstablished"
"26.Q1","RDNA","d0_amd-software-pro-edition-26.q1-win11-rdna.exe_12482d7df129\Packages\Drivers\AMDISP\OV05C\WT64A\sensorOV05C.inf","Windows Server 2016","NATIVE_CANDIDATE","NativeCandidate","1","1","1","NotEstablished"
"26.Q1","RDNA","d0_amd-software-pro-edition-26.q1-win11-rdna.exe_12482d7df129\Packages\Drivers\AMDISP\OV05C\WT64A\sensorOV05C.inf","Windows Server 2019","NATIVE_CANDIDATE","NativeCandidate","1","1","1","NotEstablished"
"26.Q1","RDNA","d0_amd-software-pro-edition-26.q1-win11-rdna.exe_12482d7df129\Packages\Drivers\AMDISP\OV05C\WT64A\sensorOV05C.inf","Windows Server 2022","NATIVE_CANDIDATE","NativeCandidate","1","1","1","NotEstablished"
"26.Q1","RDNA","d0_amd-software-pro-edition-26.q1-win11-rdna.exe_12482d7df129\Packages\Drivers\AMDISP\OV05C\WT64A\sensorOV05C.inf","Windows Server 2025","NATIVE_CANDIDATE","NativeCandidate","1","1","1","NotEstablished"
"26.Q1","RDNA","d0_amd-software-pro-edition-26.q1-win11-rdna.exe_12482d7df129\Packages\Drivers\AMDISP\OV08X\WT64A\sensorOV08X.inf","Windows Server 2016","NATIVE_CANDIDATE","NativeCandidate","2","2","2","NotEstablished"
"26.Q1","RDNA","d0_amd-software-pro-edition-26.q1-win11-rdna.exe_12482d7df129\Packages\Drivers\AMDISP\OV08X\WT64A\sensorOV08X.inf","Windows Server 2019","NATIVE_CANDIDATE","NativeCandidate","2","2","2","NotEstablished"
"26.Q1","RDNA","d0_amd-software-pro-edition-26.q1-win11-rdna.exe_12482d7df129\Packages\Drivers\AMDISP\OV08X\WT64A\sensorOV08X.inf","Windows Server 2022","NATIVE_CANDIDATE","NativeCandidate","2","2","2","NotEstablished"
"26.Q1","RDNA","d0_amd-software-pro-edition-26.q1-win11-rdna.exe_12482d7df129\Packages\Drivers\AMDISP\OV08X\WT64A\sensorOV08X.inf","Windows Server 2025","NATIVE_CANDIDATE","NativeCandidate","2","2","2","NotEstablished"
"26.Q1","RDNA","d0_amd-software-pro-edition-26.q1-win11-rdna.exe_12482d7df129\Packages\Drivers\AMDISP\OV13B\WT64A\sensorOV13B.inf","Windows Server 2016","NATIVE_CANDIDATE","NativeCandidate","1","1","1","NotEstablished"
"26.Q1","RDNA","d0_amd-software-pro-edition-26.q1-win11-rdna.exe_12482d7df129\Packages\Drivers\AMDISP\OV13B\WT64A\sensorOV13B.inf","Windows Server 2019","NATIVE_CANDIDATE","NativeCandidate","1","1","1","NotEstablished"
"26.Q1","RDNA","d0_amd-software-pro-edition-26.q1-win11-rdna.exe_12482d7df129\Packages\Drivers\AMDISP\OV13B\WT64A\sensorOV13B.inf","Windows Server 2022","NATIVE_CANDIDATE","NativeCandidate","1","1","1","NotEstablished"
"26.Q1","RDNA","d0_amd-software-pro-edition-26.q1-win11-rdna.exe_12482d7df129\Packages\Drivers\AMDISP\OV13B\WT64A\sensorOV13B.inf","Windows Server 2025","NATIVE_CANDIDATE","NativeCandidate","1","1","1","NotEstablished"
"26.Q1","RDNA","d0_amd-software-pro-edition-26.q1-win11-rdna.exe_12482d7df129\Packages\Drivers\AMDNPUMCDM\WT64A\kipudrv.inf","Windows Server 2016","NOT_APPLICABLE","NotApplicable","0","0","0","NotEstablished"
"26.Q1","RDNA","d0_amd-software-pro-edition-26.q1-win11-rdna.exe_12482d7df129\Packages\Drivers\AMDNPUMCDM\WT64A\kipudrv.inf","Windows Server 2019","NOT_APPLICABLE","NotApplicable","0","0","0","NotEstablished"
"26.Q1","RDNA","d0_amd-software-pro-edition-26.q1-win11-rdna.exe_12482d7df129\Packages\Drivers\AMDNPUMCDM\WT64A\kipudrv.inf","Windows Server 2022","NOT_APPLICABLE","NotApplicable","0","0","0","NotEstablished"
"26.Q1","RDNA","d0_amd-software-pro-edition-26.q1-win11-rdna.exe_12482d7df129\Packages\Drivers\AMDNPUMCDM\WT64A\kipudrv.inf","Windows Server 2025","NATIVE_CANDIDATE","NativeCandidate","2","2","2","NotEstablished"
"26.Q1","RDNA","d0_amd-software-pro-edition-26.q1-win11-rdna.exe_12482d7df129\Packages\Drivers\AMDNPUWDF\WT64A\kipudrv.inf","Windows Server 2016","NATIVE_CANDIDATE","NativeCandidate","2","2","2","NotEstablished"
"26.Q1","RDNA","d0_amd-software-pro-edition-26.q1-win11-rdna.exe_12482d7df129\Packages\Drivers\AMDNPUWDF\WT64A\kipudrv.inf","Windows Server 2019","NATIVE_CANDIDATE","NativeCandidate","2","2","2","NotEstablished"
"26.Q1","RDNA","d0_amd-software-pro-edition-26.q1-win11-rdna.exe_12482d7df129\Packages\Drivers\AMDNPUWDF\WT64A\kipudrv.inf","Windows Server 2022","NATIVE_CANDIDATE","NativeCandidate","2","2","2","NotEstablished"
"26.Q1","RDNA","d0_amd-software-pro-edition-26.q1-win11-rdna.exe_12482d7df129\Packages\Drivers\AMDNPUWDF\WT64A\kipudrv.inf","Windows Server 2025","NATIVE_CANDIDATE","NativeCandidate","2","2","2","NotEstablished"
"26.Q1","RDNA","d0_amd-software-pro-edition-26.q1-win11-rdna.exe_12482d7df129\Packages\Drivers\Audio\ACPAfd\WT64A\amdacpafd.inf","Windows Server 2016","NOT_APPLICABLE","NotApplicable","0","0","0","NotEstablished"
"26.Q1","RDNA","d0_amd-software-pro-edition-26.q1-win11-rdna.exe_12482d7df129\Packages\Drivers\Audio\ACPAfd\WT64A\amdacpafd.inf","Windows Server 2019","NATIVE_CANDIDATE","NativeCandidate","13","13","13","NotEstablished"
"26.Q1","RDNA","d0_amd-software-pro-edition-26.q1-win11-rdna.exe_12482d7df129\Packages\Drivers\Audio\ACPAfd\WT64A\amdacpafd.inf","Windows Server 2022","NATIVE_CANDIDATE","NativeCandidate","13","13","13","NotEstablished"
"26.Q1","RDNA","d0_amd-software-pro-edition-26.q1-win11-rdna.exe_12482d7df129\Packages\Drivers\Audio\ACPAfd\WT64A\amdacpafd.inf","Windows Server 2025","NATIVE_CANDIDATE","NativeCandidate","13","13","13","NotEstablished"
"26.Q1","RDNA","d0_amd-software-pro-edition-26.q1-win11-rdna.exe_12482d7df129\Packages\Drivers\Audio\ACPAFDSVC\WT64A\amdacpafdcomp.inf","Windows Server 2016","NOT_APPLICABLE","NotApplicable","0","0","0","NotEstablished"
"26.Q1","RDNA","d0_amd-software-pro-edition-26.q1-win11-rdna.exe_12482d7df129\Packages\Drivers\Audio\ACPAFDSVC\WT64A\amdacpafdcomp.inf","Windows Server 2019","NATIVE_CANDIDATE","NativeCandidate","1","1","1","NotEstablished"
"26.Q1","RDNA","d0_amd-software-pro-edition-26.q1-win11-rdna.exe_12482d7df129\Packages\Drivers\Audio\ACPAFDSVC\WT64A\amdacpafdcomp.inf","Windows Server 2022","NATIVE_CANDIDATE","NativeCandidate","1","1","1","NotEstablished"
"26.Q1","RDNA","d0_amd-software-pro-edition-26.q1-win11-rdna.exe_12482d7df129\Packages\Drivers\Audio\ACPAFDSVC\WT64A\amdacpafdcomp.inf","Windows Server 2025","NATIVE_CANDIDATE","NativeCandidate","1","1","1","NotEstablished"
"26.Q1","RDNA","d0_amd-software-pro-edition-26.q1-win11-rdna.exe_12482d7df129\Packages\Drivers\Audio\ACPAFDSVC\WT64A\amdacpafdext.inf","Windows Server 2016","NOT_APPLICABLE","NotApplicable","0","0","0","NotEstablished"
"26.Q1","RDNA","d0_amd-software-pro-edition-26.q1-win11-rdna.exe_12482d7df129\Packages\Drivers\Audio\ACPAFDSVC\WT64A\amdacpafdext.inf","Windows Server 2019","NATIVE_CANDIDATE","NativeCandidate","1","1","1","NotEstablished"
"26.Q1","RDNA","d0_amd-software-pro-edition-26.q1-win11-rdna.exe_12482d7df129\Packages\Drivers\Audio\ACPAFDSVC\WT64A\amdacpafdext.inf","Windows Server 2022","NATIVE_CANDIDATE","NativeCandidate","1","1","1","NotEstablished"
"26.Q1","RDNA","d0_amd-software-pro-edition-26.q1-win11-rdna.exe_12482d7df129\Packages\Drivers\Audio\ACPAFDSVC\WT64A\amdacpafdext.inf","Windows Server 2025","NATIVE_CANDIDATE","NativeCandidate","1","1","1","NotEstablished"
"26.Q1","RDNA","d0_amd-software-pro-edition-26.q1-win11-rdna.exe_12482d7df129\Packages\Drivers\Audio\ACPBTACX\WT64A\amdacpbtacx.inf","Windows Server 2016","NOT_APPLICABLE","NotApplicable","0","0","0","NotEstablished"
"26.Q1","RDNA","d0_amd-software-pro-edition-26.q1-win11-rdna.exe_12482d7df129\Packages\Drivers\Audio\ACPBTACX\WT64A\amdacpbtacx.inf","Windows Server 2019","REVIEW_REQUIRED","WdfRequirementReview","10","10","10","NotEstablished"
"26.Q1","RDNA","d0_amd-software-pro-edition-26.q1-win11-rdna.exe_12482d7df129\Packages\Drivers\Audio\ACPBTACX\WT64A\amdacpbtacx.inf","Windows Server 2022","NATIVE_CANDIDATE","NativeCandidate","10","10","10","NotEstablished"
"26.Q1","RDNA","d0_amd-software-pro-edition-26.q1-win11-rdna.exe_12482d7df129\Packages\Drivers\Audio\ACPBTACX\WT64A\amdacpbtacx.inf","Windows Server 2025","NATIVE_CANDIDATE","NativeCandidate","10","10","10","NotEstablished"
"26.Q1","RDNA","d0_amd-software-pro-edition-26.q1-win11-rdna.exe_12482d7df129\Packages\Drivers\Audio\ACPBtAfd\WT64A\amdacpbt.inf","Windows Server 2016","NOT_APPLICABLE","NotApplicable","0","0","0","NotEstablished"
"26.Q1","RDNA","d0_amd-software-pro-edition-26.q1-win11-rdna.exe_12482d7df129\Packages\Drivers\Audio\ACPBtAfd\WT64A\amdacpbt.inf","Windows Server 2019","NATIVE_CANDIDATE","NativeCandidate","3","3","3","NotEstablished"
"26.Q1","RDNA","d0_amd-software-pro-edition-26.q1-win11-rdna.exe_12482d7df129\Packages\Drivers\Audio\ACPBtAfd\WT64A\amdacpbt.inf","Windows Server 2022","NATIVE_CANDIDATE","NativeCandidate","3","3","3","NotEstablished"
"26.Q1","RDNA","d0_amd-software-pro-edition-26.q1-win11-rdna.exe_12482d7df129\Packages\Drivers\Audio\ACPBtAfd\WT64A\amdacpbt.inf","Windows Server 2025","NATIVE_CANDIDATE","NativeCandidate","3","3","3","NotEstablished"
"26.Q1","RDNA","d0_amd-software-pro-edition-26.q1-win11-rdna.exe_12482d7df129\Packages\Drivers\Audio\ACPBtAfd\WT64A\amdacpbtscoext\amdacpbtscoext.inf","Windows Server 2016","NOT_APPLICABLE","NotApplicable","0","0","0","NotEstablished"
"26.Q1","RDNA","d0_amd-software-pro-edition-26.q1-win11-rdna.exe_12482d7df129\Packages\Drivers\Audio\ACPBtAfd\WT64A\amdacpbtscoext\amdacpbtscoext.inf","Windows Server 2019","NOT_APPLICABLE","NotApplicable","0","0","0","NotEstablished"
"26.Q1","RDNA","d0_amd-software-pro-edition-26.q1-win11-rdna.exe_12482d7df129\Packages\Drivers\Audio\ACPBtAfd\WT64A\amdacpbtscoext\amdacpbtscoext.inf","Windows Server 2022","NOT_APPLICABLE","NotApplicable","0","0","0","NotEstablished"
"26.Q1","RDNA","d0_amd-software-pro-edition-26.q1-win11-rdna.exe_12482d7df129\Packages\Drivers\Audio\ACPBtAfd\WT64A\amdacpbtscoext\amdacpbtscoext.inf","Windows Server 2025","NATIVE_CANDIDATE","NativeCandidate","1","1","1","NotEstablished"
"26.Q1","RDNA","d0_amd-software-pro-edition-26.q1-win11-rdna.exe_12482d7df129\Packages\Drivers\Audio\acpbus\wt64a\amdacpbus.inf","Windows Server 2016","NOT_APPLICABLE","NotApplicable","0","0","0","NotEstablished"
"26.Q1","RDNA","d0_amd-software-pro-edition-26.q1-win11-rdna.exe_12482d7df129\Packages\Drivers\Audio\acpbus\wt64a\amdacpbus.inf","Windows Server 2019","NATIVE_CANDIDATE","NativeCandidate","6","6","6","NotEstablished"
"26.Q1","RDNA","d0_amd-software-pro-edition-26.q1-win11-rdna.exe_12482d7df129\Packages\Drivers\Audio\acpbus\wt64a\amdacpbus.inf","Windows Server 2022","NATIVE_CANDIDATE","NativeCandidate","6","6","6","NotEstablished"
"26.Q1","RDNA","d0_amd-software-pro-edition-26.q1-win11-rdna.exe_12482d7df129\Packages\Drivers\Audio\acpbus\wt64a\amdacpbus.inf","Windows Server 2025","NATIVE_CANDIDATE","NativeCandidate","6","6","6","NotEstablished"
"26.Q1","RDNA","d0_amd-software-pro-edition-26.q1-win11-rdna.exe_12482d7df129\Packages\Drivers\Audio\acpbus\wt64a\amdacpbusext\amdacpbusext.inf","Windows Server 2016","NOT_APPLICABLE","NotApplicable","0","0","0","NotEstablished"
"26.Q1","RDNA","d0_amd-software-pro-edition-26.q1-win11-rdna.exe_12482d7df129\Packages\Drivers\Audio\acpbus\wt64a\amdacpbusext\amdacpbusext.inf","Windows Server 2019","NATIVE_CANDIDATE","NativeCandidate","4","4","4","NotEstablished"
"26.Q1","RDNA","d0_amd-software-pro-edition-26.q1-win11-rdna.exe_12482d7df129\Packages\Drivers\Audio\acpbus\wt64a\amdacpbusext\amdacpbusext.inf","Windows Server 2022","NATIVE_CANDIDATE","NativeCandidate","4","4","4","NotEstablished"
"26.Q1","RDNA","d0_amd-software-pro-edition-26.q1-win11-rdna.exe_12482d7df129\Packages\Drivers\Audio\acpbus\wt64a\amdacpbusext\amdacpbusext.inf","Windows Server 2025","NATIVE_CANDIDATE","NativeCandidate","4","4","4","NotEstablished"
"26.Q1","RDNA","d0_amd-software-pro-edition-26.q1-win11-rdna.exe_12482d7df129\Packages\Drivers\Audio\acpbus2\wt64a\amdacpbus2.inf","Windows Server 2016","NOT_APPLICABLE","NotApplicable","0","0","0","NotEstablished"
"26.Q1","RDNA","d0_amd-software-pro-edition-26.q1-win11-rdna.exe_12482d7df129\Packages\Drivers\Audio\acpbus2\wt64a\amdacpbus2.inf","Windows Server 2019","NATIVE_CANDIDATE","NativeCandidate","3","3","3","NotEstablished"
"26.Q1","RDNA","d0_amd-software-pro-edition-26.q1-win11-rdna.exe_12482d7df129\Packages\Drivers\Audio\acpbus2\wt64a\amdacpbus2.inf","Windows Server 2022","NATIVE_CANDIDATE","NativeCandidate","3","3","3","NotEstablished"
"26.Q1","RDNA","d0_amd-software-pro-edition-26.q1-win11-rdna.exe_12482d7df129\Packages\Drivers\Audio\acpbus2\wt64a\amdacpbus2.inf","Windows Server 2025","NATIVE_CANDIDATE","NativeCandidate","3","3","3","NotEstablished"
"26.Q1","RDNA","d0_amd-software-pro-edition-26.q1-win11-rdna.exe_12482d7df129\Packages\Drivers\Audio\acpbus2\wt64a\amdacpbusext\amdacpbusext.inf","Windows Server 2016","NOT_APPLICABLE","NotApplicable","0","0","0","NotEstablished"
"26.Q1","RDNA","d0_amd-software-pro-edition-26.q1-win11-rdna.exe_12482d7df129\Packages\Drivers\Audio\acpbus2\wt64a\amdacpbusext\amdacpbusext.inf","Windows Server 2019","NATIVE_CANDIDATE","NativeCandidate","4","4","4","NotEstablished"
"26.Q1","RDNA","d0_amd-software-pro-edition-26.q1-win11-rdna.exe_12482d7df129\Packages\Drivers\Audio\acpbus2\wt64a\amdacpbusext\amdacpbusext.inf","Windows Server 2022","NATIVE_CANDIDATE","NativeCandidate","4","4","4","NotEstablished"
"26.Q1","RDNA","d0_amd-software-pro-edition-26.q1-win11-rdna.exe_12482d7df129\Packages\Drivers\Audio\acpbus2\wt64a\amdacpbusext\amdacpbusext.inf","Windows Server 2025","NATIVE_CANDIDATE","NativeCandidate","4","4","4","NotEstablished"
"26.Q1","RDNA","d0_amd-software-pro-edition-26.q1-win11-rdna.exe_12482d7df129\Packages\Drivers\Audio\acpbus2\wt64a\amdacprgmext\amdacprgmext.inf","Windows Server 2016","NOT_APPLICABLE","NotApplicable","0","0","0","NotEstablished"
"26.Q1","RDNA","d0_amd-software-pro-edition-26.q1-win11-rdna.exe_12482d7df129\Packages\Drivers\Audio\acpbus2\wt64a\amdacprgmext\amdacprgmext.inf","Windows Server 2019","NOT_APPLICABLE","NotApplicable","0","0","0","NotEstablished"
"26.Q1","RDNA","d0_amd-software-pro-edition-26.q1-win11-rdna.exe_12482d7df129\Packages\Drivers\Audio\acpbus2\wt64a\amdacprgmext\amdacprgmext.inf","Windows Server 2022","NOT_APPLICABLE","NotApplicable","0","0","0","NotEstablished"
"26.Q1","RDNA","d0_amd-software-pro-edition-26.q1-win11-rdna.exe_12482d7df129\Packages\Drivers\Audio\acpbus2\wt64a\amdacprgmext\amdacprgmext.inf","Windows Server 2025","NATIVE_CANDIDATE","NativeCandidate","3","3","3","NotEstablished"
"26.Q1","RDNA","d0_amd-software-pro-edition-26.q1-win11-rdna.exe_12482d7df129\Packages\Drivers\Audio\ACPHPd\WT64A\amdacphpd.inf","Windows Server 2016","NOT_APPLICABLE","NotApplicable","0","0","0","NotEstablished"
"26.Q1","RDNA","d0_amd-software-pro-edition-26.q1-win11-rdna.exe_12482d7df129\Packages\Drivers\Audio\ACPHPd\WT64A\amdacphpd.inf","Windows Server 2019","NOT_APPLICABLE","NotApplicable","0","0","0","NotEstablished"
"26.Q1","RDNA","d0_amd-software-pro-edition-26.q1-win11-rdna.exe_12482d7df129\Packages\Drivers\Audio\ACPHPd\WT64A\amdacphpd.inf","Windows Server 2022","NOT_APPLICABLE","NotApplicable","0","0","0","NotEstablished"
"26.Q1","RDNA","d0_amd-software-pro-edition-26.q1-win11-rdna.exe_12482d7df129\Packages\Drivers\Audio\ACPHPd\WT64A\amdacphpd.inf","Windows Server 2025","REVIEW_REQUIRED","WdfRequirementReview","1","1","1","NotEstablished"
"26.Q1","RDNA","d0_amd-software-pro-edition-26.q1-win11-rdna.exe_12482d7df129\Packages\Drivers\Audio\ACPHPd\WT64A\amdacphpdcomp.inf","Windows Server 2016","NOT_APPLICABLE","NotApplicable","0","0","0","NotEstablished"
"26.Q1","RDNA","d0_amd-software-pro-edition-26.q1-win11-rdna.exe_12482d7df129\Packages\Drivers\Audio\ACPHPd\WT64A\amdacphpdcomp.inf","Windows Server 2019","NATIVE_CANDIDATE","NativeCandidate","1","1","1","NotEstablished"
"26.Q1","RDNA","d0_amd-software-pro-edition-26.q1-win11-rdna.exe_12482d7df129\Packages\Drivers\Audio\ACPHPd\WT64A\amdacphpdcomp.inf","Windows Server 2022","NATIVE_CANDIDATE","NativeCandidate","1","1","1","NotEstablished"
"26.Q1","RDNA","d0_amd-software-pro-edition-26.q1-win11-rdna.exe_12482d7df129\Packages\Drivers\Audio\ACPHPd\WT64A\amdacphpdcomp.inf","Windows Server 2025","NATIVE_CANDIDATE","NativeCandidate","1","1","1","NotEstablished"
"26.Q1","RDNA","d0_amd-software-pro-edition-26.q1-win11-rdna.exe_12482d7df129\Packages\Drivers\Audio\ACPHPd\WT64A\amdacphpdext.inf","Windows Server 2016","NOT_APPLICABLE","NotApplicable","0","0","0","NotEstablished"
"26.Q1","RDNA","d0_amd-software-pro-edition-26.q1-win11-rdna.exe_12482d7df129\Packages\Drivers\Audio\ACPHPd\WT64A\amdacphpdext.inf","Windows Server 2019","NATIVE_CANDIDATE","NativeCandidate","6","6","6","NotEstablished"
"26.Q1","RDNA","d0_amd-software-pro-edition-26.q1-win11-rdna.exe_12482d7df129\Packages\Drivers\Audio\ACPHPd\WT64A\amdacphpdext.inf","Windows Server 2022","NATIVE_CANDIDATE","NativeCandidate","6","6","6","NotEstablished"
"26.Q1","RDNA","d0_amd-software-pro-edition-26.q1-win11-rdna.exe_12482d7df129\Packages\Drivers\Audio\ACPHPd\WT64A\amdacphpdext.inf","Windows Server 2025","NATIVE_CANDIDATE","NativeCandidate","6","6","6","NotEstablished"
"26.Q1","RDNA","d0_amd-software-pro-edition-26.q1-win11-rdna.exe_12482d7df129\Packages\Drivers\Audio\ACPUsbAfd\WT64A\amdacpusb.inf","Windows Server 2016","NOT_APPLICABLE","NotApplicable","0","0","0","NotEstablished"
"26.Q1","RDNA","d0_amd-software-pro-edition-26.q1-win11-rdna.exe_12482d7df129\Packages\Drivers\Audio\ACPUsbAfd\WT64A\amdacpusb.inf","Windows Server 2019","NATIVE_CANDIDATE","NativeCandidate","4","4","4","NotEstablished"
"26.Q1","RDNA","d0_amd-software-pro-edition-26.q1-win11-rdna.exe_12482d7df129\Packages\Drivers\Audio\ACPUsbAfd\WT64A\amdacpusb.inf","Windows Server 2022","NATIVE_CANDIDATE","NativeCandidate","4","4","4","NotEstablished"
"26.Q1","RDNA","d0_amd-software-pro-edition-26.q1-win11-rdna.exe_12482d7df129\Packages\Drivers\Audio\ACPUsbAfd\WT64A\amdacpusb.inf","Windows Server 2025","NATIVE_CANDIDATE","NativeCandidate","4","4","4","NotEstablished"
"26.Q1","RDNA","d0_amd-software-pro-edition-26.q1-win11-rdna.exe_12482d7df129\Packages\Drivers\Audio\HDABus\WT64A\amdhdaudbus.inf","Windows Server 2016","NATIVE_CANDIDATE","NativeCandidate","1","1","1","NotEstablished"
"26.Q1","RDNA","d0_amd-software-pro-edition-26.q1-win11-rdna.exe_12482d7df129\Packages\Drivers\Audio\HDABus\WT64A\amdhdaudbus.inf","Windows Server 2019","NATIVE_CANDIDATE","NativeCandidate","1","1","1","NotEstablished"
"26.Q1","RDNA","d0_amd-software-pro-edition-26.q1-win11-rdna.exe_12482d7df129\Packages\Drivers\Audio\HDABus\WT64A\amdhdaudbus.inf","Windows Server 2022","NATIVE_CANDIDATE","NativeCandidate","1","1","1","NotEstablished"
"26.Q1","RDNA","d0_amd-software-pro-edition-26.q1-win11-rdna.exe_12482d7df129\Packages\Drivers\Audio\HDABus\WT64A\amdhdaudbus.inf","Windows Server 2025","NATIVE_CANDIDATE","NativeCandidate","1","1","1","NotEstablished"
"26.Q1","RDNA","d0_amd-software-pro-edition-26.q1-win11-rdna.exe_12482d7df129\Packages\Drivers\Audio\HDMI\WT64A\AtihdWT6.inf","Windows Server 2016","PATCH_CANDIDATE","ProjectionCandidate","8","0","8","NotEstablished"
"26.Q1","RDNA","d0_amd-software-pro-edition-26.q1-win11-rdna.exe_12482d7df129\Packages\Drivers\Audio\HDMI\WT64A\AtihdWT6.inf","Windows Server 2019","PATCH_CANDIDATE","ProjectionCandidate","8","0","8","NotEstablished"
"26.Q1","RDNA","d0_amd-software-pro-edition-26.q1-win11-rdna.exe_12482d7df129\Packages\Drivers\Audio\HDMI\WT64A\AtihdWT6.inf","Windows Server 2022","PATCH_CANDIDATE","ProjectionCandidate","8","0","8","NotEstablished"
"26.Q1","RDNA","d0_amd-software-pro-edition-26.q1-win11-rdna.exe_12482d7df129\Packages\Drivers\Audio\HDMI\WT64A\AtihdWT6.inf","Windows Server 2025","PATCH_CANDIDATE","ProjectionCandidate","8","0","8","NotEstablished"
"26.Q1","RDNA","d0_amd-software-pro-edition-26.q1-win11-rdna.exe_12482d7df129\Packages\Drivers\Audio\SAFD\WT64A\amdsafd.inf","Windows Server 2016","NOT_APPLICABLE","NotApplicable","0","0","0","NotEstablished"
"26.Q1","RDNA","d0_amd-software-pro-edition-26.q1-win11-rdna.exe_12482d7df129\Packages\Drivers\Audio\SAFD\WT64A\amdsafd.inf","Windows Server 2019","NATIVE_CANDIDATE","NativeCandidate","2","2","2","NotEstablished"
"26.Q1","RDNA","d0_amd-software-pro-edition-26.q1-win11-rdna.exe_12482d7df129\Packages\Drivers\Audio\SAFD\WT64A\amdsafd.inf","Windows Server 2022","NATIVE_CANDIDATE","NativeCandidate","2","2","2","NotEstablished"
"26.Q1","RDNA","d0_amd-software-pro-edition-26.q1-win11-rdna.exe_12482d7df129\Packages\Drivers\Audio\SAFD\WT64A\amdsafd.inf","Windows Server 2025","NATIVE_CANDIDATE","NativeCandidate","2","2","2","NotEstablished"
"26.Q1","RDNA","d0_amd-software-pro-edition-26.q1-win11-rdna.exe_12482d7df129\Packages\Drivers\Audio\SDWC\WT64A\amdsdwc.inf","Windows Server 2016","NOT_APPLICABLE","NotApplicable","0","0","0","NotEstablished"
"26.Q1","RDNA","d0_amd-software-pro-edition-26.q1-win11-rdna.exe_12482d7df129\Packages\Drivers\Audio\SDWC\WT64A\amdsdwc.inf","Windows Server 2019","REVIEW_REQUIRED","WdfRequirementReview","7","7","7","NotEstablished"
"26.Q1","RDNA","d0_amd-software-pro-edition-26.q1-win11-rdna.exe_12482d7df129\Packages\Drivers\Audio\SDWC\WT64A\amdsdwc.inf","Windows Server 2022","NATIVE_CANDIDATE","NativeCandidate","7","7","7","NotEstablished"
"26.Q1","RDNA","d0_amd-software-pro-edition-26.q1-win11-rdna.exe_12482d7df129\Packages\Drivers\Audio\SDWC\WT64A\amdsdwc.inf","Windows Server 2025","NATIVE_CANDIDATE","NativeCandidate","7","7","7","NotEstablished"
"26.Q1","RDNA","d0_amd-software-pro-edition-26.q1-win11-rdna.exe_12482d7df129\Packages\Drivers\Audio\SDWS\WT64A\amdsdws.inf","Windows Server 2016","NOT_APPLICABLE","NotApplicable","0","0","0","NotEstablished"
"26.Q1","RDNA","d0_amd-software-pro-edition-26.q1-win11-rdna.exe_12482d7df129\Packages\Drivers\Audio\SDWS\WT64A\amdsdws.inf","Windows Server 2019","REVIEW_REQUIRED","WdfRequirementReview","11","11","11","NotEstablished"
"26.Q1","RDNA","d0_amd-software-pro-edition-26.q1-win11-rdna.exe_12482d7df129\Packages\Drivers\Audio\SDWS\WT64A\amdsdws.inf","Windows Server 2022","NATIVE_CANDIDATE","NativeCandidate","11","11","11","NotEstablished"
"26.Q1","RDNA","d0_amd-software-pro-edition-26.q1-win11-rdna.exe_12482d7df129\Packages\Drivers\Audio\SDWS\WT64A\amdsdws.inf","Windows Server 2025","NATIVE_CANDIDATE","NativeCandidate","11","11","11","NotEstablished"
"26.Q1","RDNA","d0_amd-software-pro-edition-26.q1-win11-rdna.exe_12482d7df129\Packages\Drivers\Audio\SDWS\WT64A\amdsdwsext\amdsdwsext.inf","Windows Server 2016","NOT_APPLICABLE","NotApplicable","0","0","0","NotEstablished"
"26.Q1","RDNA","d0_amd-software-pro-edition-26.q1-win11-rdna.exe_12482d7df129\Packages\Drivers\Audio\SDWS\WT64A\amdsdwsext\amdsdwsext.inf","Windows Server 2019","NATIVE_CANDIDATE","NativeCandidate","4","4","4","NotEstablished"
"26.Q1","RDNA","d0_amd-software-pro-edition-26.q1-win11-rdna.exe_12482d7df129\Packages\Drivers\Audio\SDWS\WT64A\amdsdwsext\amdsdwsext.inf","Windows Server 2022","NATIVE_CANDIDATE","NativeCandidate","4","4","4","NotEstablished"
"26.Q1","RDNA","d0_amd-software-pro-edition-26.q1-win11-rdna.exe_12482d7df129\Packages\Drivers\Audio\SDWS\WT64A\amdsdwsext\amdsdwsext.inf","Windows Server 2025","NATIVE_CANDIDATE","NativeCandidate","4","4","4","NotEstablished"
"26.Q1","RDNA","d0_amd-software-pro-edition-26.q1-win11-rdna.exe_12482d7df129\Packages\Drivers\Display\WT6A_INF\u0200269.inf","Windows Server 2016","NOT_APPLICABLE","NotApplicable","0","0","0","NotEstablished"
"26.Q1","RDNA","d0_amd-software-pro-edition-26.q1-win11-rdna.exe_12482d7df129\Packages\Drivers\Display\WT6A_INF\u0200269.inf","Windows Server 2019","NOT_APPLICABLE","NotApplicable","0","0","0","NotEstablished"
"26.Q1","RDNA","d0_amd-software-pro-edition-26.q1-win11-rdna.exe_12482d7df129\Packages\Drivers\Display\WT6A_INF\u0200269.inf","Windows Server 2022","PATCH_CANDIDATE","ProjectionCandidate","321","0","321","NotEstablished"
"26.Q1","RDNA","d0_amd-software-pro-edition-26.q1-win11-rdna.exe_12482d7df129\Packages\Drivers\Display\WT6A_INF\u0200269.inf","Windows Server 2025","PATCH_CANDIDATE","ProjectionCandidate","321","0","321","NotEstablished"
"26.Q1","RDNA","d0_amd-software-pro-edition-26.q1-win11-rdna.exe_12482d7df129\Packages\Drivers\Display\WT6A_INF\amdafd\amdafd.inf","Windows Server 2016","NATIVE_CANDIDATE","NativeCandidate","2","2","2","NotEstablished"
"26.Q1","RDNA","d0_amd-software-pro-edition-26.q1-win11-rdna.exe_12482d7df129\Packages\Drivers\Display\WT6A_INF\amdafd\amdafd.inf","Windows Server 2019","NATIVE_CANDIDATE","NativeCandidate","2","2","2","NotEstablished"
"26.Q1","RDNA","d0_amd-software-pro-edition-26.q1-win11-rdna.exe_12482d7df129\Packages\Drivers\Display\WT6A_INF\amdafd\amdafd.inf","Windows Server 2022","NATIVE_CANDIDATE","NativeCandidate","2","2","2","NotEstablished"
"26.Q1","RDNA","d0_amd-software-pro-edition-26.q1-win11-rdna.exe_12482d7df129\Packages\Drivers\Display\WT6A_INF\amdafd\amdafd.inf","Windows Server 2025","NATIVE_CANDIDATE","NativeCandidate","2","2","2","NotEstablished"
"26.Q1","RDNA","d0_amd-software-pro-edition-26.q1-win11-rdna.exe_12482d7df129\Packages\Drivers\Display\WT6A_INF\amdfdans\AMDFDANS.inf","Windows Server 2016","NATIVE_CANDIDATE","NativeCandidate","1","1","1","NotEstablished"
"26.Q1","RDNA","d0_amd-software-pro-edition-26.q1-win11-rdna.exe_12482d7df129\Packages\Drivers\Display\WT6A_INF\amdfdans\AMDFDANS.inf","Windows Server 2019","NATIVE_CANDIDATE","NativeCandidate","1","1","1","NotEstablished"
"26.Q1","RDNA","d0_amd-software-pro-edition-26.q1-win11-rdna.exe_12482d7df129\Packages\Drivers\Display\WT6A_INF\amdfdans\AMDFDANS.inf","Windows Server 2022","NATIVE_CANDIDATE","NativeCandidate","1","1","1","NotEstablished"
"26.Q1","RDNA","d0_amd-software-pro-edition-26.q1-win11-rdna.exe_12482d7df129\Packages\Drivers\Display\WT6A_INF\amdfdans\AMDFDANS.inf","Windows Server 2025","NATIVE_CANDIDATE","NativeCandidate","1","1","1","NotEstablished"
"26.Q1","RDNA","d0_amd-software-pro-edition-26.q1-win11-rdna.exe_12482d7df129\Packages\Drivers\Display\WT6A_INF\amdfendr\amdfendr.inf","Windows Server 2016","NOT_APPLICABLE","NotApplicable","0","0","0","NotEstablished"
"26.Q1","RDNA","d0_amd-software-pro-edition-26.q1-win11-rdna.exe_12482d7df129\Packages\Drivers\Display\WT6A_INF\amdfendr\amdfendr.inf","Windows Server 2019","NATIVE_CANDIDATE","NativeCandidate","1","1","1","NotEstablished"
"26.Q1","RDNA","d0_amd-software-pro-edition-26.q1-win11-rdna.exe_12482d7df129\Packages\Drivers\Display\WT6A_INF\amdfendr\amdfendr.inf","Windows Server 2022","NATIVE_CANDIDATE","NativeCandidate","1","1","1","NotEstablished"
"26.Q1","RDNA","d0_amd-software-pro-edition-26.q1-win11-rdna.exe_12482d7df129\Packages\Drivers\Display\WT6A_INF\amdfendr\amdfendr.inf","Windows Server 2025","NATIVE_CANDIDATE","NativeCandidate","1","1","1","NotEstablished"
"26.Q1","RDNA","d0_amd-software-pro-edition-26.q1-win11-rdna.exe_12482d7df129\Packages\Drivers\Display\WT6A_INF\amdocl\amdocl.inf","Windows Server 2016","NOT_APPLICABLE","NotApplicable","0","0","0","NotEstablished"
"26.Q1","RDNA","d0_amd-software-pro-edition-26.q1-win11-rdna.exe_12482d7df129\Packages\Drivers\Display\WT6A_INF\amdocl\amdocl.inf","Windows Server 2019","NATIVE_CANDIDATE","NativeCandidate","1","1","1","NotEstablished"
"26.Q1","RDNA","d0_amd-software-pro-edition-26.q1-win11-rdna.exe_12482d7df129\Packages\Drivers\Display\WT6A_INF\amdocl\amdocl.inf","Windows Server 2022","NATIVE_CANDIDATE","NativeCandidate","1","1","1","NotEstablished"
"26.Q1","RDNA","d0_amd-software-pro-edition-26.q1-win11-rdna.exe_12482d7df129\Packages\Drivers\Display\WT6A_INF\amdocl\amdocl.inf","Windows Server 2025","NATIVE_CANDIDATE","NativeCandidate","1","1","1","NotEstablished"
"26.Q1","RDNA","d0_amd-software-pro-edition-26.q1-win11-rdna.exe_12482d7df129\Packages\Drivers\Display\WT6A_INF\amdpcibridge\amdpcibridgeextension.inf","Windows Server 2016","NATIVE_CANDIDATE","NativeCandidate","2","2","2","NotEstablished"
"26.Q1","RDNA","d0_amd-software-pro-edition-26.q1-win11-rdna.exe_12482d7df129\Packages\Drivers\Display\WT6A_INF\amdpcibridge\amdpcibridgeextension.inf","Windows Server 2019","NATIVE_CANDIDATE","NativeCandidate","2","2","2","NotEstablished"
"26.Q1","RDNA","d0_amd-software-pro-edition-26.q1-win11-rdna.exe_12482d7df129\Packages\Drivers\Display\WT6A_INF\amdpcibridge\amdpcibridgeextension.inf","Windows Server 2022","NATIVE_CANDIDATE","NativeCandidate","2","2","2","NotEstablished"
"26.Q1","RDNA","d0_amd-software-pro-edition-26.q1-win11-rdna.exe_12482d7df129\Packages\Drivers\Display\WT6A_INF\amdpcibridge\amdpcibridgeextension.inf","Windows Server 2025","NATIVE_CANDIDATE","NativeCandidate","2","2","2","NotEstablished"
"26.Q1","RDNA","d0_amd-software-pro-edition-26.q1-win11-rdna.exe_12482d7df129\Packages\Drivers\Display\WT6A_INF\amdwin\amdwin-u0200269.inf","Windows Server 2016","NATIVE_CANDIDATE","NativeCandidate","1","1","1","NotEstablished"
"26.Q1","RDNA","d0_amd-software-pro-edition-26.q1-win11-rdna.exe_12482d7df129\Packages\Drivers\Display\WT6A_INF\amdwin\amdwin-u0200269.inf","Windows Server 2019","NATIVE_CANDIDATE","NativeCandidate","1","1","1","NotEstablished"
"26.Q1","RDNA","d0_amd-software-pro-edition-26.q1-win11-rdna.exe_12482d7df129\Packages\Drivers\Display\WT6A_INF\amdwin\amdwin-u0200269.inf","Windows Server 2022","NATIVE_CANDIDATE","NativeCandidate","1","1","1","NotEstablished"
"26.Q1","RDNA","d0_amd-software-pro-edition-26.q1-win11-rdna.exe_12482d7df129\Packages\Drivers\Display\WT6A_INF\amdwin\amdwin-u0200269.inf","Windows Server 2025","NATIVE_CANDIDATE","NativeCandidate","1","1","1","NotEstablished"
"26.Q1","RDNA","d0_amd-software-pro-edition-26.q1-win11-rdna.exe_12482d7df129\Packages\Drivers\RadeonLED\WT64A\amdusbledfd.inf","Windows Server 2016","NATIVE_CANDIDATE","NativeCandidate","6","6","6","NotEstablished"
"26.Q1","RDNA","d0_amd-software-pro-edition-26.q1-win11-rdna.exe_12482d7df129\Packages\Drivers\RadeonLED\WT64A\amdusbledfd.inf","Windows Server 2019","NATIVE_CANDIDATE","NativeCandidate","6","6","6","NotEstablished"
"26.Q1","RDNA","d0_amd-software-pro-edition-26.q1-win11-rdna.exe_12482d7df129\Packages\Drivers\RadeonLED\WT64A\amdusbledfd.inf","Windows Server 2022","NATIVE_CANDIDATE","NativeCandidate","6","6","6","NotEstablished"
"26.Q1","RDNA","d0_amd-software-pro-edition-26.q1-win11-rdna.exe_12482d7df129\Packages\Drivers\RadeonLED\WT64A\amdusbledfd.inf","Windows Server 2025","NATIVE_CANDIDATE","NativeCandidate","6","6","6","NotEstablished"
"26.Q1","RDNA","d0_amd-software-pro-edition-26.q1-win11-rdna.exe_12482d7df129\Packages\Drivers\SBDrv\AMDUCSI\WT64A\amducsi.inf","Windows Server 2016","NATIVE_CANDIDATE","NativeCandidate","5","5","5","NotEstablished"
"26.Q1","RDNA","d0_amd-software-pro-edition-26.q1-win11-rdna.exe_12482d7df129\Packages\Drivers\SBDrv\AMDUCSI\WT64A\amducsi.inf","Windows Server 2019","NATIVE_CANDIDATE","NativeCandidate","5","5","5","NotEstablished"
"26.Q1","RDNA","d0_amd-software-pro-edition-26.q1-win11-rdna.exe_12482d7df129\Packages\Drivers\SBDrv\AMDUCSI\WT64A\amducsi.inf","Windows Server 2022","NATIVE_CANDIDATE","NativeCandidate","5","5","5","NotEstablished"
"26.Q1","RDNA","d0_amd-software-pro-edition-26.q1-win11-rdna.exe_12482d7df129\Packages\Drivers\SBDrv\AMDUCSI\WT64A\amducsi.inf","Windows Server 2025","NATIVE_CANDIDATE","NativeCandidate","5","5","5","NotEstablished"
"25.Q4","Unspecified","d0_amd-software-pro-edition-25.q4-win11-c.exe_997eeb2a3d40\Packages\Drivers\AMDISP\AMDCAMERA\WT64A\amdcamera.inf","Windows Server 2016","NATIVE_CANDIDATE","NativeCandidate","1","1","1","NotEstablished"
"25.Q4","Unspecified","d0_amd-software-pro-edition-25.q4-win11-c.exe_997eeb2a3d40\Packages\Drivers\AMDISP\AMDCAMERA\WT64A\amdcamera.inf","Windows Server 2019","NATIVE_CANDIDATE","NativeCandidate","1","1","1","NotEstablished"
"25.Q4","Unspecified","d0_amd-software-pro-edition-25.q4-win11-c.exe_997eeb2a3d40\Packages\Drivers\AMDISP\AMDCAMERA\WT64A\amdcamera.inf","Windows Server 2022","NATIVE_CANDIDATE","NativeCandidate","1","1","1","NotEstablished"
"25.Q4","Unspecified","d0_amd-software-pro-edition-25.q4-win11-c.exe_997eeb2a3d40\Packages\Drivers\AMDISP\AMDCAMERA\WT64A\amdcamera.inf","Windows Server 2025","NATIVE_CANDIDATE","NativeCandidate","1","1","1","NotEstablished"
"25.Q4","Unspecified","d0_amd-software-pro-edition-25.q4-win11-c.exe_997eeb2a3d40\Packages\Drivers\AMDISP\AMDISP\WT64A\amdisp.inf","Windows Server 2016","REVIEW_REQUIRED","WdfRequirementReview","2","2","2","NotEstablished"
"25.Q4","Unspecified","d0_amd-software-pro-edition-25.q4-win11-c.exe_997eeb2a3d40\Packages\Drivers\AMDISP\AMDISP\WT64A\amdisp.inf","Windows Server 2019","NATIVE_CANDIDATE","NativeCandidate","2","2","2","NotEstablished"
"25.Q4","Unspecified","d0_amd-software-pro-edition-25.q4-win11-c.exe_997eeb2a3d40\Packages\Drivers\AMDISP\AMDISP\WT64A\amdisp.inf","Windows Server 2022","NATIVE_CANDIDATE","NativeCandidate","2","2","2","NotEstablished"
"25.Q4","Unspecified","d0_amd-software-pro-edition-25.q4-win11-c.exe_997eeb2a3d40\Packages\Drivers\AMDISP\AMDISP\WT64A\amdisp.inf","Windows Server 2025","NATIVE_CANDIDATE","NativeCandidate","2","2","2","NotEstablished"
"25.Q4","Unspecified","d0_amd-software-pro-edition-25.q4-win11-c.exe_997eeb2a3d40\Packages\Drivers\AMDISP\GC1029\WT64A\sensorGC1029.inf","Windows Server 2016","NATIVE_CANDIDATE","NativeCandidate","1","1","1","NotEstablished"
"25.Q4","Unspecified","d0_amd-software-pro-edition-25.q4-win11-c.exe_997eeb2a3d40\Packages\Drivers\AMDISP\GC1029\WT64A\sensorGC1029.inf","Windows Server 2019","NATIVE_CANDIDATE","NativeCandidate","1","1","1","NotEstablished"
"25.Q4","Unspecified","d0_amd-software-pro-edition-25.q4-win11-c.exe_997eeb2a3d40\Packages\Drivers\AMDISP\GC1029\WT64A\sensorGC1029.inf","Windows Server 2022","NATIVE_CANDIDATE","NativeCandidate","1","1","1","NotEstablished"
"25.Q4","Unspecified","d0_amd-software-pro-edition-25.q4-win11-c.exe_997eeb2a3d40\Packages\Drivers\AMDISP\GC1029\WT64A\sensorGC1029.inf","Windows Server 2025","NATIVE_CANDIDATE","NativeCandidate","1","1","1","NotEstablished"
"25.Q4","Unspecified","d0_amd-software-pro-edition-25.q4-win11-c.exe_997eeb2a3d40\Packages\Drivers\AMDISP\HM1092\WT64A\sensorHM1092.inf","Windows Server 2016","NATIVE_CANDIDATE","NativeCandidate","1","1","1","NotEstablished"
"25.Q4","Unspecified","d0_amd-software-pro-edition-25.q4-win11-c.exe_997eeb2a3d40\Packages\Drivers\AMDISP\HM1092\WT64A\sensorHM1092.inf","Windows Server 2019","NATIVE_CANDIDATE","NativeCandidate","1","1","1","NotEstablished"
"25.Q4","Unspecified","d0_amd-software-pro-edition-25.q4-win11-c.exe_997eeb2a3d40\Packages\Drivers\AMDISP\HM1092\WT64A\sensorHM1092.inf","Windows Server 2022","NATIVE_CANDIDATE","NativeCandidate","1","1","1","NotEstablished"
"25.Q4","Unspecified","d0_amd-software-pro-edition-25.q4-win11-c.exe_997eeb2a3d40\Packages\Drivers\AMDISP\HM1092\WT64A\sensorHM1092.inf","Windows Server 2025","NATIVE_CANDIDATE","NativeCandidate","1","1","1","NotEstablished"
"25.Q4","Unspecified","d0_amd-software-pro-edition-25.q4-win11-c.exe_997eeb2a3d40\Packages\Drivers\AMDISP\OV05C\WT64A\sensorOV05C.inf","Windows Server 2016","NATIVE_CANDIDATE","NativeCandidate","1","1","1","NotEstablished"
"25.Q4","Unspecified","d0_amd-software-pro-edition-25.q4-win11-c.exe_997eeb2a3d40\Packages\Drivers\AMDISP\OV05C\WT64A\sensorOV05C.inf","Windows Server 2019","NATIVE_CANDIDATE","NativeCandidate","1","1","1","NotEstablished"
"25.Q4","Unspecified","d0_amd-software-pro-edition-25.q4-win11-c.exe_997eeb2a3d40\Packages\Drivers\AMDISP\OV05C\WT64A\sensorOV05C.inf","Windows Server 2022","NATIVE_CANDIDATE","NativeCandidate","1","1","1","NotEstablished"
"25.Q4","Unspecified","d0_amd-software-pro-edition-25.q4-win11-c.exe_997eeb2a3d40\Packages\Drivers\AMDISP\OV05C\WT64A\sensorOV05C.inf","Windows Server 2025","NATIVE_CANDIDATE","NativeCandidate","1","1","1","NotEstablished"
"25.Q4","Unspecified","d0_amd-software-pro-edition-25.q4-win11-c.exe_997eeb2a3d40\Packages\Drivers\AMDISP\OV08X\WT64A\sensorOV08X.inf","Windows Server 2016","NATIVE_CANDIDATE","NativeCandidate","2","2","2","NotEstablished"
"25.Q4","Unspecified","d0_amd-software-pro-edition-25.q4-win11-c.exe_997eeb2a3d40\Packages\Drivers\AMDISP\OV08X\WT64A\sensorOV08X.inf","Windows Server 2019","NATIVE_CANDIDATE","NativeCandidate","2","2","2","NotEstablished"
"25.Q4","Unspecified","d0_amd-software-pro-edition-25.q4-win11-c.exe_997eeb2a3d40\Packages\Drivers\AMDISP\OV08X\WT64A\sensorOV08X.inf","Windows Server 2022","NATIVE_CANDIDATE","NativeCandidate","2","2","2","NotEstablished"
"25.Q4","Unspecified","d0_amd-software-pro-edition-25.q4-win11-c.exe_997eeb2a3d40\Packages\Drivers\AMDISP\OV08X\WT64A\sensorOV08X.inf","Windows Server 2025","NATIVE_CANDIDATE","NativeCandidate","2","2","2","NotEstablished"
"25.Q4","Unspecified","d0_amd-software-pro-edition-25.q4-win11-c.exe_997eeb2a3d40\Packages\Drivers\AMDISP\OV13B\WT64A\sensorOV13B.inf","Windows Server 2016","NATIVE_CANDIDATE","NativeCandidate","1","1","1","NotEstablished"
"25.Q4","Unspecified","d0_amd-software-pro-edition-25.q4-win11-c.exe_997eeb2a3d40\Packages\Drivers\AMDISP\OV13B\WT64A\sensorOV13B.inf","Windows Server 2019","NATIVE_CANDIDATE","NativeCandidate","1","1","1","NotEstablished"
"25.Q4","Unspecified","d0_amd-software-pro-edition-25.q4-win11-c.exe_997eeb2a3d40\Packages\Drivers\AMDISP\OV13B\WT64A\sensorOV13B.inf","Windows Server 2022","NATIVE_CANDIDATE","NativeCandidate","1","1","1","NotEstablished"
"25.Q4","Unspecified","d0_amd-software-pro-edition-25.q4-win11-c.exe_997eeb2a3d40\Packages\Drivers\AMDISP\OV13B\WT64A\sensorOV13B.inf","Windows Server 2025","NATIVE_CANDIDATE","NativeCandidate","1","1","1","NotEstablished"
"25.Q4","Unspecified","d0_amd-software-pro-edition-25.q4-win11-c.exe_997eeb2a3d40\Packages\Drivers\AMDNPUMCDM\WT64A\kipudrv.inf","Windows Server 2016","NOT_APPLICABLE","NotApplicable","0","0","0","NotEstablished"
"25.Q4","Unspecified","d0_amd-software-pro-edition-25.q4-win11-c.exe_997eeb2a3d40\Packages\Drivers\AMDNPUMCDM\WT64A\kipudrv.inf","Windows Server 2019","NOT_APPLICABLE","NotApplicable","0","0","0","NotEstablished"
"25.Q4","Unspecified","d0_amd-software-pro-edition-25.q4-win11-c.exe_997eeb2a3d40\Packages\Drivers\AMDNPUMCDM\WT64A\kipudrv.inf","Windows Server 2022","NOT_APPLICABLE","NotApplicable","0","0","0","NotEstablished"
"25.Q4","Unspecified","d0_amd-software-pro-edition-25.q4-win11-c.exe_997eeb2a3d40\Packages\Drivers\AMDNPUMCDM\WT64A\kipudrv.inf","Windows Server 2025","NATIVE_CANDIDATE","NativeCandidate","2","2","2","NotEstablished"
"25.Q4","Unspecified","d0_amd-software-pro-edition-25.q4-win11-c.exe_997eeb2a3d40\Packages\Drivers\AMDNPUWDF\WT64A\kipudrv.inf","Windows Server 2016","NATIVE_CANDIDATE","NativeCandidate","2","2","2","NotEstablished"
"25.Q4","Unspecified","d0_amd-software-pro-edition-25.q4-win11-c.exe_997eeb2a3d40\Packages\Drivers\AMDNPUWDF\WT64A\kipudrv.inf","Windows Server 2019","NATIVE_CANDIDATE","NativeCandidate","2","2","2","NotEstablished"
"25.Q4","Unspecified","d0_amd-software-pro-edition-25.q4-win11-c.exe_997eeb2a3d40\Packages\Drivers\AMDNPUWDF\WT64A\kipudrv.inf","Windows Server 2022","NATIVE_CANDIDATE","NativeCandidate","2","2","2","NotEstablished"
"25.Q4","Unspecified","d0_amd-software-pro-edition-25.q4-win11-c.exe_997eeb2a3d40\Packages\Drivers\AMDNPUWDF\WT64A\kipudrv.inf","Windows Server 2025","NATIVE_CANDIDATE","NativeCandidate","2","2","2","NotEstablished"
"25.Q4","Unspecified","d0_amd-software-pro-edition-25.q4-win11-c.exe_997eeb2a3d40\Packages\Drivers\Audio\ACPAfd\WT64A\amdacpafd.inf","Windows Server 2016","NOT_APPLICABLE","NotApplicable","0","0","0","NotEstablished"
"25.Q4","Unspecified","d0_amd-software-pro-edition-25.q4-win11-c.exe_997eeb2a3d40\Packages\Drivers\Audio\ACPAfd\WT64A\amdacpafd.inf","Windows Server 2019","NATIVE_CANDIDATE","NativeCandidate","13","13","13","NotEstablished"
"25.Q4","Unspecified","d0_amd-software-pro-edition-25.q4-win11-c.exe_997eeb2a3d40\Packages\Drivers\Audio\ACPAfd\WT64A\amdacpafd.inf","Windows Server 2022","NATIVE_CANDIDATE","NativeCandidate","13","13","13","NotEstablished"
"25.Q4","Unspecified","d0_amd-software-pro-edition-25.q4-win11-c.exe_997eeb2a3d40\Packages\Drivers\Audio\ACPAfd\WT64A\amdacpafd.inf","Windows Server 2025","NATIVE_CANDIDATE","NativeCandidate","13","13","13","NotEstablished"
"25.Q4","Unspecified","d0_amd-software-pro-edition-25.q4-win11-c.exe_997eeb2a3d40\Packages\Drivers\Audio\ACPAFDSVC\WT64A\amdacpafdcomp.inf","Windows Server 2016","NOT_APPLICABLE","NotApplicable","0","0","0","NotEstablished"
"25.Q4","Unspecified","d0_amd-software-pro-edition-25.q4-win11-c.exe_997eeb2a3d40\Packages\Drivers\Audio\ACPAFDSVC\WT64A\amdacpafdcomp.inf","Windows Server 2019","NATIVE_CANDIDATE","NativeCandidate","1","1","1","NotEstablished"
"25.Q4","Unspecified","d0_amd-software-pro-edition-25.q4-win11-c.exe_997eeb2a3d40\Packages\Drivers\Audio\ACPAFDSVC\WT64A\amdacpafdcomp.inf","Windows Server 2022","NATIVE_CANDIDATE","NativeCandidate","1","1","1","NotEstablished"
"25.Q4","Unspecified","d0_amd-software-pro-edition-25.q4-win11-c.exe_997eeb2a3d40\Packages\Drivers\Audio\ACPAFDSVC\WT64A\amdacpafdcomp.inf","Windows Server 2025","NATIVE_CANDIDATE","NativeCandidate","1","1","1","NotEstablished"
"25.Q4","Unspecified","d0_amd-software-pro-edition-25.q4-win11-c.exe_997eeb2a3d40\Packages\Drivers\Audio\ACPAFDSVC\WT64A\amdacpafdext.inf","Windows Server 2016","NOT_APPLICABLE","NotApplicable","0","0","0","NotEstablished"
"25.Q4","Unspecified","d0_amd-software-pro-edition-25.q4-win11-c.exe_997eeb2a3d40\Packages\Drivers\Audio\ACPAFDSVC\WT64A\amdacpafdext.inf","Windows Server 2019","NATIVE_CANDIDATE","NativeCandidate","1","1","1","NotEstablished"
"25.Q4","Unspecified","d0_amd-software-pro-edition-25.q4-win11-c.exe_997eeb2a3d40\Packages\Drivers\Audio\ACPAFDSVC\WT64A\amdacpafdext.inf","Windows Server 2022","NATIVE_CANDIDATE","NativeCandidate","1","1","1","NotEstablished"
"25.Q4","Unspecified","d0_amd-software-pro-edition-25.q4-win11-c.exe_997eeb2a3d40\Packages\Drivers\Audio\ACPAFDSVC\WT64A\amdacpafdext.inf","Windows Server 2025","NATIVE_CANDIDATE","NativeCandidate","1","1","1","NotEstablished"
"25.Q4","Unspecified","d0_amd-software-pro-edition-25.q4-win11-c.exe_997eeb2a3d40\Packages\Drivers\Audio\ACPBTACX\WT64A\amdacpbtacx.inf","Windows Server 2016","NOT_APPLICABLE","NotApplicable","0","0","0","NotEstablished"
"25.Q4","Unspecified","d0_amd-software-pro-edition-25.q4-win11-c.exe_997eeb2a3d40\Packages\Drivers\Audio\ACPBTACX\WT64A\amdacpbtacx.inf","Windows Server 2019","REVIEW_REQUIRED","WdfRequirementReview","10","10","10","NotEstablished"
"25.Q4","Unspecified","d0_amd-software-pro-edition-25.q4-win11-c.exe_997eeb2a3d40\Packages\Drivers\Audio\ACPBTACX\WT64A\amdacpbtacx.inf","Windows Server 2022","NATIVE_CANDIDATE","NativeCandidate","10","10","10","NotEstablished"
"25.Q4","Unspecified","d0_amd-software-pro-edition-25.q4-win11-c.exe_997eeb2a3d40\Packages\Drivers\Audio\ACPBTACX\WT64A\amdacpbtacx.inf","Windows Server 2025","NATIVE_CANDIDATE","NativeCandidate","10","10","10","NotEstablished"
"25.Q4","Unspecified","d0_amd-software-pro-edition-25.q4-win11-c.exe_997eeb2a3d40\Packages\Drivers\Audio\ACPBtAfd\WT64A\amdacpbt.inf","Windows Server 2016","NOT_APPLICABLE","NotApplicable","0","0","0","NotEstablished"
"25.Q4","Unspecified","d0_amd-software-pro-edition-25.q4-win11-c.exe_997eeb2a3d40\Packages\Drivers\Audio\ACPBtAfd\WT64A\amdacpbt.inf","Windows Server 2019","NATIVE_CANDIDATE","NativeCandidate","3","3","3","NotEstablished"
"25.Q4","Unspecified","d0_amd-software-pro-edition-25.q4-win11-c.exe_997eeb2a3d40\Packages\Drivers\Audio\ACPBtAfd\WT64A\amdacpbt.inf","Windows Server 2022","NATIVE_CANDIDATE","NativeCandidate","3","3","3","NotEstablished"
"25.Q4","Unspecified","d0_amd-software-pro-edition-25.q4-win11-c.exe_997eeb2a3d40\Packages\Drivers\Audio\ACPBtAfd\WT64A\amdacpbt.inf","Windows Server 2025","NATIVE_CANDIDATE","NativeCandidate","3","3","3","NotEstablished"
"25.Q4","Unspecified","d0_amd-software-pro-edition-25.q4-win11-c.exe_997eeb2a3d40\Packages\Drivers\Audio\ACPBtAfd\WT64A\amdacpbtscoext\amdacpbtscoext.inf","Windows Server 2016","NOT_APPLICABLE","NotApplicable","0","0","0","NotEstablished"
"25.Q4","Unspecified","d0_amd-software-pro-edition-25.q4-win11-c.exe_997eeb2a3d40\Packages\Drivers\Audio\ACPBtAfd\WT64A\amdacpbtscoext\amdacpbtscoext.inf","Windows Server 2019","NOT_APPLICABLE","NotApplicable","0","0","0","NotEstablished"
"25.Q4","Unspecified","d0_amd-software-pro-edition-25.q4-win11-c.exe_997eeb2a3d40\Packages\Drivers\Audio\ACPBtAfd\WT64A\amdacpbtscoext\amdacpbtscoext.inf","Windows Server 2022","NOT_APPLICABLE","NotApplicable","0","0","0","NotEstablished"
"25.Q4","Unspecified","d0_amd-software-pro-edition-25.q4-win11-c.exe_997eeb2a3d40\Packages\Drivers\Audio\ACPBtAfd\WT64A\amdacpbtscoext\amdacpbtscoext.inf","Windows Server 2025","NATIVE_CANDIDATE","NativeCandidate","1","1","1","NotEstablished"
"25.Q4","Unspecified","d0_amd-software-pro-edition-25.q4-win11-c.exe_997eeb2a3d40\Packages\Drivers\Audio\ACPBus\WT64A\amdacpbus.inf","Windows Server 2016","NOT_APPLICABLE","NotApplicable","0","0","0","NotEstablished"
"25.Q4","Unspecified","d0_amd-software-pro-edition-25.q4-win11-c.exe_997eeb2a3d40\Packages\Drivers\Audio\ACPBus\WT64A\amdacpbus.inf","Windows Server 2019","NATIVE_CANDIDATE","NativeCandidate","6","6","6","NotEstablished"
"25.Q4","Unspecified","d0_amd-software-pro-edition-25.q4-win11-c.exe_997eeb2a3d40\Packages\Drivers\Audio\ACPBus\WT64A\amdacpbus.inf","Windows Server 2022","NATIVE_CANDIDATE","NativeCandidate","6","6","6","NotEstablished"
"25.Q4","Unspecified","d0_amd-software-pro-edition-25.q4-win11-c.exe_997eeb2a3d40\Packages\Drivers\Audio\ACPBus\WT64A\amdacpbus.inf","Windows Server 2025","NATIVE_CANDIDATE","NativeCandidate","6","6","6","NotEstablished"
"25.Q4","Unspecified","d0_amd-software-pro-edition-25.q4-win11-c.exe_997eeb2a3d40\Packages\Drivers\Audio\ACPBus2\WT64A\amdacpbus2.inf","Windows Server 2016","NOT_APPLICABLE","NotApplicable","0","0","0","NotEstablished"
"25.Q4","Unspecified","d0_amd-software-pro-edition-25.q4-win11-c.exe_997eeb2a3d40\Packages\Drivers\Audio\ACPBus2\WT64A\amdacpbus2.inf","Windows Server 2019","NATIVE_CANDIDATE","NativeCandidate","3","3","3","NotEstablished"
"25.Q4","Unspecified","d0_amd-software-pro-edition-25.q4-win11-c.exe_997eeb2a3d40\Packages\Drivers\Audio\ACPBus2\WT64A\amdacpbus2.inf","Windows Server 2022","NATIVE_CANDIDATE","NativeCandidate","3","3","3","NotEstablished"
"25.Q4","Unspecified","d0_amd-software-pro-edition-25.q4-win11-c.exe_997eeb2a3d40\Packages\Drivers\Audio\ACPBus2\WT64A\amdacpbus2.inf","Windows Server 2025","NATIVE_CANDIDATE","NativeCandidate","3","3","3","NotEstablished"
"25.Q4","Unspecified","d0_amd-software-pro-edition-25.q4-win11-c.exe_997eeb2a3d40\Packages\Drivers\Audio\ACPBus2\WT64A\amdacpbusext\amdacpbusext.inf","Windows Server 2016","NOT_APPLICABLE","NotApplicable","0","0","0","NotEstablished"
"25.Q4","Unspecified","d0_amd-software-pro-edition-25.q4-win11-c.exe_997eeb2a3d40\Packages\Drivers\Audio\ACPBus2\WT64A\amdacpbusext\amdacpbusext.inf","Windows Server 2019","NATIVE_CANDIDATE","NativeCandidate","4","4","4","NotEstablished"
"25.Q4","Unspecified","d0_amd-software-pro-edition-25.q4-win11-c.exe_997eeb2a3d40\Packages\Drivers\Audio\ACPBus2\WT64A\amdacpbusext\amdacpbusext.inf","Windows Server 2022","NATIVE_CANDIDATE","NativeCandidate","4","4","4","NotEstablished"
"25.Q4","Unspecified","d0_amd-software-pro-edition-25.q4-win11-c.exe_997eeb2a3d40\Packages\Drivers\Audio\ACPBus2\WT64A\amdacpbusext\amdacpbusext.inf","Windows Server 2025","NATIVE_CANDIDATE","NativeCandidate","4","4","4","NotEstablished"
"25.Q4","Unspecified","d0_amd-software-pro-edition-25.q4-win11-c.exe_997eeb2a3d40\Packages\Drivers\Audio\ACPBus2\WT64A\amdacprgmext\amdacprgmext.inf","Windows Server 2016","NOT_APPLICABLE","NotApplicable","0","0","0","NotEstablished"
"25.Q4","Unspecified","d0_amd-software-pro-edition-25.q4-win11-c.exe_997eeb2a3d40\Packages\Drivers\Audio\ACPBus2\WT64A\amdacprgmext\amdacprgmext.inf","Windows Server 2019","NOT_APPLICABLE","NotApplicable","0","0","0","NotEstablished"
"25.Q4","Unspecified","d0_amd-software-pro-edition-25.q4-win11-c.exe_997eeb2a3d40\Packages\Drivers\Audio\ACPBus2\WT64A\amdacprgmext\amdacprgmext.inf","Windows Server 2022","NOT_APPLICABLE","NotApplicable","0","0","0","NotEstablished"
"25.Q4","Unspecified","d0_amd-software-pro-edition-25.q4-win11-c.exe_997eeb2a3d40\Packages\Drivers\Audio\ACPBus2\WT64A\amdacprgmext\amdacprgmext.inf","Windows Server 2025","NATIVE_CANDIDATE","NativeCandidate","3","3","3","NotEstablished"
"25.Q4","Unspecified","d0_amd-software-pro-edition-25.q4-win11-c.exe_997eeb2a3d40\Packages\Drivers\Audio\ACPHPd\WT64A\amdacphpd.inf","Windows Server 2016","NOT_APPLICABLE","NotApplicable","0","0","0","NotEstablished"
"25.Q4","Unspecified","d0_amd-software-pro-edition-25.q4-win11-c.exe_997eeb2a3d40\Packages\Drivers\Audio\ACPHPd\WT64A\amdacphpd.inf","Windows Server 2019","NOT_APPLICABLE","NotApplicable","0","0","0","NotEstablished"
"25.Q4","Unspecified","d0_amd-software-pro-edition-25.q4-win11-c.exe_997eeb2a3d40\Packages\Drivers\Audio\ACPHPd\WT64A\amdacphpd.inf","Windows Server 2022","NOT_APPLICABLE","NotApplicable","0","0","0","NotEstablished"
"25.Q4","Unspecified","d0_amd-software-pro-edition-25.q4-win11-c.exe_997eeb2a3d40\Packages\Drivers\Audio\ACPHPd\WT64A\amdacphpd.inf","Windows Server 2025","REVIEW_REQUIRED","WdfRequirementReview","1","1","1","NotEstablished"
"25.Q4","Unspecified","d0_amd-software-pro-edition-25.q4-win11-c.exe_997eeb2a3d40\Packages\Drivers\Audio\ACPHPd\WT64A\amdacphpdcomp.inf","Windows Server 2016","NOT_APPLICABLE","NotApplicable","0","0","0","NotEstablished"
"25.Q4","Unspecified","d0_amd-software-pro-edition-25.q4-win11-c.exe_997eeb2a3d40\Packages\Drivers\Audio\ACPHPd\WT64A\amdacphpdcomp.inf","Windows Server 2019","NATIVE_CANDIDATE","NativeCandidate","1","1","1","NotEstablished"
"25.Q4","Unspecified","d0_amd-software-pro-edition-25.q4-win11-c.exe_997eeb2a3d40\Packages\Drivers\Audio\ACPHPd\WT64A\amdacphpdcomp.inf","Windows Server 2022","NATIVE_CANDIDATE","NativeCandidate","1","1","1","NotEstablished"
"25.Q4","Unspecified","d0_amd-software-pro-edition-25.q4-win11-c.exe_997eeb2a3d40\Packages\Drivers\Audio\ACPHPd\WT64A\amdacphpdcomp.inf","Windows Server 2025","NATIVE_CANDIDATE","NativeCandidate","1","1","1","NotEstablished"
"25.Q4","Unspecified","d0_amd-software-pro-edition-25.q4-win11-c.exe_997eeb2a3d40\Packages\Drivers\Audio\ACPHPd\WT64A\amdacphpdext.inf","Windows Server 2016","NOT_APPLICABLE","NotApplicable","0","0","0","NotEstablished"
"25.Q4","Unspecified","d0_amd-software-pro-edition-25.q4-win11-c.exe_997eeb2a3d40\Packages\Drivers\Audio\ACPHPd\WT64A\amdacphpdext.inf","Windows Server 2019","NATIVE_CANDIDATE","NativeCandidate","6","6","6","NotEstablished"
"25.Q4","Unspecified","d0_amd-software-pro-edition-25.q4-win11-c.exe_997eeb2a3d40\Packages\Drivers\Audio\ACPHPd\WT64A\amdacphpdext.inf","Windows Server 2022","NATIVE_CANDIDATE","NativeCandidate","6","6","6","NotEstablished"
"25.Q4","Unspecified","d0_amd-software-pro-edition-25.q4-win11-c.exe_997eeb2a3d40\Packages\Drivers\Audio\ACPHPd\WT64A\amdacphpdext.inf","Windows Server 2025","NATIVE_CANDIDATE","NativeCandidate","6","6","6","NotEstablished"
"25.Q4","Unspecified","d0_amd-software-pro-edition-25.q4-win11-c.exe_997eeb2a3d40\Packages\Drivers\Audio\ACPUsbAfd\WT64A\amdacpusb.inf","Windows Server 2016","NOT_APPLICABLE","NotApplicable","0","0","0","NotEstablished"
"25.Q4","Unspecified","d0_amd-software-pro-edition-25.q4-win11-c.exe_997eeb2a3d40\Packages\Drivers\Audio\ACPUsbAfd\WT64A\amdacpusb.inf","Windows Server 2019","NATIVE_CANDIDATE","NativeCandidate","4","4","4","NotEstablished"
"25.Q4","Unspecified","d0_amd-software-pro-edition-25.q4-win11-c.exe_997eeb2a3d40\Packages\Drivers\Audio\ACPUsbAfd\WT64A\amdacpusb.inf","Windows Server 2022","NATIVE_CANDIDATE","NativeCandidate","4","4","4","NotEstablished"
"25.Q4","Unspecified","d0_amd-software-pro-edition-25.q4-win11-c.exe_997eeb2a3d40\Packages\Drivers\Audio\ACPUsbAfd\WT64A\amdacpusb.inf","Windows Server 2025","NATIVE_CANDIDATE","NativeCandidate","4","4","4","NotEstablished"
"25.Q4","Unspecified","d0_amd-software-pro-edition-25.q4-win11-c.exe_997eeb2a3d40\Packages\Drivers\Audio\HDABus\WT64A\amdhdaudbus.inf","Windows Server 2016","NATIVE_CANDIDATE","NativeCandidate","1","1","1","NotEstablished"
"25.Q4","Unspecified","d0_amd-software-pro-edition-25.q4-win11-c.exe_997eeb2a3d40\Packages\Drivers\Audio\HDABus\WT64A\amdhdaudbus.inf","Windows Server 2019","NATIVE_CANDIDATE","NativeCandidate","1","1","1","NotEstablished"
"25.Q4","Unspecified","d0_amd-software-pro-edition-25.q4-win11-c.exe_997eeb2a3d40\Packages\Drivers\Audio\HDABus\WT64A\amdhdaudbus.inf","Windows Server 2022","NATIVE_CANDIDATE","NativeCandidate","1","1","1","NotEstablished"
"25.Q4","Unspecified","d0_amd-software-pro-edition-25.q4-win11-c.exe_997eeb2a3d40\Packages\Drivers\Audio\HDABus\WT64A\amdhdaudbus.inf","Windows Server 2025","NATIVE_CANDIDATE","NativeCandidate","1","1","1","NotEstablished"
"25.Q4","Unspecified","d0_amd-software-pro-edition-25.q4-win11-c.exe_997eeb2a3d40\Packages\Drivers\Audio\HDMI\WT64A\AtihdWT6.inf","Windows Server 2016","PATCH_CANDIDATE","ProjectionCandidate","8","0","8","NotEstablished"
"25.Q4","Unspecified","d0_amd-software-pro-edition-25.q4-win11-c.exe_997eeb2a3d40\Packages\Drivers\Audio\HDMI\WT64A\AtihdWT6.inf","Windows Server 2019","PATCH_CANDIDATE","ProjectionCandidate","8","0","8","NotEstablished"
"25.Q4","Unspecified","d0_amd-software-pro-edition-25.q4-win11-c.exe_997eeb2a3d40\Packages\Drivers\Audio\HDMI\WT64A\AtihdWT6.inf","Windows Server 2022","PATCH_CANDIDATE","ProjectionCandidate","8","0","8","NotEstablished"
"25.Q4","Unspecified","d0_amd-software-pro-edition-25.q4-win11-c.exe_997eeb2a3d40\Packages\Drivers\Audio\HDMI\WT64A\AtihdWT6.inf","Windows Server 2025","PATCH_CANDIDATE","ProjectionCandidate","8","0","8","NotEstablished"
"25.Q4","Unspecified","d0_amd-software-pro-edition-25.q4-win11-c.exe_997eeb2a3d40\Packages\Drivers\Audio\SAFD\WT64A\amdsafd.inf","Windows Server 2016","NOT_APPLICABLE","NotApplicable","0","0","0","NotEstablished"
"25.Q4","Unspecified","d0_amd-software-pro-edition-25.q4-win11-c.exe_997eeb2a3d40\Packages\Drivers\Audio\SAFD\WT64A\amdsafd.inf","Windows Server 2019","NATIVE_CANDIDATE","NativeCandidate","2","2","2","NotEstablished"
"25.Q4","Unspecified","d0_amd-software-pro-edition-25.q4-win11-c.exe_997eeb2a3d40\Packages\Drivers\Audio\SAFD\WT64A\amdsafd.inf","Windows Server 2022","NATIVE_CANDIDATE","NativeCandidate","2","2","2","NotEstablished"
"25.Q4","Unspecified","d0_amd-software-pro-edition-25.q4-win11-c.exe_997eeb2a3d40\Packages\Drivers\Audio\SAFD\WT64A\amdsafd.inf","Windows Server 2025","NATIVE_CANDIDATE","NativeCandidate","2","2","2","NotEstablished"
"25.Q4","Unspecified","d0_amd-software-pro-edition-25.q4-win11-c.exe_997eeb2a3d40\Packages\Drivers\Audio\SDWC\WT64A\amdsdwc.inf","Windows Server 2016","NOT_APPLICABLE","NotApplicable","0","0","0","NotEstablished"
"25.Q4","Unspecified","d0_amd-software-pro-edition-25.q4-win11-c.exe_997eeb2a3d40\Packages\Drivers\Audio\SDWC\WT64A\amdsdwc.inf","Windows Server 2019","REVIEW_REQUIRED","WdfRequirementReview","7","7","7","NotEstablished"
"25.Q4","Unspecified","d0_amd-software-pro-edition-25.q4-win11-c.exe_997eeb2a3d40\Packages\Drivers\Audio\SDWC\WT64A\amdsdwc.inf","Windows Server 2022","NATIVE_CANDIDATE","NativeCandidate","7","7","7","NotEstablished"
"25.Q4","Unspecified","d0_amd-software-pro-edition-25.q4-win11-c.exe_997eeb2a3d40\Packages\Drivers\Audio\SDWC\WT64A\amdsdwc.inf","Windows Server 2025","NATIVE_CANDIDATE","NativeCandidate","7","7","7","NotEstablished"
"25.Q4","Unspecified","d0_amd-software-pro-edition-25.q4-win11-c.exe_997eeb2a3d40\Packages\Drivers\Audio\SDWS\WT64A\amdsdws.inf","Windows Server 2016","NOT_APPLICABLE","NotApplicable","0","0","0","NotEstablished"
"25.Q4","Unspecified","d0_amd-software-pro-edition-25.q4-win11-c.exe_997eeb2a3d40\Packages\Drivers\Audio\SDWS\WT64A\amdsdws.inf","Windows Server 2019","REVIEW_REQUIRED","WdfRequirementReview","11","11","11","NotEstablished"
"25.Q4","Unspecified","d0_amd-software-pro-edition-25.q4-win11-c.exe_997eeb2a3d40\Packages\Drivers\Audio\SDWS\WT64A\amdsdws.inf","Windows Server 2022","NATIVE_CANDIDATE","NativeCandidate","11","11","11","NotEstablished"
"25.Q4","Unspecified","d0_amd-software-pro-edition-25.q4-win11-c.exe_997eeb2a3d40\Packages\Drivers\Audio\SDWS\WT64A\amdsdws.inf","Windows Server 2025","NATIVE_CANDIDATE","NativeCandidate","11","11","11","NotEstablished"
"25.Q4","Unspecified","d0_amd-software-pro-edition-25.q4-win11-c.exe_997eeb2a3d40\Packages\Drivers\Audio\SDWS\WT64A\amdsdwsext\amdsdwsext.inf","Windows Server 2016","NOT_APPLICABLE","NotApplicable","0","0","0","NotEstablished"
"25.Q4","Unspecified","d0_amd-software-pro-edition-25.q4-win11-c.exe_997eeb2a3d40\Packages\Drivers\Audio\SDWS\WT64A\amdsdwsext\amdsdwsext.inf","Windows Server 2019","NATIVE_CANDIDATE","NativeCandidate","4","4","4","NotEstablished"
"25.Q4","Unspecified","d0_amd-software-pro-edition-25.q4-win11-c.exe_997eeb2a3d40\Packages\Drivers\Audio\SDWS\WT64A\amdsdwsext\amdsdwsext.inf","Windows Server 2022","NATIVE_CANDIDATE","NativeCandidate","4","4","4","NotEstablished"
"25.Q4","Unspecified","d0_amd-software-pro-edition-25.q4-win11-c.exe_997eeb2a3d40\Packages\Drivers\Audio\SDWS\WT64A\amdsdwsext\amdsdwsext.inf","Windows Server 2025","NATIVE_CANDIDATE","NativeCandidate","4","4","4","NotEstablished"
"25.Q4","Unspecified","d0_amd-software-pro-edition-25.q4-win11-c.exe_997eeb2a3d40\Packages\Drivers\Display\WT6A_INF\u0196663.inf","Windows Server 2016","NOT_APPLICABLE","NotApplicable","0","0","0","NotEstablished"
"25.Q4","Unspecified","d0_amd-software-pro-edition-25.q4-win11-c.exe_997eeb2a3d40\Packages\Drivers\Display\WT6A_INF\u0196663.inf","Windows Server 2019","PATCH_CANDIDATE","ProjectionCandidate","318","0","318","NotEstablished"
"25.Q4","Unspecified","d0_amd-software-pro-edition-25.q4-win11-c.exe_997eeb2a3d40\Packages\Drivers\Display\WT6A_INF\u0196663.inf","Windows Server 2022","PATCH_CANDIDATE","ProjectionCandidate","318","0","318","NotEstablished"
"25.Q4","Unspecified","d0_amd-software-pro-edition-25.q4-win11-c.exe_997eeb2a3d40\Packages\Drivers\Display\WT6A_INF\u0196663.inf","Windows Server 2025","PATCH_CANDIDATE","ProjectionCandidate","318","0","318","NotEstablished"
"25.Q4","Unspecified","d0_amd-software-pro-edition-25.q4-win11-c.exe_997eeb2a3d40\Packages\Drivers\Display\WT6A_INF\amdfdans\AMDFDANS.inf","Windows Server 2016","NATIVE_CANDIDATE","NativeCandidate","1","1","1","NotEstablished"
"25.Q4","Unspecified","d0_amd-software-pro-edition-25.q4-win11-c.exe_997eeb2a3d40\Packages\Drivers\Display\WT6A_INF\amdfdans\AMDFDANS.inf","Windows Server 2019","NATIVE_CANDIDATE","NativeCandidate","1","1","1","NotEstablished"
"25.Q4","Unspecified","d0_amd-software-pro-edition-25.q4-win11-c.exe_997eeb2a3d40\Packages\Drivers\Display\WT6A_INF\amdfdans\AMDFDANS.inf","Windows Server 2022","NATIVE_CANDIDATE","NativeCandidate","1","1","1","NotEstablished"
"25.Q4","Unspecified","d0_amd-software-pro-edition-25.q4-win11-c.exe_997eeb2a3d40\Packages\Drivers\Display\WT6A_INF\amdfdans\AMDFDANS.inf","Windows Server 2025","NATIVE_CANDIDATE","NativeCandidate","1","1","1","NotEstablished"
"25.Q4","Unspecified","d0_amd-software-pro-edition-25.q4-win11-c.exe_997eeb2a3d40\Packages\Drivers\Display\WT6A_INF\amdfendr\amdfendr.inf","Windows Server 2016","NOT_APPLICABLE","NotApplicable","0","0","0","NotEstablished"
"25.Q4","Unspecified","d0_amd-software-pro-edition-25.q4-win11-c.exe_997eeb2a3d40\Packages\Drivers\Display\WT6A_INF\amdfendr\amdfendr.inf","Windows Server 2019","NATIVE_CANDIDATE","NativeCandidate","1","1","1","NotEstablished"
"25.Q4","Unspecified","d0_amd-software-pro-edition-25.q4-win11-c.exe_997eeb2a3d40\Packages\Drivers\Display\WT6A_INF\amdfendr\amdfendr.inf","Windows Server 2022","NATIVE_CANDIDATE","NativeCandidate","1","1","1","NotEstablished"
"25.Q4","Unspecified","d0_amd-software-pro-edition-25.q4-win11-c.exe_997eeb2a3d40\Packages\Drivers\Display\WT6A_INF\amdfendr\amdfendr.inf","Windows Server 2025","NATIVE_CANDIDATE","NativeCandidate","1","1","1","NotEstablished"
"25.Q4","Unspecified","d0_amd-software-pro-edition-25.q4-win11-c.exe_997eeb2a3d40\Packages\Drivers\Display\WT6A_INF\amdocl\amdocl.inf","Windows Server 2016","NOT_APPLICABLE","NotApplicable","0","0","0","NotEstablished"
"25.Q4","Unspecified","d0_amd-software-pro-edition-25.q4-win11-c.exe_997eeb2a3d40\Packages\Drivers\Display\WT6A_INF\amdocl\amdocl.inf","Windows Server 2019","NATIVE_CANDIDATE","NativeCandidate","1","1","1","NotEstablished"
"25.Q4","Unspecified","d0_amd-software-pro-edition-25.q4-win11-c.exe_997eeb2a3d40\Packages\Drivers\Display\WT6A_INF\amdocl\amdocl.inf","Windows Server 2022","NATIVE_CANDIDATE","NativeCandidate","1","1","1","NotEstablished"
"25.Q4","Unspecified","d0_amd-software-pro-edition-25.q4-win11-c.exe_997eeb2a3d40\Packages\Drivers\Display\WT6A_INF\amdocl\amdocl.inf","Windows Server 2025","NATIVE_CANDIDATE","NativeCandidate","1","1","1","NotEstablished"
"25.Q4","Unspecified","d0_amd-software-pro-edition-25.q4-win11-c.exe_997eeb2a3d40\Packages\Drivers\Display\WT6A_INF\amdpcibridge\amdpcibridgeextension.inf","Windows Server 2016","NATIVE_CANDIDATE","NativeCandidate","2","2","2","NotEstablished"
"25.Q4","Unspecified","d0_amd-software-pro-edition-25.q4-win11-c.exe_997eeb2a3d40\Packages\Drivers\Display\WT6A_INF\amdpcibridge\amdpcibridgeextension.inf","Windows Server 2019","NATIVE_CANDIDATE","NativeCandidate","2","2","2","NotEstablished"
"25.Q4","Unspecified","d0_amd-software-pro-edition-25.q4-win11-c.exe_997eeb2a3d40\Packages\Drivers\Display\WT6A_INF\amdpcibridge\amdpcibridgeextension.inf","Windows Server 2022","NATIVE_CANDIDATE","NativeCandidate","2","2","2","NotEstablished"
"25.Q4","Unspecified","d0_amd-software-pro-edition-25.q4-win11-c.exe_997eeb2a3d40\Packages\Drivers\Display\WT6A_INF\amdpcibridge\amdpcibridgeextension.inf","Windows Server 2025","NATIVE_CANDIDATE","NativeCandidate","2","2","2","NotEstablished"
"25.Q4","Unspecified","d0_amd-software-pro-edition-25.q4-win11-c.exe_997eeb2a3d40\Packages\Drivers\Display\WT6A_INF\amdwin\amdwin-u0196663.inf","Windows Server 2016","NATIVE_CANDIDATE","NativeCandidate","1","1","1","NotEstablished"
"25.Q4","Unspecified","d0_amd-software-pro-edition-25.q4-win11-c.exe_997eeb2a3d40\Packages\Drivers\Display\WT6A_INF\amdwin\amdwin-u0196663.inf","Windows Server 2019","NATIVE_CANDIDATE","NativeCandidate","1","1","1","NotEstablished"
"25.Q4","Unspecified","d0_amd-software-pro-edition-25.q4-win11-c.exe_997eeb2a3d40\Packages\Drivers\Display\WT6A_INF\amdwin\amdwin-u0196663.inf","Windows Server 2022","NATIVE_CANDIDATE","NativeCandidate","1","1","1","NotEstablished"
"25.Q4","Unspecified","d0_amd-software-pro-edition-25.q4-win11-c.exe_997eeb2a3d40\Packages\Drivers\Display\WT6A_INF\amdwin\amdwin-u0196663.inf","Windows Server 2025","NATIVE_CANDIDATE","NativeCandidate","1","1","1","NotEstablished"
"25.Q4","Unspecified","d0_amd-software-pro-edition-25.q4-win11-c.exe_997eeb2a3d40\Packages\Drivers\Display2\WT6A_INF\u0196625.inf","Windows Server 2016","NOT_APPLICABLE","NotApplicable","0","0","0","NotEstablished"
"25.Q4","Unspecified","d0_amd-software-pro-edition-25.q4-win11-c.exe_997eeb2a3d40\Packages\Drivers\Display2\WT6A_INF\u0196625.inf","Windows Server 2019","PATCH_CANDIDATE","ProjectionCandidate","343","0","343","NotEstablished"
"25.Q4","Unspecified","d0_amd-software-pro-edition-25.q4-win11-c.exe_997eeb2a3d40\Packages\Drivers\Display2\WT6A_INF\u0196625.inf","Windows Server 2022","PATCH_CANDIDATE","ProjectionCandidate","343","0","343","NotEstablished"
"25.Q4","Unspecified","d0_amd-software-pro-edition-25.q4-win11-c.exe_997eeb2a3d40\Packages\Drivers\Display2\WT6A_INF\u0196625.inf","Windows Server 2025","PATCH_CANDIDATE","ProjectionCandidate","343","0","343","NotEstablished"
"25.Q4","Unspecified","d0_amd-software-pro-edition-25.q4-win11-c.exe_997eeb2a3d40\Packages\Drivers\Display2\WT6A_INF\amdafd\amdafd.inf","Windows Server 2016","NATIVE_CANDIDATE","NativeCandidate","2","2","2","NotEstablished"
"25.Q4","Unspecified","d0_amd-software-pro-edition-25.q4-win11-c.exe_997eeb2a3d40\Packages\Drivers\Display2\WT6A_INF\amdafd\amdafd.inf","Windows Server 2019","NATIVE_CANDIDATE","NativeCandidate","2","2","2","NotEstablished"
"25.Q4","Unspecified","d0_amd-software-pro-edition-25.q4-win11-c.exe_997eeb2a3d40\Packages\Drivers\Display2\WT6A_INF\amdafd\amdafd.inf","Windows Server 2022","NATIVE_CANDIDATE","NativeCandidate","2","2","2","NotEstablished"
"25.Q4","Unspecified","d0_amd-software-pro-edition-25.q4-win11-c.exe_997eeb2a3d40\Packages\Drivers\Display2\WT6A_INF\amdafd\amdafd.inf","Windows Server 2025","NATIVE_CANDIDATE","NativeCandidate","2","2","2","NotEstablished"
"25.Q4","Unspecified","d0_amd-software-pro-edition-25.q4-win11-c.exe_997eeb2a3d40\Packages\Drivers\Display2\WT6A_INF\amdfdans\AMDFDANS.inf","Windows Server 2016","NATIVE_CANDIDATE","NativeCandidate","1","1","1","NotEstablished"
"25.Q4","Unspecified","d0_amd-software-pro-edition-25.q4-win11-c.exe_997eeb2a3d40\Packages\Drivers\Display2\WT6A_INF\amdfdans\AMDFDANS.inf","Windows Server 2019","NATIVE_CANDIDATE","NativeCandidate","1","1","1","NotEstablished"
"25.Q4","Unspecified","d0_amd-software-pro-edition-25.q4-win11-c.exe_997eeb2a3d40\Packages\Drivers\Display2\WT6A_INF\amdfdans\AMDFDANS.inf","Windows Server 2022","NATIVE_CANDIDATE","NativeCandidate","1","1","1","NotEstablished"
"25.Q4","Unspecified","d0_amd-software-pro-edition-25.q4-win11-c.exe_997eeb2a3d40\Packages\Drivers\Display2\WT6A_INF\amdfdans\AMDFDANS.inf","Windows Server 2025","NATIVE_CANDIDATE","NativeCandidate","1","1","1","NotEstablished"
"25.Q4","Unspecified","d0_amd-software-pro-edition-25.q4-win11-c.exe_997eeb2a3d40\Packages\Drivers\Display2\WT6A_INF\amdfendr\amdfendr.inf","Windows Server 2016","NOT_APPLICABLE","NotApplicable","0","0","0","NotEstablished"
"25.Q4","Unspecified","d0_amd-software-pro-edition-25.q4-win11-c.exe_997eeb2a3d40\Packages\Drivers\Display2\WT6A_INF\amdfendr\amdfendr.inf","Windows Server 2019","NATIVE_CANDIDATE","NativeCandidate","1","1","1","NotEstablished"
"25.Q4","Unspecified","d0_amd-software-pro-edition-25.q4-win11-c.exe_997eeb2a3d40\Packages\Drivers\Display2\WT6A_INF\amdfendr\amdfendr.inf","Windows Server 2022","NATIVE_CANDIDATE","NativeCandidate","1","1","1","NotEstablished"
"25.Q4","Unspecified","d0_amd-software-pro-edition-25.q4-win11-c.exe_997eeb2a3d40\Packages\Drivers\Display2\WT6A_INF\amdfendr\amdfendr.inf","Windows Server 2025","NATIVE_CANDIDATE","NativeCandidate","1","1","1","NotEstablished"
"25.Q4","Unspecified","d0_amd-software-pro-edition-25.q4-win11-c.exe_997eeb2a3d40\Packages\Drivers\Display2\WT6A_INF\amdocl\amdocl.inf","Windows Server 2016","NOT_APPLICABLE","NotApplicable","0","0","0","NotEstablished"
"25.Q4","Unspecified","d0_amd-software-pro-edition-25.q4-win11-c.exe_997eeb2a3d40\Packages\Drivers\Display2\WT6A_INF\amdocl\amdocl.inf","Windows Server 2019","NATIVE_CANDIDATE","NativeCandidate","1","1","1","NotEstablished"
"25.Q4","Unspecified","d0_amd-software-pro-edition-25.q4-win11-c.exe_997eeb2a3d40\Packages\Drivers\Display2\WT6A_INF\amdocl\amdocl.inf","Windows Server 2022","NATIVE_CANDIDATE","NativeCandidate","1","1","1","NotEstablished"
"25.Q4","Unspecified","d0_amd-software-pro-edition-25.q4-win11-c.exe_997eeb2a3d40\Packages\Drivers\Display2\WT6A_INF\amdocl\amdocl.inf","Windows Server 2025","NATIVE_CANDIDATE","NativeCandidate","1","1","1","NotEstablished"
"25.Q4","Unspecified","d0_amd-software-pro-edition-25.q4-win11-c.exe_997eeb2a3d40\Packages\Drivers\Display2\WT6A_INF\amdpcibridge\amdpcibridgeextension.inf","Windows Server 2016","NATIVE_CANDIDATE","NativeCandidate","2","2","2","NotEstablished"
"25.Q4","Unspecified","d0_amd-software-pro-edition-25.q4-win11-c.exe_997eeb2a3d40\Packages\Drivers\Display2\WT6A_INF\amdpcibridge\amdpcibridgeextension.inf","Windows Server 2019","NATIVE_CANDIDATE","NativeCandidate","2","2","2","NotEstablished"
"25.Q4","Unspecified","d0_amd-software-pro-edition-25.q4-win11-c.exe_997eeb2a3d40\Packages\Drivers\Display2\WT6A_INF\amdpcibridge\amdpcibridgeextension.inf","Windows Server 2022","NATIVE_CANDIDATE","NativeCandidate","2","2","2","NotEstablished"
"25.Q4","Unspecified","d0_amd-software-pro-edition-25.q4-win11-c.exe_997eeb2a3d40\Packages\Drivers\Display2\WT6A_INF\amdpcibridge\amdpcibridgeextension.inf","Windows Server 2025","NATIVE_CANDIDATE","NativeCandidate","2","2","2","NotEstablished"
"25.Q4","Unspecified","d0_amd-software-pro-edition-25.q4-win11-c.exe_997eeb2a3d40\Packages\Drivers\Display2\WT6A_INF\amdwin\amdwin-u0196625.inf","Windows Server 2016","NATIVE_CANDIDATE","NativeCandidate","1","1","1","NotEstablished"
"25.Q4","Unspecified","d0_amd-software-pro-edition-25.q4-win11-c.exe_997eeb2a3d40\Packages\Drivers\Display2\WT6A_INF\amdwin\amdwin-u0196625.inf","Windows Server 2019","NATIVE_CANDIDATE","NativeCandidate","1","1","1","NotEstablished"
"25.Q4","Unspecified","d0_amd-software-pro-edition-25.q4-win11-c.exe_997eeb2a3d40\Packages\Drivers\Display2\WT6A_INF\amdwin\amdwin-u0196625.inf","Windows Server 2022","NATIVE_CANDIDATE","NativeCandidate","1","1","1","NotEstablished"
"25.Q4","Unspecified","d0_amd-software-pro-edition-25.q4-win11-c.exe_997eeb2a3d40\Packages\Drivers\Display2\WT6A_INF\amdwin\amdwin-u0196625.inf","Windows Server 2025","NATIVE_CANDIDATE","NativeCandidate","1","1","1","NotEstablished"
"25.Q4","Unspecified","d0_amd-software-pro-edition-25.q4-win11-c.exe_997eeb2a3d40\Packages\Drivers\RadeonLED\WT64A\amdusbledfd.inf","Windows Server 2016","NATIVE_CANDIDATE","NativeCandidate","6","6","6","NotEstablished"
"25.Q4","Unspecified","d0_amd-software-pro-edition-25.q4-win11-c.exe_997eeb2a3d40\Packages\Drivers\RadeonLED\WT64A\amdusbledfd.inf","Windows Server 2019","NATIVE_CANDIDATE","NativeCandidate","6","6","6","NotEstablished"
"25.Q4","Unspecified","d0_amd-software-pro-edition-25.q4-win11-c.exe_997eeb2a3d40\Packages\Drivers\RadeonLED\WT64A\amdusbledfd.inf","Windows Server 2022","NATIVE_CANDIDATE","NativeCandidate","6","6","6","NotEstablished"
"25.Q4","Unspecified","d0_amd-software-pro-edition-25.q4-win11-c.exe_997eeb2a3d40\Packages\Drivers\RadeonLED\WT64A\amdusbledfd.inf","Windows Server 2025","NATIVE_CANDIDATE","NativeCandidate","6","6","6","NotEstablished"
"25.Q4","Unspecified","d0_amd-software-pro-edition-25.q4-win11-c.exe_997eeb2a3d40\Packages\Drivers\SBDrv\AMDUCSI\WT64A\amducsi.inf","Windows Server 2016","NATIVE_CANDIDATE","NativeCandidate","5","5","5","NotEstablished"
"25.Q4","Unspecified","d0_amd-software-pro-edition-25.q4-win11-c.exe_997eeb2a3d40\Packages\Drivers\SBDrv\AMDUCSI\WT64A\amducsi.inf","Windows Server 2019","NATIVE_CANDIDATE","NativeCandidate","5","5","5","NotEstablished"
"25.Q4","Unspecified","d0_amd-software-pro-edition-25.q4-win11-c.exe_997eeb2a3d40\Packages\Drivers\SBDrv\AMDUCSI\WT64A\amducsi.inf","Windows Server 2022","NATIVE_CANDIDATE","NativeCandidate","5","5","5","NotEstablished"
"25.Q4","Unspecified","d0_amd-software-pro-edition-25.q4-win11-c.exe_997eeb2a3d40\Packages\Drivers\SBDrv\AMDUCSI\WT64A\amducsi.inf","Windows Server 2025","NATIVE_CANDIDATE","NativeCandidate","5","5","5","NotEstablished"
"24.Q4","RDNACombined","d0_amd-software-pro-edition-24.q4-win10-win11-nov-rdna-combined.exe_cec8cd3ea04a\Packages\Drivers\AMDNPUMCDM\WT64A\kipudrv.inf","Windows Server 2016","NOT_APPLICABLE","NotApplicable","0","0","0","NotEstablished"
"24.Q4","RDNACombined","d0_amd-software-pro-edition-24.q4-win10-win11-nov-rdna-combined.exe_cec8cd3ea04a\Packages\Drivers\AMDNPUMCDM\WT64A\kipudrv.inf","Windows Server 2019","NOT_APPLICABLE","NotApplicable","0","0","0","NotEstablished"
"24.Q4","RDNACombined","d0_amd-software-pro-edition-24.q4-win10-win11-nov-rdna-combined.exe_cec8cd3ea04a\Packages\Drivers\AMDNPUMCDM\WT64A\kipudrv.inf","Windows Server 2022","NOT_APPLICABLE","NotApplicable","0","0","0","NotEstablished"
"24.Q4","RDNACombined","d0_amd-software-pro-edition-24.q4-win10-win11-nov-rdna-combined.exe_cec8cd3ea04a\Packages\Drivers\AMDNPUMCDM\WT64A\kipudrv.inf","Windows Server 2025","NATIVE_CANDIDATE","NativeCandidate","2","2","2","NotEstablished"
"24.Q4","RDNACombined","d0_amd-software-pro-edition-24.q4-win10-win11-nov-rdna-combined.exe_cec8cd3ea04a\Packages\Drivers\AMDNPUWDF\WT64A\kipudrv.inf","Windows Server 2016","NATIVE_CANDIDATE","NativeCandidate","2","2","2","NotEstablished"
"24.Q4","RDNACombined","d0_amd-software-pro-edition-24.q4-win10-win11-nov-rdna-combined.exe_cec8cd3ea04a\Packages\Drivers\AMDNPUWDF\WT64A\kipudrv.inf","Windows Server 2019","NATIVE_CANDIDATE","NativeCandidate","2","2","2","NotEstablished"
"24.Q4","RDNACombined","d0_amd-software-pro-edition-24.q4-win10-win11-nov-rdna-combined.exe_cec8cd3ea04a\Packages\Drivers\AMDNPUWDF\WT64A\kipudrv.inf","Windows Server 2022","NATIVE_CANDIDATE","NativeCandidate","2","2","2","NotEstablished"
"24.Q4","RDNACombined","d0_amd-software-pro-edition-24.q4-win10-win11-nov-rdna-combined.exe_cec8cd3ea04a\Packages\Drivers\AMDNPUWDF\WT64A\kipudrv.inf","Windows Server 2025","NATIVE_CANDIDATE","NativeCandidate","2","2","2","NotEstablished"
"24.Q4","RDNACombined","d0_amd-software-pro-edition-24.q4-win10-win11-nov-rdna-combined.exe_cec8cd3ea04a\Packages\Drivers\Audio\ACPAfd\WT64A\amdacpafd.inf","Windows Server 2016","NOT_APPLICABLE","NotApplicable","0","0","0","NotEstablished"
"24.Q4","RDNACombined","d0_amd-software-pro-edition-24.q4-win10-win11-nov-rdna-combined.exe_cec8cd3ea04a\Packages\Drivers\Audio\ACPAfd\WT64A\amdacpafd.inf","Windows Server 2019","NATIVE_CANDIDATE","NativeCandidate","4","4","4","NotEstablished"
"24.Q4","RDNACombined","d0_amd-software-pro-edition-24.q4-win10-win11-nov-rdna-combined.exe_cec8cd3ea04a\Packages\Drivers\Audio\ACPAfd\WT64A\amdacpafd.inf","Windows Server 2022","NATIVE_CANDIDATE","NativeCandidate","4","4","4","NotEstablished"
"24.Q4","RDNACombined","d0_amd-software-pro-edition-24.q4-win10-win11-nov-rdna-combined.exe_cec8cd3ea04a\Packages\Drivers\Audio\ACPAfd\WT64A\amdacpafd.inf","Windows Server 2025","NATIVE_CANDIDATE","NativeCandidate","4","4","4","NotEstablished"
"24.Q4","RDNACombined","d0_amd-software-pro-edition-24.q4-win10-win11-nov-rdna-combined.exe_cec8cd3ea04a\Packages\Drivers\Audio\ACPAFDSVC\WT64A\amdacpafdcomp.inf","Windows Server 2016","NOT_APPLICABLE","NotApplicable","0","0","0","NotEstablished"
"24.Q4","RDNACombined","d0_amd-software-pro-edition-24.q4-win10-win11-nov-rdna-combined.exe_cec8cd3ea04a\Packages\Drivers\Audio\ACPAFDSVC\WT64A\amdacpafdcomp.inf","Windows Server 2019","NATIVE_CANDIDATE","NativeCandidate","1","1","1","NotEstablished"
"24.Q4","RDNACombined","d0_amd-software-pro-edition-24.q4-win10-win11-nov-rdna-combined.exe_cec8cd3ea04a\Packages\Drivers\Audio\ACPAFDSVC\WT64A\amdacpafdcomp.inf","Windows Server 2022","NATIVE_CANDIDATE","NativeCandidate","1","1","1","NotEstablished"
"24.Q4","RDNACombined","d0_amd-software-pro-edition-24.q4-win10-win11-nov-rdna-combined.exe_cec8cd3ea04a\Packages\Drivers\Audio\ACPAFDSVC\WT64A\amdacpafdcomp.inf","Windows Server 2025","NATIVE_CANDIDATE","NativeCandidate","1","1","1","NotEstablished"
"24.Q4","RDNACombined","d0_amd-software-pro-edition-24.q4-win10-win11-nov-rdna-combined.exe_cec8cd3ea04a\Packages\Drivers\Audio\ACPAFDSVC\WT64A\amdacpafdext.inf","Windows Server 2016","NOT_APPLICABLE","NotApplicable","0","0","0","NotEstablished"
"24.Q4","RDNACombined","d0_amd-software-pro-edition-24.q4-win10-win11-nov-rdna-combined.exe_cec8cd3ea04a\Packages\Drivers\Audio\ACPAFDSVC\WT64A\amdacpafdext.inf","Windows Server 2019","NATIVE_CANDIDATE","NativeCandidate","1","1","1","NotEstablished"
"24.Q4","RDNACombined","d0_amd-software-pro-edition-24.q4-win10-win11-nov-rdna-combined.exe_cec8cd3ea04a\Packages\Drivers\Audio\ACPAFDSVC\WT64A\amdacpafdext.inf","Windows Server 2022","NATIVE_CANDIDATE","NativeCandidate","1","1","1","NotEstablished"
"24.Q4","RDNACombined","d0_amd-software-pro-edition-24.q4-win10-win11-nov-rdna-combined.exe_cec8cd3ea04a\Packages\Drivers\Audio\ACPAFDSVC\WT64A\amdacpafdext.inf","Windows Server 2025","NATIVE_CANDIDATE","NativeCandidate","1","1","1","NotEstablished"
"24.Q4","RDNACombined","d0_amd-software-pro-edition-24.q4-win10-win11-nov-rdna-combined.exe_cec8cd3ea04a\Packages\Drivers\Audio\ACPBTACX\WT64A\amdacpbtacx.inf","Windows Server 2016","NOT_APPLICABLE","NotApplicable","0","0","0","NotEstablished"
"24.Q4","RDNACombined","d0_amd-software-pro-edition-24.q4-win10-win11-nov-rdna-combined.exe_cec8cd3ea04a\Packages\Drivers\Audio\ACPBTACX\WT64A\amdacpbtacx.inf","Windows Server 2019","REVIEW_REQUIRED","WdfRequirementReview","7","7","7","NotEstablished"
"24.Q4","RDNACombined","d0_amd-software-pro-edition-24.q4-win10-win11-nov-rdna-combined.exe_cec8cd3ea04a\Packages\Drivers\Audio\ACPBTACX\WT64A\amdacpbtacx.inf","Windows Server 2022","NATIVE_CANDIDATE","NativeCandidate","7","7","7","NotEstablished"
"24.Q4","RDNACombined","d0_amd-software-pro-edition-24.q4-win10-win11-nov-rdna-combined.exe_cec8cd3ea04a\Packages\Drivers\Audio\ACPBTACX\WT64A\amdacpbtacx.inf","Windows Server 2025","NATIVE_CANDIDATE","NativeCandidate","7","7","7","NotEstablished"
"24.Q4","RDNACombined","d0_amd-software-pro-edition-24.q4-win10-win11-nov-rdna-combined.exe_cec8cd3ea04a\Packages\Drivers\Audio\ACPBtAfd\WT64A\amdacpbt.inf","Windows Server 2016","NOT_APPLICABLE","NotApplicable","0","0","0","NotEstablished"
"24.Q4","RDNACombined","d0_amd-software-pro-edition-24.q4-win10-win11-nov-rdna-combined.exe_cec8cd3ea04a\Packages\Drivers\Audio\ACPBtAfd\WT64A\amdacpbt.inf","Windows Server 2019","NATIVE_CANDIDATE","NativeCandidate","1","1","1","NotEstablished"
"24.Q4","RDNACombined","d0_amd-software-pro-edition-24.q4-win10-win11-nov-rdna-combined.exe_cec8cd3ea04a\Packages\Drivers\Audio\ACPBtAfd\WT64A\amdacpbt.inf","Windows Server 2022","NATIVE_CANDIDATE","NativeCandidate","1","1","1","NotEstablished"
"24.Q4","RDNACombined","d0_amd-software-pro-edition-24.q4-win10-win11-nov-rdna-combined.exe_cec8cd3ea04a\Packages\Drivers\Audio\ACPBtAfd\WT64A\amdacpbt.inf","Windows Server 2025","NATIVE_CANDIDATE","NativeCandidate","1","1","1","NotEstablished"
"24.Q4","RDNACombined","d0_amd-software-pro-edition-24.q4-win10-win11-nov-rdna-combined.exe_cec8cd3ea04a\Packages\Drivers\Audio\ACPBtAfd\WT64A\amdacpbtscoext\amdacpbtscoext.inf","Windows Server 2016","NOT_APPLICABLE","NotApplicable","0","0","0","NotEstablished"
"24.Q4","RDNACombined","d0_amd-software-pro-edition-24.q4-win10-win11-nov-rdna-combined.exe_cec8cd3ea04a\Packages\Drivers\Audio\ACPBtAfd\WT64A\amdacpbtscoext\amdacpbtscoext.inf","Windows Server 2019","NOT_APPLICABLE","NotApplicable","0","0","0","NotEstablished"
"24.Q4","RDNACombined","d0_amd-software-pro-edition-24.q4-win10-win11-nov-rdna-combined.exe_cec8cd3ea04a\Packages\Drivers\Audio\ACPBtAfd\WT64A\amdacpbtscoext\amdacpbtscoext.inf","Windows Server 2022","NOT_APPLICABLE","NotApplicable","0","0","0","NotEstablished"
"24.Q4","RDNACombined","d0_amd-software-pro-edition-24.q4-win10-win11-nov-rdna-combined.exe_cec8cd3ea04a\Packages\Drivers\Audio\ACPBtAfd\WT64A\amdacpbtscoext\amdacpbtscoext.inf","Windows Server 2025","NATIVE_CANDIDATE","NativeCandidate","1","1","1","NotEstablished"
"24.Q4","RDNACombined","d0_amd-software-pro-edition-24.q4-win10-win11-nov-rdna-combined.exe_cec8cd3ea04a\Packages\Drivers\Audio\ACPBus\WT64A\amdacpbus.inf","Windows Server 2016","NOT_APPLICABLE","NotApplicable","0","0","0","NotEstablished"
"24.Q4","RDNACombined","d0_amd-software-pro-edition-24.q4-win10-win11-nov-rdna-combined.exe_cec8cd3ea04a\Packages\Drivers\Audio\ACPBus\WT64A\amdacpbus.inf","Windows Server 2019","NATIVE_CANDIDATE","NativeCandidate","6","6","6","NotEstablished"
"24.Q4","RDNACombined","d0_amd-software-pro-edition-24.q4-win10-win11-nov-rdna-combined.exe_cec8cd3ea04a\Packages\Drivers\Audio\ACPBus\WT64A\amdacpbus.inf","Windows Server 2022","NATIVE_CANDIDATE","NativeCandidate","6","6","6","NotEstablished"
"24.Q4","RDNACombined","d0_amd-software-pro-edition-24.q4-win10-win11-nov-rdna-combined.exe_cec8cd3ea04a\Packages\Drivers\Audio\ACPBus\WT64A\amdacpbus.inf","Windows Server 2025","NATIVE_CANDIDATE","NativeCandidate","6","6","6","NotEstablished"
"24.Q4","RDNACombined","d0_amd-software-pro-edition-24.q4-win10-win11-nov-rdna-combined.exe_cec8cd3ea04a\Packages\Drivers\Audio\ACPBus\WT64A\amdacpbusext\amdacpbusext.inf","Windows Server 2016","NATIVE_CANDIDATE","NativeCandidate","4","4","4","NotEstablished"
"24.Q4","RDNACombined","d0_amd-software-pro-edition-24.q4-win10-win11-nov-rdna-combined.exe_cec8cd3ea04a\Packages\Drivers\Audio\ACPBus\WT64A\amdacpbusext\amdacpbusext.inf","Windows Server 2019","NATIVE_CANDIDATE","NativeCandidate","4","4","4","NotEstablished"
"24.Q4","RDNACombined","d0_amd-software-pro-edition-24.q4-win10-win11-nov-rdna-combined.exe_cec8cd3ea04a\Packages\Drivers\Audio\ACPBus\WT64A\amdacpbusext\amdacpbusext.inf","Windows Server 2022","NATIVE_CANDIDATE","NativeCandidate","4","4","4","NotEstablished"
"24.Q4","RDNACombined","d0_amd-software-pro-edition-24.q4-win10-win11-nov-rdna-combined.exe_cec8cd3ea04a\Packages\Drivers\Audio\ACPBus\WT64A\amdacpbusext\amdacpbusext.inf","Windows Server 2025","NATIVE_CANDIDATE","NativeCandidate","4","4","4","NotEstablished"
"24.Q4","RDNACombined","d0_amd-software-pro-edition-24.q4-win10-win11-nov-rdna-combined.exe_cec8cd3ea04a\Packages\Drivers\Audio\ACPBus2\WT64A\amdacpbus2.inf","Windows Server 2016","NOT_APPLICABLE","NotApplicable","0","0","0","NotEstablished"
"24.Q4","RDNACombined","d0_amd-software-pro-edition-24.q4-win10-win11-nov-rdna-combined.exe_cec8cd3ea04a\Packages\Drivers\Audio\ACPBus2\WT64A\amdacpbus2.inf","Windows Server 2019","NATIVE_CANDIDATE","NativeCandidate","2","2","2","NotEstablished"
"24.Q4","RDNACombined","d0_amd-software-pro-edition-24.q4-win10-win11-nov-rdna-combined.exe_cec8cd3ea04a\Packages\Drivers\Audio\ACPBus2\WT64A\amdacpbus2.inf","Windows Server 2022","NATIVE_CANDIDATE","NativeCandidate","2","2","2","NotEstablished"
"24.Q4","RDNACombined","d0_amd-software-pro-edition-24.q4-win10-win11-nov-rdna-combined.exe_cec8cd3ea04a\Packages\Drivers\Audio\ACPBus2\WT64A\amdacpbus2.inf","Windows Server 2025","NATIVE_CANDIDATE","NativeCandidate","2","2","2","NotEstablished"
"24.Q4","RDNACombined","d0_amd-software-pro-edition-24.q4-win10-win11-nov-rdna-combined.exe_cec8cd3ea04a\Packages\Drivers\Audio\ACPBus2\WT64A\amdacpbusext\amdacpbusext.inf","Windows Server 2016","NATIVE_CANDIDATE","NativeCandidate","4","4","4","NotEstablished"
"24.Q4","RDNACombined","d0_amd-software-pro-edition-24.q4-win10-win11-nov-rdna-combined.exe_cec8cd3ea04a\Packages\Drivers\Audio\ACPBus2\WT64A\amdacpbusext\amdacpbusext.inf","Windows Server 2019","NATIVE_CANDIDATE","NativeCandidate","4","4","4","NotEstablished"
"24.Q4","RDNACombined","d0_amd-software-pro-edition-24.q4-win10-win11-nov-rdna-combined.exe_cec8cd3ea04a\Packages\Drivers\Audio\ACPBus2\WT64A\amdacpbusext\amdacpbusext.inf","Windows Server 2022","NATIVE_CANDIDATE","NativeCandidate","4","4","4","NotEstablished"
"24.Q4","RDNACombined","d0_amd-software-pro-edition-24.q4-win10-win11-nov-rdna-combined.exe_cec8cd3ea04a\Packages\Drivers\Audio\ACPBus2\WT64A\amdacpbusext\amdacpbusext.inf","Windows Server 2025","NATIVE_CANDIDATE","NativeCandidate","4","4","4","NotEstablished"
"24.Q4","RDNACombined","d0_amd-software-pro-edition-24.q4-win10-win11-nov-rdna-combined.exe_cec8cd3ea04a\Packages\Drivers\Audio\ACPBus2\WT64A\amdacprgmext\amdacprgmext.inf","Windows Server 2016","NOT_APPLICABLE","NotApplicable","0","0","0","NotEstablished"
"24.Q4","RDNACombined","d0_amd-software-pro-edition-24.q4-win10-win11-nov-rdna-combined.exe_cec8cd3ea04a\Packages\Drivers\Audio\ACPBus2\WT64A\amdacprgmext\amdacprgmext.inf","Windows Server 2019","NOT_APPLICABLE","NotApplicable","0","0","0","NotEstablished"
"24.Q4","RDNACombined","d0_amd-software-pro-edition-24.q4-win10-win11-nov-rdna-combined.exe_cec8cd3ea04a\Packages\Drivers\Audio\ACPBus2\WT64A\amdacprgmext\amdacprgmext.inf","Windows Server 2022","NOT_APPLICABLE","NotApplicable","0","0","0","NotEstablished"
"24.Q4","RDNACombined","d0_amd-software-pro-edition-24.q4-win10-win11-nov-rdna-combined.exe_cec8cd3ea04a\Packages\Drivers\Audio\ACPBus2\WT64A\amdacprgmext\amdacprgmext.inf","Windows Server 2025","NATIVE_CANDIDATE","NativeCandidate","3","3","3","NotEstablished"
"24.Q4","RDNACombined","d0_amd-software-pro-edition-24.q4-win10-win11-nov-rdna-combined.exe_cec8cd3ea04a\Packages\Drivers\Audio\ACPHPd\WT64A\amdacphpd.inf","Windows Server 2016","NOT_APPLICABLE","NotApplicable","0","0","0","NotEstablished"
"24.Q4","RDNACombined","d0_amd-software-pro-edition-24.q4-win10-win11-nov-rdna-combined.exe_cec8cd3ea04a\Packages\Drivers\Audio\ACPHPd\WT64A\amdacphpd.inf","Windows Server 2019","NOT_APPLICABLE","NotApplicable","0","0","0","NotEstablished"
"24.Q4","RDNACombined","d0_amd-software-pro-edition-24.q4-win10-win11-nov-rdna-combined.exe_cec8cd3ea04a\Packages\Drivers\Audio\ACPHPd\WT64A\amdacphpd.inf","Windows Server 2022","NOT_APPLICABLE","NotApplicable","0","0","0","NotEstablished"
"24.Q4","RDNACombined","d0_amd-software-pro-edition-24.q4-win10-win11-nov-rdna-combined.exe_cec8cd3ea04a\Packages\Drivers\Audio\ACPHPd\WT64A\amdacphpd.inf","Windows Server 2025","REVIEW_REQUIRED","WdfRequirementReview","1","1","1","NotEstablished"
"24.Q4","RDNACombined","d0_amd-software-pro-edition-24.q4-win10-win11-nov-rdna-combined.exe_cec8cd3ea04a\Packages\Drivers\Audio\ACPHPd\WT64A\amdacphpdcomp.inf","Windows Server 2016","NOT_APPLICABLE","NotApplicable","0","0","0","NotEstablished"
"24.Q4","RDNACombined","d0_amd-software-pro-edition-24.q4-win10-win11-nov-rdna-combined.exe_cec8cd3ea04a\Packages\Drivers\Audio\ACPHPd\WT64A\amdacphpdcomp.inf","Windows Server 2019","NATIVE_CANDIDATE","NativeCandidate","1","1","1","NotEstablished"
"24.Q4","RDNACombined","d0_amd-software-pro-edition-24.q4-win10-win11-nov-rdna-combined.exe_cec8cd3ea04a\Packages\Drivers\Audio\ACPHPd\WT64A\amdacphpdcomp.inf","Windows Server 2022","NATIVE_CANDIDATE","NativeCandidate","1","1","1","NotEstablished"
"24.Q4","RDNACombined","d0_amd-software-pro-edition-24.q4-win10-win11-nov-rdna-combined.exe_cec8cd3ea04a\Packages\Drivers\Audio\ACPHPd\WT64A\amdacphpdcomp.inf","Windows Server 2025","NATIVE_CANDIDATE","NativeCandidate","1","1","1","NotEstablished"
"24.Q4","RDNACombined","d0_amd-software-pro-edition-24.q4-win10-win11-nov-rdna-combined.exe_cec8cd3ea04a\Packages\Drivers\Audio\ACPHPd\WT64A\amdacphpdext.inf","Windows Server 2016","NOT_APPLICABLE","NotApplicable","0","0","0","NotEstablished"
"24.Q4","RDNACombined","d0_amd-software-pro-edition-24.q4-win10-win11-nov-rdna-combined.exe_cec8cd3ea04a\Packages\Drivers\Audio\ACPHPd\WT64A\amdacphpdext.inf","Windows Server 2019","NATIVE_CANDIDATE","NativeCandidate","4","4","4","NotEstablished"
"24.Q4","RDNACombined","d0_amd-software-pro-edition-24.q4-win10-win11-nov-rdna-combined.exe_cec8cd3ea04a\Packages\Drivers\Audio\ACPHPd\WT64A\amdacphpdext.inf","Windows Server 2022","NATIVE_CANDIDATE","NativeCandidate","4","4","4","NotEstablished"
"24.Q4","RDNACombined","d0_amd-software-pro-edition-24.q4-win10-win11-nov-rdna-combined.exe_cec8cd3ea04a\Packages\Drivers\Audio\ACPHPd\WT64A\amdacphpdext.inf","Windows Server 2025","NATIVE_CANDIDATE","NativeCandidate","4","4","4","NotEstablished"
"24.Q4","RDNACombined","d0_amd-software-pro-edition-24.q4-win10-win11-nov-rdna-combined.exe_cec8cd3ea04a\Packages\Drivers\Audio\ACPUsbAfd\WT64A\amdacpusb.inf","Windows Server 2016","NOT_APPLICABLE","NotApplicable","0","0","0","NotEstablished"
"24.Q4","RDNACombined","d0_amd-software-pro-edition-24.q4-win10-win11-nov-rdna-combined.exe_cec8cd3ea04a\Packages\Drivers\Audio\ACPUsbAfd\WT64A\amdacpusb.inf","Windows Server 2019","NATIVE_CANDIDATE","NativeCandidate","1","1","1","NotEstablished"
"24.Q4","RDNACombined","d0_amd-software-pro-edition-24.q4-win10-win11-nov-rdna-combined.exe_cec8cd3ea04a\Packages\Drivers\Audio\ACPUsbAfd\WT64A\amdacpusb.inf","Windows Server 2022","NATIVE_CANDIDATE","NativeCandidate","1","1","1","NotEstablished"
"24.Q4","RDNACombined","d0_amd-software-pro-edition-24.q4-win10-win11-nov-rdna-combined.exe_cec8cd3ea04a\Packages\Drivers\Audio\ACPUsbAfd\WT64A\amdacpusb.inf","Windows Server 2025","NATIVE_CANDIDATE","NativeCandidate","1","1","1","NotEstablished"
"24.Q4","RDNACombined","d0_amd-software-pro-edition-24.q4-win10-win11-nov-rdna-combined.exe_cec8cd3ea04a\Packages\Drivers\Audio\HDABus\WT64A\amdhdaudbus.inf","Windows Server 2016","NATIVE_CANDIDATE","NativeCandidate","1","1","1","NotEstablished"
"24.Q4","RDNACombined","d0_amd-software-pro-edition-24.q4-win10-win11-nov-rdna-combined.exe_cec8cd3ea04a\Packages\Drivers\Audio\HDABus\WT64A\amdhdaudbus.inf","Windows Server 2019","NATIVE_CANDIDATE","NativeCandidate","1","1","1","NotEstablished"
"24.Q4","RDNACombined","d0_amd-software-pro-edition-24.q4-win10-win11-nov-rdna-combined.exe_cec8cd3ea04a\Packages\Drivers\Audio\HDABus\WT64A\amdhdaudbus.inf","Windows Server 2022","NATIVE_CANDIDATE","NativeCandidate","1","1","1","NotEstablished"
"24.Q4","RDNACombined","d0_amd-software-pro-edition-24.q4-win10-win11-nov-rdna-combined.exe_cec8cd3ea04a\Packages\Drivers\Audio\HDABus\WT64A\amdhdaudbus.inf","Windows Server 2025","NATIVE_CANDIDATE","NativeCandidate","1","1","1","NotEstablished"
"24.Q4","RDNACombined","d0_amd-software-pro-edition-24.q4-win10-win11-nov-rdna-combined.exe_cec8cd3ea04a\Packages\Drivers\Audio\HDMI\WT64A\AtihdWT6.inf","Windows Server 2016","NATIVE_CANDIDATE","NativeCandidate","8","8","8","NotEstablished"
"24.Q4","RDNACombined","d0_amd-software-pro-edition-24.q4-win10-win11-nov-rdna-combined.exe_cec8cd3ea04a\Packages\Drivers\Audio\HDMI\WT64A\AtihdWT6.inf","Windows Server 2019","NATIVE_CANDIDATE","NativeCandidate","8","8","8","NotEstablished"
"24.Q4","RDNACombined","d0_amd-software-pro-edition-24.q4-win10-win11-nov-rdna-combined.exe_cec8cd3ea04a\Packages\Drivers\Audio\HDMI\WT64A\AtihdWT6.inf","Windows Server 2022","NATIVE_CANDIDATE","NativeCandidate","8","8","8","NotEstablished"
"24.Q4","RDNACombined","d0_amd-software-pro-edition-24.q4-win10-win11-nov-rdna-combined.exe_cec8cd3ea04a\Packages\Drivers\Audio\HDMI\WT64A\AtihdWT6.inf","Windows Server 2025","NATIVE_CANDIDATE","NativeCandidate","8","8","8","NotEstablished"
"24.Q4","RDNACombined","d0_amd-software-pro-edition-24.q4-win10-win11-nov-rdna-combined.exe_cec8cd3ea04a\Packages\Drivers\Audio\SAFD\WT64A\amdsafd.inf","Windows Server 2016","NOT_APPLICABLE","NotApplicable","0","0","0","NotEstablished"
"24.Q4","RDNACombined","d0_amd-software-pro-edition-24.q4-win10-win11-nov-rdna-combined.exe_cec8cd3ea04a\Packages\Drivers\Audio\SAFD\WT64A\amdsafd.inf","Windows Server 2019","NATIVE_CANDIDATE","NativeCandidate","2","2","2","NotEstablished"
"24.Q4","RDNACombined","d0_amd-software-pro-edition-24.q4-win10-win11-nov-rdna-combined.exe_cec8cd3ea04a\Packages\Drivers\Audio\SAFD\WT64A\amdsafd.inf","Windows Server 2022","NATIVE_CANDIDATE","NativeCandidate","2","2","2","NotEstablished"
"24.Q4","RDNACombined","d0_amd-software-pro-edition-24.q4-win10-win11-nov-rdna-combined.exe_cec8cd3ea04a\Packages\Drivers\Audio\SAFD\WT64A\amdsafd.inf","Windows Server 2025","NATIVE_CANDIDATE","NativeCandidate","2","2","2","NotEstablished"
"24.Q4","RDNACombined","d0_amd-software-pro-edition-24.q4-win10-win11-nov-rdna-combined.exe_cec8cd3ea04a\Packages\Drivers\Audio\SDWC\WT64A\amdsdwc.inf","Windows Server 2016","NOT_APPLICABLE","NotApplicable","0","0","0","NotEstablished"
"24.Q4","RDNACombined","d0_amd-software-pro-edition-24.q4-win10-win11-nov-rdna-combined.exe_cec8cd3ea04a\Packages\Drivers\Audio\SDWC\WT64A\amdsdwc.inf","Windows Server 2019","REVIEW_REQUIRED","WdfRequirementReview","1","1","1","NotEstablished"
"24.Q4","RDNACombined","d0_amd-software-pro-edition-24.q4-win10-win11-nov-rdna-combined.exe_cec8cd3ea04a\Packages\Drivers\Audio\SDWC\WT64A\amdsdwc.inf","Windows Server 2022","NATIVE_CANDIDATE","NativeCandidate","1","1","1","NotEstablished"
"24.Q4","RDNACombined","d0_amd-software-pro-edition-24.q4-win10-win11-nov-rdna-combined.exe_cec8cd3ea04a\Packages\Drivers\Audio\SDWC\WT64A\amdsdwc.inf","Windows Server 2025","NATIVE_CANDIDATE","NativeCandidate","1","1","1","NotEstablished"
"24.Q4","RDNACombined","d0_amd-software-pro-edition-24.q4-win10-win11-nov-rdna-combined.exe_cec8cd3ea04a\Packages\Drivers\Audio\SDWS\WT64A\amdsdws.inf","Windows Server 2016","NOT_APPLICABLE","NotApplicable","0","0","0","NotEstablished"
"24.Q4","RDNACombined","d0_amd-software-pro-edition-24.q4-win10-win11-nov-rdna-combined.exe_cec8cd3ea04a\Packages\Drivers\Audio\SDWS\WT64A\amdsdws.inf","Windows Server 2019","REVIEW_REQUIRED","WdfRequirementReview","5","5","5","NotEstablished"
"24.Q4","RDNACombined","d0_amd-software-pro-edition-24.q4-win10-win11-nov-rdna-combined.exe_cec8cd3ea04a\Packages\Drivers\Audio\SDWS\WT64A\amdsdws.inf","Windows Server 2022","NATIVE_CANDIDATE","NativeCandidate","5","5","5","NotEstablished"
"24.Q4","RDNACombined","d0_amd-software-pro-edition-24.q4-win10-win11-nov-rdna-combined.exe_cec8cd3ea04a\Packages\Drivers\Audio\SDWS\WT64A\amdsdws.inf","Windows Server 2025","NATIVE_CANDIDATE","NativeCandidate","5","5","5","NotEstablished"
"24.Q4","RDNACombined","d0_amd-software-pro-edition-24.q4-win10-win11-nov-rdna-combined.exe_cec8cd3ea04a\Packages\Drivers\Audio\SDWS\WT64A\amdsdwsext\amdsdwsext.inf","Windows Server 2016","NOT_APPLICABLE","NotApplicable","0","0","0","NotEstablished"
"24.Q4","RDNACombined","d0_amd-software-pro-edition-24.q4-win10-win11-nov-rdna-combined.exe_cec8cd3ea04a\Packages\Drivers\Audio\SDWS\WT64A\amdsdwsext\amdsdwsext.inf","Windows Server 2019","NATIVE_CANDIDATE","NativeCandidate","4","4","4","NotEstablished"
"24.Q4","RDNACombined","d0_amd-software-pro-edition-24.q4-win10-win11-nov-rdna-combined.exe_cec8cd3ea04a\Packages\Drivers\Audio\SDWS\WT64A\amdsdwsext\amdsdwsext.inf","Windows Server 2022","NATIVE_CANDIDATE","NativeCandidate","4","4","4","NotEstablished"
"24.Q4","RDNACombined","d0_amd-software-pro-edition-24.q4-win10-win11-nov-rdna-combined.exe_cec8cd3ea04a\Packages\Drivers\Audio\SDWS\WT64A\amdsdwsext\amdsdwsext.inf","Windows Server 2025","NATIVE_CANDIDATE","NativeCandidate","4","4","4","NotEstablished"
"24.Q4","RDNACombined","d0_amd-software-pro-edition-24.q4-win10-win11-nov-rdna-combined.exe_cec8cd3ea04a\Packages\Drivers\Display\WT6A_INF\u0410304.inf","Windows Server 2016","NOT_APPLICABLE","NotApplicable","0","0","0","NotEstablished"
"24.Q4","RDNACombined","d0_amd-software-pro-edition-24.q4-win10-win11-nov-rdna-combined.exe_cec8cd3ea04a\Packages\Drivers\Display\WT6A_INF\u0410304.inf","Windows Server 2019","PATCH_CANDIDATE","ProjectionCandidate","4437","0","4437","NotEstablished"
"24.Q4","RDNACombined","d0_amd-software-pro-edition-24.q4-win10-win11-nov-rdna-combined.exe_cec8cd3ea04a\Packages\Drivers\Display\WT6A_INF\u0410304.inf","Windows Server 2022","PATCH_CANDIDATE","ProjectionCandidate","4437","0","4437","NotEstablished"
"24.Q4","RDNACombined","d0_amd-software-pro-edition-24.q4-win10-win11-nov-rdna-combined.exe_cec8cd3ea04a\Packages\Drivers\Display\WT6A_INF\u0410304.inf","Windows Server 2025","PATCH_CANDIDATE","ProjectionCandidate","4437","0","4437","NotEstablished"
"24.Q4","RDNACombined","d0_amd-software-pro-edition-24.q4-win10-win11-nov-rdna-combined.exe_cec8cd3ea04a\Packages\Drivers\Display\WT6A_INF\amdfdans\AMDFDANS.inf","Windows Server 2016","NOT_APPLICABLE","NotApplicable","0","0","0","NotEstablished"
"24.Q4","RDNACombined","d0_amd-software-pro-edition-24.q4-win10-win11-nov-rdna-combined.exe_cec8cd3ea04a\Packages\Drivers\Display\WT6A_INF\amdfdans\AMDFDANS.inf","Windows Server 2019","NATIVE_CANDIDATE","NativeCandidate","1","1","1","NotEstablished"
"24.Q4","RDNACombined","d0_amd-software-pro-edition-24.q4-win10-win11-nov-rdna-combined.exe_cec8cd3ea04a\Packages\Drivers\Display\WT6A_INF\amdfdans\AMDFDANS.inf","Windows Server 2022","NATIVE_CANDIDATE","NativeCandidate","1","1","1","NotEstablished"
"24.Q4","RDNACombined","d0_amd-software-pro-edition-24.q4-win10-win11-nov-rdna-combined.exe_cec8cd3ea04a\Packages\Drivers\Display\WT6A_INF\amdfdans\AMDFDANS.inf","Windows Server 2025","NATIVE_CANDIDATE","NativeCandidate","1","1","1","NotEstablished"
"24.Q4","RDNACombined","d0_amd-software-pro-edition-24.q4-win10-win11-nov-rdna-combined.exe_cec8cd3ea04a\Packages\Drivers\Display\WT6A_INF\amdfendr\amdfendr.inf","Windows Server 2016","NOT_APPLICABLE","NotApplicable","0","0","0","NotEstablished"
"24.Q4","RDNACombined","d0_amd-software-pro-edition-24.q4-win10-win11-nov-rdna-combined.exe_cec8cd3ea04a\Packages\Drivers\Display\WT6A_INF\amdfendr\amdfendr.inf","Windows Server 2019","NATIVE_CANDIDATE","NativeCandidate","1","1","1","NotEstablished"
"24.Q4","RDNACombined","d0_amd-software-pro-edition-24.q4-win10-win11-nov-rdna-combined.exe_cec8cd3ea04a\Packages\Drivers\Display\WT6A_INF\amdfendr\amdfendr.inf","Windows Server 2022","NATIVE_CANDIDATE","NativeCandidate","1","1","1","NotEstablished"
"24.Q4","RDNACombined","d0_amd-software-pro-edition-24.q4-win10-win11-nov-rdna-combined.exe_cec8cd3ea04a\Packages\Drivers\Display\WT6A_INF\amdfendr\amdfendr.inf","Windows Server 2025","NATIVE_CANDIDATE","NativeCandidate","1","1","1","NotEstablished"
"24.Q4","RDNACombined","d0_amd-software-pro-edition-24.q4-win10-win11-nov-rdna-combined.exe_cec8cd3ea04a\Packages\Drivers\Display\WT6A_INF\amdocl\amdocl.inf","Windows Server 2016","NOT_APPLICABLE","NotApplicable","0","0","0","NotEstablished"
"24.Q4","RDNACombined","d0_amd-software-pro-edition-24.q4-win10-win11-nov-rdna-combined.exe_cec8cd3ea04a\Packages\Drivers\Display\WT6A_INF\amdocl\amdocl.inf","Windows Server 2019","NATIVE_CANDIDATE","NativeCandidate","1","1","1","NotEstablished"
"24.Q4","RDNACombined","d0_amd-software-pro-edition-24.q4-win10-win11-nov-rdna-combined.exe_cec8cd3ea04a\Packages\Drivers\Display\WT6A_INF\amdocl\amdocl.inf","Windows Server 2022","NATIVE_CANDIDATE","NativeCandidate","1","1","1","NotEstablished"
"24.Q4","RDNACombined","d0_amd-software-pro-edition-24.q4-win10-win11-nov-rdna-combined.exe_cec8cd3ea04a\Packages\Drivers\Display\WT6A_INF\amdocl\amdocl.inf","Windows Server 2025","NATIVE_CANDIDATE","NativeCandidate","1","1","1","NotEstablished"
"24.Q4","RDNACombined","d0_amd-software-pro-edition-24.q4-win10-win11-nov-rdna-combined.exe_cec8cd3ea04a\Packages\Drivers\Display\WT6A_INF\amdpcibridge\amdpcibridgeextension.inf","Windows Server 2016","NATIVE_CANDIDATE","NativeCandidate","2","2","2","NotEstablished"
"24.Q4","RDNACombined","d0_amd-software-pro-edition-24.q4-win10-win11-nov-rdna-combined.exe_cec8cd3ea04a\Packages\Drivers\Display\WT6A_INF\amdpcibridge\amdpcibridgeextension.inf","Windows Server 2019","NATIVE_CANDIDATE","NativeCandidate","2","2","2","NotEstablished"
"24.Q4","RDNACombined","d0_amd-software-pro-edition-24.q4-win10-win11-nov-rdna-combined.exe_cec8cd3ea04a\Packages\Drivers\Display\WT6A_INF\amdpcibridge\amdpcibridgeextension.inf","Windows Server 2022","NATIVE_CANDIDATE","NativeCandidate","2","2","2","NotEstablished"
"24.Q4","RDNACombined","d0_amd-software-pro-edition-24.q4-win10-win11-nov-rdna-combined.exe_cec8cd3ea04a\Packages\Drivers\Display\WT6A_INF\amdpcibridge\amdpcibridgeextension.inf","Windows Server 2025","NATIVE_CANDIDATE","NativeCandidate","2","2","2","NotEstablished"
"24.Q4","RDNACombined","d0_amd-software-pro-edition-24.q4-win10-win11-nov-rdna-combined.exe_cec8cd3ea04a\Packages\Drivers\Display\WT6A_INF\amdwin\amdwin-u0410304.inf","Windows Server 2016","NATIVE_CANDIDATE","NativeCandidate","1","1","1","NotEstablished"
"24.Q4","RDNACombined","d0_amd-software-pro-edition-24.q4-win10-win11-nov-rdna-combined.exe_cec8cd3ea04a\Packages\Drivers\Display\WT6A_INF\amdwin\amdwin-u0410304.inf","Windows Server 2019","NATIVE_CANDIDATE","NativeCandidate","1","1","1","NotEstablished"
"24.Q4","RDNACombined","d0_amd-software-pro-edition-24.q4-win10-win11-nov-rdna-combined.exe_cec8cd3ea04a\Packages\Drivers\Display\WT6A_INF\amdwin\amdwin-u0410304.inf","Windows Server 2022","NATIVE_CANDIDATE","NativeCandidate","1","1","1","NotEstablished"
"24.Q4","RDNACombined","d0_amd-software-pro-edition-24.q4-win10-win11-nov-rdna-combined.exe_cec8cd3ea04a\Packages\Drivers\Display\WT6A_INF\amdwin\amdwin-u0410304.inf","Windows Server 2025","NATIVE_CANDIDATE","NativeCandidate","1","1","1","NotEstablished"
"24.Q4","RDNACombined","d0_amd-software-pro-edition-24.q4-win10-win11-nov-rdna-combined.exe_cec8cd3ea04a\Packages\Drivers\Display2\WT6A_INF\u0409297.inf","Windows Server 2016","NOT_APPLICABLE","NotApplicable","0","0","0","NotEstablished"
"24.Q4","RDNACombined","d0_amd-software-pro-edition-24.q4-win10-win11-nov-rdna-combined.exe_cec8cd3ea04a\Packages\Drivers\Display2\WT6A_INF\u0409297.inf","Windows Server 2019","PATCH_CANDIDATE","ProjectionCandidate","391","0","391","NotEstablished"
"24.Q4","RDNACombined","d0_amd-software-pro-edition-24.q4-win10-win11-nov-rdna-combined.exe_cec8cd3ea04a\Packages\Drivers\Display2\WT6A_INF\u0409297.inf","Windows Server 2022","PATCH_CANDIDATE","ProjectionCandidate","391","0","391","NotEstablished"
"24.Q4","RDNACombined","d0_amd-software-pro-edition-24.q4-win10-win11-nov-rdna-combined.exe_cec8cd3ea04a\Packages\Drivers\Display2\WT6A_INF\u0409297.inf","Windows Server 2025","PATCH_CANDIDATE","ProjectionCandidate","391","0","391","NotEstablished"
"24.Q4","RDNACombined","d0_amd-software-pro-edition-24.q4-win10-win11-nov-rdna-combined.exe_cec8cd3ea04a\Packages\Drivers\Display2\WT6A_INF\amdafd\amdafd.inf","Windows Server 2016","NATIVE_CANDIDATE","NativeCandidate","2","2","2","NotEstablished"
"24.Q4","RDNACombined","d0_amd-software-pro-edition-24.q4-win10-win11-nov-rdna-combined.exe_cec8cd3ea04a\Packages\Drivers\Display2\WT6A_INF\amdafd\amdafd.inf","Windows Server 2019","NATIVE_CANDIDATE","NativeCandidate","2","2","2","NotEstablished"
"24.Q4","RDNACombined","d0_amd-software-pro-edition-24.q4-win10-win11-nov-rdna-combined.exe_cec8cd3ea04a\Packages\Drivers\Display2\WT6A_INF\amdafd\amdafd.inf","Windows Server 2022","NATIVE_CANDIDATE","NativeCandidate","2","2","2","NotEstablished"
"24.Q4","RDNACombined","d0_amd-software-pro-edition-24.q4-win10-win11-nov-rdna-combined.exe_cec8cd3ea04a\Packages\Drivers\Display2\WT6A_INF\amdafd\amdafd.inf","Windows Server 2025","NATIVE_CANDIDATE","NativeCandidate","2","2","2","NotEstablished"
"24.Q4","RDNACombined","d0_amd-software-pro-edition-24.q4-win10-win11-nov-rdna-combined.exe_cec8cd3ea04a\Packages\Drivers\Display2\WT6A_INF\amdfdans\AMDFDANS.inf","Windows Server 2016","NOT_APPLICABLE","NotApplicable","0","0","0","NotEstablished"
"24.Q4","RDNACombined","d0_amd-software-pro-edition-24.q4-win10-win11-nov-rdna-combined.exe_cec8cd3ea04a\Packages\Drivers\Display2\WT6A_INF\amdfdans\AMDFDANS.inf","Windows Server 2019","NATIVE_CANDIDATE","NativeCandidate","1","1","1","NotEstablished"
"24.Q4","RDNACombined","d0_amd-software-pro-edition-24.q4-win10-win11-nov-rdna-combined.exe_cec8cd3ea04a\Packages\Drivers\Display2\WT6A_INF\amdfdans\AMDFDANS.inf","Windows Server 2022","NATIVE_CANDIDATE","NativeCandidate","1","1","1","NotEstablished"
"24.Q4","RDNACombined","d0_amd-software-pro-edition-24.q4-win10-win11-nov-rdna-combined.exe_cec8cd3ea04a\Packages\Drivers\Display2\WT6A_INF\amdfdans\AMDFDANS.inf","Windows Server 2025","NATIVE_CANDIDATE","NativeCandidate","1","1","1","NotEstablished"
"24.Q4","RDNACombined","d0_amd-software-pro-edition-24.q4-win10-win11-nov-rdna-combined.exe_cec8cd3ea04a\Packages\Drivers\Display2\WT6A_INF\amdfendr\amdfendr.inf","Windows Server 2016","NOT_APPLICABLE","NotApplicable","0","0","0","NotEstablished"
"24.Q4","RDNACombined","d0_amd-software-pro-edition-24.q4-win10-win11-nov-rdna-combined.exe_cec8cd3ea04a\Packages\Drivers\Display2\WT6A_INF\amdfendr\amdfendr.inf","Windows Server 2019","NATIVE_CANDIDATE","NativeCandidate","1","1","1","NotEstablished"
"24.Q4","RDNACombined","d0_amd-software-pro-edition-24.q4-win10-win11-nov-rdna-combined.exe_cec8cd3ea04a\Packages\Drivers\Display2\WT6A_INF\amdfendr\amdfendr.inf","Windows Server 2022","NATIVE_CANDIDATE","NativeCandidate","1","1","1","NotEstablished"
"24.Q4","RDNACombined","d0_amd-software-pro-edition-24.q4-win10-win11-nov-rdna-combined.exe_cec8cd3ea04a\Packages\Drivers\Display2\WT6A_INF\amdfendr\amdfendr.inf","Windows Server 2025","NATIVE_CANDIDATE","NativeCandidate","1","1","1","NotEstablished"
"24.Q4","RDNACombined","d0_amd-software-pro-edition-24.q4-win10-win11-nov-rdna-combined.exe_cec8cd3ea04a\Packages\Drivers\Display2\WT6A_INF\amdocl\amdocl.inf","Windows Server 2016","NOT_APPLICABLE","NotApplicable","0","0","0","NotEstablished"
"24.Q4","RDNACombined","d0_amd-software-pro-edition-24.q4-win10-win11-nov-rdna-combined.exe_cec8cd3ea04a\Packages\Drivers\Display2\WT6A_INF\amdocl\amdocl.inf","Windows Server 2019","NATIVE_CANDIDATE","NativeCandidate","1","1","1","NotEstablished"
"24.Q4","RDNACombined","d0_amd-software-pro-edition-24.q4-win10-win11-nov-rdna-combined.exe_cec8cd3ea04a\Packages\Drivers\Display2\WT6A_INF\amdocl\amdocl.inf","Windows Server 2022","NATIVE_CANDIDATE","NativeCandidate","1","1","1","NotEstablished"
"24.Q4","RDNACombined","d0_amd-software-pro-edition-24.q4-win10-win11-nov-rdna-combined.exe_cec8cd3ea04a\Packages\Drivers\Display2\WT6A_INF\amdocl\amdocl.inf","Windows Server 2025","NATIVE_CANDIDATE","NativeCandidate","1","1","1","NotEstablished"
"24.Q4","RDNACombined","d0_amd-software-pro-edition-24.q4-win10-win11-nov-rdna-combined.exe_cec8cd3ea04a\Packages\Drivers\Display2\WT6A_INF\amdpcibridge\amdpcibridgeextension.inf","Windows Server 2016","NATIVE_CANDIDATE","NativeCandidate","2","2","2","NotEstablished"
"24.Q4","RDNACombined","d0_amd-software-pro-edition-24.q4-win10-win11-nov-rdna-combined.exe_cec8cd3ea04a\Packages\Drivers\Display2\WT6A_INF\amdpcibridge\amdpcibridgeextension.inf","Windows Server 2019","NATIVE_CANDIDATE","NativeCandidate","2","2","2","NotEstablished"
"24.Q4","RDNACombined","d0_amd-software-pro-edition-24.q4-win10-win11-nov-rdna-combined.exe_cec8cd3ea04a\Packages\Drivers\Display2\WT6A_INF\amdpcibridge\amdpcibridgeextension.inf","Windows Server 2022","NATIVE_CANDIDATE","NativeCandidate","2","2","2","NotEstablished"
"24.Q4","RDNACombined","d0_amd-software-pro-edition-24.q4-win10-win11-nov-rdna-combined.exe_cec8cd3ea04a\Packages\Drivers\Display2\WT6A_INF\amdpcibridge\amdpcibridgeextension.inf","Windows Server 2025","NATIVE_CANDIDATE","NativeCandidate","2","2","2","NotEstablished"
"24.Q4","RDNACombined","d0_amd-software-pro-edition-24.q4-win10-win11-nov-rdna-combined.exe_cec8cd3ea04a\Packages\Drivers\Display2\WT6A_INF\amdwin\amdwin-u0409297.inf","Windows Server 2016","NATIVE_CANDIDATE","NativeCandidate","1","1","1","NotEstablished"
"24.Q4","RDNACombined","d0_amd-software-pro-edition-24.q4-win10-win11-nov-rdna-combined.exe_cec8cd3ea04a\Packages\Drivers\Display2\WT6A_INF\amdwin\amdwin-u0409297.inf","Windows Server 2019","NATIVE_CANDIDATE","NativeCandidate","1","1","1","NotEstablished"
"24.Q4","RDNACombined","d0_amd-software-pro-edition-24.q4-win10-win11-nov-rdna-combined.exe_cec8cd3ea04a\Packages\Drivers\Display2\WT6A_INF\amdwin\amdwin-u0409297.inf","Windows Server 2022","NATIVE_CANDIDATE","NativeCandidate","1","1","1","NotEstablished"
"24.Q4","RDNACombined","d0_amd-software-pro-edition-24.q4-win10-win11-nov-rdna-combined.exe_cec8cd3ea04a\Packages\Drivers\Display2\WT6A_INF\amdwin\amdwin-u0409297.inf","Windows Server 2025","NATIVE_CANDIDATE","NativeCandidate","1","1","1","NotEstablished"
"24.Q4","RDNACombined","d0_amd-software-pro-edition-24.q4-win10-win11-nov-rdna-combined.exe_cec8cd3ea04a\Packages\Drivers\RadeonLED\WT64A\amdusbledfd.inf","Windows Server 2016","NATIVE_CANDIDATE","NativeCandidate","6","6","6","NotEstablished"
"24.Q4","RDNACombined","d0_amd-software-pro-edition-24.q4-win10-win11-nov-rdna-combined.exe_cec8cd3ea04a\Packages\Drivers\RadeonLED\WT64A\amdusbledfd.inf","Windows Server 2019","NATIVE_CANDIDATE","NativeCandidate","6","6","6","NotEstablished"
"24.Q4","RDNACombined","d0_amd-software-pro-edition-24.q4-win10-win11-nov-rdna-combined.exe_cec8cd3ea04a\Packages\Drivers\RadeonLED\WT64A\amdusbledfd.inf","Windows Server 2022","NATIVE_CANDIDATE","NativeCandidate","6","6","6","NotEstablished"
"24.Q4","RDNACombined","d0_amd-software-pro-edition-24.q4-win10-win11-nov-rdna-combined.exe_cec8cd3ea04a\Packages\Drivers\RadeonLED\WT64A\amdusbledfd.inf","Windows Server 2025","NATIVE_CANDIDATE","NativeCandidate","6","6","6","NotEstablished"
"24.Q4","RDNACombined","d0_amd-software-pro-edition-24.q4-win10-win11-nov-rdna-combined.exe_cec8cd3ea04a\Packages\Drivers\SBDrv\AMDUCSI\WT64A\amducsi.inf","Windows Server 2016","NATIVE_CANDIDATE","NativeCandidate","5","5","5","NotEstablished"
"24.Q4","RDNACombined","d0_amd-software-pro-edition-24.q4-win10-win11-nov-rdna-combined.exe_cec8cd3ea04a\Packages\Drivers\SBDrv\AMDUCSI\WT64A\amducsi.inf","Windows Server 2019","NATIVE_CANDIDATE","NativeCandidate","5","5","5","NotEstablished"
"24.Q4","RDNACombined","d0_amd-software-pro-edition-24.q4-win10-win11-nov-rdna-combined.exe_cec8cd3ea04a\Packages\Drivers\SBDrv\AMDUCSI\WT64A\amducsi.inf","Windows Server 2022","NATIVE_CANDIDATE","NativeCandidate","5","5","5","NotEstablished"
"24.Q4","RDNACombined","d0_amd-software-pro-edition-24.q4-win10-win11-nov-rdna-combined.exe_cec8cd3ea04a\Packages\Drivers\SBDrv\AMDUCSI\WT64A\amducsi.inf","Windows Server 2025","NATIVE_CANDIDATE","NativeCandidate","5","5","5","NotEstablished"
"24.Q4","RDNACombined","d0_amd-software-pro-edition-24.q4-winsvr2019-nov-rdna-combined.exe_deba65ba3546\Packages\Drivers\Display\WT6A_INF\u9410270.inf","Windows Server 2016","NOT_APPLICABLE","NotApplicable","0","0","0","NotEstablished"
"24.Q4","RDNACombined","d0_amd-software-pro-edition-24.q4-winsvr2019-nov-rdna-combined.exe_deba65ba3546\Packages\Drivers\Display\WT6A_INF\u9410270.inf","Windows Server 2019","NATIVE_CANDIDATE","NativeCandidate","270","270","270","NotEstablished"
"24.Q4","RDNACombined","d0_amd-software-pro-edition-24.q4-winsvr2019-nov-rdna-combined.exe_deba65ba3546\Packages\Drivers\Display\WT6A_INF\u9410270.inf","Windows Server 2022","NATIVE_CANDIDATE","NativeCandidate","270","270","270","NotEstablished"
"24.Q4","RDNACombined","d0_amd-software-pro-edition-24.q4-winsvr2019-nov-rdna-combined.exe_deba65ba3546\Packages\Drivers\Display\WT6A_INF\u9410270.inf","Windows Server 2025","NATIVE_CANDIDATE","NativeCandidate","270","270","270","NotEstablished"
"24.Q4","RDNACombined","d0_amd-software-pro-edition-24.q4-winsvr2019-nov-rdna-combined.exe_deba65ba3546\Packages\Drivers\Display\WT6A_INF\amdfendr\amdfendr.inf","Windows Server 2016","NOT_APPLICABLE","NotApplicable","0","0","0","NotEstablished"
"24.Q4","RDNACombined","d0_amd-software-pro-edition-24.q4-winsvr2019-nov-rdna-combined.exe_deba65ba3546\Packages\Drivers\Display\WT6A_INF\amdfendr\amdfendr.inf","Windows Server 2019","NATIVE_CANDIDATE","NativeCandidate","1","1","1","NotEstablished"
"24.Q4","RDNACombined","d0_amd-software-pro-edition-24.q4-winsvr2019-nov-rdna-combined.exe_deba65ba3546\Packages\Drivers\Display\WT6A_INF\amdfendr\amdfendr.inf","Windows Server 2022","NATIVE_CANDIDATE","NativeCandidate","1","1","1","NotEstablished"
"24.Q4","RDNACombined","d0_amd-software-pro-edition-24.q4-winsvr2019-nov-rdna-combined.exe_deba65ba3546\Packages\Drivers\Display\WT6A_INF\amdfendr\amdfendr.inf","Windows Server 2025","NATIVE_CANDIDATE","NativeCandidate","1","1","1","NotEstablished"
"24.Q4","RDNACombined","d0_amd-software-pro-edition-24.q4-winsvr2019-nov-rdna-combined.exe_deba65ba3546\Packages\Drivers\Display\WT6A_INF\amdocl\amdocl.inf","Windows Server 2016","NOT_APPLICABLE","NotApplicable","0","0","0","NotEstablished"
"24.Q4","RDNACombined","d0_amd-software-pro-edition-24.q4-winsvr2019-nov-rdna-combined.exe_deba65ba3546\Packages\Drivers\Display\WT6A_INF\amdocl\amdocl.inf","Windows Server 2019","NATIVE_CANDIDATE","NativeCandidate","1","1","1","NotEstablished"
"24.Q4","RDNACombined","d0_amd-software-pro-edition-24.q4-winsvr2019-nov-rdna-combined.exe_deba65ba3546\Packages\Drivers\Display\WT6A_INF\amdocl\amdocl.inf","Windows Server 2022","NATIVE_CANDIDATE","NativeCandidate","1","1","1","NotEstablished"
"24.Q4","RDNACombined","d0_amd-software-pro-edition-24.q4-winsvr2019-nov-rdna-combined.exe_deba65ba3546\Packages\Drivers\Display\WT6A_INF\amdocl\amdocl.inf","Windows Server 2025","NATIVE_CANDIDATE","NativeCandidate","1","1","1","NotEstablished"
"24.Q4","RDNACombined","d0_amd-software-pro-edition-24.q4-winsvr2019-nov-rdna-combined.exe_deba65ba3546\Packages\Drivers\Display\WT6A_INF\amdwin\amdwin-u9410270.inf","Windows Server 2016","NATIVE_CANDIDATE","NativeCandidate","1","1","1","NotEstablished"
"24.Q4","RDNACombined","d0_amd-software-pro-edition-24.q4-winsvr2019-nov-rdna-combined.exe_deba65ba3546\Packages\Drivers\Display\WT6A_INF\amdwin\amdwin-u9410270.inf","Windows Server 2019","NATIVE_CANDIDATE","NativeCandidate","1","1","1","NotEstablished"
"24.Q4","RDNACombined","d0_amd-software-pro-edition-24.q4-winsvr2019-nov-rdna-combined.exe_deba65ba3546\Packages\Drivers\Display\WT6A_INF\amdwin\amdwin-u9410270.inf","Windows Server 2022","NATIVE_CANDIDATE","NativeCandidate","1","1","1","NotEstablished"
"24.Q4","RDNACombined","d0_amd-software-pro-edition-24.q4-winsvr2019-nov-rdna-combined.exe_deba65ba3546\Packages\Drivers\Display\WT6A_INF\amdwin\amdwin-u9410270.inf","Windows Server 2025","NATIVE_CANDIDATE","NativeCandidate","1","1","1","NotEstablished"
"24.Q4","RDNACombined","d0_amd-software-pro-edition-24.q4-winsvr2019-nov-rdna-combined.exe_deba65ba3546\Packages\Drivers\Display2\WT6A_INF\u9410271.inf","Windows Server 2016","NOT_APPLICABLE","NotApplicable","0","0","0","NotEstablished"
"24.Q4","RDNACombined","d0_amd-software-pro-edition-24.q4-winsvr2019-nov-rdna-combined.exe_deba65ba3546\Packages\Drivers\Display2\WT6A_INF\u9410271.inf","Windows Server 2019","NATIVE_CANDIDATE","NativeCandidate","314","314","314","NotEstablished"
"24.Q4","RDNACombined","d0_amd-software-pro-edition-24.q4-winsvr2019-nov-rdna-combined.exe_deba65ba3546\Packages\Drivers\Display2\WT6A_INF\u9410271.inf","Windows Server 2022","NATIVE_CANDIDATE","NativeCandidate","314","314","314","NotEstablished"
"24.Q4","RDNACombined","d0_amd-software-pro-edition-24.q4-winsvr2019-nov-rdna-combined.exe_deba65ba3546\Packages\Drivers\Display2\WT6A_INF\u9410271.inf","Windows Server 2025","NATIVE_CANDIDATE","NativeCandidate","314","314","314","NotEstablished"
"24.Q4","RDNACombined","d0_amd-software-pro-edition-24.q4-winsvr2019-nov-rdna-combined.exe_deba65ba3546\Packages\Drivers\Display2\WT6A_INF\amdafd\amdafd.inf","Windows Server 2016","NATIVE_CANDIDATE","NativeCandidate","2","2","2","NotEstablished"
"24.Q4","RDNACombined","d0_amd-software-pro-edition-24.q4-winsvr2019-nov-rdna-combined.exe_deba65ba3546\Packages\Drivers\Display2\WT6A_INF\amdafd\amdafd.inf","Windows Server 2019","NATIVE_CANDIDATE","NativeCandidate","2","2","2","NotEstablished"
"24.Q4","RDNACombined","d0_amd-software-pro-edition-24.q4-winsvr2019-nov-rdna-combined.exe_deba65ba3546\Packages\Drivers\Display2\WT6A_INF\amdafd\amdafd.inf","Windows Server 2022","NATIVE_CANDIDATE","NativeCandidate","2","2","2","NotEstablished"
"24.Q4","RDNACombined","d0_amd-software-pro-edition-24.q4-winsvr2019-nov-rdna-combined.exe_deba65ba3546\Packages\Drivers\Display2\WT6A_INF\amdafd\amdafd.inf","Windows Server 2025","NATIVE_CANDIDATE","NativeCandidate","2","2","2","NotEstablished"
"24.Q4","RDNACombined","d0_amd-software-pro-edition-24.q4-winsvr2019-nov-rdna-combined.exe_deba65ba3546\Packages\Drivers\Display2\WT6A_INF\amdfendr\amdfendr.inf","Windows Server 2016","NOT_APPLICABLE","NotApplicable","0","0","0","NotEstablished"
"24.Q4","RDNACombined","d0_amd-software-pro-edition-24.q4-winsvr2019-nov-rdna-combined.exe_deba65ba3546\Packages\Drivers\Display2\WT6A_INF\amdfendr\amdfendr.inf","Windows Server 2019","NATIVE_CANDIDATE","NativeCandidate","1","1","1","NotEstablished"
"24.Q4","RDNACombined","d0_amd-software-pro-edition-24.q4-winsvr2019-nov-rdna-combined.exe_deba65ba3546\Packages\Drivers\Display2\WT6A_INF\amdfendr\amdfendr.inf","Windows Server 2022","NATIVE_CANDIDATE","NativeCandidate","1","1","1","NotEstablished"
"24.Q4","RDNACombined","d0_amd-software-pro-edition-24.q4-winsvr2019-nov-rdna-combined.exe_deba65ba3546\Packages\Drivers\Display2\WT6A_INF\amdfendr\amdfendr.inf","Windows Server 2025","NATIVE_CANDIDATE","NativeCandidate","1","1","1","NotEstablished"
"24.Q4","RDNACombined","d0_amd-software-pro-edition-24.q4-winsvr2019-nov-rdna-combined.exe_deba65ba3546\Packages\Drivers\Display2\WT6A_INF\amdocl\amdocl.inf","Windows Server 2016","NOT_APPLICABLE","NotApplicable","0","0","0","NotEstablished"
"24.Q4","RDNACombined","d0_amd-software-pro-edition-24.q4-winsvr2019-nov-rdna-combined.exe_deba65ba3546\Packages\Drivers\Display2\WT6A_INF\amdocl\amdocl.inf","Windows Server 2019","NATIVE_CANDIDATE","NativeCandidate","1","1","1","NotEstablished"
"24.Q4","RDNACombined","d0_amd-software-pro-edition-24.q4-winsvr2019-nov-rdna-combined.exe_deba65ba3546\Packages\Drivers\Display2\WT6A_INF\amdocl\amdocl.inf","Windows Server 2022","NATIVE_CANDIDATE","NativeCandidate","1","1","1","NotEstablished"
"24.Q4","RDNACombined","d0_amd-software-pro-edition-24.q4-winsvr2019-nov-rdna-combined.exe_deba65ba3546\Packages\Drivers\Display2\WT6A_INF\amdocl\amdocl.inf","Windows Server 2025","NATIVE_CANDIDATE","NativeCandidate","1","1","1","NotEstablished"
"24.Q4","RDNACombined","d0_amd-software-pro-edition-24.q4-winsvr2019-nov-rdna-combined.exe_deba65ba3546\Packages\Drivers\Display2\WT6A_INF\amdwin\amdwin-u9410271.inf","Windows Server 2016","NATIVE_CANDIDATE","NativeCandidate","1","1","1","NotEstablished"
"24.Q4","RDNACombined","d0_amd-software-pro-edition-24.q4-winsvr2019-nov-rdna-combined.exe_deba65ba3546\Packages\Drivers\Display2\WT6A_INF\amdwin\amdwin-u9410271.inf","Windows Server 2019","NATIVE_CANDIDATE","NativeCandidate","1","1","1","NotEstablished"
"24.Q4","RDNACombined","d0_amd-software-pro-edition-24.q4-winsvr2019-nov-rdna-combined.exe_deba65ba3546\Packages\Drivers\Display2\WT6A_INF\amdwin\amdwin-u9410271.inf","Windows Server 2022","NATIVE_CANDIDATE","NativeCandidate","1","1","1","NotEstablished"
"24.Q4","RDNACombined","d0_amd-software-pro-edition-24.q4-winsvr2019-nov-rdna-combined.exe_deba65ba3546\Packages\Drivers\Display2\WT6A_INF\amdwin\amdwin-u9410271.inf","Windows Server 2025","NATIVE_CANDIDATE","NativeCandidate","1","1","1","NotEstablished"
"24.Q4","RDNACombined","d0_amd-software-pro-edition-24.q4-winsvr2022-nov-rdna-combined.exe_0d63d31de750\Packages\Drivers\Display\WT6A_INF\u2410268.inf","Windows Server 2016","NOT_APPLICABLE","NotApplicable","0","0","0","NotEstablished"
"24.Q4","RDNACombined","d0_amd-software-pro-edition-24.q4-winsvr2022-nov-rdna-combined.exe_0d63d31de750\Packages\Drivers\Display\WT6A_INF\u2410268.inf","Windows Server 2019","NOT_APPLICABLE","NotApplicable","0","0","0","NotEstablished"
"24.Q4","RDNACombined","d0_amd-software-pro-edition-24.q4-winsvr2022-nov-rdna-combined.exe_0d63d31de750\Packages\Drivers\Display\WT6A_INF\u2410268.inf","Windows Server 2022","NATIVE_CANDIDATE","NativeCandidate","379","379","379","NotEstablished"
"24.Q4","RDNACombined","d0_amd-software-pro-edition-24.q4-winsvr2022-nov-rdna-combined.exe_0d63d31de750\Packages\Drivers\Display\WT6A_INF\u2410268.inf","Windows Server 2025","NATIVE_CANDIDATE","NativeCandidate","379","379","379","NotEstablished"
"24.Q4","RDNACombined","d0_amd-software-pro-edition-24.q4-winsvr2022-nov-rdna-combined.exe_0d63d31de750\Packages\Drivers\Display\WT6A_INF\amdfendr\amdfendr.inf","Windows Server 2016","NOT_APPLICABLE","NotApplicable","0","0","0","NotEstablished"
"24.Q4","RDNACombined","d0_amd-software-pro-edition-24.q4-winsvr2022-nov-rdna-combined.exe_0d63d31de750\Packages\Drivers\Display\WT6A_INF\amdfendr\amdfendr.inf","Windows Server 2019","NATIVE_CANDIDATE","NativeCandidate","1","1","1","NotEstablished"
"24.Q4","RDNACombined","d0_amd-software-pro-edition-24.q4-winsvr2022-nov-rdna-combined.exe_0d63d31de750\Packages\Drivers\Display\WT6A_INF\amdfendr\amdfendr.inf","Windows Server 2022","NATIVE_CANDIDATE","NativeCandidate","1","1","1","NotEstablished"
"24.Q4","RDNACombined","d0_amd-software-pro-edition-24.q4-winsvr2022-nov-rdna-combined.exe_0d63d31de750\Packages\Drivers\Display\WT6A_INF\amdfendr\amdfendr.inf","Windows Server 2025","NATIVE_CANDIDATE","NativeCandidate","1","1","1","NotEstablished"
"24.Q4","RDNACombined","d0_amd-software-pro-edition-24.q4-winsvr2022-nov-rdna-combined.exe_0d63d31de750\Packages\Drivers\Display\WT6A_INF\amdocl\amdocl.inf","Windows Server 2016","NOT_APPLICABLE","NotApplicable","0","0","0","NotEstablished"
"24.Q4","RDNACombined","d0_amd-software-pro-edition-24.q4-winsvr2022-nov-rdna-combined.exe_0d63d31de750\Packages\Drivers\Display\WT6A_INF\amdocl\amdocl.inf","Windows Server 2019","NATIVE_CANDIDATE","NativeCandidate","1","1","1","NotEstablished"
"24.Q4","RDNACombined","d0_amd-software-pro-edition-24.q4-winsvr2022-nov-rdna-combined.exe_0d63d31de750\Packages\Drivers\Display\WT6A_INF\amdocl\amdocl.inf","Windows Server 2022","NATIVE_CANDIDATE","NativeCandidate","1","1","1","NotEstablished"
"24.Q4","RDNACombined","d0_amd-software-pro-edition-24.q4-winsvr2022-nov-rdna-combined.exe_0d63d31de750\Packages\Drivers\Display\WT6A_INF\amdocl\amdocl.inf","Windows Server 2025","NATIVE_CANDIDATE","NativeCandidate","1","1","1","NotEstablished"
"24.Q4","RDNACombined","d0_amd-software-pro-edition-24.q4-winsvr2022-nov-rdna-combined.exe_0d63d31de750\Packages\Drivers\Display\WT6A_INF\amdwin\amdwin-u2410268.inf","Windows Server 2016","NATIVE_CANDIDATE","NativeCandidate","1","1","1","NotEstablished"
"24.Q4","RDNACombined","d0_amd-software-pro-edition-24.q4-winsvr2022-nov-rdna-combined.exe_0d63d31de750\Packages\Drivers\Display\WT6A_INF\amdwin\amdwin-u2410268.inf","Windows Server 2019","NATIVE_CANDIDATE","NativeCandidate","1","1","1","NotEstablished"
"24.Q4","RDNACombined","d0_amd-software-pro-edition-24.q4-winsvr2022-nov-rdna-combined.exe_0d63d31de750\Packages\Drivers\Display\WT6A_INF\amdwin\amdwin-u2410268.inf","Windows Server 2022","NATIVE_CANDIDATE","NativeCandidate","1","1","1","NotEstablished"
"24.Q4","RDNACombined","d0_amd-software-pro-edition-24.q4-winsvr2022-nov-rdna-combined.exe_0d63d31de750\Packages\Drivers\Display\WT6A_INF\amdwin\amdwin-u2410268.inf","Windows Server 2025","NATIVE_CANDIDATE","NativeCandidate","1","1","1","NotEstablished"
"24.Q4","RDNACombined","d0_amd-software-pro-edition-24.q4-winsvr2022-nov-rdna-combined.exe_0d63d31de750\Packages\Drivers\Display2\WT6A_INF\u2410269.inf","Windows Server 2016","NOT_APPLICABLE","NotApplicable","0","0","0","NotEstablished"
"24.Q4","RDNACombined","d0_amd-software-pro-edition-24.q4-winsvr2022-nov-rdna-combined.exe_0d63d31de750\Packages\Drivers\Display2\WT6A_INF\u2410269.inf","Windows Server 2019","NOT_APPLICABLE","NotApplicable","0","0","0","NotEstablished"
"24.Q4","RDNACombined","d0_amd-software-pro-edition-24.q4-winsvr2022-nov-rdna-combined.exe_0d63d31de750\Packages\Drivers\Display2\WT6A_INF\u2410269.inf","Windows Server 2022","NATIVE_CANDIDATE","NativeCandidate","314","314","314","NotEstablished"
"24.Q4","RDNACombined","d0_amd-software-pro-edition-24.q4-winsvr2022-nov-rdna-combined.exe_0d63d31de750\Packages\Drivers\Display2\WT6A_INF\u2410269.inf","Windows Server 2025","NATIVE_CANDIDATE","NativeCandidate","314","314","314","NotEstablished"
"24.Q4","RDNACombined","d0_amd-software-pro-edition-24.q4-winsvr2022-nov-rdna-combined.exe_0d63d31de750\Packages\Drivers\Display2\WT6A_INF\amdafd\amdafd.inf","Windows Server 2016","NATIVE_CANDIDATE","NativeCandidate","2","2","2","NotEstablished"
"24.Q4","RDNACombined","d0_amd-software-pro-edition-24.q4-winsvr2022-nov-rdna-combined.exe_0d63d31de750\Packages\Drivers\Display2\WT6A_INF\amdafd\amdafd.inf","Windows Server 2019","NATIVE_CANDIDATE","NativeCandidate","2","2","2","NotEstablished"
"24.Q4","RDNACombined","d0_amd-software-pro-edition-24.q4-winsvr2022-nov-rdna-combined.exe_0d63d31de750\Packages\Drivers\Display2\WT6A_INF\amdafd\amdafd.inf","Windows Server 2022","NATIVE_CANDIDATE","NativeCandidate","2","2","2","NotEstablished"
"24.Q4","RDNACombined","d0_amd-software-pro-edition-24.q4-winsvr2022-nov-rdna-combined.exe_0d63d31de750\Packages\Drivers\Display2\WT6A_INF\amdafd\amdafd.inf","Windows Server 2025","NATIVE_CANDIDATE","NativeCandidate","2","2","2","NotEstablished"
"24.Q4","RDNACombined","d0_amd-software-pro-edition-24.q4-winsvr2022-nov-rdna-combined.exe_0d63d31de750\Packages\Drivers\Display2\WT6A_INF\amdfendr\amdfendr.inf","Windows Server 2016","NOT_APPLICABLE","NotApplicable","0","0","0","NotEstablished"
"24.Q4","RDNACombined","d0_amd-software-pro-edition-24.q4-winsvr2022-nov-rdna-combined.exe_0d63d31de750\Packages\Drivers\Display2\WT6A_INF\amdfendr\amdfendr.inf","Windows Server 2019","NATIVE_CANDIDATE","NativeCandidate","1","1","1","NotEstablished"
"24.Q4","RDNACombined","d0_amd-software-pro-edition-24.q4-winsvr2022-nov-rdna-combined.exe_0d63d31de750\Packages\Drivers\Display2\WT6A_INF\amdfendr\amdfendr.inf","Windows Server 2022","NATIVE_CANDIDATE","NativeCandidate","1","1","1","NotEstablished"
"24.Q4","RDNACombined","d0_amd-software-pro-edition-24.q4-winsvr2022-nov-rdna-combined.exe_0d63d31de750\Packages\Drivers\Display2\WT6A_INF\amdfendr\amdfendr.inf","Windows Server 2025","NATIVE_CANDIDATE","NativeCandidate","1","1","1","NotEstablished"
"24.Q4","RDNACombined","d0_amd-software-pro-edition-24.q4-winsvr2022-nov-rdna-combined.exe_0d63d31de750\Packages\Drivers\Display2\WT6A_INF\amdocl\amdocl.inf","Windows Server 2016","NOT_APPLICABLE","NotApplicable","0","0","0","NotEstablished"
"24.Q4","RDNACombined","d0_amd-software-pro-edition-24.q4-winsvr2022-nov-rdna-combined.exe_0d63d31de750\Packages\Drivers\Display2\WT6A_INF\amdocl\amdocl.inf","Windows Server 2019","NATIVE_CANDIDATE","NativeCandidate","1","1","1","NotEstablished"
"24.Q4","RDNACombined","d0_amd-software-pro-edition-24.q4-winsvr2022-nov-rdna-combined.exe_0d63d31de750\Packages\Drivers\Display2\WT6A_INF\amdocl\amdocl.inf","Windows Server 2022","NATIVE_CANDIDATE","NativeCandidate","1","1","1","NotEstablished"
"24.Q4","RDNACombined","d0_amd-software-pro-edition-24.q4-winsvr2022-nov-rdna-combined.exe_0d63d31de750\Packages\Drivers\Display2\WT6A_INF\amdocl\amdocl.inf","Windows Server 2025","NATIVE_CANDIDATE","NativeCandidate","1","1","1","NotEstablished"
"24.Q4","RDNACombined","d0_amd-software-pro-edition-24.q4-winsvr2022-nov-rdna-combined.exe_0d63d31de750\Packages\Drivers\Display2\WT6A_INF\amdwin\amdwin-u2410269.inf","Windows Server 2016","NATIVE_CANDIDATE","NativeCandidate","1","1","1","NotEstablished"
"24.Q4","RDNACombined","d0_amd-software-pro-edition-24.q4-winsvr2022-nov-rdna-combined.exe_0d63d31de750\Packages\Drivers\Display2\WT6A_INF\amdwin\amdwin-u2410269.inf","Windows Server 2019","NATIVE_CANDIDATE","NativeCandidate","1","1","1","NotEstablished"
"24.Q4","RDNACombined","d0_amd-software-pro-edition-24.q4-winsvr2022-nov-rdna-combined.exe_0d63d31de750\Packages\Drivers\Display2\WT6A_INF\amdwin\amdwin-u2410269.inf","Windows Server 2022","NATIVE_CANDIDATE","NativeCandidate","1","1","1","NotEstablished"
"24.Q4","RDNACombined","d0_amd-software-pro-edition-24.q4-winsvr2022-nov-rdna-combined.exe_0d63d31de750\Packages\Drivers\Display2\WT6A_INF\amdwin\amdwin-u2410269.inf","Windows Server 2025","NATIVE_CANDIDATE","NativeCandidate","1","1","1","NotEstablished"
"25.Q2","WindowsServer-PolarisVega","d0_amd-software-pro-edition-25.q2-winsvr2019-vega-polaris.exe_1ff64c54b0ba\Packages\Drivers\Display\WT6A_INF\u9415325.inf","Windows Server 2016","NOT_APPLICABLE","NotApplicable","0","0","0","NotEstablished"
"25.Q2","WindowsServer-PolarisVega","d0_amd-software-pro-edition-25.q2-winsvr2019-vega-polaris.exe_1ff64c54b0ba\Packages\Drivers\Display\WT6A_INF\u9415325.inf","Windows Server 2019","NATIVE_CANDIDATE","NativeCandidate","314","314","314","NotEstablished"
"25.Q2","WindowsServer-PolarisVega","d0_amd-software-pro-edition-25.q2-winsvr2019-vega-polaris.exe_1ff64c54b0ba\Packages\Drivers\Display\WT6A_INF\u9415325.inf","Windows Server 2022","NATIVE_CANDIDATE","NativeCandidate","314","314","314","NotEstablished"
"25.Q2","WindowsServer-PolarisVega","d0_amd-software-pro-edition-25.q2-winsvr2019-vega-polaris.exe_1ff64c54b0ba\Packages\Drivers\Display\WT6A_INF\u9415325.inf","Windows Server 2025","NATIVE_CANDIDATE","NativeCandidate","314","314","314","NotEstablished"
"25.Q2","WindowsServer-PolarisVega","d0_amd-software-pro-edition-25.q2-winsvr2019-vega-polaris.exe_1ff64c54b0ba\Packages\Drivers\Display\WT6A_INF\amdafd\amdafd.inf","Windows Server 2016","NATIVE_CANDIDATE","NativeCandidate","2","2","2","NotEstablished"
"25.Q2","WindowsServer-PolarisVega","d0_amd-software-pro-edition-25.q2-winsvr2019-vega-polaris.exe_1ff64c54b0ba\Packages\Drivers\Display\WT6A_INF\amdafd\amdafd.inf","Windows Server 2019","NATIVE_CANDIDATE","NativeCandidate","2","2","2","NotEstablished"
"25.Q2","WindowsServer-PolarisVega","d0_amd-software-pro-edition-25.q2-winsvr2019-vega-polaris.exe_1ff64c54b0ba\Packages\Drivers\Display\WT6A_INF\amdafd\amdafd.inf","Windows Server 2022","NATIVE_CANDIDATE","NativeCandidate","2","2","2","NotEstablished"
"25.Q2","WindowsServer-PolarisVega","d0_amd-software-pro-edition-25.q2-winsvr2019-vega-polaris.exe_1ff64c54b0ba\Packages\Drivers\Display\WT6A_INF\amdafd\amdafd.inf","Windows Server 2025","NATIVE_CANDIDATE","NativeCandidate","2","2","2","NotEstablished"
"25.Q2","WindowsServer-PolarisVega","d0_amd-software-pro-edition-25.q2-winsvr2019-vega-polaris.exe_1ff64c54b0ba\Packages\Drivers\Display\WT6A_INF\amdfendr\amdfendr.inf","Windows Server 2016","NOT_APPLICABLE","NotApplicable","0","0","0","NotEstablished"
"25.Q2","WindowsServer-PolarisVega","d0_amd-software-pro-edition-25.q2-winsvr2019-vega-polaris.exe_1ff64c54b0ba\Packages\Drivers\Display\WT6A_INF\amdfendr\amdfendr.inf","Windows Server 2019","NATIVE_CANDIDATE","NativeCandidate","1","1","1","NotEstablished"
"25.Q2","WindowsServer-PolarisVega","d0_amd-software-pro-edition-25.q2-winsvr2019-vega-polaris.exe_1ff64c54b0ba\Packages\Drivers\Display\WT6A_INF\amdfendr\amdfendr.inf","Windows Server 2022","NATIVE_CANDIDATE","NativeCandidate","1","1","1","NotEstablished"
"25.Q2","WindowsServer-PolarisVega","d0_amd-software-pro-edition-25.q2-winsvr2019-vega-polaris.exe_1ff64c54b0ba\Packages\Drivers\Display\WT6A_INF\amdfendr\amdfendr.inf","Windows Server 2025","NATIVE_CANDIDATE","NativeCandidate","1","1","1","NotEstablished"
"25.Q2","WindowsServer-PolarisVega","d0_amd-software-pro-edition-25.q2-winsvr2019-vega-polaris.exe_1ff64c54b0ba\Packages\Drivers\Display\WT6A_INF\amdocl\amdocl.inf","Windows Server 2016","NOT_APPLICABLE","NotApplicable","0","0","0","NotEstablished"
"25.Q2","WindowsServer-PolarisVega","d0_amd-software-pro-edition-25.q2-winsvr2019-vega-polaris.exe_1ff64c54b0ba\Packages\Drivers\Display\WT6A_INF\amdocl\amdocl.inf","Windows Server 2019","NATIVE_CANDIDATE","NativeCandidate","1","1","1","NotEstablished"
"25.Q2","WindowsServer-PolarisVega","d0_amd-software-pro-edition-25.q2-winsvr2019-vega-polaris.exe_1ff64c54b0ba\Packages\Drivers\Display\WT6A_INF\amdocl\amdocl.inf","Windows Server 2022","NATIVE_CANDIDATE","NativeCandidate","1","1","1","NotEstablished"
"25.Q2","WindowsServer-PolarisVega","d0_amd-software-pro-edition-25.q2-winsvr2019-vega-polaris.exe_1ff64c54b0ba\Packages\Drivers\Display\WT6A_INF\amdocl\amdocl.inf","Windows Server 2025","NATIVE_CANDIDATE","NativeCandidate","1","1","1","NotEstablished"
"25.Q2","WindowsServer-PolarisVega","d0_amd-software-pro-edition-25.q2-winsvr2019-vega-polaris.exe_1ff64c54b0ba\Packages\Drivers\Display\WT6A_INF\amdwin\amdwin-u9415325.inf","Windows Server 2016","NATIVE_CANDIDATE","NativeCandidate","1","1","1","NotEstablished"
"25.Q2","WindowsServer-PolarisVega","d0_amd-software-pro-edition-25.q2-winsvr2019-vega-polaris.exe_1ff64c54b0ba\Packages\Drivers\Display\WT6A_INF\amdwin\amdwin-u9415325.inf","Windows Server 2019","NATIVE_CANDIDATE","NativeCandidate","1","1","1","NotEstablished"
"25.Q2","WindowsServer-PolarisVega","d0_amd-software-pro-edition-25.q2-winsvr2019-vega-polaris.exe_1ff64c54b0ba\Packages\Drivers\Display\WT6A_INF\amdwin\amdwin-u9415325.inf","Windows Server 2022","NATIVE_CANDIDATE","NativeCandidate","1","1","1","NotEstablished"
"25.Q2","WindowsServer-PolarisVega","d0_amd-software-pro-edition-25.q2-winsvr2019-vega-polaris.exe_1ff64c54b0ba\Packages\Drivers\Display\WT6A_INF\amdwin\amdwin-u9415325.inf","Windows Server 2025","NATIVE_CANDIDATE","NativeCandidate","1","1","1","NotEstablished"
"23.Q4","WindowsServer","d0_amd-software-pro-edition-23.q4-winsvr2019-dec-2023.exe_c407855f7b80\Packages\Drivers\Display\WT6A_INF\u9397546.inf","Windows Server 2016","NOT_APPLICABLE","NotApplicable","0","0","0","NotEstablished"
"23.Q4","WindowsServer","d0_amd-software-pro-edition-23.q4-winsvr2019-dec-2023.exe_c407855f7b80\Packages\Drivers\Display\WT6A_INF\u9397546.inf","Windows Server 2019","NATIVE_CANDIDATE","NativeCandidate","268","268","268","NotEstablished"
"23.Q4","WindowsServer","d0_amd-software-pro-edition-23.q4-winsvr2019-dec-2023.exe_c407855f7b80\Packages\Drivers\Display\WT6A_INF\u9397546.inf","Windows Server 2022","NATIVE_CANDIDATE","NativeCandidate","268","268","268","NotEstablished"
"23.Q4","WindowsServer","d0_amd-software-pro-edition-23.q4-winsvr2019-dec-2023.exe_c407855f7b80\Packages\Drivers\Display\WT6A_INF\u9397546.inf","Windows Server 2025","NATIVE_CANDIDATE","NativeCandidate","268","268","268","NotEstablished"
"23.Q4","WindowsServer","d0_amd-software-pro-edition-23.q4-winsvr2019-dec-2023.exe_c407855f7b80\Packages\Drivers\Display\WT6A_INF\amdafd\amdafd.inf","Windows Server 2016","NATIVE_CANDIDATE","NativeCandidate","2","2","2","NotEstablished"
"23.Q4","WindowsServer","d0_amd-software-pro-edition-23.q4-winsvr2019-dec-2023.exe_c407855f7b80\Packages\Drivers\Display\WT6A_INF\amdafd\amdafd.inf","Windows Server 2019","NATIVE_CANDIDATE","NativeCandidate","2","2","2","NotEstablished"
"23.Q4","WindowsServer","d0_amd-software-pro-edition-23.q4-winsvr2019-dec-2023.exe_c407855f7b80\Packages\Drivers\Display\WT6A_INF\amdafd\amdafd.inf","Windows Server 2022","NATIVE_CANDIDATE","NativeCandidate","2","2","2","NotEstablished"
"23.Q4","WindowsServer","d0_amd-software-pro-edition-23.q4-winsvr2019-dec-2023.exe_c407855f7b80\Packages\Drivers\Display\WT6A_INF\amdafd\amdafd.inf","Windows Server 2025","NATIVE_CANDIDATE","NativeCandidate","2","2","2","NotEstablished"
"23.Q4","WindowsServer","d0_amd-software-pro-edition-23.q4-winsvr2019-dec-2023.exe_c407855f7b80\Packages\Drivers\Display\WT6A_INF\amdfendr\amdfendr.inf","Windows Server 2016","NATIVE_CANDIDATE","NativeCandidate","1","1","1","NotEstablished"
"23.Q4","WindowsServer","d0_amd-software-pro-edition-23.q4-winsvr2019-dec-2023.exe_c407855f7b80\Packages\Drivers\Display\WT6A_INF\amdfendr\amdfendr.inf","Windows Server 2019","NATIVE_CANDIDATE","NativeCandidate","1","1","1","NotEstablished"
"23.Q4","WindowsServer","d0_amd-software-pro-edition-23.q4-winsvr2019-dec-2023.exe_c407855f7b80\Packages\Drivers\Display\WT6A_INF\amdfendr\amdfendr.inf","Windows Server 2022","NATIVE_CANDIDATE","NativeCandidate","1","1","1","NotEstablished"
"23.Q4","WindowsServer","d0_amd-software-pro-edition-23.q4-winsvr2019-dec-2023.exe_c407855f7b80\Packages\Drivers\Display\WT6A_INF\amdfendr\amdfendr.inf","Windows Server 2025","NATIVE_CANDIDATE","NativeCandidate","1","1","1","NotEstablished"
"23.Q4","WindowsServer","d0_amd-software-pro-edition-23.q4-winsvr2019-dec-2023.exe_c407855f7b80\Packages\Drivers\Display\WT6A_INF\AMDOCL\amdocl.inf","Windows Server 2016","NOT_APPLICABLE","NotApplicable","0","0","0","NotEstablished"
"23.Q4","WindowsServer","d0_amd-software-pro-edition-23.q4-winsvr2019-dec-2023.exe_c407855f7b80\Packages\Drivers\Display\WT6A_INF\AMDOCL\amdocl.inf","Windows Server 2019","NATIVE_CANDIDATE","NativeCandidate","1","1","1","NotEstablished"
"23.Q4","WindowsServer","d0_amd-software-pro-edition-23.q4-winsvr2019-dec-2023.exe_c407855f7b80\Packages\Drivers\Display\WT6A_INF\AMDOCL\amdocl.inf","Windows Server 2022","NATIVE_CANDIDATE","NativeCandidate","1","1","1","NotEstablished"
"23.Q4","WindowsServer","d0_amd-software-pro-edition-23.q4-winsvr2019-dec-2023.exe_c407855f7b80\Packages\Drivers\Display\WT6A_INF\AMDOCL\amdocl.inf","Windows Server 2025","NATIVE_CANDIDATE","NativeCandidate","1","1","1","NotEstablished"
"23.Q4","WindowsServer","d0_amd-software-pro-edition-23.q4-winsvr2019-dec-2023.exe_c407855f7b80\Packages\Drivers\Display\WT6A_INF\AMDWIN\amdwin-u9397546.inf","Windows Server 2016","NATIVE_CANDIDATE","NativeCandidate","1","1","1","NotEstablished"
"23.Q4","WindowsServer","d0_amd-software-pro-edition-23.q4-winsvr2019-dec-2023.exe_c407855f7b80\Packages\Drivers\Display\WT6A_INF\AMDWIN\amdwin-u9397546.inf","Windows Server 2019","NATIVE_CANDIDATE","NativeCandidate","1","1","1","NotEstablished"
"23.Q4","WindowsServer","d0_amd-software-pro-edition-23.q4-winsvr2019-dec-2023.exe_c407855f7b80\Packages\Drivers\Display\WT6A_INF\AMDWIN\amdwin-u9397546.inf","Windows Server 2022","NATIVE_CANDIDATE","NativeCandidate","1","1","1","NotEstablished"
"23.Q4","WindowsServer","d0_amd-software-pro-edition-23.q4-winsvr2019-dec-2023.exe_c407855f7b80\Packages\Drivers\Display\WT6A_INF\AMDWIN\amdwin-u9397546.inf","Windows Server 2025","NATIVE_CANDIDATE","NativeCandidate","1","1","1","NotEstablished"
"23.Q4","WindowsServer","d0_amd-software-pro-edition-23.q4-winsvr2022-dec-2023.exe_aa88bb3e2a9e\Packages\Drivers\Display\WT6A_INF\u2397542.inf","Windows Server 2016","NOT_APPLICABLE","NotApplicable","0","0","0","NotEstablished"
"23.Q4","WindowsServer","d0_amd-software-pro-edition-23.q4-winsvr2022-dec-2023.exe_aa88bb3e2a9e\Packages\Drivers\Display\WT6A_INF\u2397542.inf","Windows Server 2019","NOT_APPLICABLE","NotApplicable","0","0","0","NotEstablished"
"23.Q4","WindowsServer","d0_amd-software-pro-edition-23.q4-winsvr2022-dec-2023.exe_aa88bb3e2a9e\Packages\Drivers\Display\WT6A_INF\u2397542.inf","Windows Server 2022","NATIVE_CANDIDATE","NativeCandidate","377","377","377","NotEstablished"
"23.Q4","WindowsServer","d0_amd-software-pro-edition-23.q4-winsvr2022-dec-2023.exe_aa88bb3e2a9e\Packages\Drivers\Display\WT6A_INF\u2397542.inf","Windows Server 2025","NATIVE_CANDIDATE","NativeCandidate","377","377","377","NotEstablished"
"23.Q4","WindowsServer","d0_amd-software-pro-edition-23.q4-winsvr2022-dec-2023.exe_aa88bb3e2a9e\Packages\Drivers\Display\WT6A_INF\amdafd\amdafd.inf","Windows Server 2016","NATIVE_CANDIDATE","NativeCandidate","2","2","2","NotEstablished"
"23.Q4","WindowsServer","d0_amd-software-pro-edition-23.q4-winsvr2022-dec-2023.exe_aa88bb3e2a9e\Packages\Drivers\Display\WT6A_INF\amdafd\amdafd.inf","Windows Server 2019","NATIVE_CANDIDATE","NativeCandidate","2","2","2","NotEstablished"
"23.Q4","WindowsServer","d0_amd-software-pro-edition-23.q4-winsvr2022-dec-2023.exe_aa88bb3e2a9e\Packages\Drivers\Display\WT6A_INF\amdafd\amdafd.inf","Windows Server 2022","NATIVE_CANDIDATE","NativeCandidate","2","2","2","NotEstablished"
"23.Q4","WindowsServer","d0_amd-software-pro-edition-23.q4-winsvr2022-dec-2023.exe_aa88bb3e2a9e\Packages\Drivers\Display\WT6A_INF\amdafd\amdafd.inf","Windows Server 2025","NATIVE_CANDIDATE","NativeCandidate","2","2","2","NotEstablished"
"23.Q4","WindowsServer","d0_amd-software-pro-edition-23.q4-winsvr2022-dec-2023.exe_aa88bb3e2a9e\Packages\Drivers\Display\WT6A_INF\amdfendr\amdfendr.inf","Windows Server 2016","NATIVE_CANDIDATE","NativeCandidate","1","1","1","NotEstablished"
"23.Q4","WindowsServer","d0_amd-software-pro-edition-23.q4-winsvr2022-dec-2023.exe_aa88bb3e2a9e\Packages\Drivers\Display\WT6A_INF\amdfendr\amdfendr.inf","Windows Server 2019","NATIVE_CANDIDATE","NativeCandidate","1","1","1","NotEstablished"
"23.Q4","WindowsServer","d0_amd-software-pro-edition-23.q4-winsvr2022-dec-2023.exe_aa88bb3e2a9e\Packages\Drivers\Display\WT6A_INF\amdfendr\amdfendr.inf","Windows Server 2022","NATIVE_CANDIDATE","NativeCandidate","1","1","1","NotEstablished"
"23.Q4","WindowsServer","d0_amd-software-pro-edition-23.q4-winsvr2022-dec-2023.exe_aa88bb3e2a9e\Packages\Drivers\Display\WT6A_INF\amdfendr\amdfendr.inf","Windows Server 2025","NATIVE_CANDIDATE","NativeCandidate","1","1","1","NotEstablished"
"23.Q4","WindowsServer","d0_amd-software-pro-edition-23.q4-winsvr2022-dec-2023.exe_aa88bb3e2a9e\Packages\Drivers\Display\WT6A_INF\AMDOCL\amdocl.inf","Windows Server 2016","NOT_APPLICABLE","NotApplicable","0","0","0","NotEstablished"
"23.Q4","WindowsServer","d0_amd-software-pro-edition-23.q4-winsvr2022-dec-2023.exe_aa88bb3e2a9e\Packages\Drivers\Display\WT6A_INF\AMDOCL\amdocl.inf","Windows Server 2019","NATIVE_CANDIDATE","NativeCandidate","1","1","1","NotEstablished"
"23.Q4","WindowsServer","d0_amd-software-pro-edition-23.q4-winsvr2022-dec-2023.exe_aa88bb3e2a9e\Packages\Drivers\Display\WT6A_INF\AMDOCL\amdocl.inf","Windows Server 2022","NATIVE_CANDIDATE","NativeCandidate","1","1","1","NotEstablished"
"23.Q4","WindowsServer","d0_amd-software-pro-edition-23.q4-winsvr2022-dec-2023.exe_aa88bb3e2a9e\Packages\Drivers\Display\WT6A_INF\AMDOCL\amdocl.inf","Windows Server 2025","NATIVE_CANDIDATE","NativeCandidate","1","1","1","NotEstablished"
"23.Q4","WindowsServer","d0_amd-software-pro-edition-23.q4-winsvr2022-dec-2023.exe_aa88bb3e2a9e\Packages\Drivers\Display\WT6A_INF\AMDWIN\amdwin-u2397542.inf","Windows Server 2016","NATIVE_CANDIDATE","NativeCandidate","1","1","1","NotEstablished"
"23.Q4","WindowsServer","d0_amd-software-pro-edition-23.q4-winsvr2022-dec-2023.exe_aa88bb3e2a9e\Packages\Drivers\Display\WT6A_INF\AMDWIN\amdwin-u2397542.inf","Windows Server 2019","NATIVE_CANDIDATE","NativeCandidate","1","1","1","NotEstablished"
"23.Q4","WindowsServer","d0_amd-software-pro-edition-23.q4-winsvr2022-dec-2023.exe_aa88bb3e2a9e\Packages\Drivers\Display\WT6A_INF\AMDWIN\amdwin-u2397542.inf","Windows Server 2022","NATIVE_CANDIDATE","NativeCandidate","1","1","1","NotEstablished"
"23.Q4","WindowsServer","d0_amd-software-pro-edition-23.q4-winsvr2022-dec-2023.exe_aa88bb3e2a9e\Packages\Drivers\Display\WT6A_INF\AMDWIN\amdwin-u2397542.inf","Windows Server 2025","NATIVE_CANDIDATE","NativeCandidate","1","1","1","NotEstablished"
"25.Q3.1","RDNACombined","d0_amd-software-pro-edition-25.q3.1-winsvr2022-rdna-combined.exe_e6e1e635a360\Packages\Drivers\Display\WT6A_INF\u2419406.inf","Windows Server 2016","NOT_APPLICABLE","NotApplicable","0","0","0","NotEstablished"
"25.Q3.1","RDNACombined","d0_amd-software-pro-edition-25.q3.1-winsvr2022-rdna-combined.exe_e6e1e635a360\Packages\Drivers\Display\WT6A_INF\u2419406.inf","Windows Server 2019","NOT_APPLICABLE","NotApplicable","0","0","0","NotEstablished"
"25.Q3.1","RDNACombined","d0_amd-software-pro-edition-25.q3.1-winsvr2022-rdna-combined.exe_e6e1e635a360\Packages\Drivers\Display\WT6A_INF\u2419406.inf","Windows Server 2022","NATIVE_CANDIDATE","NativeCandidate","768","768","768","NotEstablished"
"25.Q3.1","RDNACombined","d0_amd-software-pro-edition-25.q3.1-winsvr2022-rdna-combined.exe_e6e1e635a360\Packages\Drivers\Display\WT6A_INF\u2419406.inf","Windows Server 2025","NATIVE_CANDIDATE","NativeCandidate","768","768","768","NotEstablished"
"25.Q3.1","RDNACombined","d0_amd-software-pro-edition-25.q3.1-winsvr2022-rdna-combined.exe_e6e1e635a360\Packages\Drivers\Display\WT6A_INF\amdfendr\amdfendr.inf","Windows Server 2016","NOT_APPLICABLE","NotApplicable","0","0","0","NotEstablished"
"25.Q3.1","RDNACombined","d0_amd-software-pro-edition-25.q3.1-winsvr2022-rdna-combined.exe_e6e1e635a360\Packages\Drivers\Display\WT6A_INF\amdfendr\amdfendr.inf","Windows Server 2019","NATIVE_CANDIDATE","NativeCandidate","1","1","1","NotEstablished"
"25.Q3.1","RDNACombined","d0_amd-software-pro-edition-25.q3.1-winsvr2022-rdna-combined.exe_e6e1e635a360\Packages\Drivers\Display\WT6A_INF\amdfendr\amdfendr.inf","Windows Server 2022","NATIVE_CANDIDATE","NativeCandidate","1","1","1","NotEstablished"
"25.Q3.1","RDNACombined","d0_amd-software-pro-edition-25.q3.1-winsvr2022-rdna-combined.exe_e6e1e635a360\Packages\Drivers\Display\WT6A_INF\amdfendr\amdfendr.inf","Windows Server 2025","NATIVE_CANDIDATE","NativeCandidate","1","1","1","NotEstablished"
"25.Q3.1","RDNACombined","d0_amd-software-pro-edition-25.q3.1-winsvr2022-rdna-combined.exe_e6e1e635a360\Packages\Drivers\Display\WT6A_INF\amdocl\amdocl.inf","Windows Server 2016","NOT_APPLICABLE","NotApplicable","0","0","0","NotEstablished"
"25.Q3.1","RDNACombined","d0_amd-software-pro-edition-25.q3.1-winsvr2022-rdna-combined.exe_e6e1e635a360\Packages\Drivers\Display\WT6A_INF\amdocl\amdocl.inf","Windows Server 2019","NATIVE_CANDIDATE","NativeCandidate","1","1","1","NotEstablished"
"25.Q3.1","RDNACombined","d0_amd-software-pro-edition-25.q3.1-winsvr2022-rdna-combined.exe_e6e1e635a360\Packages\Drivers\Display\WT6A_INF\amdocl\amdocl.inf","Windows Server 2022","NATIVE_CANDIDATE","NativeCandidate","1","1","1","NotEstablished"
"25.Q3.1","RDNACombined","d0_amd-software-pro-edition-25.q3.1-winsvr2022-rdna-combined.exe_e6e1e635a360\Packages\Drivers\Display\WT6A_INF\amdocl\amdocl.inf","Windows Server 2025","NATIVE_CANDIDATE","NativeCandidate","1","1","1","NotEstablished"
"25.Q3.1","RDNACombined","d0_amd-software-pro-edition-25.q3.1-winsvr2022-rdna-combined.exe_e6e1e635a360\Packages\Drivers\Display\WT6A_INF\amdwin\amdwin-u2419406.inf","Windows Server 2016","NATIVE_CANDIDATE","NativeCandidate","1","1","1","NotEstablished"
"25.Q3.1","RDNACombined","d0_amd-software-pro-edition-25.q3.1-winsvr2022-rdna-combined.exe_e6e1e635a360\Packages\Drivers\Display\WT6A_INF\amdwin\amdwin-u2419406.inf","Windows Server 2019","NATIVE_CANDIDATE","NativeCandidate","1","1","1","NotEstablished"
"25.Q3.1","RDNACombined","d0_amd-software-pro-edition-25.q3.1-winsvr2022-rdna-combined.exe_e6e1e635a360\Packages\Drivers\Display\WT6A_INF\amdwin\amdwin-u2419406.inf","Windows Server 2022","NATIVE_CANDIDATE","NativeCandidate","1","1","1","NotEstablished"
"25.Q3.1","RDNACombined","d0_amd-software-pro-edition-25.q3.1-winsvr2022-rdna-combined.exe_e6e1e635a360\Packages\Drivers\Display\WT6A_INF\amdwin\amdwin-u2419406.inf","Windows Server 2025","NATIVE_CANDIDATE","NativeCandidate","1","1","1","NotEstablished"
"25.Q3.1","RDNACombined","d0_amd-software-pro-edition-25.q3.1-winsvr2022-rdna-combined.exe_e6e1e635a360\Packages\Drivers\Display2\WT6A_INF\u2419405.inf","Windows Server 2016","NOT_APPLICABLE","NotApplicable","0","0","0","NotEstablished"
"25.Q3.1","RDNACombined","d0_amd-software-pro-edition-25.q3.1-winsvr2022-rdna-combined.exe_e6e1e635a360\Packages\Drivers\Display2\WT6A_INF\u2419405.inf","Windows Server 2019","NOT_APPLICABLE","NotApplicable","0","0","0","NotEstablished"
"25.Q3.1","RDNACombined","d0_amd-software-pro-edition-25.q3.1-winsvr2022-rdna-combined.exe_e6e1e635a360\Packages\Drivers\Display2\WT6A_INF\u2419405.inf","Windows Server 2022","NATIVE_CANDIDATE","NativeCandidate","314","314","314","NotEstablished"
"25.Q3.1","RDNACombined","d0_amd-software-pro-edition-25.q3.1-winsvr2022-rdna-combined.exe_e6e1e635a360\Packages\Drivers\Display2\WT6A_INF\u2419405.inf","Windows Server 2025","NATIVE_CANDIDATE","NativeCandidate","314","314","314","NotEstablished"
"25.Q3.1","RDNACombined","d0_amd-software-pro-edition-25.q3.1-winsvr2022-rdna-combined.exe_e6e1e635a360\Packages\Drivers\Display2\WT6A_INF\amdafd\amdafd.inf","Windows Server 2016","NATIVE_CANDIDATE","NativeCandidate","2","2","2","NotEstablished"
"25.Q3.1","RDNACombined","d0_amd-software-pro-edition-25.q3.1-winsvr2022-rdna-combined.exe_e6e1e635a360\Packages\Drivers\Display2\WT6A_INF\amdafd\amdafd.inf","Windows Server 2019","NATIVE_CANDIDATE","NativeCandidate","2","2","2","NotEstablished"
"25.Q3.1","RDNACombined","d0_amd-software-pro-edition-25.q3.1-winsvr2022-rdna-combined.exe_e6e1e635a360\Packages\Drivers\Display2\WT6A_INF\amdafd\amdafd.inf","Windows Server 2022","NATIVE_CANDIDATE","NativeCandidate","2","2","2","NotEstablished"
"25.Q3.1","RDNACombined","d0_amd-software-pro-edition-25.q3.1-winsvr2022-rdna-combined.exe_e6e1e635a360\Packages\Drivers\Display2\WT6A_INF\amdafd\amdafd.inf","Windows Server 2025","NATIVE_CANDIDATE","NativeCandidate","2","2","2","NotEstablished"
"25.Q3.1","RDNACombined","d0_amd-software-pro-edition-25.q3.1-winsvr2022-rdna-combined.exe_e6e1e635a360\Packages\Drivers\Display2\WT6A_INF\amdfendr\amdfendr.inf","Windows Server 2016","NOT_APPLICABLE","NotApplicable","0","0","0","NotEstablished"
"25.Q3.1","RDNACombined","d0_amd-software-pro-edition-25.q3.1-winsvr2022-rdna-combined.exe_e6e1e635a360\Packages\Drivers\Display2\WT6A_INF\amdfendr\amdfendr.inf","Windows Server 2019","NATIVE_CANDIDATE","NativeCandidate","1","1","1","NotEstablished"
"25.Q3.1","RDNACombined","d0_amd-software-pro-edition-25.q3.1-winsvr2022-rdna-combined.exe_e6e1e635a360\Packages\Drivers\Display2\WT6A_INF\amdfendr\amdfendr.inf","Windows Server 2022","NATIVE_CANDIDATE","NativeCandidate","1","1","1","NotEstablished"
"25.Q3.1","RDNACombined","d0_amd-software-pro-edition-25.q3.1-winsvr2022-rdna-combined.exe_e6e1e635a360\Packages\Drivers\Display2\WT6A_INF\amdfendr\amdfendr.inf","Windows Server 2025","NATIVE_CANDIDATE","NativeCandidate","1","1","1","NotEstablished"
"25.Q3.1","RDNACombined","d0_amd-software-pro-edition-25.q3.1-winsvr2022-rdna-combined.exe_e6e1e635a360\Packages\Drivers\Display2\WT6A_INF\amdocl\amdocl.inf","Windows Server 2016","NOT_APPLICABLE","NotApplicable","0","0","0","NotEstablished"
"25.Q3.1","RDNACombined","d0_amd-software-pro-edition-25.q3.1-winsvr2022-rdna-combined.exe_e6e1e635a360\Packages\Drivers\Display2\WT6A_INF\amdocl\amdocl.inf","Windows Server 2019","NATIVE_CANDIDATE","NativeCandidate","1","1","1","NotEstablished"
"25.Q3.1","RDNACombined","d0_amd-software-pro-edition-25.q3.1-winsvr2022-rdna-combined.exe_e6e1e635a360\Packages\Drivers\Display2\WT6A_INF\amdocl\amdocl.inf","Windows Server 2022","NATIVE_CANDIDATE","NativeCandidate","1","1","1","NotEstablished"
"25.Q3.1","RDNACombined","d0_amd-software-pro-edition-25.q3.1-winsvr2022-rdna-combined.exe_e6e1e635a360\Packages\Drivers\Display2\WT6A_INF\amdocl\amdocl.inf","Windows Server 2025","NATIVE_CANDIDATE","NativeCandidate","1","1","1","NotEstablished"
"25.Q3.1","RDNACombined","d0_amd-software-pro-edition-25.q3.1-winsvr2022-rdna-combined.exe_e6e1e635a360\Packages\Drivers\Display2\WT6A_INF\amdwin\amdwin-u2419405.inf","Windows Server 2016","NATIVE_CANDIDATE","NativeCandidate","1","1","1","NotEstablished"
"25.Q3.1","RDNACombined","d0_amd-software-pro-edition-25.q3.1-winsvr2022-rdna-combined.exe_e6e1e635a360\Packages\Drivers\Display2\WT6A_INF\amdwin\amdwin-u2419405.inf","Windows Server 2019","NATIVE_CANDIDATE","NativeCandidate","1","1","1","NotEstablished"
"25.Q3.1","RDNACombined","d0_amd-software-pro-edition-25.q3.1-winsvr2022-rdna-combined.exe_e6e1e635a360\Packages\Drivers\Display2\WT6A_INF\amdwin\amdwin-u2419405.inf","Windows Server 2022","NATIVE_CANDIDATE","NativeCandidate","1","1","1","NotEstablished"
"25.Q3.1","RDNACombined","d0_amd-software-pro-edition-25.q3.1-winsvr2022-rdna-combined.exe_e6e1e635a360\Packages\Drivers\Display2\WT6A_INF\amdwin\amdwin-u2419405.inf","Windows Server 2025","NATIVE_CANDIDATE","NativeCandidate","1","1","1","NotEstablished"
"25.Q3.1","RDNA","d0_amd-software-pro-edition-25.q3.1-winsvr2025-rdna.exe_057a040bc86b\Packages\Drivers\Display\WT6A_INF\u5419407.inf","Windows Server 2016","NOT_APPLICABLE","NotApplicable","0","0","0","NotEstablished"
"25.Q3.1","RDNA","d0_amd-software-pro-edition-25.q3.1-winsvr2025-rdna.exe_057a040bc86b\Packages\Drivers\Display\WT6A_INF\u5419407.inf","Windows Server 2019","NOT_APPLICABLE","NotApplicable","0","0","0","NotEstablished"
"25.Q3.1","RDNA","d0_amd-software-pro-edition-25.q3.1-winsvr2025-rdna.exe_057a040bc86b\Packages\Drivers\Display\WT6A_INF\u5419407.inf","Windows Server 2022","NOT_APPLICABLE","NotApplicable","0","0","0","NotEstablished"
"25.Q3.1","RDNA","d0_amd-software-pro-edition-25.q3.1-winsvr2025-rdna.exe_057a040bc86b\Packages\Drivers\Display\WT6A_INF\u5419407.inf","Windows Server 2025","NATIVE_CANDIDATE","NativeCandidate","768","768","768","NotEstablished"
"25.Q3.1","RDNA","d0_amd-software-pro-edition-25.q3.1-winsvr2025-rdna.exe_057a040bc86b\Packages\Drivers\Display\WT6A_INF\amdfendr\amdfendr.inf","Windows Server 2016","NOT_APPLICABLE","NotApplicable","0","0","0","NotEstablished"
"25.Q3.1","RDNA","d0_amd-software-pro-edition-25.q3.1-winsvr2025-rdna.exe_057a040bc86b\Packages\Drivers\Display\WT6A_INF\amdfendr\amdfendr.inf","Windows Server 2019","NATIVE_CANDIDATE","NativeCandidate","1","1","1","NotEstablished"
"25.Q3.1","RDNA","d0_amd-software-pro-edition-25.q3.1-winsvr2025-rdna.exe_057a040bc86b\Packages\Drivers\Display\WT6A_INF\amdfendr\amdfendr.inf","Windows Server 2022","NATIVE_CANDIDATE","NativeCandidate","1","1","1","NotEstablished"
"25.Q3.1","RDNA","d0_amd-software-pro-edition-25.q3.1-winsvr2025-rdna.exe_057a040bc86b\Packages\Drivers\Display\WT6A_INF\amdfendr\amdfendr.inf","Windows Server 2025","NATIVE_CANDIDATE","NativeCandidate","1","1","1","NotEstablished"
"25.Q3.1","RDNA","d0_amd-software-pro-edition-25.q3.1-winsvr2025-rdna.exe_057a040bc86b\Packages\Drivers\Display\WT6A_INF\amdocl\amdocl.inf","Windows Server 2016","NOT_APPLICABLE","NotApplicable","0","0","0","NotEstablished"
"25.Q3.1","RDNA","d0_amd-software-pro-edition-25.q3.1-winsvr2025-rdna.exe_057a040bc86b\Packages\Drivers\Display\WT6A_INF\amdocl\amdocl.inf","Windows Server 2019","NATIVE_CANDIDATE","NativeCandidate","1","1","1","NotEstablished"
"25.Q3.1","RDNA","d0_amd-software-pro-edition-25.q3.1-winsvr2025-rdna.exe_057a040bc86b\Packages\Drivers\Display\WT6A_INF\amdocl\amdocl.inf","Windows Server 2022","NATIVE_CANDIDATE","NativeCandidate","1","1","1","NotEstablished"
"25.Q3.1","RDNA","d0_amd-software-pro-edition-25.q3.1-winsvr2025-rdna.exe_057a040bc86b\Packages\Drivers\Display\WT6A_INF\amdocl\amdocl.inf","Windows Server 2025","NATIVE_CANDIDATE","NativeCandidate","1","1","1","NotEstablished"
"25.Q3.1","RDNA","d0_amd-software-pro-edition-25.q3.1-winsvr2025-rdna.exe_057a040bc86b\Packages\Drivers\Display\WT6A_INF\amdwin\amdwin-u5419407.inf","Windows Server 2016","NATIVE_CANDIDATE","NativeCandidate","1","1","1","NotEstablished"
"25.Q3.1","RDNA","d0_amd-software-pro-edition-25.q3.1-winsvr2025-rdna.exe_057a040bc86b\Packages\Drivers\Display\WT6A_INF\amdwin\amdwin-u5419407.inf","Windows Server 2019","NATIVE_CANDIDATE","NativeCandidate","1","1","1","NotEstablished"
"25.Q3.1","RDNA","d0_amd-software-pro-edition-25.q3.1-winsvr2025-rdna.exe_057a040bc86b\Packages\Drivers\Display\WT6A_INF\amdwin\amdwin-u5419407.inf","Windows Server 2022","NATIVE_CANDIDATE","NativeCandidate","1","1","1","NotEstablished"
"25.Q3.1","RDNA","d0_amd-software-pro-edition-25.q3.1-winsvr2025-rdna.exe_057a040bc86b\Packages\Drivers\Display\WT6A_INF\amdwin\amdwin-u5419407.inf","Windows Server 2025","NATIVE_CANDIDATE","NativeCandidate","1","1","1","NotEstablished"
"25.11.1","Main","d0_whql-amd-software-adrenalin-edition-25.11.1-win11-s.exe_f1491c02bfe4\Packages\Drivers\AMDISP\AMDCAMERA\WT64A\amdcamera.inf","Windows Server 2016","NATIVE_CANDIDATE","NativeCandidate","1","1","1","NotEstablished"
"25.11.1","Main","d0_whql-amd-software-adrenalin-edition-25.11.1-win11-s.exe_f1491c02bfe4\Packages\Drivers\AMDISP\AMDCAMERA\WT64A\amdcamera.inf","Windows Server 2019","NATIVE_CANDIDATE","NativeCandidate","1","1","1","NotEstablished"
"25.11.1","Main","d0_whql-amd-software-adrenalin-edition-25.11.1-win11-s.exe_f1491c02bfe4\Packages\Drivers\AMDISP\AMDCAMERA\WT64A\amdcamera.inf","Windows Server 2022","NATIVE_CANDIDATE","NativeCandidate","1","1","1","NotEstablished"
"25.11.1","Main","d0_whql-amd-software-adrenalin-edition-25.11.1-win11-s.exe_f1491c02bfe4\Packages\Drivers\AMDISP\AMDCAMERA\WT64A\amdcamera.inf","Windows Server 2025","NATIVE_CANDIDATE","NativeCandidate","1","1","1","NotEstablished"
"25.11.1","Main","d0_whql-amd-software-adrenalin-edition-25.11.1-win11-s.exe_f1491c02bfe4\Packages\Drivers\AMDISP\AMDISP\WT64A\amdisp.inf","Windows Server 2016","REVIEW_REQUIRED","WdfRequirementReview","2","2","2","NotEstablished"
"25.11.1","Main","d0_whql-amd-software-adrenalin-edition-25.11.1-win11-s.exe_f1491c02bfe4\Packages\Drivers\AMDISP\AMDISP\WT64A\amdisp.inf","Windows Server 2019","NATIVE_CANDIDATE","NativeCandidate","2","2","2","NotEstablished"
"25.11.1","Main","d0_whql-amd-software-adrenalin-edition-25.11.1-win11-s.exe_f1491c02bfe4\Packages\Drivers\AMDISP\AMDISP\WT64A\amdisp.inf","Windows Server 2022","NATIVE_CANDIDATE","NativeCandidate","2","2","2","NotEstablished"
"25.11.1","Main","d0_whql-amd-software-adrenalin-edition-25.11.1-win11-s.exe_f1491c02bfe4\Packages\Drivers\AMDISP\AMDISP\WT64A\amdisp.inf","Windows Server 2025","NATIVE_CANDIDATE","NativeCandidate","2","2","2","NotEstablished"
"25.11.1","Main","d0_whql-amd-software-adrenalin-edition-25.11.1-win11-s.exe_f1491c02bfe4\Packages\Drivers\AMDISP\GC1029\WT64A\sensorGC1029.inf","Windows Server 2016","NATIVE_CANDIDATE","NativeCandidate","1","1","1","NotEstablished"
"25.11.1","Main","d0_whql-amd-software-adrenalin-edition-25.11.1-win11-s.exe_f1491c02bfe4\Packages\Drivers\AMDISP\GC1029\WT64A\sensorGC1029.inf","Windows Server 2019","NATIVE_CANDIDATE","NativeCandidate","1","1","1","NotEstablished"
"25.11.1","Main","d0_whql-amd-software-adrenalin-edition-25.11.1-win11-s.exe_f1491c02bfe4\Packages\Drivers\AMDISP\GC1029\WT64A\sensorGC1029.inf","Windows Server 2022","NATIVE_CANDIDATE","NativeCandidate","1","1","1","NotEstablished"
"25.11.1","Main","d0_whql-amd-software-adrenalin-edition-25.11.1-win11-s.exe_f1491c02bfe4\Packages\Drivers\AMDISP\GC1029\WT64A\sensorGC1029.inf","Windows Server 2025","NATIVE_CANDIDATE","NativeCandidate","1","1","1","NotEstablished"
"25.11.1","Main","d0_whql-amd-software-adrenalin-edition-25.11.1-win11-s.exe_f1491c02bfe4\Packages\Drivers\AMDISP\HM1092\WT64A\sensorHM1092.inf","Windows Server 2016","NATIVE_CANDIDATE","NativeCandidate","1","1","1","NotEstablished"
"25.11.1","Main","d0_whql-amd-software-adrenalin-edition-25.11.1-win11-s.exe_f1491c02bfe4\Packages\Drivers\AMDISP\HM1092\WT64A\sensorHM1092.inf","Windows Server 2019","NATIVE_CANDIDATE","NativeCandidate","1","1","1","NotEstablished"
"25.11.1","Main","d0_whql-amd-software-adrenalin-edition-25.11.1-win11-s.exe_f1491c02bfe4\Packages\Drivers\AMDISP\HM1092\WT64A\sensorHM1092.inf","Windows Server 2022","NATIVE_CANDIDATE","NativeCandidate","1","1","1","NotEstablished"
"25.11.1","Main","d0_whql-amd-software-adrenalin-edition-25.11.1-win11-s.exe_f1491c02bfe4\Packages\Drivers\AMDISP\HM1092\WT64A\sensorHM1092.inf","Windows Server 2025","NATIVE_CANDIDATE","NativeCandidate","1","1","1","NotEstablished"
"25.11.1","Main","d0_whql-amd-software-adrenalin-edition-25.11.1-win11-s.exe_f1491c02bfe4\Packages\Drivers\AMDISP\OV05C\WT64A\sensorOV05C.inf","Windows Server 2016","NATIVE_CANDIDATE","NativeCandidate","1","1","1","NotEstablished"
"25.11.1","Main","d0_whql-amd-software-adrenalin-edition-25.11.1-win11-s.exe_f1491c02bfe4\Packages\Drivers\AMDISP\OV05C\WT64A\sensorOV05C.inf","Windows Server 2019","NATIVE_CANDIDATE","NativeCandidate","1","1","1","NotEstablished"
"25.11.1","Main","d0_whql-amd-software-adrenalin-edition-25.11.1-win11-s.exe_f1491c02bfe4\Packages\Drivers\AMDISP\OV05C\WT64A\sensorOV05C.inf","Windows Server 2022","NATIVE_CANDIDATE","NativeCandidate","1","1","1","NotEstablished"
"25.11.1","Main","d0_whql-amd-software-adrenalin-edition-25.11.1-win11-s.exe_f1491c02bfe4\Packages\Drivers\AMDISP\OV05C\WT64A\sensorOV05C.inf","Windows Server 2025","NATIVE_CANDIDATE","NativeCandidate","1","1","1","NotEstablished"
"25.11.1","Main","d0_whql-amd-software-adrenalin-edition-25.11.1-win11-s.exe_f1491c02bfe4\Packages\Drivers\AMDISP\OV08X\WT64A\sensorOV08X.inf","Windows Server 2016","NATIVE_CANDIDATE","NativeCandidate","2","2","2","NotEstablished"
"25.11.1","Main","d0_whql-amd-software-adrenalin-edition-25.11.1-win11-s.exe_f1491c02bfe4\Packages\Drivers\AMDISP\OV08X\WT64A\sensorOV08X.inf","Windows Server 2019","NATIVE_CANDIDATE","NativeCandidate","2","2","2","NotEstablished"
"25.11.1","Main","d0_whql-amd-software-adrenalin-edition-25.11.1-win11-s.exe_f1491c02bfe4\Packages\Drivers\AMDISP\OV08X\WT64A\sensorOV08X.inf","Windows Server 2022","NATIVE_CANDIDATE","NativeCandidate","2","2","2","NotEstablished"
"25.11.1","Main","d0_whql-amd-software-adrenalin-edition-25.11.1-win11-s.exe_f1491c02bfe4\Packages\Drivers\AMDISP\OV08X\WT64A\sensorOV08X.inf","Windows Server 2025","NATIVE_CANDIDATE","NativeCandidate","2","2","2","NotEstablished"
"25.11.1","Main","d0_whql-amd-software-adrenalin-edition-25.11.1-win11-s.exe_f1491c02bfe4\Packages\Drivers\AMDISP\OV13B\WT64A\sensorOV13B.inf","Windows Server 2016","NATIVE_CANDIDATE","NativeCandidate","1","1","1","NotEstablished"
"25.11.1","Main","d0_whql-amd-software-adrenalin-edition-25.11.1-win11-s.exe_f1491c02bfe4\Packages\Drivers\AMDISP\OV13B\WT64A\sensorOV13B.inf","Windows Server 2019","NATIVE_CANDIDATE","NativeCandidate","1","1","1","NotEstablished"
"25.11.1","Main","d0_whql-amd-software-adrenalin-edition-25.11.1-win11-s.exe_f1491c02bfe4\Packages\Drivers\AMDISP\OV13B\WT64A\sensorOV13B.inf","Windows Server 2022","NATIVE_CANDIDATE","NativeCandidate","1","1","1","NotEstablished"
"25.11.1","Main","d0_whql-amd-software-adrenalin-edition-25.11.1-win11-s.exe_f1491c02bfe4\Packages\Drivers\AMDISP\OV13B\WT64A\sensorOV13B.inf","Windows Server 2025","NATIVE_CANDIDATE","NativeCandidate","1","1","1","NotEstablished"
"25.11.1","Main","d0_whql-amd-software-adrenalin-edition-25.11.1-win11-s.exe_f1491c02bfe4\Packages\Drivers\AMDNPUMCDM\WT64A\kipudrv.inf","Windows Server 2016","NOT_APPLICABLE","NotApplicable","0","0","0","NotEstablished"
"25.11.1","Main","d0_whql-amd-software-adrenalin-edition-25.11.1-win11-s.exe_f1491c02bfe4\Packages\Drivers\AMDNPUMCDM\WT64A\kipudrv.inf","Windows Server 2019","NOT_APPLICABLE","NotApplicable","0","0","0","NotEstablished"
"25.11.1","Main","d0_whql-amd-software-adrenalin-edition-25.11.1-win11-s.exe_f1491c02bfe4\Packages\Drivers\AMDNPUMCDM\WT64A\kipudrv.inf","Windows Server 2022","NOT_APPLICABLE","NotApplicable","0","0","0","NotEstablished"
"25.11.1","Main","d0_whql-amd-software-adrenalin-edition-25.11.1-win11-s.exe_f1491c02bfe4\Packages\Drivers\AMDNPUMCDM\WT64A\kipudrv.inf","Windows Server 2025","NATIVE_CANDIDATE","NativeCandidate","2","2","2","NotEstablished"
"25.11.1","Main","d0_whql-amd-software-adrenalin-edition-25.11.1-win11-s.exe_f1491c02bfe4\Packages\Drivers\AMDNPUWDF\WT64A\kipudrv.inf","Windows Server 2016","NATIVE_CANDIDATE","NativeCandidate","2","2","2","NotEstablished"
"25.11.1","Main","d0_whql-amd-software-adrenalin-edition-25.11.1-win11-s.exe_f1491c02bfe4\Packages\Drivers\AMDNPUWDF\WT64A\kipudrv.inf","Windows Server 2019","NATIVE_CANDIDATE","NativeCandidate","2","2","2","NotEstablished"
"25.11.1","Main","d0_whql-amd-software-adrenalin-edition-25.11.1-win11-s.exe_f1491c02bfe4\Packages\Drivers\AMDNPUWDF\WT64A\kipudrv.inf","Windows Server 2022","NATIVE_CANDIDATE","NativeCandidate","2","2","2","NotEstablished"
"25.11.1","Main","d0_whql-amd-software-adrenalin-edition-25.11.1-win11-s.exe_f1491c02bfe4\Packages\Drivers\AMDNPUWDF\WT64A\kipudrv.inf","Windows Server 2025","NATIVE_CANDIDATE","NativeCandidate","2","2","2","NotEstablished"
"25.11.1","Main","d0_whql-amd-software-adrenalin-edition-25.11.1-win11-s.exe_f1491c02bfe4\Packages\Drivers\Audio\ACPAfd\WT64A\amdacpafd.inf","Windows Server 2016","NOT_APPLICABLE","NotApplicable","0","0","0","NotEstablished"
"25.11.1","Main","d0_whql-amd-software-adrenalin-edition-25.11.1-win11-s.exe_f1491c02bfe4\Packages\Drivers\Audio\ACPAfd\WT64A\amdacpafd.inf","Windows Server 2019","NATIVE_CANDIDATE","NativeCandidate","13","13","13","NotEstablished"
"25.11.1","Main","d0_whql-amd-software-adrenalin-edition-25.11.1-win11-s.exe_f1491c02bfe4\Packages\Drivers\Audio\ACPAfd\WT64A\amdacpafd.inf","Windows Server 2022","NATIVE_CANDIDATE","NativeCandidate","13","13","13","NotEstablished"
"25.11.1","Main","d0_whql-amd-software-adrenalin-edition-25.11.1-win11-s.exe_f1491c02bfe4\Packages\Drivers\Audio\ACPAfd\WT64A\amdacpafd.inf","Windows Server 2025","NATIVE_CANDIDATE","NativeCandidate","13","13","13","NotEstablished"
"25.11.1","Main","d0_whql-amd-software-adrenalin-edition-25.11.1-win11-s.exe_f1491c02bfe4\Packages\Drivers\Audio\ACPAFDSVC\WT64A\amdacpafdcomp.inf","Windows Server 2016","NOT_APPLICABLE","NotApplicable","0","0","0","NotEstablished"
"25.11.1","Main","d0_whql-amd-software-adrenalin-edition-25.11.1-win11-s.exe_f1491c02bfe4\Packages\Drivers\Audio\ACPAFDSVC\WT64A\amdacpafdcomp.inf","Windows Server 2019","NATIVE_CANDIDATE","NativeCandidate","1","1","1","NotEstablished"
"25.11.1","Main","d0_whql-amd-software-adrenalin-edition-25.11.1-win11-s.exe_f1491c02bfe4\Packages\Drivers\Audio\ACPAFDSVC\WT64A\amdacpafdcomp.inf","Windows Server 2022","NATIVE_CANDIDATE","NativeCandidate","1","1","1","NotEstablished"
"25.11.1","Main","d0_whql-amd-software-adrenalin-edition-25.11.1-win11-s.exe_f1491c02bfe4\Packages\Drivers\Audio\ACPAFDSVC\WT64A\amdacpafdcomp.inf","Windows Server 2025","NATIVE_CANDIDATE","NativeCandidate","1","1","1","NotEstablished"
"25.11.1","Main","d0_whql-amd-software-adrenalin-edition-25.11.1-win11-s.exe_f1491c02bfe4\Packages\Drivers\Audio\ACPAFDSVC\WT64A\amdacpafdext.inf","Windows Server 2016","NOT_APPLICABLE","NotApplicable","0","0","0","NotEstablished"
"25.11.1","Main","d0_whql-amd-software-adrenalin-edition-25.11.1-win11-s.exe_f1491c02bfe4\Packages\Drivers\Audio\ACPAFDSVC\WT64A\amdacpafdext.inf","Windows Server 2019","NATIVE_CANDIDATE","NativeCandidate","1","1","1","NotEstablished"
"25.11.1","Main","d0_whql-amd-software-adrenalin-edition-25.11.1-win11-s.exe_f1491c02bfe4\Packages\Drivers\Audio\ACPAFDSVC\WT64A\amdacpafdext.inf","Windows Server 2022","NATIVE_CANDIDATE","NativeCandidate","1","1","1","NotEstablished"
"25.11.1","Main","d0_whql-amd-software-adrenalin-edition-25.11.1-win11-s.exe_f1491c02bfe4\Packages\Drivers\Audio\ACPAFDSVC\WT64A\amdacpafdext.inf","Windows Server 2025","NATIVE_CANDIDATE","NativeCandidate","1","1","1","NotEstablished"
"25.11.1","Main","d0_whql-amd-software-adrenalin-edition-25.11.1-win11-s.exe_f1491c02bfe4\Packages\Drivers\Audio\ACPBTACX\WT64A\amdacpbtacx.inf","Windows Server 2016","NOT_APPLICABLE","NotApplicable","0","0","0","NotEstablished"
"25.11.1","Main","d0_whql-amd-software-adrenalin-edition-25.11.1-win11-s.exe_f1491c02bfe4\Packages\Drivers\Audio\ACPBTACX\WT64A\amdacpbtacx.inf","Windows Server 2019","REVIEW_REQUIRED","WdfRequirementReview","10","10","10","NotEstablished"
"25.11.1","Main","d0_whql-amd-software-adrenalin-edition-25.11.1-win11-s.exe_f1491c02bfe4\Packages\Drivers\Audio\ACPBTACX\WT64A\amdacpbtacx.inf","Windows Server 2022","NATIVE_CANDIDATE","NativeCandidate","10","10","10","NotEstablished"
"25.11.1","Main","d0_whql-amd-software-adrenalin-edition-25.11.1-win11-s.exe_f1491c02bfe4\Packages\Drivers\Audio\ACPBTACX\WT64A\amdacpbtacx.inf","Windows Server 2025","NATIVE_CANDIDATE","NativeCandidate","10","10","10","NotEstablished"
"25.11.1","Main","d0_whql-amd-software-adrenalin-edition-25.11.1-win11-s.exe_f1491c02bfe4\Packages\Drivers\Audio\ACPBtAfd\WT64A\amdacpbt.inf","Windows Server 2016","NOT_APPLICABLE","NotApplicable","0","0","0","NotEstablished"
"25.11.1","Main","d0_whql-amd-software-adrenalin-edition-25.11.1-win11-s.exe_f1491c02bfe4\Packages\Drivers\Audio\ACPBtAfd\WT64A\amdacpbt.inf","Windows Server 2019","NATIVE_CANDIDATE","NativeCandidate","3","3","3","NotEstablished"
"25.11.1","Main","d0_whql-amd-software-adrenalin-edition-25.11.1-win11-s.exe_f1491c02bfe4\Packages\Drivers\Audio\ACPBtAfd\WT64A\amdacpbt.inf","Windows Server 2022","NATIVE_CANDIDATE","NativeCandidate","3","3","3","NotEstablished"
"25.11.1","Main","d0_whql-amd-software-adrenalin-edition-25.11.1-win11-s.exe_f1491c02bfe4\Packages\Drivers\Audio\ACPBtAfd\WT64A\amdacpbt.inf","Windows Server 2025","NATIVE_CANDIDATE","NativeCandidate","3","3","3","NotEstablished"
"25.11.1","Main","d0_whql-amd-software-adrenalin-edition-25.11.1-win11-s.exe_f1491c02bfe4\Packages\Drivers\Audio\ACPBtAfd\WT64A\amdacpbtscoext\amdacpbtscoext.inf","Windows Server 2016","NOT_APPLICABLE","NotApplicable","0","0","0","NotEstablished"
"25.11.1","Main","d0_whql-amd-software-adrenalin-edition-25.11.1-win11-s.exe_f1491c02bfe4\Packages\Drivers\Audio\ACPBtAfd\WT64A\amdacpbtscoext\amdacpbtscoext.inf","Windows Server 2019","NOT_APPLICABLE","NotApplicable","0","0","0","NotEstablished"
"25.11.1","Main","d0_whql-amd-software-adrenalin-edition-25.11.1-win11-s.exe_f1491c02bfe4\Packages\Drivers\Audio\ACPBtAfd\WT64A\amdacpbtscoext\amdacpbtscoext.inf","Windows Server 2022","NOT_APPLICABLE","NotApplicable","0","0","0","NotEstablished"
"25.11.1","Main","d0_whql-amd-software-adrenalin-edition-25.11.1-win11-s.exe_f1491c02bfe4\Packages\Drivers\Audio\ACPBtAfd\WT64A\amdacpbtscoext\amdacpbtscoext.inf","Windows Server 2025","NATIVE_CANDIDATE","NativeCandidate","1","1","1","NotEstablished"
"25.11.1","Main","d0_whql-amd-software-adrenalin-edition-25.11.1-win11-s.exe_f1491c02bfe4\Packages\Drivers\Audio\ACPBus\WT64A\amdacpbus.inf","Windows Server 2016","NOT_APPLICABLE","NotApplicable","0","0","0","NotEstablished"
"25.11.1","Main","d0_whql-amd-software-adrenalin-edition-25.11.1-win11-s.exe_f1491c02bfe4\Packages\Drivers\Audio\ACPBus\WT64A\amdacpbus.inf","Windows Server 2019","NATIVE_CANDIDATE","NativeCandidate","6","6","6","NotEstablished"
"25.11.1","Main","d0_whql-amd-software-adrenalin-edition-25.11.1-win11-s.exe_f1491c02bfe4\Packages\Drivers\Audio\ACPBus\WT64A\amdacpbus.inf","Windows Server 2022","NATIVE_CANDIDATE","NativeCandidate","6","6","6","NotEstablished"
"25.11.1","Main","d0_whql-amd-software-adrenalin-edition-25.11.1-win11-s.exe_f1491c02bfe4\Packages\Drivers\Audio\ACPBus\WT64A\amdacpbus.inf","Windows Server 2025","NATIVE_CANDIDATE","NativeCandidate","6","6","6","NotEstablished"
"25.11.1","Main","d0_whql-amd-software-adrenalin-edition-25.11.1-win11-s.exe_f1491c02bfe4\Packages\Drivers\Audio\ACPBus\WT64A\amdacpbusext\amdacpbusext.inf","Windows Server 2016","NOT_APPLICABLE","NotApplicable","0","0","0","NotEstablished"
"25.11.1","Main","d0_whql-amd-software-adrenalin-edition-25.11.1-win11-s.exe_f1491c02bfe4\Packages\Drivers\Audio\ACPBus\WT64A\amdacpbusext\amdacpbusext.inf","Windows Server 2019","NATIVE_CANDIDATE","NativeCandidate","4","4","4","NotEstablished"
"25.11.1","Main","d0_whql-amd-software-adrenalin-edition-25.11.1-win11-s.exe_f1491c02bfe4\Packages\Drivers\Audio\ACPBus\WT64A\amdacpbusext\amdacpbusext.inf","Windows Server 2022","NATIVE_CANDIDATE","NativeCandidate","4","4","4","NotEstablished"
"25.11.1","Main","d0_whql-amd-software-adrenalin-edition-25.11.1-win11-s.exe_f1491c02bfe4\Packages\Drivers\Audio\ACPBus\WT64A\amdacpbusext\amdacpbusext.inf","Windows Server 2025","NATIVE_CANDIDATE","NativeCandidate","4","4","4","NotEstablished"
"25.11.1","Main","d0_whql-amd-software-adrenalin-edition-25.11.1-win11-s.exe_f1491c02bfe4\Packages\Drivers\Audio\ACPBus2\WT64A\amdacpbus2.inf","Windows Server 2016","NOT_APPLICABLE","NotApplicable","0","0","0","NotEstablished"
"25.11.1","Main","d0_whql-amd-software-adrenalin-edition-25.11.1-win11-s.exe_f1491c02bfe4\Packages\Drivers\Audio\ACPBus2\WT64A\amdacpbus2.inf","Windows Server 2019","NATIVE_CANDIDATE","NativeCandidate","3","3","3","NotEstablished"
"25.11.1","Main","d0_whql-amd-software-adrenalin-edition-25.11.1-win11-s.exe_f1491c02bfe4\Packages\Drivers\Audio\ACPBus2\WT64A\amdacpbus2.inf","Windows Server 2022","NATIVE_CANDIDATE","NativeCandidate","3","3","3","NotEstablished"
"25.11.1","Main","d0_whql-amd-software-adrenalin-edition-25.11.1-win11-s.exe_f1491c02bfe4\Packages\Drivers\Audio\ACPBus2\WT64A\amdacpbus2.inf","Windows Server 2025","NATIVE_CANDIDATE","NativeCandidate","3","3","3","NotEstablished"
"25.11.1","Main","d0_whql-amd-software-adrenalin-edition-25.11.1-win11-s.exe_f1491c02bfe4\Packages\Drivers\Audio\ACPBus2\WT64A\amdacpbusext\amdacpbusext.inf","Windows Server 2016","NOT_APPLICABLE","NotApplicable","0","0","0","NotEstablished"
"25.11.1","Main","d0_whql-amd-software-adrenalin-edition-25.11.1-win11-s.exe_f1491c02bfe4\Packages\Drivers\Audio\ACPBus2\WT64A\amdacpbusext\amdacpbusext.inf","Windows Server 2019","NATIVE_CANDIDATE","NativeCandidate","4","4","4","NotEstablished"
"25.11.1","Main","d0_whql-amd-software-adrenalin-edition-25.11.1-win11-s.exe_f1491c02bfe4\Packages\Drivers\Audio\ACPBus2\WT64A\amdacpbusext\amdacpbusext.inf","Windows Server 2022","NATIVE_CANDIDATE","NativeCandidate","4","4","4","NotEstablished"
"25.11.1","Main","d0_whql-amd-software-adrenalin-edition-25.11.1-win11-s.exe_f1491c02bfe4\Packages\Drivers\Audio\ACPBus2\WT64A\amdacpbusext\amdacpbusext.inf","Windows Server 2025","NATIVE_CANDIDATE","NativeCandidate","4","4","4","NotEstablished"
"25.11.1","Main","d0_whql-amd-software-adrenalin-edition-25.11.1-win11-s.exe_f1491c02bfe4\Packages\Drivers\Audio\ACPBus2\WT64A\amdacprgmext\amdacprgmext.inf","Windows Server 2016","NOT_APPLICABLE","NotApplicable","0","0","0","NotEstablished"
"25.11.1","Main","d0_whql-amd-software-adrenalin-edition-25.11.1-win11-s.exe_f1491c02bfe4\Packages\Drivers\Audio\ACPBus2\WT64A\amdacprgmext\amdacprgmext.inf","Windows Server 2019","NOT_APPLICABLE","NotApplicable","0","0","0","NotEstablished"
"25.11.1","Main","d0_whql-amd-software-adrenalin-edition-25.11.1-win11-s.exe_f1491c02bfe4\Packages\Drivers\Audio\ACPBus2\WT64A\amdacprgmext\amdacprgmext.inf","Windows Server 2022","NOT_APPLICABLE","NotApplicable","0","0","0","NotEstablished"
"25.11.1","Main","d0_whql-amd-software-adrenalin-edition-25.11.1-win11-s.exe_f1491c02bfe4\Packages\Drivers\Audio\ACPBus2\WT64A\amdacprgmext\amdacprgmext.inf","Windows Server 2025","NATIVE_CANDIDATE","NativeCandidate","3","3","3","NotEstablished"
"25.11.1","Main","d0_whql-amd-software-adrenalin-edition-25.11.1-win11-s.exe_f1491c02bfe4\Packages\Drivers\Audio\ACPHPd\WT64A\amdacphpd.inf","Windows Server 2016","NOT_APPLICABLE","NotApplicable","0","0","0","NotEstablished"
"25.11.1","Main","d0_whql-amd-software-adrenalin-edition-25.11.1-win11-s.exe_f1491c02bfe4\Packages\Drivers\Audio\ACPHPd\WT64A\amdacphpd.inf","Windows Server 2019","NOT_APPLICABLE","NotApplicable","0","0","0","NotEstablished"
"25.11.1","Main","d0_whql-amd-software-adrenalin-edition-25.11.1-win11-s.exe_f1491c02bfe4\Packages\Drivers\Audio\ACPHPd\WT64A\amdacphpd.inf","Windows Server 2022","NOT_APPLICABLE","NotApplicable","0","0","0","NotEstablished"
"25.11.1","Main","d0_whql-amd-software-adrenalin-edition-25.11.1-win11-s.exe_f1491c02bfe4\Packages\Drivers\Audio\ACPHPd\WT64A\amdacphpd.inf","Windows Server 2025","REVIEW_REQUIRED","WdfRequirementReview","1","1","1","NotEstablished"
"25.11.1","Main","d0_whql-amd-software-adrenalin-edition-25.11.1-win11-s.exe_f1491c02bfe4\Packages\Drivers\Audio\ACPHPd\WT64A\amdacphpdcomp.inf","Windows Server 2016","NOT_APPLICABLE","NotApplicable","0","0","0","NotEstablished"
"25.11.1","Main","d0_whql-amd-software-adrenalin-edition-25.11.1-win11-s.exe_f1491c02bfe4\Packages\Drivers\Audio\ACPHPd\WT64A\amdacphpdcomp.inf","Windows Server 2019","NATIVE_CANDIDATE","NativeCandidate","1","1","1","NotEstablished"
"25.11.1","Main","d0_whql-amd-software-adrenalin-edition-25.11.1-win11-s.exe_f1491c02bfe4\Packages\Drivers\Audio\ACPHPd\WT64A\amdacphpdcomp.inf","Windows Server 2022","NATIVE_CANDIDATE","NativeCandidate","1","1","1","NotEstablished"
"25.11.1","Main","d0_whql-amd-software-adrenalin-edition-25.11.1-win11-s.exe_f1491c02bfe4\Packages\Drivers\Audio\ACPHPd\WT64A\amdacphpdcomp.inf","Windows Server 2025","NATIVE_CANDIDATE","NativeCandidate","1","1","1","NotEstablished"
"25.11.1","Main","d0_whql-amd-software-adrenalin-edition-25.11.1-win11-s.exe_f1491c02bfe4\Packages\Drivers\Audio\ACPHPd\WT64A\amdacphpdext.inf","Windows Server 2016","NOT_APPLICABLE","NotApplicable","0","0","0","NotEstablished"
"25.11.1","Main","d0_whql-amd-software-adrenalin-edition-25.11.1-win11-s.exe_f1491c02bfe4\Packages\Drivers\Audio\ACPHPd\WT64A\amdacphpdext.inf","Windows Server 2019","NATIVE_CANDIDATE","NativeCandidate","6","6","6","NotEstablished"
"25.11.1","Main","d0_whql-amd-software-adrenalin-edition-25.11.1-win11-s.exe_f1491c02bfe4\Packages\Drivers\Audio\ACPHPd\WT64A\amdacphpdext.inf","Windows Server 2022","NATIVE_CANDIDATE","NativeCandidate","6","6","6","NotEstablished"
"25.11.1","Main","d0_whql-amd-software-adrenalin-edition-25.11.1-win11-s.exe_f1491c02bfe4\Packages\Drivers\Audio\ACPHPd\WT64A\amdacphpdext.inf","Windows Server 2025","NATIVE_CANDIDATE","NativeCandidate","6","6","6","NotEstablished"
"25.11.1","Main","d0_whql-amd-software-adrenalin-edition-25.11.1-win11-s.exe_f1491c02bfe4\Packages\Drivers\Audio\ACPUsbAfd\WT64A\amdacpusb.inf","Windows Server 2016","NOT_APPLICABLE","NotApplicable","0","0","0","NotEstablished"
"25.11.1","Main","d0_whql-amd-software-adrenalin-edition-25.11.1-win11-s.exe_f1491c02bfe4\Packages\Drivers\Audio\ACPUsbAfd\WT64A\amdacpusb.inf","Windows Server 2019","NATIVE_CANDIDATE","NativeCandidate","4","4","4","NotEstablished"
"25.11.1","Main","d0_whql-amd-software-adrenalin-edition-25.11.1-win11-s.exe_f1491c02bfe4\Packages\Drivers\Audio\ACPUsbAfd\WT64A\amdacpusb.inf","Windows Server 2022","NATIVE_CANDIDATE","NativeCandidate","4","4","4","NotEstablished"
"25.11.1","Main","d0_whql-amd-software-adrenalin-edition-25.11.1-win11-s.exe_f1491c02bfe4\Packages\Drivers\Audio\ACPUsbAfd\WT64A\amdacpusb.inf","Windows Server 2025","NATIVE_CANDIDATE","NativeCandidate","4","4","4","NotEstablished"
"25.11.1","Main","d0_whql-amd-software-adrenalin-edition-25.11.1-win11-s.exe_f1491c02bfe4\Packages\Drivers\Audio\HDABus\WT64A\amdhdaudbus.inf","Windows Server 2016","NATIVE_CANDIDATE","NativeCandidate","1","1","1","NotEstablished"
"25.11.1","Main","d0_whql-amd-software-adrenalin-edition-25.11.1-win11-s.exe_f1491c02bfe4\Packages\Drivers\Audio\HDABus\WT64A\amdhdaudbus.inf","Windows Server 2019","NATIVE_CANDIDATE","NativeCandidate","1","1","1","NotEstablished"
"25.11.1","Main","d0_whql-amd-software-adrenalin-edition-25.11.1-win11-s.exe_f1491c02bfe4\Packages\Drivers\Audio\HDABus\WT64A\amdhdaudbus.inf","Windows Server 2022","NATIVE_CANDIDATE","NativeCandidate","1","1","1","NotEstablished"
"25.11.1","Main","d0_whql-amd-software-adrenalin-edition-25.11.1-win11-s.exe_f1491c02bfe4\Packages\Drivers\Audio\HDABus\WT64A\amdhdaudbus.inf","Windows Server 2025","NATIVE_CANDIDATE","NativeCandidate","1","1","1","NotEstablished"
"25.11.1","Main","d0_whql-amd-software-adrenalin-edition-25.11.1-win11-s.exe_f1491c02bfe4\Packages\Drivers\Audio\HDMI\WT64A\AtihdWT6.inf","Windows Server 2016","PATCH_CANDIDATE","ProjectionCandidate","8","0","8","NotEstablished"
"25.11.1","Main","d0_whql-amd-software-adrenalin-edition-25.11.1-win11-s.exe_f1491c02bfe4\Packages\Drivers\Audio\HDMI\WT64A\AtihdWT6.inf","Windows Server 2019","PATCH_CANDIDATE","ProjectionCandidate","8","0","8","NotEstablished"
"25.11.1","Main","d0_whql-amd-software-adrenalin-edition-25.11.1-win11-s.exe_f1491c02bfe4\Packages\Drivers\Audio\HDMI\WT64A\AtihdWT6.inf","Windows Server 2022","PATCH_CANDIDATE","ProjectionCandidate","8","0","8","NotEstablished"
"25.11.1","Main","d0_whql-amd-software-adrenalin-edition-25.11.1-win11-s.exe_f1491c02bfe4\Packages\Drivers\Audio\HDMI\WT64A\AtihdWT6.inf","Windows Server 2025","PATCH_CANDIDATE","ProjectionCandidate","8","0","8","NotEstablished"
"25.11.1","Main","d0_whql-amd-software-adrenalin-edition-25.11.1-win11-s.exe_f1491c02bfe4\Packages\Drivers\Audio\SAFD\WT64A\amdsafd.inf","Windows Server 2016","NOT_APPLICABLE","NotApplicable","0","0","0","NotEstablished"
"25.11.1","Main","d0_whql-amd-software-adrenalin-edition-25.11.1-win11-s.exe_f1491c02bfe4\Packages\Drivers\Audio\SAFD\WT64A\amdsafd.inf","Windows Server 2019","NATIVE_CANDIDATE","NativeCandidate","2","2","2","NotEstablished"
"25.11.1","Main","d0_whql-amd-software-adrenalin-edition-25.11.1-win11-s.exe_f1491c02bfe4\Packages\Drivers\Audio\SAFD\WT64A\amdsafd.inf","Windows Server 2022","NATIVE_CANDIDATE","NativeCandidate","2","2","2","NotEstablished"
"25.11.1","Main","d0_whql-amd-software-adrenalin-edition-25.11.1-win11-s.exe_f1491c02bfe4\Packages\Drivers\Audio\SAFD\WT64A\amdsafd.inf","Windows Server 2025","NATIVE_CANDIDATE","NativeCandidate","2","2","2","NotEstablished"
"25.11.1","Main","d0_whql-amd-software-adrenalin-edition-25.11.1-win11-s.exe_f1491c02bfe4\Packages\Drivers\Audio\SDWC\WT64A\amdsdwc.inf","Windows Server 2016","NOT_APPLICABLE","NotApplicable","0","0","0","NotEstablished"
"25.11.1","Main","d0_whql-amd-software-adrenalin-edition-25.11.1-win11-s.exe_f1491c02bfe4\Packages\Drivers\Audio\SDWC\WT64A\amdsdwc.inf","Windows Server 2019","REVIEW_REQUIRED","WdfRequirementReview","7","7","7","NotEstablished"
"25.11.1","Main","d0_whql-amd-software-adrenalin-edition-25.11.1-win11-s.exe_f1491c02bfe4\Packages\Drivers\Audio\SDWC\WT64A\amdsdwc.inf","Windows Server 2022","NATIVE_CANDIDATE","NativeCandidate","7","7","7","NotEstablished"
"25.11.1","Main","d0_whql-amd-software-adrenalin-edition-25.11.1-win11-s.exe_f1491c02bfe4\Packages\Drivers\Audio\SDWC\WT64A\amdsdwc.inf","Windows Server 2025","NATIVE_CANDIDATE","NativeCandidate","7","7","7","NotEstablished"
"25.11.1","Main","d0_whql-amd-software-adrenalin-edition-25.11.1-win11-s.exe_f1491c02bfe4\Packages\Drivers\Audio\SDWS\WT64A\amdsdws.inf","Windows Server 2016","NOT_APPLICABLE","NotApplicable","0","0","0","NotEstablished"
"25.11.1","Main","d0_whql-amd-software-adrenalin-edition-25.11.1-win11-s.exe_f1491c02bfe4\Packages\Drivers\Audio\SDWS\WT64A\amdsdws.inf","Windows Server 2019","REVIEW_REQUIRED","WdfRequirementReview","11","11","11","NotEstablished"
"25.11.1","Main","d0_whql-amd-software-adrenalin-edition-25.11.1-win11-s.exe_f1491c02bfe4\Packages\Drivers\Audio\SDWS\WT64A\amdsdws.inf","Windows Server 2022","NATIVE_CANDIDATE","NativeCandidate","11","11","11","NotEstablished"
"25.11.1","Main","d0_whql-amd-software-adrenalin-edition-25.11.1-win11-s.exe_f1491c02bfe4\Packages\Drivers\Audio\SDWS\WT64A\amdsdws.inf","Windows Server 2025","NATIVE_CANDIDATE","NativeCandidate","11","11","11","NotEstablished"
"25.11.1","Main","d0_whql-amd-software-adrenalin-edition-25.11.1-win11-s.exe_f1491c02bfe4\Packages\Drivers\Audio\SDWS\WT64A\amdsdwsext\amdsdwsext.inf","Windows Server 2016","NOT_APPLICABLE","NotApplicable","0","0","0","NotEstablished"
"25.11.1","Main","d0_whql-amd-software-adrenalin-edition-25.11.1-win11-s.exe_f1491c02bfe4\Packages\Drivers\Audio\SDWS\WT64A\amdsdwsext\amdsdwsext.inf","Windows Server 2019","NATIVE_CANDIDATE","NativeCandidate","4","4","4","NotEstablished"
"25.11.1","Main","d0_whql-amd-software-adrenalin-edition-25.11.1-win11-s.exe_f1491c02bfe4\Packages\Drivers\Audio\SDWS\WT64A\amdsdwsext\amdsdwsext.inf","Windows Server 2022","NATIVE_CANDIDATE","NativeCandidate","4","4","4","NotEstablished"
"25.11.1","Main","d0_whql-amd-software-adrenalin-edition-25.11.1-win11-s.exe_f1491c02bfe4\Packages\Drivers\Audio\SDWS\WT64A\amdsdwsext\amdsdwsext.inf","Windows Server 2025","NATIVE_CANDIDATE","NativeCandidate","4","4","4","NotEstablished"
"25.11.1","Main","d0_whql-amd-software-adrenalin-edition-25.11.1-win11-s.exe_f1491c02bfe4\Packages\Drivers\Display\WT6A_INF\u0420894.inf","Windows Server 2016","NOT_APPLICABLE","NotApplicable","0","0","0","NotEstablished"
"25.11.1","Main","d0_whql-amd-software-adrenalin-edition-25.11.1-win11-s.exe_f1491c02bfe4\Packages\Drivers\Display\WT6A_INF\u0420894.inf","Windows Server 2019","PATCH_CANDIDATE","ProjectionCandidate","2887","0","2887","NotEstablished"
"25.11.1","Main","d0_whql-amd-software-adrenalin-edition-25.11.1-win11-s.exe_f1491c02bfe4\Packages\Drivers\Display\WT6A_INF\u0420894.inf","Windows Server 2022","PATCH_CANDIDATE","ProjectionCandidate","2887","0","2887","NotEstablished"
"25.11.1","Main","d0_whql-amd-software-adrenalin-edition-25.11.1-win11-s.exe_f1491c02bfe4\Packages\Drivers\Display\WT6A_INF\u0420894.inf","Windows Server 2025","PATCH_CANDIDATE","ProjectionCandidate","2887","0","2887","NotEstablished"
"25.11.1","Main","d0_whql-amd-software-adrenalin-edition-25.11.1-win11-s.exe_f1491c02bfe4\Packages\Drivers\Display\WT6A_INF\amdfdans\AMDFDANS.inf","Windows Server 2016","NATIVE_CANDIDATE","NativeCandidate","1","1","1","NotEstablished"
"25.11.1","Main","d0_whql-amd-software-adrenalin-edition-25.11.1-win11-s.exe_f1491c02bfe4\Packages\Drivers\Display\WT6A_INF\amdfdans\AMDFDANS.inf","Windows Server 2019","NATIVE_CANDIDATE","NativeCandidate","1","1","1","NotEstablished"
"25.11.1","Main","d0_whql-amd-software-adrenalin-edition-25.11.1-win11-s.exe_f1491c02bfe4\Packages\Drivers\Display\WT6A_INF\amdfdans\AMDFDANS.inf","Windows Server 2022","NATIVE_CANDIDATE","NativeCandidate","1","1","1","NotEstablished"
"25.11.1","Main","d0_whql-amd-software-adrenalin-edition-25.11.1-win11-s.exe_f1491c02bfe4\Packages\Drivers\Display\WT6A_INF\amdfdans\AMDFDANS.inf","Windows Server 2025","NATIVE_CANDIDATE","NativeCandidate","1","1","1","NotEstablished"
"25.11.1","Main","d0_whql-amd-software-adrenalin-edition-25.11.1-win11-s.exe_f1491c02bfe4\Packages\Drivers\Display\WT6A_INF\amdfendr\amdfendr.inf","Windows Server 2016","NOT_APPLICABLE","NotApplicable","0","0","0","NotEstablished"
"25.11.1","Main","d0_whql-amd-software-adrenalin-edition-25.11.1-win11-s.exe_f1491c02bfe4\Packages\Drivers\Display\WT6A_INF\amdfendr\amdfendr.inf","Windows Server 2019","NATIVE_CANDIDATE","NativeCandidate","1","1","1","NotEstablished"
"25.11.1","Main","d0_whql-amd-software-adrenalin-edition-25.11.1-win11-s.exe_f1491c02bfe4\Packages\Drivers\Display\WT6A_INF\amdfendr\amdfendr.inf","Windows Server 2022","NATIVE_CANDIDATE","NativeCandidate","1","1","1","NotEstablished"
"25.11.1","Main","d0_whql-amd-software-adrenalin-edition-25.11.1-win11-s.exe_f1491c02bfe4\Packages\Drivers\Display\WT6A_INF\amdfendr\amdfendr.inf","Windows Server 2025","NATIVE_CANDIDATE","NativeCandidate","1","1","1","NotEstablished"
"25.11.1","Main","d0_whql-amd-software-adrenalin-edition-25.11.1-win11-s.exe_f1491c02bfe4\Packages\Drivers\Display\WT6A_INF\amdocl\amdocl.inf","Windows Server 2016","NOT_APPLICABLE","NotApplicable","0","0","0","NotEstablished"
"25.11.1","Main","d0_whql-amd-software-adrenalin-edition-25.11.1-win11-s.exe_f1491c02bfe4\Packages\Drivers\Display\WT6A_INF\amdocl\amdocl.inf","Windows Server 2019","NATIVE_CANDIDATE","NativeCandidate","1","1","1","NotEstablished"
"25.11.1","Main","d0_whql-amd-software-adrenalin-edition-25.11.1-win11-s.exe_f1491c02bfe4\Packages\Drivers\Display\WT6A_INF\amdocl\amdocl.inf","Windows Server 2022","NATIVE_CANDIDATE","NativeCandidate","1","1","1","NotEstablished"
"25.11.1","Main","d0_whql-amd-software-adrenalin-edition-25.11.1-win11-s.exe_f1491c02bfe4\Packages\Drivers\Display\WT6A_INF\amdocl\amdocl.inf","Windows Server 2025","NATIVE_CANDIDATE","NativeCandidate","1","1","1","NotEstablished"
"25.11.1","Main","d0_whql-amd-software-adrenalin-edition-25.11.1-win11-s.exe_f1491c02bfe4\Packages\Drivers\Display\WT6A_INF\amdpcibridge\amdpcibridgeextension.inf","Windows Server 2016","NATIVE_CANDIDATE","NativeCandidate","2","2","2","NotEstablished"
"25.11.1","Main","d0_whql-amd-software-adrenalin-edition-25.11.1-win11-s.exe_f1491c02bfe4\Packages\Drivers\Display\WT6A_INF\amdpcibridge\amdpcibridgeextension.inf","Windows Server 2019","NATIVE_CANDIDATE","NativeCandidate","2","2","2","NotEstablished"
"25.11.1","Main","d0_whql-amd-software-adrenalin-edition-25.11.1-win11-s.exe_f1491c02bfe4\Packages\Drivers\Display\WT6A_INF\amdpcibridge\amdpcibridgeextension.inf","Windows Server 2022","NATIVE_CANDIDATE","NativeCandidate","2","2","2","NotEstablished"
"25.11.1","Main","d0_whql-amd-software-adrenalin-edition-25.11.1-win11-s.exe_f1491c02bfe4\Packages\Drivers\Display\WT6A_INF\amdpcibridge\amdpcibridgeextension.inf","Windows Server 2025","NATIVE_CANDIDATE","NativeCandidate","2","2","2","NotEstablished"
"25.11.1","Main","d0_whql-amd-software-adrenalin-edition-25.11.1-win11-s.exe_f1491c02bfe4\Packages\Drivers\Display\WT6A_INF\amdwin\amdwin-u0420894.inf","Windows Server 2016","NATIVE_CANDIDATE","NativeCandidate","1","1","1","NotEstablished"
"25.11.1","Main","d0_whql-amd-software-adrenalin-edition-25.11.1-win11-s.exe_f1491c02bfe4\Packages\Drivers\Display\WT6A_INF\amdwin\amdwin-u0420894.inf","Windows Server 2019","NATIVE_CANDIDATE","NativeCandidate","1","1","1","NotEstablished"
"25.11.1","Main","d0_whql-amd-software-adrenalin-edition-25.11.1-win11-s.exe_f1491c02bfe4\Packages\Drivers\Display\WT6A_INF\amdwin\amdwin-u0420894.inf","Windows Server 2022","NATIVE_CANDIDATE","NativeCandidate","1","1","1","NotEstablished"
"25.11.1","Main","d0_whql-amd-software-adrenalin-edition-25.11.1-win11-s.exe_f1491c02bfe4\Packages\Drivers\Display\WT6A_INF\amdwin\amdwin-u0420894.inf","Windows Server 2025","NATIVE_CANDIDATE","NativeCandidate","1","1","1","NotEstablished"
"25.11.1","Main","d0_whql-amd-software-adrenalin-edition-25.11.1-win11-s.exe_f1491c02bfe4\Packages\Drivers\Display\WT6A_INF\amdxe\amdxe.inf","Windows Server 2016","NATIVE_CANDIDATE","NativeCandidate","1","1","1","NotEstablished"
"25.11.1","Main","d0_whql-amd-software-adrenalin-edition-25.11.1-win11-s.exe_f1491c02bfe4\Packages\Drivers\Display\WT6A_INF\amdxe\amdxe.inf","Windows Server 2019","NATIVE_CANDIDATE","NativeCandidate","1","1","1","NotEstablished"
"25.11.1","Main","d0_whql-amd-software-adrenalin-edition-25.11.1-win11-s.exe_f1491c02bfe4\Packages\Drivers\Display\WT6A_INF\amdxe\amdxe.inf","Windows Server 2022","NATIVE_CANDIDATE","NativeCandidate","1","1","1","NotEstablished"
"25.11.1","Main","d0_whql-amd-software-adrenalin-edition-25.11.1-win11-s.exe_f1491c02bfe4\Packages\Drivers\Display\WT6A_INF\amdxe\amdxe.inf","Windows Server 2025","NATIVE_CANDIDATE","NativeCandidate","1","1","1","NotEstablished"
"25.11.1","Main","d0_whql-amd-software-adrenalin-edition-25.11.1-win11-s.exe_f1491c02bfe4\Packages\Drivers\RadeonLED\WT64A\amdusbledfd.inf","Windows Server 2016","NATIVE_CANDIDATE","NativeCandidate","6","6","6","NotEstablished"
"25.11.1","Main","d0_whql-amd-software-adrenalin-edition-25.11.1-win11-s.exe_f1491c02bfe4\Packages\Drivers\RadeonLED\WT64A\amdusbledfd.inf","Windows Server 2019","NATIVE_CANDIDATE","NativeCandidate","6","6","6","NotEstablished"
"25.11.1","Main","d0_whql-amd-software-adrenalin-edition-25.11.1-win11-s.exe_f1491c02bfe4\Packages\Drivers\RadeonLED\WT64A\amdusbledfd.inf","Windows Server 2022","NATIVE_CANDIDATE","NativeCandidate","6","6","6","NotEstablished"
"25.11.1","Main","d0_whql-amd-software-adrenalin-edition-25.11.1-win11-s.exe_f1491c02bfe4\Packages\Drivers\RadeonLED\WT64A\amdusbledfd.inf","Windows Server 2025","NATIVE_CANDIDATE","NativeCandidate","6","6","6","NotEstablished"
"25.11.1","Main","d0_whql-amd-software-adrenalin-edition-25.11.1-win11-s.exe_f1491c02bfe4\Packages\Drivers\SBDrv\AMDUCSI\WT64A\amducsi.inf","Windows Server 2016","NATIVE_CANDIDATE","NativeCandidate","5","5","5","NotEstablished"
"25.11.1","Main","d0_whql-amd-software-adrenalin-edition-25.11.1-win11-s.exe_f1491c02bfe4\Packages\Drivers\SBDrv\AMDUCSI\WT64A\amducsi.inf","Windows Server 2019","NATIVE_CANDIDATE","NativeCandidate","5","5","5","NotEstablished"
"25.11.1","Main","d0_whql-amd-software-adrenalin-edition-25.11.1-win11-s.exe_f1491c02bfe4\Packages\Drivers\SBDrv\AMDUCSI\WT64A\amducsi.inf","Windows Server 2022","NATIVE_CANDIDATE","NativeCandidate","5","5","5","NotEstablished"
"25.11.1","Main","d0_whql-amd-software-adrenalin-edition-25.11.1-win11-s.exe_f1491c02bfe4\Packages\Drivers\SBDrv\AMDUCSI\WT64A\amducsi.inf","Windows Server 2025","NATIVE_CANDIDATE","NativeCandidate","5","5","5","NotEstablished"
