"ReleaseVersion","ArtifactRole","DriverComponent","InfRelativePath","Server","BaseBuild","AsPublishedStatus","ProjectionStatus","StaticAssessment","CanonicalStaticAssessment","WdfScope","Confidence","RuntimeCompatibility","AsPublishedModelsSections","ProjectionModelsSections","AsPublishedHardwareIdCount","ProjectionHardwareIdCount","KMDFDeclared","KMDFDocumented","KMDFObserved","UMDFDeclared","ManifestMatchCount"
"26.5.2","PolarisVega","Audio","d0_whql-amd-software-adrenalin-edition-26.5.2-win11-may-vega-polaris.exe_2e8755b69dde\Packages\Drivers\Audio\ACPAfd\WT64A\amdacpafd.inf","Windows Server 2016","14393","NotApplicableByBuild","NotApplicableByBuild","NOT_APPLICABLE","NotApplicable","InfWideConservative","STATIC_CANDIDATE","NotEstablished","","","0","0","1.15","1.19","","","1"
"26.5.2","PolarisVega","Audio","d0_whql-amd-software-adrenalin-edition-26.5.2-win11-may-vega-polaris.exe_2e8755b69dde\Packages\Drivers\Audio\ACPAfd\WT64A\amdacpafd.inf","Windows Server 2019","17763","NativeApplicable","NativeApplicable","NATIVE_CANDIDATE","NativeCandidate","InfWideConservative","STATIC_CANDIDATE","NotEstablished","AMD.NTAMD64.10.0...16299","AMD.NTAMD64.10.0...16299","1","1","1.15","1.27","1.27","","1"
"26.5.2","PolarisVega","Audio","d0_whql-amd-software-adrenalin-edition-26.5.2-win11-may-vega-polaris.exe_2e8755b69dde\Packages\Drivers\Audio\ACPAfd\WT64A\amdacpafd.inf","Windows Server 2022","20348","NativeApplicable","NativeApplicable","NATIVE_CANDIDATE","NativeCandidate","InfWideConservative","STATIC_CANDIDATE","NotEstablished","AMD.NTAMD64.10.0...16299","AMD.NTAMD64.10.0...16299","1","1","1.15","1.33","","","1"
"26.5.2","PolarisVega","Audio","d0_whql-amd-software-adrenalin-edition-26.5.2-win11-may-vega-polaris.exe_2e8755b69dde\Packages\Drivers\Audio\ACPAfd\WT64A\amdacpafd.inf","Windows Server 2025","26100","NativeApplicable","NativeApplicable","NATIVE_CANDIDATE","NativeCandidate","InfWideConservative","STATIC_CANDIDATE","NotEstablished","AMD.NTAMD64.10.0...16299","AMD.NTAMD64.10.0...16299","1","1","1.15","1.33","1.35","","1"
"26.5.2","PolarisVega","Audio","d0_whql-amd-software-adrenalin-edition-26.5.2-win11-may-vega-polaris.exe_2e8755b69dde\Packages\Drivers\Audio\ACPBtAfd\WT64A\amdacpbt.inf","Windows Server 2016","14393","NativeApplicable","NativeApplicable","NATIVE_CANDIDATE","NativeCandidate","InfWideConservative","STATIC_CANDIDATE","NotEstablished","AMD.NTAMD64","AMD.NTAMD64","1","1","1.15","1.19","","","1"
"26.5.2","PolarisVega","Audio","d0_whql-amd-software-adrenalin-edition-26.5.2-win11-may-vega-polaris.exe_2e8755b69dde\Packages\Drivers\Audio\ACPBtAfd\WT64A\amdacpbt.inf","Windows Server 2019","17763","NativeApplicable","NativeApplicable","NATIVE_CANDIDATE","NativeCandidate","InfWideConservative","STATIC_CANDIDATE","NotEstablished","AMD.NTAMD64","AMD.NTAMD64","1","1","1.15","1.27","1.27","","1"
"26.5.2","PolarisVega","Audio","d0_whql-amd-software-adrenalin-edition-26.5.2-win11-may-vega-polaris.exe_2e8755b69dde\Packages\Drivers\Audio\ACPBtAfd\WT64A\amdacpbt.inf","Windows Server 2022","20348","NativeApplicable","NativeApplicable","NATIVE_CANDIDATE","NativeCandidate","InfWideConservative","STATIC_CANDIDATE","NotEstablished","AMD.NTAMD64","AMD.NTAMD64","1","1","1.15","1.33","","","1"
"26.5.2","PolarisVega","Audio","d0_whql-amd-software-adrenalin-edition-26.5.2-win11-may-vega-polaris.exe_2e8755b69dde\Packages\Drivers\Audio\ACPBtAfd\WT64A\amdacpbt.inf","Windows Server 2025","26100","NativeApplicable","NativeApplicable","NATIVE_CANDIDATE","NativeCandidate","InfWideConservative","STATIC_CANDIDATE","NotEstablished","AMD.NTAMD64","AMD.NTAMD64","1","1","1.15","1.33","1.35","","1"
"26.5.2","PolarisVega","Audio","d0_whql-amd-software-adrenalin-edition-26.5.2-win11-may-vega-polaris.exe_2e8755b69dde\Packages\Drivers\Audio\ACPBus\WT64A\amdacpbus.inf","Windows Server 2016","14393","NotApplicableByBuild","NotApplicableByBuild","NOT_APPLICABLE","NotApplicable","InfWideConservative","STATIC_CANDIDATE","NotEstablished","","","0","0","","1.19","","","1"
"26.5.2","PolarisVega","Audio","d0_whql-amd-software-adrenalin-edition-26.5.2-win11-may-vega-polaris.exe_2e8755b69dde\Packages\Drivers\Audio\ACPBus\WT64A\amdacpbus.inf","Windows Server 2019","17763","NativeApplicable","NativeApplicable","NATIVE_CANDIDATE","NativeCandidate","InfWideConservative","STATIC_CANDIDATE","NotEstablished","AMD.NTamd64.10.0...16299","AMD.NTamd64.10.0...16299","2","2","","1.27","1.27","","1"
"26.5.2","PolarisVega","Audio","d0_whql-amd-software-adrenalin-edition-26.5.2-win11-may-vega-polaris.exe_2e8755b69dde\Packages\Drivers\Audio\ACPBus\WT64A\amdacpbus.inf","Windows Server 2022","20348","NativeApplicable","NativeApplicable","NATIVE_CANDIDATE","NativeCandidate","InfWideConservative","STATIC_CANDIDATE","NotEstablished","AMD.NTamd64.10.0...16299","AMD.NTamd64.10.0...16299","2","2","","1.33","","","1"
"26.5.2","PolarisVega","Audio","d0_whql-amd-software-adrenalin-edition-26.5.2-win11-may-vega-polaris.exe_2e8755b69dde\Packages\Drivers\Audio\ACPBus\WT64A\amdacpbus.inf","Windows Server 2025","26100","NativeApplicable","NativeApplicable","NATIVE_CANDIDATE","NativeCandidate","InfWideConservative","STATIC_CANDIDATE","NotEstablished","AMD.NTamd64.10.0...16299","AMD.NTamd64.10.0...16299","2","2","","1.33","1.35","","1"
"26.5.2","PolarisVega","Audio","d0_whql-amd-software-adrenalin-edition-26.5.2-win11-may-vega-polaris.exe_2e8755b69dde\Packages\Drivers\Audio\ACPBus\WT64A\amdacpbusext\amdacpbusext.inf","Windows Server 2016","14393","NotApplicableByBuild","NotApplicableByBuild","NOT_APPLICABLE","NotApplicable","InfWideConservative","STATIC_CANDIDATE","NotEstablished","","","0","0","","1.19","","","0"
"26.5.2","PolarisVega","Audio","d0_whql-amd-software-adrenalin-edition-26.5.2-win11-may-vega-polaris.exe_2e8755b69dde\Packages\Drivers\Audio\ACPBus\WT64A\amdacpbusext\amdacpbusext.inf","Windows Server 2019","17763","NativeApplicable","NativeApplicable","NATIVE_CANDIDATE","NativeCandidate","InfWideConservative","STATIC_CANDIDATE","NotEstablished","AMD.NTamd64.10.0...16299","AMD.NTamd64.10.0...16299","3","3","","1.27","1.27","","0"
"26.5.2","PolarisVega","Audio","d0_whql-amd-software-adrenalin-edition-26.5.2-win11-may-vega-polaris.exe_2e8755b69dde\Packages\Drivers\Audio\ACPBus\WT64A\amdacpbusext\amdacpbusext.inf","Windows Server 2022","20348","NativeApplicable","NativeApplicable","NATIVE_CANDIDATE","NativeCandidate","InfWideConservative","STATIC_CANDIDATE","NotEstablished","AMD.NTamd64.10.0...16299","AMD.NTamd64.10.0...16299","3","3","","1.33","","","0"
"26.5.2","PolarisVega","Audio","d0_whql-amd-software-adrenalin-edition-26.5.2-win11-may-vega-polaris.exe_2e8755b69dde\Packages\Drivers\Audio\ACPBus\WT64A\amdacpbusext\amdacpbusext.inf","Windows Server 2025","26100","NativeApplicable","NativeApplicable","NATIVE_CANDIDATE","NativeCandidate","InfWideConservative","STATIC_CANDIDATE","NotEstablished","AMD.NTamd64.10.0...16299","AMD.NTamd64.10.0...16299","3","3","","1.33","1.35","","0"
"26.5.2","PolarisVega","Audio","d0_whql-amd-software-adrenalin-edition-26.5.2-win11-may-vega-polaris.exe_2e8755b69dde\Packages\Drivers\Audio\ACPBus2\WT64A\amdacpbusext\amdacpbusext.inf","Windows Server 2016","14393","NotApplicableByBuild","NotApplicableByBuild","NOT_APPLICABLE","NotApplicable","InfWideConservative","STATIC_CANDIDATE","NotEstablished","","","0","0","","1.19","","","0"
"26.5.2","PolarisVega","Audio","d0_whql-amd-software-adrenalin-edition-26.5.2-win11-may-vega-polaris.exe_2e8755b69dde\Packages\Drivers\Audio\ACPBus2\WT64A\amdacpbusext\amdacpbusext.inf","Windows Server 2019","17763","NativeApplicable","NativeApplicable","NATIVE_CANDIDATE","NativeCandidate","InfWideConservative","STATIC_CANDIDATE","NotEstablished","AMD.NTamd64.10.0...16299","AMD.NTamd64.10.0...16299","3","3","","1.27","1.27","","0"
"26.5.2","PolarisVega","Audio","d0_whql-amd-software-adrenalin-edition-26.5.2-win11-may-vega-polaris.exe_2e8755b69dde\Packages\Drivers\Audio\ACPBus2\WT64A\amdacpbusext\amdacpbusext.inf","Windows Server 2022","20348","NativeApplicable","NativeApplicable","NATIVE_CANDIDATE","NativeCandidate","InfWideConservative","STATIC_CANDIDATE","NotEstablished","AMD.NTamd64.10.0...16299","AMD.NTamd64.10.0...16299","3","3","","1.33","","","0"
"26.5.2","PolarisVega","Audio","d0_whql-amd-software-adrenalin-edition-26.5.2-win11-may-vega-polaris.exe_2e8755b69dde\Packages\Drivers\Audio\ACPBus2\WT64A\amdacpbusext\amdacpbusext.inf","Windows Server 2025","26100","NativeApplicable","NativeApplicable","NATIVE_CANDIDATE","NativeCandidate","InfWideConservative","STATIC_CANDIDATE","NotEstablished","AMD.NTamd64.10.0...16299","AMD.NTamd64.10.0...16299","3","3","","1.33","1.35","","0"
"26.5.2","PolarisVega","Audio","d0_whql-amd-software-adrenalin-edition-26.5.2-win11-may-vega-polaris.exe_2e8755b69dde\Packages\Drivers\Audio\HDABus\WT64A\amdhdaudbus.inf","Windows Server 2016","14393","NativeApplicable","NativeApplicable","NATIVE_CANDIDATE","NativeCandidate","InfWideConservative","STATIC_CANDIDATE","NotEstablished","AMD.NTAMD64","AMD.NTAMD64","1","1","1.15","1.19","","","1"
"26.5.2","PolarisVega","Audio","d0_whql-amd-software-adrenalin-edition-26.5.2-win11-may-vega-polaris.exe_2e8755b69dde\Packages\Drivers\Audio\HDABus\WT64A\amdhdaudbus.inf","Windows Server 2019","17763","NativeApplicable","NativeApplicable","NATIVE_CANDIDATE","NativeCandidate","InfWideConservative","STATIC_CANDIDATE","NotEstablished","AMD.NTAMD64","AMD.NTAMD64","1","1","1.15","1.27","1.27","","1"
"26.5.2","PolarisVega","Audio","d0_whql-amd-software-adrenalin-edition-26.5.2-win11-may-vega-polaris.exe_2e8755b69dde\Packages\Drivers\Audio\HDABus\WT64A\amdhdaudbus.inf","Windows Server 2022","20348","NativeApplicable","NativeApplicable","NATIVE_CANDIDATE","NativeCandidate","InfWideConservative","STATIC_CANDIDATE","NotEstablished","AMD.NTAMD64","AMD.NTAMD64","1","1","1.15","1.33","","","1"
"26.5.2","PolarisVega","Audio","d0_whql-amd-software-adrenalin-edition-26.5.2-win11-may-vega-polaris.exe_2e8755b69dde\Packages\Drivers\Audio\HDABus\WT64A\amdhdaudbus.inf","Windows Server 2025","26100","NativeApplicable","NativeApplicable","NATIVE_CANDIDATE","NativeCandidate","InfWideConservative","STATIC_CANDIDATE","NotEstablished","AMD.NTAMD64","AMD.NTAMD64","1","1","1.15","1.33","1.35","","1"
"26.5.2","PolarisVega","Audio","d0_whql-amd-software-adrenalin-edition-26.5.2-win11-may-vega-polaris.exe_2e8755b69dde\Packages\Drivers\Audio\HDMI\WT64A\AtihdWT6.inf","Windows Server 2016","14393","NativeApplicable","NativeApplicable","NATIVE_CANDIDATE","NativeCandidate","InfWideConservative","STATIC_CANDIDATE","NotEstablished","AMD.NTamd64.10.0;AMD.NTamd64.6.0;AMD.NTamd64.6.1;AMD.NTamd64.6.2;AMD.NTamd64.6.3","AMD.NTamd64.10.0;AMD.NTamd64.6.0;AMD.NTamd64.6.1;AMD.NTamd64.6.2;AMD.NTamd64.6.3","8","8","","1.19","","","1"
"26.5.2","PolarisVega","Audio","d0_whql-amd-software-adrenalin-edition-26.5.2-win11-may-vega-polaris.exe_2e8755b69dde\Packages\Drivers\Audio\HDMI\WT64A\AtihdWT6.inf","Windows Server 2019","17763","NativeApplicable","NativeApplicable","NATIVE_CANDIDATE","NativeCandidate","InfWideConservative","STATIC_CANDIDATE","NotEstablished","AMD.NTamd64.10.0...16299","AMD.NTamd64.10.0...16299","8","8","","1.27","1.27","","1"
"26.5.2","PolarisVega","Audio","d0_whql-amd-software-adrenalin-edition-26.5.2-win11-may-vega-polaris.exe_2e8755b69dde\Packages\Drivers\Audio\HDMI\WT64A\AtihdWT6.inf","Windows Server 2022","20348","NativeApplicable","NativeApplicable","NATIVE_CANDIDATE","NativeCandidate","InfWideConservative","STATIC_CANDIDATE","NotEstablished","AMD.NTamd64.10.0...16299","AMD.NTamd64.10.0...16299","8","8","","1.33","","","1"
"26.5.2","PolarisVega","Audio","d0_whql-amd-software-adrenalin-edition-26.5.2-win11-may-vega-polaris.exe_2e8755b69dde\Packages\Drivers\Audio\HDMI\WT64A\AtihdWT6.inf","Windows Server 2025","26100","NativeApplicable","NativeApplicable","NATIVE_CANDIDATE","NativeCandidate","InfWideConservative","STATIC_CANDIDATE","NotEstablished","AMD.NTamd64.10.0...22621","AMD.NTamd64.10.0...22621","8","8","","1.33","1.35","","1"
"26.5.2","PolarisVega","Audio","d0_whql-amd-software-adrenalin-edition-26.5.2-win11-may-vega-polaris.exe_2e8755b69dde\Packages\Drivers\Audio\I2STDM\WT64A\amdi2stdmafd.inf","Windows Server 2016","14393","NativeApplicable","NativeApplicable","NATIVE_CANDIDATE","NativeCandidate","InfWideConservative","STATIC_CANDIDATE","NotEstablished","Standard.NTamd64","Standard.NTamd64","1","1","1.15","1.19","","","1"
"26.5.2","PolarisVega","Audio","d0_whql-amd-software-adrenalin-edition-26.5.2-win11-may-vega-polaris.exe_2e8755b69dde\Packages\Drivers\Audio\I2STDM\WT64A\amdi2stdmafd.inf","Windows Server 2019","17763","NativeApplicable","NativeApplicable","NATIVE_CANDIDATE","NativeCandidate","InfWideConservative","STATIC_CANDIDATE","NotEstablished","Standard.NTamd64","Standard.NTamd64","1","1","1.15","1.27","1.27","","1"
"26.5.2","PolarisVega","Audio","d0_whql-amd-software-adrenalin-edition-26.5.2-win11-may-vega-polaris.exe_2e8755b69dde\Packages\Drivers\Audio\I2STDM\WT64A\amdi2stdmafd.inf","Windows Server 2022","20348","NativeApplicable","NativeApplicable","NATIVE_CANDIDATE","NativeCandidate","InfWideConservative","STATIC_CANDIDATE","NotEstablished","Standard.NTamd64","Standard.NTamd64","1","1","1.15","1.33","","","1"
"26.5.2","PolarisVega","Audio","d0_whql-amd-software-adrenalin-edition-26.5.2-win11-may-vega-polaris.exe_2e8755b69dde\Packages\Drivers\Audio\I2STDM\WT64A\amdi2stdmafd.inf","Windows Server 2025","26100","NativeApplicable","NativeApplicable","NATIVE_CANDIDATE","NativeCandidate","InfWideConservative","STATIC_CANDIDATE","NotEstablished","Standard.NTamd64","Standard.NTamd64","1","1","1.15","1.33","1.35","","1"
"26.5.2","PolarisVega","Audio","d0_whql-amd-software-adrenalin-edition-26.5.2-win11-may-vega-polaris.exe_2e8755b69dde\Packages\Drivers\Audio\SAFD\WT64A\amdsafd.inf","Windows Server 2016","14393","NotApplicableByBuild","NotApplicableByBuild","NOT_APPLICABLE","NotApplicable","InfWideConservative","STATIC_CANDIDATE","NotEstablished","","","0","0","1.15","1.19","","","1"
"26.5.2","PolarisVega","Audio","d0_whql-amd-software-adrenalin-edition-26.5.2-win11-may-vega-polaris.exe_2e8755b69dde\Packages\Drivers\Audio\SAFD\WT64A\amdsafd.inf","Windows Server 2019","17763","NativeApplicable","NativeApplicable","NATIVE_CANDIDATE","NativeCandidate","InfWideConservative","STATIC_CANDIDATE","NotEstablished","AMD.NTAMD64.10.0...16299","AMD.NTAMD64.10.0...16299","1","1","1.15","1.27","1.27","","1"
"26.5.2","PolarisVega","Audio","d0_whql-amd-software-adrenalin-edition-26.5.2-win11-may-vega-polaris.exe_2e8755b69dde\Packages\Drivers\Audio\SAFD\WT64A\amdsafd.inf","Windows Server 2022","20348","NativeApplicable","NativeApplicable","NATIVE_CANDIDATE","NativeCandidate","InfWideConservative","STATIC_CANDIDATE","NotEstablished","AMD.NTAMD64.10.0...16299","AMD.NTAMD64.10.0...16299","1","1","1.15","1.33","","","1"
"26.5.2","PolarisVega","Audio","d0_whql-amd-software-adrenalin-edition-26.5.2-win11-may-vega-polaris.exe_2e8755b69dde\Packages\Drivers\Audio\SAFD\WT64A\amdsafd.inf","Windows Server 2025","26100","NativeApplicable","NativeApplicable","NATIVE_CANDIDATE","NativeCandidate","InfWideConservative","STATIC_CANDIDATE","NotEstablished","AMD.NTAMD64.10.0...16299","AMD.NTAMD64.10.0...16299","1","1","1.15","1.33","1.35","","1"
"26.5.2","PolarisVega","Display","d0_whql-amd-software-adrenalin-edition-26.5.2-win11-may-vega-polaris.exe_2e8755b69dde\Packages\Drivers\Display\WT6A_INF\u0201039.inf","Windows Server 2016","14393","NotApplicableByBuild","ExplicitlyExcluded","NOT_APPLICABLE","NotApplicable","InfWideConservative","STATIC_CANDIDATE","NotEstablished","","ATI.Mfg.NTamd64.10.0.1;ATI.Mfg.NTamd64.6.0.1;ATI.Mfg.NTamd64.6.1.1;ATI.Mfg.NTamd64.6.2.1;ATI.Mfg.NTamd64.6.3.1","0","0","","1.19","","","1"
"26.5.2","PolarisVega","Display","d0_whql-amd-software-adrenalin-edition-26.5.2-win11-may-vega-polaris.exe_2e8755b69dde\Packages\Drivers\Display\WT6A_INF\u0201039.inf","Windows Server 2019","17763","NotApplicableByBuild","ExplicitlyExcluded","NOT_APPLICABLE","NotApplicable","InfWideConservative","STATIC_CANDIDATE","NotEstablished","","ATI.Mfg.NTamd64.10.0.1;ATI.Mfg.NTamd64.6.0.1;ATI.Mfg.NTamd64.6.1.1;ATI.Mfg.NTamd64.6.2.1;ATI.Mfg.NTamd64.6.3.1","0","0","","1.27","1.27","","1"
"26.5.2","PolarisVega","Display","d0_whql-amd-software-adrenalin-edition-26.5.2-win11-may-vega-polaris.exe_2e8755b69dde\Packages\Drivers\Display\WT6A_INF\u0201039.inf","Windows Server 2022","20348","NotApplicableByProductType","ProjectionCandidate","PATCH_CANDIDATE","ProjectionCandidate","InfWideConservative","STATIC_CANDIDATE","NotEstablished","","ATI.Mfg.NTamd64.10.0.1..19044","0","5047","","1.33","","","1"
"26.5.2","PolarisVega","Display","d0_whql-amd-software-adrenalin-edition-26.5.2-win11-may-vega-polaris.exe_2e8755b69dde\Packages\Drivers\Display\WT6A_INF\u0201039.inf","Windows Server 2025","26100","NotApplicableByProductType","ProjectionCandidate","PATCH_CANDIDATE","ProjectionCandidate","InfWideConservative","STATIC_CANDIDATE","NotEstablished","","ATI.Mfg.NTamd64.10.0.1..19044","0","5047","","1.33","1.35","","1"
"26.5.2","PolarisVega","Display","d0_whql-amd-software-adrenalin-edition-26.5.2-win11-may-vega-polaris.exe_2e8755b69dde\Packages\Drivers\Display\WT6A_INF\amdafd\amdafd.inf","Windows Server 2016","14393","NativeApplicable","NativeApplicable","NATIVE_CANDIDATE","NativeCandidate","InfWideConservative","STATIC_CANDIDATE","NotEstablished","AMD_KMAFD.NTAMD64","AMD_KMAFD.NTAMD64","2","2","","1.19","","","0"
"26.5.2","PolarisVega","Display","d0_whql-amd-software-adrenalin-edition-26.5.2-win11-may-vega-polaris.exe_2e8755b69dde\Packages\Drivers\Display\WT6A_INF\amdafd\amdafd.inf","Windows Server 2019","17763","NativeApplicable","NativeApplicable","NATIVE_CANDIDATE","NativeCandidate","InfWideConservative","STATIC_CANDIDATE","NotEstablished","AMD_KMAFD.NTAMD64","AMD_KMAFD.NTAMD64","2","2","","1.27","1.27","","0"
"26.5.2","PolarisVega","Display","d0_whql-amd-software-adrenalin-edition-26.5.2-win11-may-vega-polaris.exe_2e8755b69dde\Packages\Drivers\Display\WT6A_INF\amdafd\amdafd.inf","Windows Server 2022","20348","NativeApplicable","NativeApplicable","NATIVE_CANDIDATE","NativeCandidate","InfWideConservative","STATIC_CANDIDATE","NotEstablished","AMD_KMAFD.NTAMD64","AMD_KMAFD.NTAMD64","2","2","","1.33","","","0"
"26.5.2","PolarisVega","Display","d0_whql-amd-software-adrenalin-edition-26.5.2-win11-may-vega-polaris.exe_2e8755b69dde\Packages\Drivers\Display\WT6A_INF\amdafd\amdafd.inf","Windows Server 2025","26100","NativeApplicable","NativeApplicable","NATIVE_CANDIDATE","NativeCandidate","InfWideConservative","STATIC_CANDIDATE","NotEstablished","AMD_KMAFD.NTAMD64","AMD_KMAFD.NTAMD64","2","2","","1.33","1.35","","0"
"26.5.2","PolarisVega","Display","d0_whql-amd-software-adrenalin-edition-26.5.2-win11-may-vega-polaris.exe_2e8755b69dde\Packages\Drivers\Display\WT6A_INF\amdfdans\AMDFDANS.inf","Windows Server 2016","14393","NativeApplicable","NativeApplicable","NATIVE_CANDIDATE","NativeCandidate","InfWideConservative","STATIC_CANDIDATE","NotEstablished","AMD.Mfg.NTamd64.10.0","AMD.Mfg.NTamd64.10.0","1","1","","1.19","","","0"
"26.5.2","PolarisVega","Display","d0_whql-amd-software-adrenalin-edition-26.5.2-win11-may-vega-polaris.exe_2e8755b69dde\Packages\Drivers\Display\WT6A_INF\amdfdans\AMDFDANS.inf","Windows Server 2019","17763","NativeApplicable","NativeApplicable","NATIVE_CANDIDATE","NativeCandidate","InfWideConservative","STATIC_CANDIDATE","NotEstablished","AMD.Mfg.NTamd64.10.0","AMD.Mfg.NTamd64.10.0","1","1","","1.27","1.27","","0"
"26.5.2","PolarisVega","Display","d0_whql-amd-software-adrenalin-edition-26.5.2-win11-may-vega-polaris.exe_2e8755b69dde\Packages\Drivers\Display\WT6A_INF\amdfdans\AMDFDANS.inf","Windows Server 2022","20348","NativeApplicable","NativeApplicable","NATIVE_CANDIDATE","NativeCandidate","InfWideConservative","STATIC_CANDIDATE","NotEstablished","AMD.Mfg.NTamd64.10.0","AMD.Mfg.NTamd64.10.0","1","1","","1.33","","","0"
"26.5.2","PolarisVega","Display","d0_whql-amd-software-adrenalin-edition-26.5.2-win11-may-vega-polaris.exe_2e8755b69dde\Packages\Drivers\Display\WT6A_INF\amdfdans\AMDFDANS.inf","Windows Server 2025","26100","NativeApplicable","NativeApplicable","NATIVE_CANDIDATE","NativeCandidate","InfWideConservative","STATIC_CANDIDATE","NotEstablished","AMD.Mfg.NTamd64.10.0","AMD.Mfg.NTamd64.10.0","1","1","","1.33","1.35","","0"
"26.5.2","PolarisVega","Display","d0_whql-amd-software-adrenalin-edition-26.5.2-win11-may-vega-polaris.exe_2e8755b69dde\Packages\Drivers\Display\WT6A_INF\amdfendr\amdfendr.inf","Windows Server 2016","14393","NotApplicableByBuild","NotApplicableByBuild","NOT_APPLICABLE","NotApplicable","InfWideConservative","STATIC_CANDIDATE","NotEstablished","","","0","0","1.15","1.19","","","0"
"26.5.2","PolarisVega","Display","d0_whql-amd-software-adrenalin-edition-26.5.2-win11-may-vega-polaris.exe_2e8755b69dde\Packages\Drivers\Display\WT6A_INF\amdfendr\amdfendr.inf","Windows Server 2019","17763","NativeApplicable","NativeApplicable","NATIVE_CANDIDATE","NativeCandidate","InfWideConservative","STATIC_CANDIDATE","NotEstablished","AMDFENDR_KM.NTAMD64.10.0...16299","AMDFENDR_KM.NTAMD64.10.0...16299","1","1","1.15","1.27","1.27","","0"
"26.5.2","PolarisVega","Display","d0_whql-amd-software-adrenalin-edition-26.5.2-win11-may-vega-polaris.exe_2e8755b69dde\Packages\Drivers\Display\WT6A_INF\amdfendr\amdfendr.inf","Windows Server 2022","20348","NativeApplicable","NativeApplicable","NATIVE_CANDIDATE","NativeCandidate","InfWideConservative","STATIC_CANDIDATE","NotEstablished","AMDFENDR_KM.NTAMD64.10.0...16299","AMDFENDR_KM.NTAMD64.10.0...16299","1","1","1.15","1.33","","","0"
"26.5.2","PolarisVega","Display","d0_whql-amd-software-adrenalin-edition-26.5.2-win11-may-vega-polaris.exe_2e8755b69dde\Packages\Drivers\Display\WT6A_INF\amdfendr\amdfendr.inf","Windows Server 2025","26100","NativeApplicable","NativeApplicable","NATIVE_CANDIDATE","NativeCandidate","InfWideConservative","STATIC_CANDIDATE","NotEstablished","AMDFENDR_KM.NTAMD64.10.0...16299","AMDFENDR_KM.NTAMD64.10.0...16299","1","1","1.15","1.33","1.35","","0"
"26.5.2","PolarisVega","Display","d0_whql-amd-software-adrenalin-edition-26.5.2-win11-may-vega-polaris.exe_2e8755b69dde\Packages\Drivers\Display\WT6A_INF\amdocl\amdocl.inf","Windows Server 2016","14393","NotApplicableByBuild","NotApplicableByBuild","NOT_APPLICABLE","NotApplicable","InfWideConservative","STATIC_CANDIDATE","NotEstablished","","","0","0","","1.19","","","0"
"26.5.2","PolarisVega","Display","d0_whql-amd-software-adrenalin-edition-26.5.2-win11-may-vega-polaris.exe_2e8755b69dde\Packages\Drivers\Display\WT6A_INF\amdocl\amdocl.inf","Windows Server 2019","17763","NativeApplicable","NativeApplicable","NATIVE_CANDIDATE","NativeCandidate","InfWideConservative","STATIC_CANDIDATE","NotEstablished","AMD.Mfg.NTamd64.10.0...16299","AMD.Mfg.NTamd64.10.0...16299","1","1","","1.27","1.27","","0"
"26.5.2","PolarisVega","Display","d0_whql-amd-software-adrenalin-edition-26.5.2-win11-may-vega-polaris.exe_2e8755b69dde\Packages\Drivers\Display\WT6A_INF\amdocl\amdocl.inf","Windows Server 2022","20348","NativeApplicable","NativeApplicable","NATIVE_CANDIDATE","NativeCandidate","InfWideConservative","STATIC_CANDIDATE","NotEstablished","AMD.Mfg.NTamd64.10.0...16299","AMD.Mfg.NTamd64.10.0...16299","1","1","","1.33","","","0"
"26.5.2","PolarisVega","Display","d0_whql-amd-software-adrenalin-edition-26.5.2-win11-may-vega-polaris.exe_2e8755b69dde\Packages\Drivers\Display\WT6A_INF\amdocl\amdocl.inf","Windows Server 2025","26100","NativeApplicable","NativeApplicable","NATIVE_CANDIDATE","NativeCandidate","InfWideConservative","STATIC_CANDIDATE","NotEstablished","AMD.Mfg.NTamd64.10.0...16299","AMD.Mfg.NTamd64.10.0...16299","1","1","","1.33","1.35","","0"
"26.5.2","PolarisVega","Display","d0_whql-amd-software-adrenalin-edition-26.5.2-win11-may-vega-polaris.exe_2e8755b69dde\Packages\Drivers\Display\WT6A_INF\amdpcibridge\amdpcibridgeextension.inf","Windows Server 2016","14393","NativeApplicable","NativeApplicable","NATIVE_CANDIDATE","NativeCandidate","InfWideConservative","STATIC_CANDIDATE","NotEstablished","DeviceExtensions.NTamd64","DeviceExtensions.NTamd64","2","2","","1.19","","","0"
"26.5.2","PolarisVega","Display","d0_whql-amd-software-adrenalin-edition-26.5.2-win11-may-vega-polaris.exe_2e8755b69dde\Packages\Drivers\Display\WT6A_INF\amdpcibridge\amdpcibridgeextension.inf","Windows Server 2019","17763","NativeApplicable","NativeApplicable","NATIVE_CANDIDATE","NativeCandidate","InfWideConservative","STATIC_CANDIDATE","NotEstablished","DeviceExtensions.NTamd64","DeviceExtensions.NTamd64","2","2","","1.27","1.27","","0"
"26.5.2","PolarisVega","Display","d0_whql-amd-software-adrenalin-edition-26.5.2-win11-may-vega-polaris.exe_2e8755b69dde\Packages\Drivers\Display\WT6A_INF\amdpcibridge\amdpcibridgeextension.inf","Windows Server 2022","20348","NativeApplicable","NativeApplicable","NATIVE_CANDIDATE","NativeCandidate","InfWideConservative","STATIC_CANDIDATE","NotEstablished","DeviceExtensions.NTamd64","DeviceExtensions.NTamd64","2","2","","1.33","","","0"
"26.5.2","PolarisVega","Display","d0_whql-amd-software-adrenalin-edition-26.5.2-win11-may-vega-polaris.exe_2e8755b69dde\Packages\Drivers\Display\WT6A_INF\amdpcibridge\amdpcibridgeextension.inf","Windows Server 2025","26100","NativeApplicable","NativeApplicable","NATIVE_CANDIDATE","NativeCandidate","InfWideConservative","STATIC_CANDIDATE","NotEstablished","DeviceExtensions.NTamd64","DeviceExtensions.NTamd64","2","2","","1.33","1.35","","0"
"26.5.2","PolarisVega","Display","d0_whql-amd-software-adrenalin-edition-26.5.2-win11-may-vega-polaris.exe_2e8755b69dde\Packages\Drivers\Display\WT6A_INF\amdwin\amdwin-u0201039.inf","Windows Server 2016","14393","NativeApplicable","NativeApplicable","NATIVE_CANDIDATE","NativeCandidate","InfWideConservative","STATIC_CANDIDATE","NotEstablished","AMD.Mfg.NTamd64.10.0","AMD.Mfg.NTamd64.10.0","1","1","","1.19","","","0"
"26.5.2","PolarisVega","Display","d0_whql-amd-software-adrenalin-edition-26.5.2-win11-may-vega-polaris.exe_2e8755b69dde\Packages\Drivers\Display\WT6A_INF\amdwin\amdwin-u0201039.inf","Windows Server 2019","17763","NativeApplicable","NativeApplicable","NATIVE_CANDIDATE","NativeCandidate","InfWideConservative","STATIC_CANDIDATE","NotEstablished","AMD.Mfg.NTamd64.10.0","AMD.Mfg.NTamd64.10.0","1","1","","1.27","1.27","","0"
"26.5.2","PolarisVega","Display","d0_whql-amd-software-adrenalin-edition-26.5.2-win11-may-vega-polaris.exe_2e8755b69dde\Packages\Drivers\Display\WT6A_INF\amdwin\amdwin-u0201039.inf","Windows Server 2022","20348","NativeApplicable","NativeApplicable","NATIVE_CANDIDATE","NativeCandidate","InfWideConservative","STATIC_CANDIDATE","NotEstablished","AMD.Mfg.NTamd64.10.0","AMD.Mfg.NTamd64.10.0","1","1","","1.33","","","0"
"26.5.2","PolarisVega","Display","d0_whql-amd-software-adrenalin-edition-26.5.2-win11-may-vega-polaris.exe_2e8755b69dde\Packages\Drivers\Display\WT6A_INF\amdwin\amdwin-u0201039.inf","Windows Server 2025","26100","NativeApplicable","NativeApplicable","NATIVE_CANDIDATE","NativeCandidate","InfWideConservative","STATIC_CANDIDATE","NotEstablished","AMD.Mfg.NTamd64.10.0","AMD.Mfg.NTamd64.10.0","1","1","","1.33","1.35","","0"
"26.5.2","PolarisVega","Display","d0_whql-amd-software-adrenalin-edition-26.5.2-win11-may-vega-polaris.exe_2e8755b69dde\Packages\Drivers\Display\WT6A_INF\amdxe\amdxe.inf","Windows Server 2016","14393","NativeApplicable","NativeApplicable","NATIVE_CANDIDATE","NativeCandidate","InfWideConservative","STATIC_CANDIDATE","NotEstablished","Standard.NTamd64","Standard.NTamd64","1","1","1.15","1.19","","","0"
"26.5.2","PolarisVega","Display","d0_whql-amd-software-adrenalin-edition-26.5.2-win11-may-vega-polaris.exe_2e8755b69dde\Packages\Drivers\Display\WT6A_INF\amdxe\amdxe.inf","Windows Server 2019","17763","NativeApplicable","NativeApplicable","NATIVE_CANDIDATE","NativeCandidate","InfWideConservative","STATIC_CANDIDATE","NotEstablished","Standard.NTamd64","Standard.NTamd64","1","1","1.15","1.27","1.27","","0"
"26.5.2","PolarisVega","Display","d0_whql-amd-software-adrenalin-edition-26.5.2-win11-may-vega-polaris.exe_2e8755b69dde\Packages\Drivers\Display\WT6A_INF\amdxe\amdxe.inf","Windows Server 2022","20348","NativeApplicable","NativeApplicable","NATIVE_CANDIDATE","NativeCandidate","InfWideConservative","STATIC_CANDIDATE","NotEstablished","Standard.NTamd64","Standard.NTamd64","1","1","1.15","1.33","","","0"
"26.5.2","PolarisVega","Display","d0_whql-amd-software-adrenalin-edition-26.5.2-win11-may-vega-polaris.exe_2e8755b69dde\Packages\Drivers\Display\WT6A_INF\amdxe\amdxe.inf","Windows Server 2025","26100","NativeApplicable","NativeApplicable","NATIVE_CANDIDATE","NativeCandidate","InfWideConservative","STATIC_CANDIDATE","NotEstablished","Standard.NTamd64","Standard.NTamd64","1","1","1.15","1.33","1.35","","0"
"26.5.2","PolarisVega","RadeonLED","d0_whql-amd-software-adrenalin-edition-26.5.2-win11-may-vega-polaris.exe_2e8755b69dde\Packages\Drivers\RadeonLED\WT64A\amdusbledfd.inf","Windows Server 2016","14393","NativeApplicable","NativeApplicable","NATIVE_CANDIDATE","NativeCandidate","InfWideConservative","STATIC_CANDIDATE","NotEstablished","AMD_USBLEDFD.NTamd64","AMD_USBLEDFD.NTamd64","6","6","","1.19","","","1"
"26.5.2","PolarisVega","RadeonLED","d0_whql-amd-software-adrenalin-edition-26.5.2-win11-may-vega-polaris.exe_2e8755b69dde\Packages\Drivers\RadeonLED\WT64A\amdusbledfd.inf","Windows Server 2019","17763","NativeApplicable","NativeApplicable","NATIVE_CANDIDATE","NativeCandidate","InfWideConservative","STATIC_CANDIDATE","NotEstablished","AMD_USBLEDFD.NTamd64","AMD_USBLEDFD.NTamd64","6","6","","1.27","1.27","","1"
"26.5.2","PolarisVega","RadeonLED","d0_whql-amd-software-adrenalin-edition-26.5.2-win11-may-vega-polaris.exe_2e8755b69dde\Packages\Drivers\RadeonLED\WT64A\amdusbledfd.inf","Windows Server 2022","20348","NativeApplicable","NativeApplicable","NATIVE_CANDIDATE","NativeCandidate","InfWideConservative","STATIC_CANDIDATE","NotEstablished","AMD_USBLEDFD.NTamd64","AMD_USBLEDFD.NTamd64","6","6","","1.33","","","1"
"26.5.2","PolarisVega","RadeonLED","d0_whql-amd-software-adrenalin-edition-26.5.2-win11-may-vega-polaris.exe_2e8755b69dde\Packages\Drivers\RadeonLED\WT64A\amdusbledfd.inf","Windows Server 2025","26100","NativeApplicable","NativeApplicable","NATIVE_CANDIDATE","NativeCandidate","InfWideConservative","STATIC_CANDIDATE","NotEstablished","AMD_USBLEDFD.NTamd64","AMD_USBLEDFD.NTamd64","6","6","","1.33","1.35","","1"
"26.5.2","PolarisVega","SBDrv","d0_whql-amd-software-adrenalin-edition-26.5.2-win11-may-vega-polaris.exe_2e8755b69dde\Packages\Drivers\SBDrv\AMDUCSI\WT64A\amducsi.inf","Windows Server 2016","14393","NativeApplicable","NativeApplicable","NATIVE_CANDIDATE","NativeCandidate","InfWideConservative","STATIC_CANDIDATE","NotEstablished","AMD.NTamd64","AMD.NTamd64","5","5","1.15","1.19","","","1"
"26.5.2","PolarisVega","SBDrv","d0_whql-amd-software-adrenalin-edition-26.5.2-win11-may-vega-polaris.exe_2e8755b69dde\Packages\Drivers\SBDrv\AMDUCSI\WT64A\amducsi.inf","Windows Server 2019","17763","NativeApplicable","NativeApplicable","NATIVE_CANDIDATE","NativeCandidate","InfWideConservative","STATIC_CANDIDATE","NotEstablished","AMD.NTamd64","AMD.NTamd64","5","5","1.15","1.27","1.27","","1"
"26.5.2","PolarisVega","SBDrv","d0_whql-amd-software-adrenalin-edition-26.5.2-win11-may-vega-polaris.exe_2e8755b69dde\Packages\Drivers\SBDrv\AMDUCSI\WT64A\amducsi.inf","Windows Server 2022","20348","NativeApplicable","NativeApplicable","NATIVE_CANDIDATE","NativeCandidate","InfWideConservative","STATIC_CANDIDATE","NotEstablished","AMD.NTamd64","AMD.NTamd64","5","5","1.15","1.33","","","1"
"26.5.2","PolarisVega","SBDrv","d0_whql-amd-software-adrenalin-edition-26.5.2-win11-may-vega-polaris.exe_2e8755b69dde\Packages\Drivers\SBDrv\AMDUCSI\WT64A\amducsi.inf","Windows Server 2025","26100","NativeApplicable","NativeApplicable","NATIVE_CANDIDATE","NativeCandidate","InfWideConservative","STATIC_CANDIDATE","NotEstablished","AMD.NTamd64","AMD.NTamd64","5","5","1.15","1.33","1.35","","1"
"25.8.1","PolarisVega","Audio","d0_whql-amd-software-adrenalin-edition-25.8.1-win10-win11-aug-vega-polaris.exe_398a8ae8ca69\Packages\Drivers\Audio\ACPAfd\WT64A\amdacpafd.inf","Windows Server 2016","14393","NotApplicableByBuild","NotApplicableByBuild","NOT_APPLICABLE","NotApplicable","InfWideConservative","STATIC_CANDIDATE","NotEstablished","","","0","0","1.15","1.19","","","1"
"25.8.1","PolarisVega","Audio","d0_whql-amd-software-adrenalin-edition-25.8.1-win10-win11-aug-vega-polaris.exe_398a8ae8ca69\Packages\Drivers\Audio\ACPAfd\WT64A\amdacpafd.inf","Windows Server 2019","17763","NativeApplicable","NativeApplicable","NATIVE_CANDIDATE","NativeCandidate","InfWideConservative","STATIC_CANDIDATE","NotEstablished","AMD.NTAMD64.10.0...16299","AMD.NTAMD64.10.0...16299","4","4","1.15","1.27","1.27","","1"
"25.8.1","PolarisVega","Audio","d0_whql-amd-software-adrenalin-edition-25.8.1-win10-win11-aug-vega-polaris.exe_398a8ae8ca69\Packages\Drivers\Audio\ACPAfd\WT64A\amdacpafd.inf","Windows Server 2022","20348","NativeApplicable","NativeApplicable","NATIVE_CANDIDATE","NativeCandidate","InfWideConservative","STATIC_CANDIDATE","NotEstablished","AMD.NTAMD64.10.0...16299","AMD.NTAMD64.10.0...16299","4","4","1.15","1.33","","","1"
"25.8.1","PolarisVega","Audio","d0_whql-amd-software-adrenalin-edition-25.8.1-win10-win11-aug-vega-polaris.exe_398a8ae8ca69\Packages\Drivers\Audio\ACPAfd\WT64A\amdacpafd.inf","Windows Server 2025","26100","NativeApplicable","NativeApplicable","NATIVE_CANDIDATE","NativeCandidate","InfWideConservative","STATIC_CANDIDATE","NotEstablished","AMD.NTAMD64.10.0...16299","AMD.NTAMD64.10.0...16299","4","4","1.15","1.33","1.35","","1"
"25.8.1","PolarisVega","Audio","d0_whql-amd-software-adrenalin-edition-25.8.1-win10-win11-aug-vega-polaris.exe_398a8ae8ca69\Packages\Drivers\Audio\ACPBtAfd\WT64A\amdacpbt.inf","Windows Server 2016","14393","NativeApplicable","NativeApplicable","NATIVE_CANDIDATE","NativeCandidate","InfWideConservative","STATIC_CANDIDATE","NotEstablished","AMD.NTAMD64","AMD.NTAMD64","1","1","1.15","1.19","","","1"
"25.8.1","PolarisVega","Audio","d0_whql-amd-software-adrenalin-edition-25.8.1-win10-win11-aug-vega-polaris.exe_398a8ae8ca69\Packages\Drivers\Audio\ACPBtAfd\WT64A\amdacpbt.inf","Windows Server 2019","17763","NativeApplicable","NativeApplicable","NATIVE_CANDIDATE","NativeCandidate","InfWideConservative","STATIC_CANDIDATE","NotEstablished","AMD.NTAMD64","AMD.NTAMD64","1","1","1.15","1.27","1.27","","1"
"25.8.1","PolarisVega","Audio","d0_whql-amd-software-adrenalin-edition-25.8.1-win10-win11-aug-vega-polaris.exe_398a8ae8ca69\Packages\Drivers\Audio\ACPBtAfd\WT64A\amdacpbt.inf","Windows Server 2022","20348","NativeApplicable","NativeApplicable","NATIVE_CANDIDATE","NativeCandidate","InfWideConservative","STATIC_CANDIDATE","NotEstablished","AMD.NTAMD64","AMD.NTAMD64","1","1","1.15","1.33","","","1"
"25.8.1","PolarisVega","Audio","d0_whql-amd-software-adrenalin-edition-25.8.1-win10-win11-aug-vega-polaris.exe_398a8ae8ca69\Packages\Drivers\Audio\ACPBtAfd\WT64A\amdacpbt.inf","Windows Server 2025","26100","NativeApplicable","NativeApplicable","NATIVE_CANDIDATE","NativeCandidate","InfWideConservative","STATIC_CANDIDATE","NotEstablished","AMD.NTAMD64","AMD.NTAMD64","1","1","1.15","1.33","1.35","","1"
"25.8.1","PolarisVega","Audio","d0_whql-amd-software-adrenalin-edition-25.8.1-win10-win11-aug-vega-polaris.exe_398a8ae8ca69\Packages\Drivers\Audio\ACPBus\WT64A\amdacpbus.inf","Windows Server 2016","14393","NotApplicableByBuild","NotApplicableByBuild","NOT_APPLICABLE","NotApplicable","InfWideConservative","STATIC_CANDIDATE","NotEstablished","","","0","0","","1.19","","","1"
"25.8.1","PolarisVega","Audio","d0_whql-amd-software-adrenalin-edition-25.8.1-win10-win11-aug-vega-polaris.exe_398a8ae8ca69\Packages\Drivers\Audio\ACPBus\WT64A\amdacpbus.inf","Windows Server 2019","17763","NativeApplicable","NativeApplicable","NATIVE_CANDIDATE","NativeCandidate","InfWideConservative","STATIC_CANDIDATE","NotEstablished","AMD.NTamd64.10.0...16299","AMD.NTamd64.10.0...16299","7","7","","1.27","1.27","","1"
"25.8.1","PolarisVega","Audio","d0_whql-amd-software-adrenalin-edition-25.8.1-win10-win11-aug-vega-polaris.exe_398a8ae8ca69\Packages\Drivers\Audio\ACPBus\WT64A\amdacpbus.inf","Windows Server 2022","20348","NativeApplicable","NativeApplicable","NATIVE_CANDIDATE","NativeCandidate","InfWideConservative","STATIC_CANDIDATE","NotEstablished","AMD.NTamd64.10.0...16299","AMD.NTamd64.10.0...16299","7","7","","1.33","","","1"
"25.8.1","PolarisVega","Audio","d0_whql-amd-software-adrenalin-edition-25.8.1-win10-win11-aug-vega-polaris.exe_398a8ae8ca69\Packages\Drivers\Audio\ACPBus\WT64A\amdacpbus.inf","Windows Server 2025","26100","NativeApplicable","NativeApplicable","NATIVE_CANDIDATE","NativeCandidate","InfWideConservative","STATIC_CANDIDATE","NotEstablished","AMD.NTamd64.10.0...16299","AMD.NTamd64.10.0...16299","7","7","","1.33","1.35","","1"
"25.8.1","PolarisVega","Audio","d0_whql-amd-software-adrenalin-edition-25.8.1-win10-win11-aug-vega-polaris.exe_398a8ae8ca69\Packages\Drivers\Audio\ACPBus\WT64A\amdacpbusext\amdacpbusext.inf","Windows Server 2016","14393","NotApplicableByBuild","NotApplicableByBuild","NOT_APPLICABLE","NotApplicable","InfWideConservative","STATIC_CANDIDATE","NotEstablished","","","0","0","","1.19","","","0"
"25.8.1","PolarisVega","Audio","d0_whql-amd-software-adrenalin-edition-25.8.1-win10-win11-aug-vega-polaris.exe_398a8ae8ca69\Packages\Drivers\Audio\ACPBus\WT64A\amdacpbusext\amdacpbusext.inf","Windows Server 2019","17763","NativeApplicable","NativeApplicable","NATIVE_CANDIDATE","NativeCandidate","InfWideConservative","STATIC_CANDIDATE","NotEstablished","AMD.NTamd64.10.0...16299","AMD.NTamd64.10.0...16299","3","3","","1.27","1.27","","0"
"25.8.1","PolarisVega","Audio","d0_whql-amd-software-adrenalin-edition-25.8.1-win10-win11-aug-vega-polaris.exe_398a8ae8ca69\Packages\Drivers\Audio\ACPBus\WT64A\amdacpbusext\amdacpbusext.inf","Windows Server 2022","20348","NativeApplicable","NativeApplicable","NATIVE_CANDIDATE","NativeCandidate","InfWideConservative","STATIC_CANDIDATE","NotEstablished","AMD.NTamd64.10.0...16299","AMD.NTamd64.10.0...16299","3","3","","1.33","","","0"
"25.8.1","PolarisVega","Audio","d0_whql-amd-software-adrenalin-edition-25.8.1-win10-win11-aug-vega-polaris.exe_398a8ae8ca69\Packages\Drivers\Audio\ACPBus\WT64A\amdacpbusext\amdacpbusext.inf","Windows Server 2025","26100","NativeApplicable","NativeApplicable","NATIVE_CANDIDATE","NativeCandidate","InfWideConservative","STATIC_CANDIDATE","NotEstablished","AMD.NTamd64.10.0...16299","AMD.NTamd64.10.0...16299","3","3","","1.33","1.35","","0"
"25.8.1","PolarisVega","Audio","d0_whql-amd-software-adrenalin-edition-25.8.1-win10-win11-aug-vega-polaris.exe_398a8ae8ca69\Packages\Drivers\Audio\ACPBus2\WT64A\amdacpbusext\amdacpbusext.inf","Windows Server 2016","14393","NotApplicableByBuild","NotApplicableByBuild","NOT_APPLICABLE","NotApplicable","InfWideConservative","STATIC_CANDIDATE","NotEstablished","","","0","0","","1.19","","","0"
"25.8.1","PolarisVega","Audio","d0_whql-amd-software-adrenalin-edition-25.8.1-win10-win11-aug-vega-polaris.exe_398a8ae8ca69\Packages\Drivers\Audio\ACPBus2\WT64A\amdacpbusext\amdacpbusext.inf","Windows Server 2019","17763","NativeApplicable","NativeApplicable","NATIVE_CANDIDATE","NativeCandidate","InfWideConservative","STATIC_CANDIDATE","NotEstablished","AMD.NTamd64.10.0...16299","AMD.NTamd64.10.0...16299","3","3","","1.27","1.27","","0"
"25.8.1","PolarisVega","Audio","d0_whql-amd-software-adrenalin-edition-25.8.1-win10-win11-aug-vega-polaris.exe_398a8ae8ca69\Packages\Drivers\Audio\ACPBus2\WT64A\amdacpbusext\amdacpbusext.inf","Windows Server 2022","20348","NativeApplicable","NativeApplicable","NATIVE_CANDIDATE","NativeCandidate","InfWideConservative","STATIC_CANDIDATE","NotEstablished","AMD.NTamd64.10.0...16299","AMD.NTamd64.10.0...16299","3","3","","1.33","","","0"
"25.8.1","PolarisVega","Audio","d0_whql-amd-software-adrenalin-edition-25.8.1-win10-win11-aug-vega-polaris.exe_398a8ae8ca69\Packages\Drivers\Audio\ACPBus2\WT64A\amdacpbusext\amdacpbusext.inf","Windows Server 2025","26100","NativeApplicable","NativeApplicable","NATIVE_CANDIDATE","NativeCandidate","InfWideConservative","STATIC_CANDIDATE","NotEstablished","AMD.NTamd64.10.0...16299","AMD.NTamd64.10.0...16299","3","3","","1.33","1.35","","0"
"25.8.1","PolarisVega","Audio","d0_whql-amd-software-adrenalin-edition-25.8.1-win10-win11-aug-vega-polaris.exe_398a8ae8ca69\Packages\Drivers\Audio\HDABus\WT64A\amdhdaudbus.inf","Windows Server 2016","14393","NativeApplicable","NativeApplicable","NATIVE_CANDIDATE","NativeCandidate","InfWideConservative","STATIC_CANDIDATE","NotEstablished","AMD.NTAMD64","AMD.NTAMD64","1","1","1.15","1.19","","","1"
"25.8.1","PolarisVega","Audio","d0_whql-amd-software-adrenalin-edition-25.8.1-win10-win11-aug-vega-polaris.exe_398a8ae8ca69\Packages\Drivers\Audio\HDABus\WT64A\amdhdaudbus.inf","Windows Server 2019","17763","NativeApplicable","NativeApplicable","NATIVE_CANDIDATE","NativeCandidate","InfWideConservative","STATIC_CANDIDATE","NotEstablished","AMD.NTAMD64","AMD.NTAMD64","1","1","1.15","1.27","1.27","","1"
"25.8.1","PolarisVega","Audio","d0_whql-amd-software-adrenalin-edition-25.8.1-win10-win11-aug-vega-polaris.exe_398a8ae8ca69\Packages\Drivers\Audio\HDABus\WT64A\amdhdaudbus.inf","Windows Server 2022","20348","NativeApplicable","NativeApplicable","NATIVE_CANDIDATE","NativeCandidate","InfWideConservative","STATIC_CANDIDATE","NotEstablished","AMD.NTAMD64","AMD.NTAMD64","1","1","1.15","1.33","","","1"
"25.8.1","PolarisVega","Audio","d0_whql-amd-software-adrenalin-edition-25.8.1-win10-win11-aug-vega-polaris.exe_398a8ae8ca69\Packages\Drivers\Audio\HDABus\WT64A\amdhdaudbus.inf","Windows Server 2025","26100","NativeApplicable","NativeApplicable","NATIVE_CANDIDATE","NativeCandidate","InfWideConservative","STATIC_CANDIDATE","NotEstablished","AMD.NTAMD64","AMD.NTAMD64","1","1","1.15","1.33","1.35","","1"
"25.8.1","PolarisVega","Audio","d0_whql-amd-software-adrenalin-edition-25.8.1-win10-win11-aug-vega-polaris.exe_398a8ae8ca69\Packages\Drivers\Audio\HDMI\WT64A\AtihdWT6.inf","Windows Server 2016","14393","NativeApplicable","NativeApplicable","NATIVE_CANDIDATE","NativeCandidate","InfWideConservative","STATIC_CANDIDATE","NotEstablished","AMD.NTamd64.10.0;AMD.NTamd64.6.0;AMD.NTamd64.6.1;AMD.NTamd64.6.2;AMD.NTamd64.6.3","AMD.NTamd64.10.0;AMD.NTamd64.6.0;AMD.NTamd64.6.1;AMD.NTamd64.6.2;AMD.NTamd64.6.3","8","8","","1.19","","","1"
"25.8.1","PolarisVega","Audio","d0_whql-amd-software-adrenalin-edition-25.8.1-win10-win11-aug-vega-polaris.exe_398a8ae8ca69\Packages\Drivers\Audio\HDMI\WT64A\AtihdWT6.inf","Windows Server 2019","17763","NativeApplicable","NativeApplicable","NATIVE_CANDIDATE","NativeCandidate","InfWideConservative","STATIC_CANDIDATE","NotEstablished","AMD.NTamd64.10.0...16299","AMD.NTamd64.10.0...16299","8","8","","1.27","1.27","","1"
"25.8.1","PolarisVega","Audio","d0_whql-amd-software-adrenalin-edition-25.8.1-win10-win11-aug-vega-polaris.exe_398a8ae8ca69\Packages\Drivers\Audio\HDMI\WT64A\AtihdWT6.inf","Windows Server 2022","20348","NativeApplicable","NativeApplicable","NATIVE_CANDIDATE","NativeCandidate","InfWideConservative","STATIC_CANDIDATE","NotEstablished","AMD.NTamd64.10.0...16299","AMD.NTamd64.10.0...16299","8","8","","1.33","","","1"
"25.8.1","PolarisVega","Audio","d0_whql-amd-software-adrenalin-edition-25.8.1-win10-win11-aug-vega-polaris.exe_398a8ae8ca69\Packages\Drivers\Audio\HDMI\WT64A\AtihdWT6.inf","Windows Server 2025","26100","NativeApplicable","NativeApplicable","NATIVE_CANDIDATE","NativeCandidate","InfWideConservative","STATIC_CANDIDATE","NotEstablished","AMD.NTamd64.10.0...22621","AMD.NTamd64.10.0...22621","8","8","","1.33","1.35","","1"
"25.8.1","PolarisVega","Audio","d0_whql-amd-software-adrenalin-edition-25.8.1-win10-win11-aug-vega-polaris.exe_398a8ae8ca69\Packages\Drivers\Audio\I2STDM\WT64A\amdi2stdmafd.inf","Windows Server 2016","14393","NativeApplicable","NativeApplicable","NATIVE_CANDIDATE","NativeCandidate","InfWideConservative","STATIC_CANDIDATE","NotEstablished","Standard.NTamd64","Standard.NTamd64","1","1","1.15","1.19","","","1"
"25.8.1","PolarisVega","Audio","d0_whql-amd-software-adrenalin-edition-25.8.1-win10-win11-aug-vega-polaris.exe_398a8ae8ca69\Packages\Drivers\Audio\I2STDM\WT64A\amdi2stdmafd.inf","Windows Server 2019","17763","NativeApplicable","NativeApplicable","NATIVE_CANDIDATE","NativeCandidate","InfWideConservative","STATIC_CANDIDATE","NotEstablished","Standard.NTamd64","Standard.NTamd64","1","1","1.15","1.27","1.27","","1"
"25.8.1","PolarisVega","Audio","d0_whql-amd-software-adrenalin-edition-25.8.1-win10-win11-aug-vega-polaris.exe_398a8ae8ca69\Packages\Drivers\Audio\I2STDM\WT64A\amdi2stdmafd.inf","Windows Server 2022","20348","NativeApplicable","NativeApplicable","NATIVE_CANDIDATE","NativeCandidate","InfWideConservative","STATIC_CANDIDATE","NotEstablished","Standard.NTamd64","Standard.NTamd64","1","1","1.15","1.33","","","1"
"25.8.1","PolarisVega","Audio","d0_whql-amd-software-adrenalin-edition-25.8.1-win10-win11-aug-vega-polaris.exe_398a8ae8ca69\Packages\Drivers\Audio\I2STDM\WT64A\amdi2stdmafd.inf","Windows Server 2025","26100","NativeApplicable","NativeApplicable","NATIVE_CANDIDATE","NativeCandidate","InfWideConservative","STATIC_CANDIDATE","NotEstablished","Standard.NTamd64","Standard.NTamd64","1","1","1.15","1.33","1.35","","1"
"25.8.1","PolarisVega","Audio","d0_whql-amd-software-adrenalin-edition-25.8.1-win10-win11-aug-vega-polaris.exe_398a8ae8ca69\Packages\Drivers\Audio\SAFD\WT64A\amdsafd.inf","Windows Server 2016","14393","NotApplicableByBuild","NotApplicableByBuild","NOT_APPLICABLE","NotApplicable","InfWideConservative","STATIC_CANDIDATE","NotEstablished","","","0","0","1.15","1.19","","","1"
"25.8.1","PolarisVega","Audio","d0_whql-amd-software-adrenalin-edition-25.8.1-win10-win11-aug-vega-polaris.exe_398a8ae8ca69\Packages\Drivers\Audio\SAFD\WT64A\amdsafd.inf","Windows Server 2019","17763","NativeApplicable","NativeApplicable","NATIVE_CANDIDATE","NativeCandidate","InfWideConservative","STATIC_CANDIDATE","NotEstablished","AMD.NTAMD64.10.0...16299","AMD.NTAMD64.10.0...16299","1","1","1.15","1.27","1.27","","1"
"25.8.1","PolarisVega","Audio","d0_whql-amd-software-adrenalin-edition-25.8.1-win10-win11-aug-vega-polaris.exe_398a8ae8ca69\Packages\Drivers\Audio\SAFD\WT64A\amdsafd.inf","Windows Server 2022","20348","NativeApplicable","NativeApplicable","NATIVE_CANDIDATE","NativeCandidate","InfWideConservative","STATIC_CANDIDATE","NotEstablished","AMD.NTAMD64.10.0...16299","AMD.NTAMD64.10.0...16299","1","1","1.15","1.33","","","1"
"25.8.1","PolarisVega","Audio","d0_whql-amd-software-adrenalin-edition-25.8.1-win10-win11-aug-vega-polaris.exe_398a8ae8ca69\Packages\Drivers\Audio\SAFD\WT64A\amdsafd.inf","Windows Server 2025","26100","NativeApplicable","NativeApplicable","NATIVE_CANDIDATE","NativeCandidate","InfWideConservative","STATIC_CANDIDATE","NotEstablished","AMD.NTAMD64.10.0...16299","AMD.NTAMD64.10.0...16299","1","1","1.15","1.33","1.35","","1"
"25.8.1","PolarisVega","Display","d0_whql-amd-software-adrenalin-edition-25.8.1-win10-win11-aug-vega-polaris.exe_398a8ae8ca69\Packages\Drivers\Display\WT6A_INF\u0417877.inf","Windows Server 2016","14393","NotApplicableByBuild","ExplicitlyExcluded","NOT_APPLICABLE","NotApplicable","InfWideConservative","STATIC_CANDIDATE","NotEstablished","","ATI.Mfg.NTamd64.10.0.1;ATI.Mfg.NTamd64.6.0.1;ATI.Mfg.NTamd64.6.1.1;ATI.Mfg.NTamd64.6.2.1;ATI.Mfg.NTamd64.6.3.1","0","0","","1.19","","","1"
"25.8.1","PolarisVega","Display","d0_whql-amd-software-adrenalin-edition-25.8.1-win10-win11-aug-vega-polaris.exe_398a8ae8ca69\Packages\Drivers\Display\WT6A_INF\u0417877.inf","Windows Server 2019","17763","NotApplicableByProductType","ProjectionCandidate","PATCH_CANDIDATE","ProjectionCandidate","InfWideConservative","STATIC_CANDIDATE","NotEstablished","","ATI.Mfg.NTamd64.10.0.1..16299","0","5046","","1.27","1.27","","1"
"25.8.1","PolarisVega","Display","d0_whql-amd-software-adrenalin-edition-25.8.1-win10-win11-aug-vega-polaris.exe_398a8ae8ca69\Packages\Drivers\Display\WT6A_INF\u0417877.inf","Windows Server 2022","20348","NotApplicableByProductType","ProjectionCandidate","PATCH_CANDIDATE","ProjectionCandidate","InfWideConservative","STATIC_CANDIDATE","NotEstablished","","ATI.Mfg.NTamd64.10.0.1..16299","0","5046","","1.33","","","1"
"25.8.1","PolarisVega","Display","d0_whql-amd-software-adrenalin-edition-25.8.1-win10-win11-aug-vega-polaris.exe_398a8ae8ca69\Packages\Drivers\Display\WT6A_INF\u0417877.inf","Windows Server 2025","26100","NotApplicableByProductType","ProjectionCandidate","PATCH_CANDIDATE","ProjectionCandidate","InfWideConservative","STATIC_CANDIDATE","NotEstablished","","ATI.Mfg.NTamd64.10.0.1..16299","0","5046","","1.33","1.35","","1"
"25.8.1","PolarisVega","Display","d0_whql-amd-software-adrenalin-edition-25.8.1-win10-win11-aug-vega-polaris.exe_398a8ae8ca69\Packages\Drivers\Display\WT6A_INF\amdafd\amdafd.inf","Windows Server 2016","14393","NativeApplicable","NativeApplicable","NATIVE_CANDIDATE","NativeCandidate","InfWideConservative","STATIC_CANDIDATE","NotEstablished","AMD_KMAFD.NTAMD64","AMD_KMAFD.NTAMD64","2","2","","1.19","","","0"
"25.8.1","PolarisVega","Display","d0_whql-amd-software-adrenalin-edition-25.8.1-win10-win11-aug-vega-polaris.exe_398a8ae8ca69\Packages\Drivers\Display\WT6A_INF\amdafd\amdafd.inf","Windows Server 2019","17763","NativeApplicable","NativeApplicable","NATIVE_CANDIDATE","NativeCandidate","InfWideConservative","STATIC_CANDIDATE","NotEstablished","AMD_KMAFD.NTAMD64","AMD_KMAFD.NTAMD64","2","2","","1.27","1.27","","0"
"25.8.1","PolarisVega","Display","d0_whql-amd-software-adrenalin-edition-25.8.1-win10-win11-aug-vega-polaris.exe_398a8ae8ca69\Packages\Drivers\Display\WT6A_INF\amdafd\amdafd.inf","Windows Server 2022","20348","NativeApplicable","NativeApplicable","NATIVE_CANDIDATE","NativeCandidate","InfWideConservative","STATIC_CANDIDATE","NotEstablished","AMD_KMAFD.NTAMD64","AMD_KMAFD.NTAMD64","2","2","","1.33","","","0"
"25.8.1","PolarisVega","Display","d0_whql-amd-software-adrenalin-edition-25.8.1-win10-win11-aug-vega-polaris.exe_398a8ae8ca69\Packages\Drivers\Display\WT6A_INF\amdafd\amdafd.inf","Windows Server 2025","26100","NativeApplicable","NativeApplicable","NATIVE_CANDIDATE","NativeCandidate","InfWideConservative","STATIC_CANDIDATE","NotEstablished","AMD_KMAFD.NTAMD64","AMD_KMAFD.NTAMD64","2","2","","1.33","1.35","","0"
"25.8.1","PolarisVega","Display","d0_whql-amd-software-adrenalin-edition-25.8.1-win10-win11-aug-vega-polaris.exe_398a8ae8ca69\Packages\Drivers\Display\WT6A_INF\amdfdans\AMDFDANS.inf","Windows Server 2016","14393","NotApplicableByBuild","NotApplicableByBuild","NOT_APPLICABLE","NotApplicable","InfWideConservative","STATIC_CANDIDATE","NotEstablished","","","0","0","","1.19","","","0"
"25.8.1","PolarisVega","Display","d0_whql-amd-software-adrenalin-edition-25.8.1-win10-win11-aug-vega-polaris.exe_398a8ae8ca69\Packages\Drivers\Display\WT6A_INF\amdfdans\AMDFDANS.inf","Windows Server 2019","17763","NativeApplicable","NativeApplicable","NATIVE_CANDIDATE","NativeCandidate","InfWideConservative","STATIC_CANDIDATE","NotEstablished","AMD.Mfg.NTamd64.10.0...16299","AMD.Mfg.NTamd64.10.0...16299","1","1","","1.27","1.27","","0"
"25.8.1","PolarisVega","Display","d0_whql-amd-software-adrenalin-edition-25.8.1-win10-win11-aug-vega-polaris.exe_398a8ae8ca69\Packages\Drivers\Display\WT6A_INF\amdfdans\AMDFDANS.inf","Windows Server 2022","20348","NativeApplicable","NativeApplicable","NATIVE_CANDIDATE","NativeCandidate","InfWideConservative","STATIC_CANDIDATE","NotEstablished","AMD.Mfg.NTamd64.10.0...16299","AMD.Mfg.NTamd64.10.0...16299","1","1","","1.33","","","0"
"25.8.1","PolarisVega","Display","d0_whql-amd-software-adrenalin-edition-25.8.1-win10-win11-aug-vega-polaris.exe_398a8ae8ca69\Packages\Drivers\Display\WT6A_INF\amdfdans\AMDFDANS.inf","Windows Server 2025","26100","NativeApplicable","NativeApplicable","NATIVE_CANDIDATE","NativeCandidate","InfWideConservative","STATIC_CANDIDATE","NotEstablished","AMD.Mfg.NTamd64.10.0...16299","AMD.Mfg.NTamd64.10.0...16299","1","1","","1.33","1.35","","0"
"25.8.1","PolarisVega","Display","d0_whql-amd-software-adrenalin-edition-25.8.1-win10-win11-aug-vega-polaris.exe_398a8ae8ca69\Packages\Drivers\Display\WT6A_INF\amdfendr\amdfendr.inf","Windows Server 2016","14393","NotApplicableByBuild","NotApplicableByBuild","NOT_APPLICABLE","NotApplicable","InfWideConservative","STATIC_CANDIDATE","NotEstablished","","","0","0","1.15","1.19","","","0"
"25.8.1","PolarisVega","Display","d0_whql-amd-software-adrenalin-edition-25.8.1-win10-win11-aug-vega-polaris.exe_398a8ae8ca69\Packages\Drivers\Display\WT6A_INF\amdfendr\amdfendr.inf","Windows Server 2019","17763","NativeApplicable","NativeApplicable","NATIVE_CANDIDATE","NativeCandidate","InfWideConservative","STATIC_CANDIDATE","NotEstablished","AMDFENDR_KM.NTAMD64.10.0...16299","AMDFENDR_KM.NTAMD64.10.0...16299","1","1","1.15","1.27","1.27","","0"
"25.8.1","PolarisVega","Display","d0_whql-amd-software-adrenalin-edition-25.8.1-win10-win11-aug-vega-polaris.exe_398a8ae8ca69\Packages\Drivers\Display\WT6A_INF\amdfendr\amdfendr.inf","Windows Server 2022","20348","NativeApplicable","NativeApplicable","NATIVE_CANDIDATE","NativeCandidate","InfWideConservative","STATIC_CANDIDATE","NotEstablished","AMDFENDR_KM.NTAMD64.10.0...16299","AMDFENDR_KM.NTAMD64.10.0...16299","1","1","1.15","1.33","","","0"
"25.8.1","PolarisVega","Display","d0_whql-amd-software-adrenalin-edition-25.8.1-win10-win11-aug-vega-polaris.exe_398a8ae8ca69\Packages\Drivers\Display\WT6A_INF\amdfendr\amdfendr.inf","Windows Server 2025","26100","NativeApplicable","NativeApplicable","NATIVE_CANDIDATE","NativeCandidate","InfWideConservative","STATIC_CANDIDATE","NotEstablished","AMDFENDR_KM.NTAMD64.10.0...16299","AMDFENDR_KM.NTAMD64.10.0...16299","1","1","1.15","1.33","1.35","","0"
"25.8.1","PolarisVega","Display","d0_whql-amd-software-adrenalin-edition-25.8.1-win10-win11-aug-vega-polaris.exe_398a8ae8ca69\Packages\Drivers\Display\WT6A_INF\amdocl\amdocl.inf","Windows Server 2016","14393","NotApplicableByBuild","NotApplicableByBuild","NOT_APPLICABLE","NotApplicable","InfWideConservative","STATIC_CANDIDATE","NotEstablished","","","0","0","","1.19","","","0"
"25.8.1","PolarisVega","Display","d0_whql-amd-software-adrenalin-edition-25.8.1-win10-win11-aug-vega-polaris.exe_398a8ae8ca69\Packages\Drivers\Display\WT6A_INF\amdocl\amdocl.inf","Windows Server 2019","17763","NativeApplicable","NativeApplicable","NATIVE_CANDIDATE","NativeCandidate","InfWideConservative","STATIC_CANDIDATE","NotEstablished","AMD.Mfg.NTamd64.10.0...16299","AMD.Mfg.NTamd64.10.0...16299","1","1","","1.27","1.27","","0"
"25.8.1","PolarisVega","Display","d0_whql-amd-software-adrenalin-edition-25.8.1-win10-win11-aug-vega-polaris.exe_398a8ae8ca69\Packages\Drivers\Display\WT6A_INF\amdocl\amdocl.inf","Windows Server 2022","20348","NativeApplicable","NativeApplicable","NATIVE_CANDIDATE","NativeCandidate","InfWideConservative","STATIC_CANDIDATE","NotEstablished","AMD.Mfg.NTamd64.10.0...16299","AMD.Mfg.NTamd64.10.0...16299","1","1","","1.33","","","0"
"25.8.1","PolarisVega","Display","d0_whql-amd-software-adrenalin-edition-25.8.1-win10-win11-aug-vega-polaris.exe_398a8ae8ca69\Packages\Drivers\Display\WT6A_INF\amdocl\amdocl.inf","Windows Server 2025","26100","NativeApplicable","NativeApplicable","NATIVE_CANDIDATE","NativeCandidate","InfWideConservative","STATIC_CANDIDATE","NotEstablished","AMD.Mfg.NTamd64.10.0...16299","AMD.Mfg.NTamd64.10.0...16299","1","1","","1.33","1.35","","0"
"25.8.1","PolarisVega","Display","d0_whql-amd-software-adrenalin-edition-25.8.1-win10-win11-aug-vega-polaris.exe_398a8ae8ca69\Packages\Drivers\Display\WT6A_INF\amdpcibridge\amdpcibridgeextension.inf","Windows Server 2016","14393","NativeApplicable","NativeApplicable","NATIVE_CANDIDATE","NativeCandidate","InfWideConservative","STATIC_CANDIDATE","NotEstablished","DeviceExtensions.NTamd64","DeviceExtensions.NTamd64","2","2","","1.19","","","0"
"25.8.1","PolarisVega","Display","d0_whql-amd-software-adrenalin-edition-25.8.1-win10-win11-aug-vega-polaris.exe_398a8ae8ca69\Packages\Drivers\Display\WT6A_INF\amdpcibridge\amdpcibridgeextension.inf","Windows Server 2019","17763","NativeApplicable","NativeApplicable","NATIVE_CANDIDATE","NativeCandidate","InfWideConservative","STATIC_CANDIDATE","NotEstablished","DeviceExtensions.NTamd64","DeviceExtensions.NTamd64","2","2","","1.27","1.27","","0"
"25.8.1","PolarisVega","Display","d0_whql-amd-software-adrenalin-edition-25.8.1-win10-win11-aug-vega-polaris.exe_398a8ae8ca69\Packages\Drivers\Display\WT6A_INF\amdpcibridge\amdpcibridgeextension.inf","Windows Server 2022","20348","NativeApplicable","NativeApplicable","NATIVE_CANDIDATE","NativeCandidate","InfWideConservative","STATIC_CANDIDATE","NotEstablished","DeviceExtensions.NTamd64","DeviceExtensions.NTamd64","2","2","","1.33","","","0"
"25.8.1","PolarisVega","Display","d0_whql-amd-software-adrenalin-edition-25.8.1-win10-win11-aug-vega-polaris.exe_398a8ae8ca69\Packages\Drivers\Display\WT6A_INF\amdpcibridge\amdpcibridgeextension.inf","Windows Server 2025","26100","NativeApplicable","NativeApplicable","NATIVE_CANDIDATE","NativeCandidate","InfWideConservative","STATIC_CANDIDATE","NotEstablished","DeviceExtensions.NTamd64","DeviceExtensions.NTamd64","2","2","","1.33","1.35","","0"
"25.8.1","PolarisVega","Display","d0_whql-amd-software-adrenalin-edition-25.8.1-win10-win11-aug-vega-polaris.exe_398a8ae8ca69\Packages\Drivers\Display\WT6A_INF\amdwin\amdwin-u0417877.inf","Windows Server 2016","14393","NativeApplicable","NativeApplicable","NATIVE_CANDIDATE","NativeCandidate","InfWideConservative","STATIC_CANDIDATE","NotEstablished","AMD.Mfg.NTamd64.10.0","AMD.Mfg.NTamd64.10.0","1","1","","1.19","","","0"
"25.8.1","PolarisVega","Display","d0_whql-amd-software-adrenalin-edition-25.8.1-win10-win11-aug-vega-polaris.exe_398a8ae8ca69\Packages\Drivers\Display\WT6A_INF\amdwin\amdwin-u0417877.inf","Windows Server 2019","17763","NativeApplicable","NativeApplicable","NATIVE_CANDIDATE","NativeCandidate","InfWideConservative","STATIC_CANDIDATE","NotEstablished","AMD.Mfg.NTamd64.10.0","AMD.Mfg.NTamd64.10.0","1","1","","1.27","1.27","","0"
"25.8.1","PolarisVega","Display","d0_whql-amd-software-adrenalin-edition-25.8.1-win10-win11-aug-vega-polaris.exe_398a8ae8ca69\Packages\Drivers\Display\WT6A_INF\amdwin\amdwin-u0417877.inf","Windows Server 2022","20348","NativeApplicable","NativeApplicable","NATIVE_CANDIDATE","NativeCandidate","InfWideConservative","STATIC_CANDIDATE","NotEstablished","AMD.Mfg.NTamd64.10.0","AMD.Mfg.NTamd64.10.0","1","1","","1.33","","","0"
"25.8.1","PolarisVega","Display","d0_whql-amd-software-adrenalin-edition-25.8.1-win10-win11-aug-vega-polaris.exe_398a8ae8ca69\Packages\Drivers\Display\WT6A_INF\amdwin\amdwin-u0417877.inf","Windows Server 2025","26100","NativeApplicable","NativeApplicable","NATIVE_CANDIDATE","NativeCandidate","InfWideConservative","STATIC_CANDIDATE","NotEstablished","AMD.Mfg.NTamd64.10.0","AMD.Mfg.NTamd64.10.0","1","1","","1.33","1.35","","0"
"25.8.1","PolarisVega","Display","d0_whql-amd-software-adrenalin-edition-25.8.1-win10-win11-aug-vega-polaris.exe_398a8ae8ca69\Packages\Drivers\Display\WT6A_INF\amdxe\amdxe.inf","Windows Server 2016","14393","NativeApplicable","NativeApplicable","NATIVE_CANDIDATE","NativeCandidate","InfWideConservative","STATIC_CANDIDATE","NotEstablished","Standard.NTamd64","Standard.NTamd64","1","1","1.15","1.19","","","0"
"25.8.1","PolarisVega","Display","d0_whql-amd-software-adrenalin-edition-25.8.1-win10-win11-aug-vega-polaris.exe_398a8ae8ca69\Packages\Drivers\Display\WT6A_INF\amdxe\amdxe.inf","Windows Server 2019","17763","NativeApplicable","NativeApplicable","NATIVE_CANDIDATE","NativeCandidate","InfWideConservative","STATIC_CANDIDATE","NotEstablished","Standard.NTamd64","Standard.NTamd64","1","1","1.15","1.27","1.27","","0"
"25.8.1","PolarisVega","Display","d0_whql-amd-software-adrenalin-edition-25.8.1-win10-win11-aug-vega-polaris.exe_398a8ae8ca69\Packages\Drivers\Display\WT6A_INF\amdxe\amdxe.inf","Windows Server 2022","20348","NativeApplicable","NativeApplicable","NATIVE_CANDIDATE","NativeCandidate","InfWideConservative","STATIC_CANDIDATE","NotEstablished","Standard.NTamd64","Standard.NTamd64","1","1","1.15","1.33","","","0"
"25.8.1","PolarisVega","Display","d0_whql-amd-software-adrenalin-edition-25.8.1-win10-win11-aug-vega-polaris.exe_398a8ae8ca69\Packages\Drivers\Display\WT6A_INF\amdxe\amdxe.inf","Windows Server 2025","26100","NativeApplicable","NativeApplicable","NATIVE_CANDIDATE","NativeCandidate","InfWideConservative","STATIC_CANDIDATE","NotEstablished","Standard.NTamd64","Standard.NTamd64","1","1","1.15","1.33","1.35","","0"
"25.8.1","PolarisVega","RadeonLED","d0_whql-amd-software-adrenalin-edition-25.8.1-win10-win11-aug-vega-polaris.exe_398a8ae8ca69\Packages\Drivers\RadeonLED\WT64A\amdusbledfd.inf","Windows Server 2016","14393","NativeApplicable","NativeApplicable","NATIVE_CANDIDATE","NativeCandidate","InfWideConservative","STATIC_CANDIDATE","NotEstablished","AMD_USBLEDFD.NTamd64","AMD_USBLEDFD.NTamd64","6","6","","1.19","","","1"
"25.8.1","PolarisVega","RadeonLED","d0_whql-amd-software-adrenalin-edition-25.8.1-win10-win11-aug-vega-polaris.exe_398a8ae8ca69\Packages\Drivers\RadeonLED\WT64A\amdusbledfd.inf","Windows Server 2019","17763","NativeApplicable","NativeApplicable","NATIVE_CANDIDATE","NativeCandidate","InfWideConservative","STATIC_CANDIDATE","NotEstablished","AMD_USBLEDFD.NTamd64","AMD_USBLEDFD.NTamd64","6","6","","1.27","1.27","","1"
"25.8.1","PolarisVega","RadeonLED","d0_whql-amd-software-adrenalin-edition-25.8.1-win10-win11-aug-vega-polaris.exe_398a8ae8ca69\Packages\Drivers\RadeonLED\WT64A\amdusbledfd.inf","Windows Server 2022","20348","NativeApplicable","NativeApplicable","NATIVE_CANDIDATE","NativeCandidate","InfWideConservative","STATIC_CANDIDATE","NotEstablished","AMD_USBLEDFD.NTamd64","AMD_USBLEDFD.NTamd64","6","6","","1.33","","","1"
"25.8.1","PolarisVega","RadeonLED","d0_whql-amd-software-adrenalin-edition-25.8.1-win10-win11-aug-vega-polaris.exe_398a8ae8ca69\Packages\Drivers\RadeonLED\WT64A\amdusbledfd.inf","Windows Server 2025","26100","NativeApplicable","NativeApplicable","NATIVE_CANDIDATE","NativeCandidate","InfWideConservative","STATIC_CANDIDATE","NotEstablished","AMD_USBLEDFD.NTamd64","AMD_USBLEDFD.NTamd64","6","6","","1.33","1.35","","1"
"25.8.1","PolarisVega","SBDrv","d0_whql-amd-software-adrenalin-edition-25.8.1-win10-win11-aug-vega-polaris.exe_398a8ae8ca69\Packages\Drivers\SBDrv\AMDUCSI\WT64A\amducsi.inf","Windows Server 2016","14393","NativeApplicable","NativeApplicable","NATIVE_CANDIDATE","NativeCandidate","InfWideConservative","STATIC_CANDIDATE","NotEstablished","AMD.NTamd64","AMD.NTamd64","5","5","1.15","1.19","","","1"
"25.8.1","PolarisVega","SBDrv","d0_whql-amd-software-adrenalin-edition-25.8.1-win10-win11-aug-vega-polaris.exe_398a8ae8ca69\Packages\Drivers\SBDrv\AMDUCSI\WT64A\amducsi.inf","Windows Server 2019","17763","NativeApplicable","NativeApplicable","NATIVE_CANDIDATE","NativeCandidate","InfWideConservative","STATIC_CANDIDATE","NotEstablished","AMD.NTamd64","AMD.NTamd64","5","5","1.15","1.27","1.27","","1"
"25.8.1","PolarisVega","SBDrv","d0_whql-amd-software-adrenalin-edition-25.8.1-win10-win11-aug-vega-polaris.exe_398a8ae8ca69\Packages\Drivers\SBDrv\AMDUCSI\WT64A\amducsi.inf","Windows Server 2022","20348","NativeApplicable","NativeApplicable","NATIVE_CANDIDATE","NativeCandidate","InfWideConservative","STATIC_CANDIDATE","NotEstablished","AMD.NTamd64","AMD.NTamd64","5","5","1.15","1.33","","","1"
"25.8.1","PolarisVega","SBDrv","d0_whql-amd-software-adrenalin-edition-25.8.1-win10-win11-aug-vega-polaris.exe_398a8ae8ca69\Packages\Drivers\SBDrv\AMDUCSI\WT64A\amducsi.inf","Windows Server 2025","26100","NativeApplicable","NativeApplicable","NATIVE_CANDIDATE","NativeCandidate","InfWideConservative","STATIC_CANDIDATE","NotEstablished","AMD.NTamd64","AMD.NTamd64","5","5","1.15","1.33","1.35","","1"
"24.9.1","PolarisVega","Audio","d0_whql-amd-software-adrenalin-edition-24.9.1-win10-win11-vega-polaris.exe_f5da5456d84c\Packages\Drivers\Audio\ACPAfd\WT64A\amdacpafd.inf","Windows Server 2016","14393","NotApplicableByBuild","NotApplicableByBuild","NOT_APPLICABLE","NotApplicable","InfWideConservative","STATIC_CANDIDATE","NotEstablished","","","0","0","1.15","1.19","","","1"
"24.9.1","PolarisVega","Audio","d0_whql-amd-software-adrenalin-edition-24.9.1-win10-win11-vega-polaris.exe_f5da5456d84c\Packages\Drivers\Audio\ACPAfd\WT64A\amdacpafd.inf","Windows Server 2019","17763","NativeApplicable","NativeApplicable","NATIVE_CANDIDATE","NativeCandidate","InfWideConservative","STATIC_CANDIDATE","NotEstablished","AMD.NTAMD64.10.0...16299","AMD.NTAMD64.10.0...16299","4","4","1.15","1.27","1.27","","1"
"24.9.1","PolarisVega","Audio","d0_whql-amd-software-adrenalin-edition-24.9.1-win10-win11-vega-polaris.exe_f5da5456d84c\Packages\Drivers\Audio\ACPAfd\WT64A\amdacpafd.inf","Windows Server 2022","20348","NativeApplicable","NativeApplicable","NATIVE_CANDIDATE","NativeCandidate","InfWideConservative","STATIC_CANDIDATE","NotEstablished","AMD.NTAMD64.10.0...16299","AMD.NTAMD64.10.0...16299","4","4","1.15","1.33","","","1"
"24.9.1","PolarisVega","Audio","d0_whql-amd-software-adrenalin-edition-24.9.1-win10-win11-vega-polaris.exe_f5da5456d84c\Packages\Drivers\Audio\ACPAfd\WT64A\amdacpafd.inf","Windows Server 2025","26100","NativeApplicable","NativeApplicable","NATIVE_CANDIDATE","NativeCandidate","InfWideConservative","STATIC_CANDIDATE","NotEstablished","AMD.NTAMD64.10.0...16299","AMD.NTAMD64.10.0...16299","4","4","1.15","1.33","1.35","","1"
"24.9.1","PolarisVega","Audio","d0_whql-amd-software-adrenalin-edition-24.9.1-win10-win11-vega-polaris.exe_f5da5456d84c\Packages\Drivers\Audio\ACPBtAfd\WT64A\amdacpbt.inf","Windows Server 2016","14393","NativeApplicable","NativeApplicable","NATIVE_CANDIDATE","NativeCandidate","InfWideConservative","STATIC_CANDIDATE","NotEstablished","AMD.NTAMD64","AMD.NTAMD64","1","1","1.15","1.19","","","1"
"24.9.1","PolarisVega","Audio","d0_whql-amd-software-adrenalin-edition-24.9.1-win10-win11-vega-polaris.exe_f5da5456d84c\Packages\Drivers\Audio\ACPBtAfd\WT64A\amdacpbt.inf","Windows Server 2019","17763","NativeApplicable","NativeApplicable","NATIVE_CANDIDATE","NativeCandidate","InfWideConservative","STATIC_CANDIDATE","NotEstablished","AMD.NTAMD64","AMD.NTAMD64","1","1","1.15","1.27","1.27","","1"
"24.9.1","PolarisVega","Audio","d0_whql-amd-software-adrenalin-edition-24.9.1-win10-win11-vega-polaris.exe_f5da5456d84c\Packages\Drivers\Audio\ACPBtAfd\WT64A\amdacpbt.inf","Windows Server 2022","20348","NativeApplicable","NativeApplicable","NATIVE_CANDIDATE","NativeCandidate","InfWideConservative","STATIC_CANDIDATE","NotEstablished","AMD.NTAMD64","AMD.NTAMD64","1","1","1.15","1.33","","","1"
"24.9.1","PolarisVega","Audio","d0_whql-amd-software-adrenalin-edition-24.9.1-win10-win11-vega-polaris.exe_f5da5456d84c\Packages\Drivers\Audio\ACPBtAfd\WT64A\amdacpbt.inf","Windows Server 2025","26100","NativeApplicable","NativeApplicable","NATIVE_CANDIDATE","NativeCandidate","InfWideConservative","STATIC_CANDIDATE","NotEstablished","AMD.NTAMD64","AMD.NTAMD64","1","1","1.15","1.33","1.35","","1"
"24.9.1","PolarisVega","Audio","d0_whql-amd-software-adrenalin-edition-24.9.1-win10-win11-vega-polaris.exe_f5da5456d84c\Packages\Drivers\Audio\ACPBus\WT64A\amdacpbus.inf","Windows Server 2016","14393","NotApplicableByBuild","NotApplicableByBuild","NOT_APPLICABLE","NotApplicable","InfWideConservative","STATIC_CANDIDATE","NotEstablished","","","0","0","","1.19","","","1"
"24.9.1","PolarisVega","Audio","d0_whql-amd-software-adrenalin-edition-24.9.1-win10-win11-vega-polaris.exe_f5da5456d84c\Packages\Drivers\Audio\ACPBus\WT64A\amdacpbus.inf","Windows Server 2019","17763","NativeApplicable","NativeApplicable","NATIVE_CANDIDATE","NativeCandidate","InfWideConservative","STATIC_CANDIDATE","NotEstablished","AMD.NTamd64.10.0...16299","AMD.NTamd64.10.0...16299","7","7","","1.27","1.27","","1"
"24.9.1","PolarisVega","Audio","d0_whql-amd-software-adrenalin-edition-24.9.1-win10-win11-vega-polaris.exe_f5da5456d84c\Packages\Drivers\Audio\ACPBus\WT64A\amdacpbus.inf","Windows Server 2022","20348","NativeApplicable","NativeApplicable","NATIVE_CANDIDATE","NativeCandidate","InfWideConservative","STATIC_CANDIDATE","NotEstablished","AMD.NTamd64.10.0...16299","AMD.NTamd64.10.0...16299","7","7","","1.33","","","1"
"24.9.1","PolarisVega","Audio","d0_whql-amd-software-adrenalin-edition-24.9.1-win10-win11-vega-polaris.exe_f5da5456d84c\Packages\Drivers\Audio\ACPBus\WT64A\amdacpbus.inf","Windows Server 2025","26100","NativeApplicable","NativeApplicable","NATIVE_CANDIDATE","NativeCandidate","InfWideConservative","STATIC_CANDIDATE","NotEstablished","AMD.NTamd64.10.0...16299","AMD.NTamd64.10.0...16299","7","7","","1.33","1.35","","1"
"24.9.1","PolarisVega","Audio","d0_whql-amd-software-adrenalin-edition-24.9.1-win10-win11-vega-polaris.exe_f5da5456d84c\Packages\Drivers\Audio\ACPBus\WT64A\amdacpbusext\amdacpbusext.inf","Windows Server 2016","14393","NotApplicableByBuild","NotApplicableByBuild","NOT_APPLICABLE","NotApplicable","InfWideConservative","STATIC_CANDIDATE","NotEstablished","","","0","0","","1.19","","","0"
"24.9.1","PolarisVega","Audio","d0_whql-amd-software-adrenalin-edition-24.9.1-win10-win11-vega-polaris.exe_f5da5456d84c\Packages\Drivers\Audio\ACPBus\WT64A\amdacpbusext\amdacpbusext.inf","Windows Server 2019","17763","NativeApplicable","NativeApplicable","NATIVE_CANDIDATE","NativeCandidate","InfWideConservative","STATIC_CANDIDATE","NotEstablished","AMD.NTamd64.10.0...16299","AMD.NTamd64.10.0...16299","3","3","","1.27","1.27","","0"
"24.9.1","PolarisVega","Audio","d0_whql-amd-software-adrenalin-edition-24.9.1-win10-win11-vega-polaris.exe_f5da5456d84c\Packages\Drivers\Audio\ACPBus\WT64A\amdacpbusext\amdacpbusext.inf","Windows Server 2022","20348","NativeApplicable","NativeApplicable","NATIVE_CANDIDATE","NativeCandidate","InfWideConservative","STATIC_CANDIDATE","NotEstablished","AMD.NTamd64.10.0...16299","AMD.NTamd64.10.0...16299","3","3","","1.33","","","0"
"24.9.1","PolarisVega","Audio","d0_whql-amd-software-adrenalin-edition-24.9.1-win10-win11-vega-polaris.exe_f5da5456d84c\Packages\Drivers\Audio\ACPBus\WT64A\amdacpbusext\amdacpbusext.inf","Windows Server 2025","26100","NativeApplicable","NativeApplicable","NATIVE_CANDIDATE","NativeCandidate","InfWideConservative","STATIC_CANDIDATE","NotEstablished","AMD.NTamd64.10.0...16299","AMD.NTamd64.10.0...16299","3","3","","1.33","1.35","","0"
"24.9.1","PolarisVega","Audio","d0_whql-amd-software-adrenalin-edition-24.9.1-win10-win11-vega-polaris.exe_f5da5456d84c\Packages\Drivers\Audio\ACPBus2\WT64A\amdacpbusext\amdacpbusext.inf","Windows Server 2016","14393","NotApplicableByBuild","NotApplicableByBuild","NOT_APPLICABLE","NotApplicable","InfWideConservative","STATIC_CANDIDATE","NotEstablished","","","0","0","","1.19","","","0"
"24.9.1","PolarisVega","Audio","d0_whql-amd-software-adrenalin-edition-24.9.1-win10-win11-vega-polaris.exe_f5da5456d84c\Packages\Drivers\Audio\ACPBus2\WT64A\amdacpbusext\amdacpbusext.inf","Windows Server 2019","17763","NativeApplicable","NativeApplicable","NATIVE_CANDIDATE","NativeCandidate","InfWideConservative","STATIC_CANDIDATE","NotEstablished","AMD.NTamd64.10.0...16299","AMD.NTamd64.10.0...16299","3","3","","1.27","1.27","","0"
"24.9.1","PolarisVega","Audio","d0_whql-amd-software-adrenalin-edition-24.9.1-win10-win11-vega-polaris.exe_f5da5456d84c\Packages\Drivers\Audio\ACPBus2\WT64A\amdacpbusext\amdacpbusext.inf","Windows Server 2022","20348","NativeApplicable","NativeApplicable","NATIVE_CANDIDATE","NativeCandidate","InfWideConservative","STATIC_CANDIDATE","NotEstablished","AMD.NTamd64.10.0...16299","AMD.NTamd64.10.0...16299","3","3","","1.33","","","0"
"24.9.1","PolarisVega","Audio","d0_whql-amd-software-adrenalin-edition-24.9.1-win10-win11-vega-polaris.exe_f5da5456d84c\Packages\Drivers\Audio\ACPBus2\WT64A\amdacpbusext\amdacpbusext.inf","Windows Server 2025","26100","NativeApplicable","NativeApplicable","NATIVE_CANDIDATE","NativeCandidate","InfWideConservative","STATIC_CANDIDATE","NotEstablished","AMD.NTamd64.10.0...16299","AMD.NTamd64.10.0...16299","3","3","","1.33","1.35","","0"
"24.9.1","PolarisVega","Audio","d0_whql-amd-software-adrenalin-edition-24.9.1-win10-win11-vega-polaris.exe_f5da5456d84c\Packages\Drivers\Audio\HDABus\WT64A\amdhdaudbus.inf","Windows Server 2016","14393","NativeApplicable","NativeApplicable","NATIVE_CANDIDATE","NativeCandidate","InfWideConservative","STATIC_CANDIDATE","NotEstablished","AMD.NTAMD64","AMD.NTAMD64","1","1","1.15","1.19","","","1"
"24.9.1","PolarisVega","Audio","d0_whql-amd-software-adrenalin-edition-24.9.1-win10-win11-vega-polaris.exe_f5da5456d84c\Packages\Drivers\Audio\HDABus\WT64A\amdhdaudbus.inf","Windows Server 2019","17763","NativeApplicable","NativeApplicable","NATIVE_CANDIDATE","NativeCandidate","InfWideConservative","STATIC_CANDIDATE","NotEstablished","AMD.NTAMD64","AMD.NTAMD64","1","1","1.15","1.27","1.27","","1"
"24.9.1","PolarisVega","Audio","d0_whql-amd-software-adrenalin-edition-24.9.1-win10-win11-vega-polaris.exe_f5da5456d84c\Packages\Drivers\Audio\HDABus\WT64A\amdhdaudbus.inf","Windows Server 2022","20348","NativeApplicable","NativeApplicable","NATIVE_CANDIDATE","NativeCandidate","InfWideConservative","STATIC_CANDIDATE","NotEstablished","AMD.NTAMD64","AMD.NTAMD64","1","1","1.15","1.33","","","1"
"24.9.1","PolarisVega","Audio","d0_whql-amd-software-adrenalin-edition-24.9.1-win10-win11-vega-polaris.exe_f5da5456d84c\Packages\Drivers\Audio\HDABus\WT64A\amdhdaudbus.inf","Windows Server 2025","26100","NativeApplicable","NativeApplicable","NATIVE_CANDIDATE","NativeCandidate","InfWideConservative","STATIC_CANDIDATE","NotEstablished","AMD.NTAMD64","AMD.NTAMD64","1","1","1.15","1.33","1.35","","1"
"24.9.1","PolarisVega","Audio","d0_whql-amd-software-adrenalin-edition-24.9.1-win10-win11-vega-polaris.exe_f5da5456d84c\Packages\Drivers\Audio\HDMI\WT64A\AtihdWT6.inf","Windows Server 2016","14393","NativeApplicable","NativeApplicable","NATIVE_CANDIDATE","NativeCandidate","InfWideConservative","STATIC_CANDIDATE","NotEstablished","AMD.NTamd64.10.0;AMD.NTamd64.6.0;AMD.NTamd64.6.1;AMD.NTamd64.6.2;AMD.NTamd64.6.3","AMD.NTamd64.10.0;AMD.NTamd64.6.0;AMD.NTamd64.6.1;AMD.NTamd64.6.2;AMD.NTamd64.6.3","8","8","","1.19","","","1"
"24.9.1","PolarisVega","Audio","d0_whql-amd-software-adrenalin-edition-24.9.1-win10-win11-vega-polaris.exe_f5da5456d84c\Packages\Drivers\Audio\HDMI\WT64A\AtihdWT6.inf","Windows Server 2019","17763","NativeApplicable","NativeApplicable","NATIVE_CANDIDATE","NativeCandidate","InfWideConservative","STATIC_CANDIDATE","NotEstablished","AMD.NTamd64.10.0...16299","AMD.NTamd64.10.0...16299","8","8","","1.27","1.27","","1"
"24.9.1","PolarisVega","Audio","d0_whql-amd-software-adrenalin-edition-24.9.1-win10-win11-vega-polaris.exe_f5da5456d84c\Packages\Drivers\Audio\HDMI\WT64A\AtihdWT6.inf","Windows Server 2022","20348","NativeApplicable","NativeApplicable","NATIVE_CANDIDATE","NativeCandidate","InfWideConservative","STATIC_CANDIDATE","NotEstablished","AMD.NTamd64.10.0...16299","AMD.NTamd64.10.0...16299","8","8","","1.33","","","1"
"24.9.1","PolarisVega","Audio","d0_whql-amd-software-adrenalin-edition-24.9.1-win10-win11-vega-polaris.exe_f5da5456d84c\Packages\Drivers\Audio\HDMI\WT64A\AtihdWT6.inf","Windows Server 2025","26100","NativeApplicable","NativeApplicable","NATIVE_CANDIDATE","NativeCandidate","InfWideConservative","STATIC_CANDIDATE","NotEstablished","AMD.NTamd64.10.0...22621","AMD.NTamd64.10.0...22621","8","8","","1.33","1.35","","1"
"24.9.1","PolarisVega","Audio","d0_whql-amd-software-adrenalin-edition-24.9.1-win10-win11-vega-polaris.exe_f5da5456d84c\Packages\Drivers\Audio\I2STDM\WT64A\amdi2stdmafd.inf","Windows Server 2016","14393","NativeApplicable","NativeApplicable","NATIVE_CANDIDATE","NativeCandidate","InfWideConservative","STATIC_CANDIDATE","NotEstablished","Standard.NTamd64","Standard.NTamd64","1","1","1.15","1.19","","","1"
"24.9.1","PolarisVega","Audio","d0_whql-amd-software-adrenalin-edition-24.9.1-win10-win11-vega-polaris.exe_f5da5456d84c\Packages\Drivers\Audio\I2STDM\WT64A\amdi2stdmafd.inf","Windows Server 2019","17763","NativeApplicable","NativeApplicable","NATIVE_CANDIDATE","NativeCandidate","InfWideConservative","STATIC_CANDIDATE","NotEstablished","Standard.NTamd64","Standard.NTamd64","1","1","1.15","1.27","1.27","","1"
"24.9.1","PolarisVega","Audio","d0_whql-amd-software-adrenalin-edition-24.9.1-win10-win11-vega-polaris.exe_f5da5456d84c\Packages\Drivers\Audio\I2STDM\WT64A\amdi2stdmafd.inf","Windows Server 2022","20348","NativeApplicable","NativeApplicable","NATIVE_CANDIDATE","NativeCandidate","InfWideConservative","STATIC_CANDIDATE","NotEstablished","Standard.NTamd64","Standard.NTamd64","1","1","1.15","1.33","","","1"
"24.9.1","PolarisVega","Audio","d0_whql-amd-software-adrenalin-edition-24.9.1-win10-win11-vega-polaris.exe_f5da5456d84c\Packages\Drivers\Audio\I2STDM\WT64A\amdi2stdmafd.inf","Windows Server 2025","26100","NativeApplicable","NativeApplicable","NATIVE_CANDIDATE","NativeCandidate","InfWideConservative","STATIC_CANDIDATE","NotEstablished","Standard.NTamd64","Standard.NTamd64","1","1","1.15","1.33","1.35","","1"
"24.9.1","PolarisVega","Audio","d0_whql-amd-software-adrenalin-edition-24.9.1-win10-win11-vega-polaris.exe_f5da5456d84c\Packages\Drivers\Audio\SAFD\WT64A\amdsafd.inf","Windows Server 2016","14393","NotApplicableByBuild","NotApplicableByBuild","NOT_APPLICABLE","NotApplicable","InfWideConservative","STATIC_CANDIDATE","NotEstablished","","","0","0","1.15","1.19","","","1"
"24.9.1","PolarisVega","Audio","d0_whql-amd-software-adrenalin-edition-24.9.1-win10-win11-vega-polaris.exe_f5da5456d84c\Packages\Drivers\Audio\SAFD\WT64A\amdsafd.inf","Windows Server 2019","17763","NativeApplicable","NativeApplicable","NATIVE_CANDIDATE","NativeCandidate","InfWideConservative","STATIC_CANDIDATE","NotEstablished","AMD.NTAMD64.10.0...16299","AMD.NTAMD64.10.0...16299","1","1","1.15","1.27","1.27","","1"
"24.9.1","PolarisVega","Audio","d0_whql-amd-software-adrenalin-edition-24.9.1-win10-win11-vega-polaris.exe_f5da5456d84c\Packages\Drivers\Audio\SAFD\WT64A\amdsafd.inf","Windows Server 2022","20348","NativeApplicable","NativeApplicable","NATIVE_CANDIDATE","NativeCandidate","InfWideConservative","STATIC_CANDIDATE","NotEstablished","AMD.NTAMD64.10.0...16299","AMD.NTAMD64.10.0...16299","1","1","1.15","1.33","","","1"
"24.9.1","PolarisVega","Audio","d0_whql-amd-software-adrenalin-edition-24.9.1-win10-win11-vega-polaris.exe_f5da5456d84c\Packages\Drivers\Audio\SAFD\WT64A\amdsafd.inf","Windows Server 2025","26100","NativeApplicable","NativeApplicable","NATIVE_CANDIDATE","NativeCandidate","InfWideConservative","STATIC_CANDIDATE","NotEstablished","AMD.NTAMD64.10.0...16299","AMD.NTAMD64.10.0...16299","1","1","1.15","1.33","1.35","","1"
"24.9.1","PolarisVega","Display","d0_whql-amd-software-adrenalin-edition-24.9.1-win10-win11-vega-polaris.exe_f5da5456d84c\Packages\Drivers\Display\WT6A_INF\u0407052.inf","Windows Server 2016","14393","NotApplicableByBuild","ExplicitlyExcluded","NOT_APPLICABLE","NotApplicable","InfWideConservative","STATIC_CANDIDATE","NotEstablished","","ATI.Mfg.NTamd64.10.0.1;ATI.Mfg.NTamd64.6.0.1;ATI.Mfg.NTamd64.6.1.1;ATI.Mfg.NTamd64.6.2.1;ATI.Mfg.NTamd64.6.3.1","0","0","","1.19","","","1"
"24.9.1","PolarisVega","Display","d0_whql-amd-software-adrenalin-edition-24.9.1-win10-win11-vega-polaris.exe_f5da5456d84c\Packages\Drivers\Display\WT6A_INF\u0407052.inf","Windows Server 2019","17763","NotApplicableByProductType","ProjectionCandidate","PATCH_CANDIDATE","ProjectionCandidate","InfWideConservative","STATIC_CANDIDATE","NotEstablished","","ATI.Mfg.NTamd64.10.0.1..16299","0","4336","","1.27","1.27","","1"
"24.9.1","PolarisVega","Display","d0_whql-amd-software-adrenalin-edition-24.9.1-win10-win11-vega-polaris.exe_f5da5456d84c\Packages\Drivers\Display\WT6A_INF\u0407052.inf","Windows Server 2022","20348","NotApplicableByProductType","ProjectionCandidate","PATCH_CANDIDATE","ProjectionCandidate","InfWideConservative","STATIC_CANDIDATE","NotEstablished","","ATI.Mfg.NTamd64.10.0.1..16299","0","4336","","1.33","","","1"
"24.9.1","PolarisVega","Display","d0_whql-amd-software-adrenalin-edition-24.9.1-win10-win11-vega-polaris.exe_f5da5456d84c\Packages\Drivers\Display\WT6A_INF\u0407052.inf","Windows Server 2025","26100","NotApplicableByProductType","ProjectionCandidate","PATCH_CANDIDATE","ProjectionCandidate","InfWideConservative","STATIC_CANDIDATE","NotEstablished","","ATI.Mfg.NTamd64.10.0.1..16299","0","4336","","1.33","1.35","","1"
"24.9.1","PolarisVega","Display","d0_whql-amd-software-adrenalin-edition-24.9.1-win10-win11-vega-polaris.exe_f5da5456d84c\Packages\Drivers\Display\WT6A_INF\amdafd\amdafd.inf","Windows Server 2016","14393","NativeApplicable","NativeApplicable","NATIVE_CANDIDATE","NativeCandidate","InfWideConservative","STATIC_CANDIDATE","NotEstablished","AMD_KMAFD.NTAMD64","AMD_KMAFD.NTAMD64","2","2","","1.19","","","0"
"24.9.1","PolarisVega","Display","d0_whql-amd-software-adrenalin-edition-24.9.1-win10-win11-vega-polaris.exe_f5da5456d84c\Packages\Drivers\Display\WT6A_INF\amdafd\amdafd.inf","Windows Server 2019","17763","NativeApplicable","NativeApplicable","NATIVE_CANDIDATE","NativeCandidate","InfWideConservative","STATIC_CANDIDATE","NotEstablished","AMD_KMAFD.NTAMD64","AMD_KMAFD.NTAMD64","2","2","","1.27","1.27","","0"
"24.9.1","PolarisVega","Display","d0_whql-amd-software-adrenalin-edition-24.9.1-win10-win11-vega-polaris.exe_f5da5456d84c\Packages\Drivers\Display\WT6A_INF\amdafd\amdafd.inf","Windows Server 2022","20348","NativeApplicable","NativeApplicable","NATIVE_CANDIDATE","NativeCandidate","InfWideConservative","STATIC_CANDIDATE","NotEstablished","AMD_KMAFD.NTAMD64","AMD_KMAFD.NTAMD64","2","2","","1.33","","","0"
"24.9.1","PolarisVega","Display","d0_whql-amd-software-adrenalin-edition-24.9.1-win10-win11-vega-polaris.exe_f5da5456d84c\Packages\Drivers\Display\WT6A_INF\amdafd\amdafd.inf","Windows Server 2025","26100","NativeApplicable","NativeApplicable","NATIVE_CANDIDATE","NativeCandidate","InfWideConservative","STATIC_CANDIDATE","NotEstablished","AMD_KMAFD.NTAMD64","AMD_KMAFD.NTAMD64","2","2","","1.33","1.35","","0"
"24.9.1","PolarisVega","Display","d0_whql-amd-software-adrenalin-edition-24.9.1-win10-win11-vega-polaris.exe_f5da5456d84c\Packages\Drivers\Display\WT6A_INF\amdfdans\AMDFDANS.inf","Windows Server 2016","14393","NotApplicableByBuild","NotApplicableByBuild","NOT_APPLICABLE","NotApplicable","InfWideConservative","STATIC_CANDIDATE","NotEstablished","","","0","0","","1.19","","","0"
"24.9.1","PolarisVega","Display","d0_whql-amd-software-adrenalin-edition-24.9.1-win10-win11-vega-polaris.exe_f5da5456d84c\Packages\Drivers\Display\WT6A_INF\amdfdans\AMDFDANS.inf","Windows Server 2019","17763","NativeApplicable","NativeApplicable","NATIVE_CANDIDATE","NativeCandidate","InfWideConservative","STATIC_CANDIDATE","NotEstablished","AMD.Mfg.NTamd64.10.0...16299","AMD.Mfg.NTamd64.10.0...16299","1","1","","1.27","1.27","","0"
"24.9.1","PolarisVega","Display","d0_whql-amd-software-adrenalin-edition-24.9.1-win10-win11-vega-polaris.exe_f5da5456d84c\Packages\Drivers\Display\WT6A_INF\amdfdans\AMDFDANS.inf","Windows Server 2022","20348","NativeApplicable","NativeApplicable","NATIVE_CANDIDATE","NativeCandidate","InfWideConservative","STATIC_CANDIDATE","NotEstablished","AMD.Mfg.NTamd64.10.0...16299","AMD.Mfg.NTamd64.10.0...16299","1","1","","1.33","","","0"
"24.9.1","PolarisVega","Display","d0_whql-amd-software-adrenalin-edition-24.9.1-win10-win11-vega-polaris.exe_f5da5456d84c\Packages\Drivers\Display\WT6A_INF\amdfdans\AMDFDANS.inf","Windows Server 2025","26100","NativeApplicable","NativeApplicable","NATIVE_CANDIDATE","NativeCandidate","InfWideConservative","STATIC_CANDIDATE","NotEstablished","AMD.Mfg.NTamd64.10.0...16299","AMD.Mfg.NTamd64.10.0...16299","1","1","","1.33","1.35","","0"
"24.9.1","PolarisVega","Display","d0_whql-amd-software-adrenalin-edition-24.9.1-win10-win11-vega-polaris.exe_f5da5456d84c\Packages\Drivers\Display\WT6A_INF\amdfendr\amdfendr.inf","Windows Server 2016","14393","NotApplicableByBuild","NotApplicableByBuild","NOT_APPLICABLE","NotApplicable","InfWideConservative","STATIC_CANDIDATE","NotEstablished","","","0","0","1.15","1.19","","","0"
"24.9.1","PolarisVega","Display","d0_whql-amd-software-adrenalin-edition-24.9.1-win10-win11-vega-polaris.exe_f5da5456d84c\Packages\Drivers\Display\WT6A_INF\amdfendr\amdfendr.inf","Windows Server 2019","17763","NativeApplicable","NativeApplicable","NATIVE_CANDIDATE","NativeCandidate","InfWideConservative","STATIC_CANDIDATE","NotEstablished","AMDFENDR_KM.NTAMD64.10.0...16299","AMDFENDR_KM.NTAMD64.10.0...16299","1","1","1.15","1.27","1.27","","0"
"24.9.1","PolarisVega","Display","d0_whql-amd-software-adrenalin-edition-24.9.1-win10-win11-vega-polaris.exe_f5da5456d84c\Packages\Drivers\Display\WT6A_INF\amdfendr\amdfendr.inf","Windows Server 2022","20348","NativeApplicable","NativeApplicable","NATIVE_CANDIDATE","NativeCandidate","InfWideConservative","STATIC_CANDIDATE","NotEstablished","AMDFENDR_KM.NTAMD64.10.0...16299","AMDFENDR_KM.NTAMD64.10.0...16299","1","1","1.15","1.33","","","0"
"24.9.1","PolarisVega","Display","d0_whql-amd-software-adrenalin-edition-24.9.1-win10-win11-vega-polaris.exe_f5da5456d84c\Packages\Drivers\Display\WT6A_INF\amdfendr\amdfendr.inf","Windows Server 2025","26100","NativeApplicable","NativeApplicable","NATIVE_CANDIDATE","NativeCandidate","InfWideConservative","STATIC_CANDIDATE","NotEstablished","AMDFENDR_KM.NTAMD64.10.0...16299","AMDFENDR_KM.NTAMD64.10.0...16299","1","1","1.15","1.33","1.35","","0"
"24.9.1","PolarisVega","Display","d0_whql-amd-software-adrenalin-edition-24.9.1-win10-win11-vega-polaris.exe_f5da5456d84c\Packages\Drivers\Display\WT6A_INF\amdocl\amdocl.inf","Windows Server 2016","14393","NotApplicableByBuild","NotApplicableByBuild","NOT_APPLICABLE","NotApplicable","InfWideConservative","STATIC_CANDIDATE","NotEstablished","","","0","0","","1.19","","","0"
"24.9.1","PolarisVega","Display","d0_whql-amd-software-adrenalin-edition-24.9.1-win10-win11-vega-polaris.exe_f5da5456d84c\Packages\Drivers\Display\WT6A_INF\amdocl\amdocl.inf","Windows Server 2019","17763","NativeApplicable","NativeApplicable","NATIVE_CANDIDATE","NativeCandidate","InfWideConservative","STATIC_CANDIDATE","NotEstablished","AMD.Mfg.NTamd64.10.0...16299","AMD.Mfg.NTamd64.10.0...16299","1","1","","1.27","1.27","","0"
"24.9.1","PolarisVega","Display","d0_whql-amd-software-adrenalin-edition-24.9.1-win10-win11-vega-polaris.exe_f5da5456d84c\Packages\Drivers\Display\WT6A_INF\amdocl\amdocl.inf","Windows Server 2022","20348","NativeApplicable","NativeApplicable","NATIVE_CANDIDATE","NativeCandidate","InfWideConservative","STATIC_CANDIDATE","NotEstablished","AMD.Mfg.NTamd64.10.0...16299","AMD.Mfg.NTamd64.10.0...16299","1","1","","1.33","","","0"
"24.9.1","PolarisVega","Display","d0_whql-amd-software-adrenalin-edition-24.9.1-win10-win11-vega-polaris.exe_f5da5456d84c\Packages\Drivers\Display\WT6A_INF\amdocl\amdocl.inf","Windows Server 2025","26100","NativeApplicable","NativeApplicable","NATIVE_CANDIDATE","NativeCandidate","InfWideConservative","STATIC_CANDIDATE","NotEstablished","AMD.Mfg.NTamd64.10.0...16299","AMD.Mfg.NTamd64.10.0...16299","1","1","","1.33","1.35","","0"
"24.9.1","PolarisVega","Display","d0_whql-amd-software-adrenalin-edition-24.9.1-win10-win11-vega-polaris.exe_f5da5456d84c\Packages\Drivers\Display\WT6A_INF\amdpcibridge\amdpcibridgeextension.inf","Windows Server 2016","14393","NativeApplicable","NativeApplicable","NATIVE_CANDIDATE","NativeCandidate","InfWideConservative","STATIC_CANDIDATE","NotEstablished","DeviceExtensions.NTamd64","DeviceExtensions.NTamd64","2","2","","1.19","","","0"
"24.9.1","PolarisVega","Display","d0_whql-amd-software-adrenalin-edition-24.9.1-win10-win11-vega-polaris.exe_f5da5456d84c\Packages\Drivers\Display\WT6A_INF\amdpcibridge\amdpcibridgeextension.inf","Windows Server 2019","17763","NativeApplicable","NativeApplicable","NATIVE_CANDIDATE","NativeCandidate","InfWideConservative","STATIC_CANDIDATE","NotEstablished","DeviceExtensions.NTamd64","DeviceExtensions.NTamd64","2","2","","1.27","1.27","","0"
"24.9.1","PolarisVega","Display","d0_whql-amd-software-adrenalin-edition-24.9.1-win10-win11-vega-polaris.exe_f5da5456d84c\Packages\Drivers\Display\WT6A_INF\amdpcibridge\amdpcibridgeextension.inf","Windows Server 2022","20348","NativeApplicable","NativeApplicable","NATIVE_CANDIDATE","NativeCandidate","InfWideConservative","STATIC_CANDIDATE","NotEstablished","DeviceExtensions.NTamd64","DeviceExtensions.NTamd64","2","2","","1.33","","","0"
"24.9.1","PolarisVega","Display","d0_whql-amd-software-adrenalin-edition-24.9.1-win10-win11-vega-polaris.exe_f5da5456d84c\Packages\Drivers\Display\WT6A_INF\amdpcibridge\amdpcibridgeextension.inf","Windows Server 2025","26100","NativeApplicable","NativeApplicable","NATIVE_CANDIDATE","NativeCandidate","InfWideConservative","STATIC_CANDIDATE","NotEstablished","DeviceExtensions.NTamd64","DeviceExtensions.NTamd64","2","2","","1.33","1.35","","0"
"24.9.1","PolarisVega","Display","d0_whql-amd-software-adrenalin-edition-24.9.1-win10-win11-vega-polaris.exe_f5da5456d84c\Packages\Drivers\Display\WT6A_INF\amdwin\amdwin-u0407052.inf","Windows Server 2016","14393","NativeApplicable","NativeApplicable","NATIVE_CANDIDATE","NativeCandidate","InfWideConservative","STATIC_CANDIDATE","NotEstablished","AMD.Mfg.NTamd64.10.0","AMD.Mfg.NTamd64.10.0","1","1","","1.19","","","0"
"24.9.1","PolarisVega","Display","d0_whql-amd-software-adrenalin-edition-24.9.1-win10-win11-vega-polaris.exe_f5da5456d84c\Packages\Drivers\Display\WT6A_INF\amdwin\amdwin-u0407052.inf","Windows Server 2019","17763","NativeApplicable","NativeApplicable","NATIVE_CANDIDATE","NativeCandidate","InfWideConservative","STATIC_CANDIDATE","NotEstablished","AMD.Mfg.NTamd64.10.0","AMD.Mfg.NTamd64.10.0","1","1","","1.27","1.27","","0"
"24.9.1","PolarisVega","Display","d0_whql-amd-software-adrenalin-edition-24.9.1-win10-win11-vega-polaris.exe_f5da5456d84c\Packages\Drivers\Display\WT6A_INF\amdwin\amdwin-u0407052.inf","Windows Server 2022","20348","NativeApplicable","NativeApplicable","NATIVE_CANDIDATE","NativeCandidate","InfWideConservative","STATIC_CANDIDATE","NotEstablished","AMD.Mfg.NTamd64.10.0","AMD.Mfg.NTamd64.10.0","1","1","","1.33","","","0"
"24.9.1","PolarisVega","Display","d0_whql-amd-software-adrenalin-edition-24.9.1-win10-win11-vega-polaris.exe_f5da5456d84c\Packages\Drivers\Display\WT6A_INF\amdwin\amdwin-u0407052.inf","Windows Server 2025","26100","NativeApplicable","NativeApplicable","NATIVE_CANDIDATE","NativeCandidate","InfWideConservative","STATIC_CANDIDATE","NotEstablished","AMD.Mfg.NTamd64.10.0","AMD.Mfg.NTamd64.10.0","1","1","","1.33","1.35","","0"
"24.9.1","PolarisVega","Display","d0_whql-amd-software-adrenalin-edition-24.9.1-win10-win11-vega-polaris.exe_f5da5456d84c\Packages\Drivers\Display\WT6A_INF\amdxe\amdxe.inf","Windows Server 2016","14393","NativeApplicable","NativeApplicable","NATIVE_CANDIDATE","NativeCandidate","InfWideConservative","STATIC_CANDIDATE","NotEstablished","Standard.NTamd64","Standard.NTamd64","1","1","1.15","1.19","","","0"
"24.9.1","PolarisVega","Display","d0_whql-amd-software-adrenalin-edition-24.9.1-win10-win11-vega-polaris.exe_f5da5456d84c\Packages\Drivers\Display\WT6A_INF\amdxe\amdxe.inf","Windows Server 2019","17763","NativeApplicable","NativeApplicable","NATIVE_CANDIDATE","NativeCandidate","InfWideConservative","STATIC_CANDIDATE","NotEstablished","Standard.NTamd64","Standard.NTamd64","1","1","1.15","1.27","1.27","","0"
"24.9.1","PolarisVega","Display","d0_whql-amd-software-adrenalin-edition-24.9.1-win10-win11-vega-polaris.exe_f5da5456d84c\Packages\Drivers\Display\WT6A_INF\amdxe\amdxe.inf","Windows Server 2022","20348","NativeApplicable","NativeApplicable","NATIVE_CANDIDATE","NativeCandidate","InfWideConservative","STATIC_CANDIDATE","NotEstablished","Standard.NTamd64","Standard.NTamd64","1","1","1.15","1.33","","","0"
"24.9.1","PolarisVega","Display","d0_whql-amd-software-adrenalin-edition-24.9.1-win10-win11-vega-polaris.exe_f5da5456d84c\Packages\Drivers\Display\WT6A_INF\amdxe\amdxe.inf","Windows Server 2025","26100","NativeApplicable","NativeApplicable","NATIVE_CANDIDATE","NativeCandidate","InfWideConservative","STATIC_CANDIDATE","NotEstablished","Standard.NTamd64","Standard.NTamd64","1","1","1.15","1.33","1.35","","0"
"24.9.1","PolarisVega","RadeonLED","d0_whql-amd-software-adrenalin-edition-24.9.1-win10-win11-vega-polaris.exe_f5da5456d84c\Packages\Drivers\RadeonLED\WT64A\amdusbledfd.inf","Windows Server 2016","14393","NativeApplicable","NativeApplicable","NATIVE_CANDIDATE","NativeCandidate","InfWideConservative","STATIC_CANDIDATE","NotEstablished","AMD_USBLEDFD.NTamd64","AMD_USBLEDFD.NTamd64","6","6","","1.19","","","1"
"24.9.1","PolarisVega","RadeonLED","d0_whql-amd-software-adrenalin-edition-24.9.1-win10-win11-vega-polaris.exe_f5da5456d84c\Packages\Drivers\RadeonLED\WT64A\amdusbledfd.inf","Windows Server 2019","17763","NativeApplicable","NativeApplicable","NATIVE_CANDIDATE","NativeCandidate","InfWideConservative","STATIC_CANDIDATE","NotEstablished","AMD_USBLEDFD.NTamd64","AMD_USBLEDFD.NTamd64","6","6","","1.27","1.27","","1"
"24.9.1","PolarisVega","RadeonLED","d0_whql-amd-software-adrenalin-edition-24.9.1-win10-win11-vega-polaris.exe_f5da5456d84c\Packages\Drivers\RadeonLED\WT64A\amdusbledfd.inf","Windows Server 2022","20348","NativeApplicable","NativeApplicable","NATIVE_CANDIDATE","NativeCandidate","InfWideConservative","STATIC_CANDIDATE","NotEstablished","AMD_USBLEDFD.NTamd64","AMD_USBLEDFD.NTamd64","6","6","","1.33","","","1"
"24.9.1","PolarisVega","RadeonLED","d0_whql-amd-software-adrenalin-edition-24.9.1-win10-win11-vega-polaris.exe_f5da5456d84c\Packages\Drivers\RadeonLED\WT64A\amdusbledfd.inf","Windows Server 2025","26100","NativeApplicable","NativeApplicable","NATIVE_CANDIDATE","NativeCandidate","InfWideConservative","STATIC_CANDIDATE","NotEstablished","AMD_USBLEDFD.NTamd64","AMD_USBLEDFD.NTamd64","6","6","","1.33","1.35","","1"
"24.9.1","PolarisVega","SBDrv","d0_whql-amd-software-adrenalin-edition-24.9.1-win10-win11-vega-polaris.exe_f5da5456d84c\Packages\Drivers\SBDrv\AMDUCSI\WT64A\amducsi.inf","Windows Server 2016","14393","NativeApplicable","NativeApplicable","NATIVE_CANDIDATE","NativeCandidate","InfWideConservative","STATIC_CANDIDATE","NotEstablished","AMD.NTamd64","AMD.NTamd64","5","5","1.15","1.19","","","1"
"24.9.1","PolarisVega","SBDrv","d0_whql-amd-software-adrenalin-edition-24.9.1-win10-win11-vega-polaris.exe_f5da5456d84c\Packages\Drivers\SBDrv\AMDUCSI\WT64A\amducsi.inf","Windows Server 2019","17763","NativeApplicable","NativeApplicable","NATIVE_CANDIDATE","NativeCandidate","InfWideConservative","STATIC_CANDIDATE","NotEstablished","AMD.NTamd64","AMD.NTamd64","5","5","1.15","1.27","1.27","","1"
"24.9.1","PolarisVega","SBDrv","d0_whql-amd-software-adrenalin-edition-24.9.1-win10-win11-vega-polaris.exe_f5da5456d84c\Packages\Drivers\SBDrv\AMDUCSI\WT64A\amducsi.inf","Windows Server 2022","20348","NativeApplicable","NativeApplicable","NATIVE_CANDIDATE","NativeCandidate","InfWideConservative","STATIC_CANDIDATE","NotEstablished","AMD.NTamd64","AMD.NTamd64","5","5","1.15","1.33","","","1"
"24.9.1","PolarisVega","SBDrv","d0_whql-amd-software-adrenalin-edition-24.9.1-win10-win11-vega-polaris.exe_f5da5456d84c\Packages\Drivers\SBDrv\AMDUCSI\WT64A\amducsi.inf","Windows Server 2025","26100","NativeApplicable","NativeApplicable","NATIVE_CANDIDATE","NativeCandidate","InfWideConservative","STATIC_CANDIDATE","NotEstablished","AMD.NTamd64","AMD.NTamd64","5","5","1.15","1.33","1.35","","1"
"22.Q4","Unspecified","Audio","d0_amd-software-pro-edition-22.q4-win10-win11-nov15.exe_04db1ec2fbc1\Packages\Drivers\Audio\ACPBtAfd\WT64A\amdacpbt.inf","Windows Server 2016","14393","NativeApplicable","NativeApplicable","NATIVE_CANDIDATE","NativeCandidate","InfWideConservative","STATIC_CANDIDATE","NotEstablished","AMD.NTAMD64","AMD.NTAMD64","1","1","1.15","1.19","","","1"
"22.Q4","Unspecified","Audio","d0_amd-software-pro-edition-22.q4-win10-win11-nov15.exe_04db1ec2fbc1\Packages\Drivers\Audio\ACPBtAfd\WT64A\amdacpbt.inf","Windows Server 2019","17763","NativeApplicable","NativeApplicable","NATIVE_CANDIDATE","NativeCandidate","InfWideConservative","STATIC_CANDIDATE","NotEstablished","AMD.NTAMD64","AMD.NTAMD64","1","1","1.15","1.27","1.27","","1"
"22.Q4","Unspecified","Audio","d0_amd-software-pro-edition-22.q4-win10-win11-nov15.exe_04db1ec2fbc1\Packages\Drivers\Audio\ACPBtAfd\WT64A\amdacpbt.inf","Windows Server 2022","20348","NativeApplicable","NativeApplicable","NATIVE_CANDIDATE","NativeCandidate","InfWideConservative","STATIC_CANDIDATE","NotEstablished","AMD.NTAMD64","AMD.NTAMD64","1","1","1.15","1.33","","","1"
"22.Q4","Unspecified","Audio","d0_amd-software-pro-edition-22.q4-win10-win11-nov15.exe_04db1ec2fbc1\Packages\Drivers\Audio\ACPBtAfd\WT64A\amdacpbt.inf","Windows Server 2025","26100","NativeApplicable","NativeApplicable","NATIVE_CANDIDATE","NativeCandidate","InfWideConservative","STATIC_CANDIDATE","NotEstablished","AMD.NTAMD64","AMD.NTAMD64","1","1","1.15","1.33","1.35","","1"
"22.Q4","Unspecified","Audio","d0_amd-software-pro-edition-22.q4-win10-win11-nov15.exe_04db1ec2fbc1\Packages\Drivers\Audio\ACPBus\WT64A\amdacpbusext\amdacpbusext.inf","Windows Server 2016","14393","NativeApplicable","NativeApplicable","NATIVE_CANDIDATE","NativeCandidate","InfWideConservative","STATIC_CANDIDATE","NotEstablished","AMD.NTamd64","AMD.NTamd64","3","3","","1.19","","","0"
"22.Q4","Unspecified","Audio","d0_amd-software-pro-edition-22.q4-win10-win11-nov15.exe_04db1ec2fbc1\Packages\Drivers\Audio\ACPBus\WT64A\amdacpbusext\amdacpbusext.inf","Windows Server 2019","17763","NativeApplicable","NativeApplicable","NATIVE_CANDIDATE","NativeCandidate","InfWideConservative","STATIC_CANDIDATE","NotEstablished","AMD.NTamd64","AMD.NTamd64","3","3","","1.27","1.27","","0"
"22.Q4","Unspecified","Audio","d0_amd-software-pro-edition-22.q4-win10-win11-nov15.exe_04db1ec2fbc1\Packages\Drivers\Audio\ACPBus\WT64A\amdacpbusext\amdacpbusext.inf","Windows Server 2022","20348","NativeApplicable","NativeApplicable","NATIVE_CANDIDATE","NativeCandidate","InfWideConservative","STATIC_CANDIDATE","NotEstablished","AMD.NTamd64","AMD.NTamd64","3","3","","1.33","","","0"
"22.Q4","Unspecified","Audio","d0_amd-software-pro-edition-22.q4-win10-win11-nov15.exe_04db1ec2fbc1\Packages\Drivers\Audio\ACPBus\WT64A\amdacpbusext\amdacpbusext.inf","Windows Server 2025","26100","NativeApplicable","NativeApplicable","NATIVE_CANDIDATE","NativeCandidate","InfWideConservative","STATIC_CANDIDATE","NotEstablished","AMD.NTamd64","AMD.NTamd64","3","3","","1.33","1.35","","0"
"22.Q4","Unspecified","Audio","d0_amd-software-pro-edition-22.q4-win10-win11-nov15.exe_04db1ec2fbc1\Packages\Drivers\Audio\HDMI\WT64A\AtihdWT6.inf","Windows Server 2016","14393","NativeApplicable","NativeApplicable","NATIVE_CANDIDATE","NativeCandidate","InfWideConservative","STATIC_CANDIDATE","NotEstablished","AMD.NTamd64.10.0;AMD.NTamd64.6.0;AMD.NTamd64.6.1;AMD.NTamd64.6.2;AMD.NTamd64.6.3","AMD.NTamd64.10.0;AMD.NTamd64.6.0;AMD.NTamd64.6.1;AMD.NTamd64.6.2;AMD.NTamd64.6.3","6","6","","1.19","","","1"
"22.Q4","Unspecified","Audio","d0_amd-software-pro-edition-22.q4-win10-win11-nov15.exe_04db1ec2fbc1\Packages\Drivers\Audio\HDMI\WT64A\AtihdWT6.inf","Windows Server 2019","17763","NativeApplicable","NativeApplicable","NATIVE_CANDIDATE","NativeCandidate","InfWideConservative","STATIC_CANDIDATE","NotEstablished","AMD.NTamd64.10.0;AMD.NTamd64.6.0;AMD.NTamd64.6.1;AMD.NTamd64.6.2;AMD.NTamd64.6.3","AMD.NTamd64.10.0;AMD.NTamd64.6.0;AMD.NTamd64.6.1;AMD.NTamd64.6.2;AMD.NTamd64.6.3","6","6","","1.27","1.27","","1"
"22.Q4","Unspecified","Audio","d0_amd-software-pro-edition-22.q4-win10-win11-nov15.exe_04db1ec2fbc1\Packages\Drivers\Audio\HDMI\WT64A\AtihdWT6.inf","Windows Server 2022","20348","NativeApplicable","NativeApplicable","NATIVE_CANDIDATE","NativeCandidate","InfWideConservative","STATIC_CANDIDATE","NotEstablished","AMD.NTamd64.10.0;AMD.NTamd64.6.0;AMD.NTamd64.6.1;AMD.NTamd64.6.2;AMD.NTamd64.6.3","AMD.NTamd64.10.0;AMD.NTamd64.6.0;AMD.NTamd64.6.1;AMD.NTamd64.6.2;AMD.NTamd64.6.3","6","6","","1.33","","","1"
"22.Q4","Unspecified","Audio","d0_amd-software-pro-edition-22.q4-win10-win11-nov15.exe_04db1ec2fbc1\Packages\Drivers\Audio\HDMI\WT64A\AtihdWT6.inf","Windows Server 2025","26100","NativeApplicable","NativeApplicable","NATIVE_CANDIDATE","NativeCandidate","InfWideConservative","STATIC_CANDIDATE","NotEstablished","AMD.NTamd64.10.0...22621","AMD.NTamd64.10.0...22621","6","6","","1.33","1.35","","1"
"22.Q4","Unspecified","Audio","d0_amd-software-pro-edition-22.q4-win10-win11-nov15.exe_04db1ec2fbc1\Packages\Drivers\Audio\SAFD\WT64A\amdsafd.inf","Windows Server 2016","14393","NativeApplicable","NativeApplicable","NATIVE_CANDIDATE","NativeCandidate","InfWideConservative","STATIC_CANDIDATE","NotEstablished","AMD.NTAMD64","AMD.NTAMD64","1","1","1.15","1.19","","","1"
"22.Q4","Unspecified","Audio","d0_amd-software-pro-edition-22.q4-win10-win11-nov15.exe_04db1ec2fbc1\Packages\Drivers\Audio\SAFD\WT64A\amdsafd.inf","Windows Server 2019","17763","NativeApplicable","NativeApplicable","NATIVE_CANDIDATE","NativeCandidate","InfWideConservative","STATIC_CANDIDATE","NotEstablished","AMD.NTAMD64","AMD.NTAMD64","1","1","1.15","1.27","1.27","","1"
"22.Q4","Unspecified","Audio","d0_amd-software-pro-edition-22.q4-win10-win11-nov15.exe_04db1ec2fbc1\Packages\Drivers\Audio\SAFD\WT64A\amdsafd.inf","Windows Server 2022","20348","NativeApplicable","NativeApplicable","NATIVE_CANDIDATE","NativeCandidate","InfWideConservative","STATIC_CANDIDATE","NotEstablished","AMD.NTAMD64","AMD.NTAMD64","1","1","1.15","1.33","","","1"
"22.Q4","Unspecified","Audio","d0_amd-software-pro-edition-22.q4-win10-win11-nov15.exe_04db1ec2fbc1\Packages\Drivers\Audio\SAFD\WT64A\amdsafd.inf","Windows Server 2025","26100","NativeApplicable","NativeApplicable","NATIVE_CANDIDATE","NativeCandidate","InfWideConservative","STATIC_CANDIDATE","NotEstablished","AMD.NTAMD64","AMD.NTAMD64","1","1","1.15","1.33","1.35","","1"
"22.Q4","Unspecified","Display","d0_amd-software-pro-edition-22.q4-win10-win11-nov15.exe_04db1ec2fbc1\Packages\Drivers\Display\WT6A_INF\U0385558.inf","Windows Server 2016","14393","ExplicitlyExcluded","ExplicitlyExcluded","NOT_APPLICABLE","NotApplicable","InfWideConservative","STATIC_CANDIDATE","NotEstablished","ATI.Mfg.NTamd64.10.0;ATI.Mfg.NTamd64.6.0;ATI.Mfg.NTamd64.6.1;ATI.Mfg.NTamd64.6.2;ATI.Mfg.NTamd64.6.3","ATI.Mfg.NTamd64.10.0;ATI.Mfg.NTamd64.6.0;ATI.Mfg.NTamd64.6.1;ATI.Mfg.NTamd64.6.2;ATI.Mfg.NTamd64.6.3","0","0","","1.19","","","1"
"22.Q4","Unspecified","Display","d0_amd-software-pro-edition-22.q4-win10-win11-nov15.exe_04db1ec2fbc1\Packages\Drivers\Display\WT6A_INF\U0385558.inf","Windows Server 2019","17763","NativeApplicable","NativeApplicable","NATIVE_CANDIDATE","NativeCandidate","InfWideConservative","STATIC_CANDIDATE","NotEstablished","ATI.Mfg.NTamd64.10.0...16299","ATI.Mfg.NTamd64.10.0...16299","468","468","","1.27","1.27","","1"
"22.Q4","Unspecified","Display","d0_amd-software-pro-edition-22.q4-win10-win11-nov15.exe_04db1ec2fbc1\Packages\Drivers\Display\WT6A_INF\U0385558.inf","Windows Server 2022","20348","NativeApplicable","NativeApplicable","NATIVE_CANDIDATE","NativeCandidate","InfWideConservative","STATIC_CANDIDATE","NotEstablished","ATI.Mfg.NTamd64.10.0...16299","ATI.Mfg.NTamd64.10.0...16299","468","468","","1.33","","","1"
"22.Q4","Unspecified","Display","d0_amd-software-pro-edition-22.q4-win10-win11-nov15.exe_04db1ec2fbc1\Packages\Drivers\Display\WT6A_INF\U0385558.inf","Windows Server 2025","26100","NativeApplicable","NativeApplicable","NATIVE_CANDIDATE","NativeCandidate","InfWideConservative","STATIC_CANDIDATE","NotEstablished","ATI.Mfg.NTamd64.10.0...16299","ATI.Mfg.NTamd64.10.0...16299","468","468","","1.33","1.35","","1"
"22.Q4","Unspecified","Display","d0_amd-software-pro-edition-22.q4-win10-win11-nov15.exe_04db1ec2fbc1\Packages\Drivers\Display\WT6A_INF\amdafd\amdafd.inf","Windows Server 2016","14393","NativeApplicable","NativeApplicable","NATIVE_CANDIDATE","NativeCandidate","InfWideConservative","STATIC_CANDIDATE","NotEstablished","AMD_KMAFD.NTAMD64","AMD_KMAFD.NTAMD64","2","2","","1.19","","","0"
"22.Q4","Unspecified","Display","d0_amd-software-pro-edition-22.q4-win10-win11-nov15.exe_04db1ec2fbc1\Packages\Drivers\Display\WT6A_INF\amdafd\amdafd.inf","Windows Server 2019","17763","NativeApplicable","NativeApplicable","NATIVE_CANDIDATE","NativeCandidate","InfWideConservative","STATIC_CANDIDATE","NotEstablished","AMD_KMAFD.NTAMD64","AMD_KMAFD.NTAMD64","2","2","","1.27","1.27","","0"
"22.Q4","Unspecified","Display","d0_amd-software-pro-edition-22.q4-win10-win11-nov15.exe_04db1ec2fbc1\Packages\Drivers\Display\WT6A_INF\amdafd\amdafd.inf","Windows Server 2022","20348","NativeApplicable","NativeApplicable","NATIVE_CANDIDATE","NativeCandidate","InfWideConservative","STATIC_CANDIDATE","NotEstablished","AMD_KMAFD.NTAMD64","AMD_KMAFD.NTAMD64","2","2","","1.33","","","0"
"22.Q4","Unspecified","Display","d0_amd-software-pro-edition-22.q4-win10-win11-nov15.exe_04db1ec2fbc1\Packages\Drivers\Display\WT6A_INF\amdafd\amdafd.inf","Windows Server 2025","26100","NativeApplicable","NativeApplicable","NATIVE_CANDIDATE","NativeCandidate","InfWideConservative","STATIC_CANDIDATE","NotEstablished","AMD_KMAFD.NTAMD64","AMD_KMAFD.NTAMD64","2","2","","1.33","1.35","","0"
"22.Q4","Unspecified","Display","d0_amd-software-pro-edition-22.q4-win10-win11-nov15.exe_04db1ec2fbc1\Packages\Drivers\Display\WT6A_INF\amdfdans\AMDFDANS.inf","Windows Server 2016","14393","NativeApplicable","NativeApplicable","NATIVE_CANDIDATE","NativeCandidate","InfWideConservative","STATIC_CANDIDATE","NotEstablished","AMD.Mfg.NTamd64.10.0","AMD.Mfg.NTamd64.10.0","1","1","","1.19","","","0"
"22.Q4","Unspecified","Display","d0_amd-software-pro-edition-22.q4-win10-win11-nov15.exe_04db1ec2fbc1\Packages\Drivers\Display\WT6A_INF\amdfdans\AMDFDANS.inf","Windows Server 2019","17763","NativeApplicable","NativeApplicable","NATIVE_CANDIDATE","NativeCandidate","InfWideConservative","STATIC_CANDIDATE","NotEstablished","AMD.Mfg.NTamd64.10.0","AMD.Mfg.NTamd64.10.0","1","1","","1.27","1.27","","0"
"22.Q4","Unspecified","Display","d0_amd-software-pro-edition-22.q4-win10-win11-nov15.exe_04db1ec2fbc1\Packages\Drivers\Display\WT6A_INF\amdfdans\AMDFDANS.inf","Windows Server 2022","20348","NativeApplicable","NativeApplicable","NATIVE_CANDIDATE","NativeCandidate","InfWideConservative","STATIC_CANDIDATE","NotEstablished","AMD.Mfg.NTamd64.10.0","AMD.Mfg.NTamd64.10.0","1","1","","1.33","","","0"
"22.Q4","Unspecified","Display","d0_amd-software-pro-edition-22.q4-win10-win11-nov15.exe_04db1ec2fbc1\Packages\Drivers\Display\WT6A_INF\amdfdans\AMDFDANS.inf","Windows Server 2025","26100","NativeApplicable","NativeApplicable","NATIVE_CANDIDATE","NativeCandidate","InfWideConservative","STATIC_CANDIDATE","NotEstablished","AMD.Mfg.NTamd64.10.0","AMD.Mfg.NTamd64.10.0","1","1","","1.33","1.35","","0"
"22.Q4","Unspecified","Display","d0_amd-software-pro-edition-22.q4-win10-win11-nov15.exe_04db1ec2fbc1\Packages\Drivers\Display\WT6A_INF\amdfendr\amdfendr.inf","Windows Server 2016","14393","NativeApplicable","NativeApplicable","NATIVE_CANDIDATE","NativeCandidate","InfWideConservative","STATIC_CANDIDATE","NotEstablished","AMDFENDR_KM.NTAMD64","AMDFENDR_KM.NTAMD64","1","1","1.15","1.19","","","0"
"22.Q4","Unspecified","Display","d0_amd-software-pro-edition-22.q4-win10-win11-nov15.exe_04db1ec2fbc1\Packages\Drivers\Display\WT6A_INF\amdfendr\amdfendr.inf","Windows Server 2019","17763","NativeApplicable","NativeApplicable","NATIVE_CANDIDATE","NativeCandidate","InfWideConservative","STATIC_CANDIDATE","NotEstablished","AMDFENDR_KM.NTAMD64","AMDFENDR_KM.NTAMD64","1","1","1.15","1.27","1.27","","0"
"22.Q4","Unspecified","Display","d0_amd-software-pro-edition-22.q4-win10-win11-nov15.exe_04db1ec2fbc1\Packages\Drivers\Display\WT6A_INF\amdfendr\amdfendr.inf","Windows Server 2022","20348","NativeApplicable","NativeApplicable","NATIVE_CANDIDATE","NativeCandidate","InfWideConservative","STATIC_CANDIDATE","NotEstablished","AMDFENDR_KM.NTAMD64","AMDFENDR_KM.NTAMD64","1","1","1.15","1.33","","","0"
"22.Q4","Unspecified","Display","d0_amd-software-pro-edition-22.q4-win10-win11-nov15.exe_04db1ec2fbc1\Packages\Drivers\Display\WT6A_INF\amdfendr\amdfendr.inf","Windows Server 2025","26100","NativeApplicable","NativeApplicable","NATIVE_CANDIDATE","NativeCandidate","InfWideConservative","STATIC_CANDIDATE","NotEstablished","AMDFENDR_KM.NTAMD64","AMDFENDR_KM.NTAMD64","1","1","1.15","1.33","1.35","","0"
"22.Q4","Unspecified","Display","d0_amd-software-pro-edition-22.q4-win10-win11-nov15.exe_04db1ec2fbc1\Packages\Drivers\Display\WT6A_INF\amdpcibridge\amdpcibridgeextension.inf","Windows Server 2016","14393","NativeApplicable","NativeApplicable","NATIVE_CANDIDATE","NativeCandidate","InfWideConservative","STATIC_CANDIDATE","NotEstablished","DeviceExtensions.NTamd64","DeviceExtensions.NTamd64","2","2","","1.19","","","0"
"22.Q4","Unspecified","Display","d0_amd-software-pro-edition-22.q4-win10-win11-nov15.exe_04db1ec2fbc1\Packages\Drivers\Display\WT6A_INF\amdpcibridge\amdpcibridgeextension.inf","Windows Server 2019","17763","NativeApplicable","NativeApplicable","NATIVE_CANDIDATE","NativeCandidate","InfWideConservative","STATIC_CANDIDATE","NotEstablished","DeviceExtensions.NTamd64","DeviceExtensions.NTamd64","2","2","","1.27","1.27","","0"
"22.Q4","Unspecified","Display","d0_amd-software-pro-edition-22.q4-win10-win11-nov15.exe_04db1ec2fbc1\Packages\Drivers\Display\WT6A_INF\amdpcibridge\amdpcibridgeextension.inf","Windows Server 2022","20348","NativeApplicable","NativeApplicable","NATIVE_CANDIDATE","NativeCandidate","InfWideConservative","STATIC_CANDIDATE","NotEstablished","DeviceExtensions.NTamd64","DeviceExtensions.NTamd64","2","2","","1.33","","","0"
"22.Q4","Unspecified","Display","d0_amd-software-pro-edition-22.q4-win10-win11-nov15.exe_04db1ec2fbc1\Packages\Drivers\Display\WT6A_INF\amdpcibridge\amdpcibridgeextension.inf","Windows Server 2025","26100","NativeApplicable","NativeApplicable","NATIVE_CANDIDATE","NativeCandidate","InfWideConservative","STATIC_CANDIDATE","NotEstablished","DeviceExtensions.NTamd64","DeviceExtensions.NTamd64","2","2","","1.33","1.35","","0"
"22.Q4","Unspecified","RadeonLED","d0_amd-software-pro-edition-22.q4-win10-win11-nov15.exe_04db1ec2fbc1\Packages\Drivers\RadeonLED\WT64A\amdusbledfd.inf","Windows Server 2016","14393","NativeApplicable","NativeApplicable","NATIVE_CANDIDATE","NativeCandidate","InfWideConservative","STATIC_CANDIDATE","NotEstablished","AMD_USBLEDFD.NTamd64","AMD_USBLEDFD.NTamd64","6","6","","1.19","","","1"
"22.Q4","Unspecified","RadeonLED","d0_amd-software-pro-edition-22.q4-win10-win11-nov15.exe_04db1ec2fbc1\Packages\Drivers\RadeonLED\WT64A\amdusbledfd.inf","Windows Server 2019","17763","NativeApplicable","NativeApplicable","NATIVE_CANDIDATE","NativeCandidate","InfWideConservative","STATIC_CANDIDATE","NotEstablished","AMD_USBLEDFD.NTamd64","AMD_USBLEDFD.NTamd64","6","6","","1.27","1.27","","1"
"22.Q4","Unspecified","RadeonLED","d0_amd-software-pro-edition-22.q4-win10-win11-nov15.exe_04db1ec2fbc1\Packages\Drivers\RadeonLED\WT64A\amdusbledfd.inf","Windows Server 2022","20348","NativeApplicable","NativeApplicable","NATIVE_CANDIDATE","NativeCandidate","InfWideConservative","STATIC_CANDIDATE","NotEstablished","AMD_USBLEDFD.NTamd64","AMD_USBLEDFD.NTamd64","6","6","","1.33","","","1"
"22.Q4","Unspecified","RadeonLED","d0_amd-software-pro-edition-22.q4-win10-win11-nov15.exe_04db1ec2fbc1\Packages\Drivers\RadeonLED\WT64A\amdusbledfd.inf","Windows Server 2025","26100","NativeApplicable","NativeApplicable","NATIVE_CANDIDATE","NativeCandidate","InfWideConservative","STATIC_CANDIDATE","NotEstablished","AMD_USBLEDFD.NTamd64","AMD_USBLEDFD.NTamd64","6","6","","1.33","1.35","","1"
"22.Q4","Unspecified","SBDrv","d0_amd-software-pro-edition-22.q4-win10-win11-nov15.exe_04db1ec2fbc1\Packages\Drivers\SBDrv\AMDUCSI\WT64A\amducsi.inf","Windows Server 2016","14393","NativeApplicable","NativeApplicable","NATIVE_CANDIDATE","NativeCandidate","InfWideConservative","STATIC_CANDIDATE","NotEstablished","AMD.NTamd64","AMD.NTamd64","5","5","1.15","1.19","","","1"
"22.Q4","Unspecified","SBDrv","d0_amd-software-pro-edition-22.q4-win10-win11-nov15.exe_04db1ec2fbc1\Packages\Drivers\SBDrv\AMDUCSI\WT64A\amducsi.inf","Windows Server 2019","17763","NativeApplicable","NativeApplicable","NATIVE_CANDIDATE","NativeCandidate","InfWideConservative","STATIC_CANDIDATE","NotEstablished","AMD.NTamd64","AMD.NTamd64","5","5","1.15","1.27","1.27","","1"
"22.Q4","Unspecified","SBDrv","d0_amd-software-pro-edition-22.q4-win10-win11-nov15.exe_04db1ec2fbc1\Packages\Drivers\SBDrv\AMDUCSI\WT64A\amducsi.inf","Windows Server 2022","20348","NativeApplicable","NativeApplicable","NATIVE_CANDIDATE","NativeCandidate","InfWideConservative","STATIC_CANDIDATE","NotEstablished","AMD.NTamd64","AMD.NTamd64","5","5","1.15","1.33","","","1"
"22.Q4","Unspecified","SBDrv","d0_amd-software-pro-edition-22.q4-win10-win11-nov15.exe_04db1ec2fbc1\Packages\Drivers\SBDrv\AMDUCSI\WT64A\amducsi.inf","Windows Server 2025","26100","NativeApplicable","NativeApplicable","NATIVE_CANDIDATE","NativeCandidate","InfWideConservative","STATIC_CANDIDATE","NotEstablished","AMD.NTamd64","AMD.NTamd64","5","5","1.15","1.33","1.35","","1"
"22.Q4","Unspecified","SSG","d0_amd-software-pro-edition-22.q4-win10-win11-nov15.exe_04db1ec2fbc1\Packages\Drivers\SSG\WT64A\amdssg64.inf","Windows Server 2016","14393","NativeApplicable","NativeApplicable","NATIVE_CANDIDATE","NativeCandidate","InfWideConservative","STATIC_CANDIDATE","NotEstablished","Standard.NTamd64","Standard.NTamd64","1","1","1.15","1.19","","","0"
"22.Q4","Unspecified","SSG","d0_amd-software-pro-edition-22.q4-win10-win11-nov15.exe_04db1ec2fbc1\Packages\Drivers\SSG\WT64A\amdssg64.inf","Windows Server 2019","17763","NativeApplicable","NativeApplicable","NATIVE_CANDIDATE","NativeCandidate","InfWideConservative","STATIC_CANDIDATE","NotEstablished","Standard.NTamd64","Standard.NTamd64","1","1","1.15","1.27","1.27","","0"
"22.Q4","Unspecified","SSG","d0_amd-software-pro-edition-22.q4-win10-win11-nov15.exe_04db1ec2fbc1\Packages\Drivers\SSG\WT64A\amdssg64.inf","Windows Server 2022","20348","NativeApplicable","NativeApplicable","NATIVE_CANDIDATE","NativeCandidate","InfWideConservative","STATIC_CANDIDATE","NotEstablished","Standard.NTamd64","Standard.NTamd64","1","1","1.15","1.33","","","0"
"22.Q4","Unspecified","SSG","d0_amd-software-pro-edition-22.q4-win10-win11-nov15.exe_04db1ec2fbc1\Packages\Drivers\SSG\WT64A\amdssg64.inf","Windows Server 2025","26100","NativeApplicable","NativeApplicable","NATIVE_CANDIDATE","NativeCandidate","InfWideConservative","STATIC_CANDIDATE","NotEstablished","Standard.NTamd64","Standard.NTamd64","1","1","1.15","1.33","1.35","","0"
"22.Q4","WindowsServer","Display","d0_amd-software-pro-edition-22.q4-winsvr2016-nov15.exe_aa4e02690300\Packages\Drivers\Display\WT6A_INF\S6385561.inf","Windows Server 2016","14393","NativeApplicable","NativeApplicable","NATIVE_CANDIDATE","NativeCandidate","InfWideConservative","STATIC_CANDIDATE","NotEstablished","ATI.Mfg.NTamd64.10.0.3..14310","ATI.Mfg.NTamd64.10.0.3..14310","319","319","","1.19","","","1"
"22.Q4","WindowsServer","Display","d0_amd-software-pro-edition-22.q4-winsvr2016-nov15.exe_aa4e02690300\Packages\Drivers\Display\WT6A_INF\S6385561.inf","Windows Server 2019","17763","NativeApplicable","NativeApplicable","NATIVE_CANDIDATE","NativeCandidate","InfWideConservative","STATIC_CANDIDATE","NotEstablished","ATI.Mfg.NTamd64.10.0.3..14310","ATI.Mfg.NTamd64.10.0.3..14310","319","319","","1.27","1.27","","1"
"22.Q4","WindowsServer","Display","d0_amd-software-pro-edition-22.q4-winsvr2016-nov15.exe_aa4e02690300\Packages\Drivers\Display\WT6A_INF\S6385561.inf","Windows Server 2022","20348","NativeApplicable","NativeApplicable","NATIVE_CANDIDATE","NativeCandidate","InfWideConservative","STATIC_CANDIDATE","NotEstablished","ATI.Mfg.NTamd64.10.0.3..14310","ATI.Mfg.NTamd64.10.0.3..14310","319","319","","1.33","","","1"
"22.Q4","WindowsServer","Display","d0_amd-software-pro-edition-22.q4-winsvr2016-nov15.exe_aa4e02690300\Packages\Drivers\Display\WT6A_INF\S6385561.inf","Windows Server 2025","26100","NativeApplicable","NativeApplicable","NATIVE_CANDIDATE","NativeCandidate","InfWideConservative","STATIC_CANDIDATE","NotEstablished","ATI.Mfg.NTamd64.10.0.3..14310","ATI.Mfg.NTamd64.10.0.3..14310","319","319","","1.33","1.35","","1"
"22.Q4","WindowsServer","Display","d0_amd-software-pro-edition-22.q4-winsvr2016-nov15.exe_aa4e02690300\Packages\Drivers\Display\WT6A_INF\amdafd\amdafd.inf","Windows Server 2016","14393","NativeApplicable","NativeApplicable","NATIVE_CANDIDATE","NativeCandidate","InfWideConservative","STATIC_CANDIDATE","NotEstablished","AMD_KMAFD.NTAMD64","AMD_KMAFD.NTAMD64","2","2","","1.19","","","0"
"22.Q4","WindowsServer","Display","d0_amd-software-pro-edition-22.q4-winsvr2016-nov15.exe_aa4e02690300\Packages\Drivers\Display\WT6A_INF\amdafd\amdafd.inf","Windows Server 2019","17763","NativeApplicable","NativeApplicable","NATIVE_CANDIDATE","NativeCandidate","InfWideConservative","STATIC_CANDIDATE","NotEstablished","AMD_KMAFD.NTAMD64","AMD_KMAFD.NTAMD64","2","2","","1.27","1.27","","0"
"22.Q4","WindowsServer","Display","d0_amd-software-pro-edition-22.q4-winsvr2016-nov15.exe_aa4e02690300\Packages\Drivers\Display\WT6A_INF\amdafd\amdafd.inf","Windows Server 2022","20348","NativeApplicable","NativeApplicable","NATIVE_CANDIDATE","NativeCandidate","InfWideConservative","STATIC_CANDIDATE","NotEstablished","AMD_KMAFD.NTAMD64","AMD_KMAFD.NTAMD64","2","2","","1.33","","","0"
"22.Q4","WindowsServer","Display","d0_amd-software-pro-edition-22.q4-winsvr2016-nov15.exe_aa4e02690300\Packages\Drivers\Display\WT6A_INF\amdafd\amdafd.inf","Windows Server 2025","26100","NativeApplicable","NativeApplicable","NATIVE_CANDIDATE","NativeCandidate","InfWideConservative","STATIC_CANDIDATE","NotEstablished","AMD_KMAFD.NTAMD64","AMD_KMAFD.NTAMD64","2","2","","1.33","1.35","","0"
"22.Q4","WindowsServer","Display","d0_amd-software-pro-edition-22.q4-winsvr2016-nov15.exe_aa4e02690300\Packages\Drivers\Display\WT6A_INF\amdfendr\amdfendr.inf","Windows Server 2016","14393","NativeApplicable","NativeApplicable","NATIVE_CANDIDATE","NativeCandidate","InfWideConservative","STATIC_CANDIDATE","NotEstablished","AMDFENDR_KM.NTAMD64","AMDFENDR_KM.NTAMD64","1","1","1.15","1.19","","","0"
"22.Q4","WindowsServer","Display","d0_amd-software-pro-edition-22.q4-winsvr2016-nov15.exe_aa4e02690300\Packages\Drivers\Display\WT6A_INF\amdfendr\amdfendr.inf","Windows Server 2019","17763","NativeApplicable","NativeApplicable","NATIVE_CANDIDATE","NativeCandidate","InfWideConservative","STATIC_CANDIDATE","NotEstablished","AMDFENDR_KM.NTAMD64","AMDFENDR_KM.NTAMD64","1","1","1.15","1.27","1.27","","0"
"22.Q4","WindowsServer","Display","d0_amd-software-pro-edition-22.q4-winsvr2016-nov15.exe_aa4e02690300\Packages\Drivers\Display\WT6A_INF\amdfendr\amdfendr.inf","Windows Server 2022","20348","NativeApplicable","NativeApplicable","NATIVE_CANDIDATE","NativeCandidate","InfWideConservative","STATIC_CANDIDATE","NotEstablished","AMDFENDR_KM.NTAMD64","AMDFENDR_KM.NTAMD64","1","1","1.15","1.33","","","0"
"22.Q4","WindowsServer","Display","d0_amd-software-pro-edition-22.q4-winsvr2016-nov15.exe_aa4e02690300\Packages\Drivers\Display\WT6A_INF\amdfendr\amdfendr.inf","Windows Server 2025","26100","NativeApplicable","NativeApplicable","NATIVE_CANDIDATE","NativeCandidate","InfWideConservative","STATIC_CANDIDATE","NotEstablished","AMDFENDR_KM.NTAMD64","AMDFENDR_KM.NTAMD64","1","1","1.15","1.33","1.35","","0"
"22.Q4","WindowsServer","SSG","d0_amd-software-pro-edition-22.q4-winsvr2016-nov15.exe_aa4e02690300\Packages\Drivers\SSG\WT64A\amdssg64.inf","Windows Server 2016","14393","NativeApplicable","NativeApplicable","NATIVE_CANDIDATE","NativeCandidate","InfWideConservative","STATIC_CANDIDATE","NotEstablished","Standard.NTamd64","Standard.NTamd64","1","1","1.15","1.19","","","0"
"22.Q4","WindowsServer","SSG","d0_amd-software-pro-edition-22.q4-winsvr2016-nov15.exe_aa4e02690300\Packages\Drivers\SSG\WT64A\amdssg64.inf","Windows Server 2019","17763","NativeApplicable","NativeApplicable","NATIVE_CANDIDATE","NativeCandidate","InfWideConservative","STATIC_CANDIDATE","NotEstablished","Standard.NTamd64","Standard.NTamd64","1","1","1.15","1.27","1.27","","0"
"22.Q4","WindowsServer","SSG","d0_amd-software-pro-edition-22.q4-winsvr2016-nov15.exe_aa4e02690300\Packages\Drivers\SSG\WT64A\amdssg64.inf","Windows Server 2022","20348","NativeApplicable","NativeApplicable","NATIVE_CANDIDATE","NativeCandidate","InfWideConservative","STATIC_CANDIDATE","NotEstablished","Standard.NTamd64","Standard.NTamd64","1","1","1.15","1.33","","","0"
"22.Q4","WindowsServer","SSG","d0_amd-software-pro-edition-22.q4-winsvr2016-nov15.exe_aa4e02690300\Packages\Drivers\SSG\WT64A\amdssg64.inf","Windows Server 2025","26100","NativeApplicable","NativeApplicable","NATIVE_CANDIDATE","NativeCandidate","InfWideConservative","STATIC_CANDIDATE","NotEstablished","Standard.NTamd64","Standard.NTamd64","1","1","1.15","1.33","1.35","","0"
"21.Q4","Unspecified","Audio","d0_win10-win11-radeon-pro-software-21.q4-dec3.exe_fb5920272ff4\Packages\Drivers\Audio\HDMI\WT64A\AtihdWT6.inf","Windows Server 2016","14393","NativeApplicable","NativeApplicable","NATIVE_CANDIDATE","NativeCandidate","InfWideConservative","STATIC_CANDIDATE","NotEstablished","AMD.NTamd64.10.0;AMD.NTamd64.6.0;AMD.NTamd64.6.1;AMD.NTamd64.6.2;AMD.NTamd64.6.3","AMD.NTamd64.10.0;AMD.NTamd64.6.0;AMD.NTamd64.6.1;AMD.NTamd64.6.2;AMD.NTamd64.6.3","6","6","","1.19","","","1"
"21.Q4","Unspecified","Audio","d0_win10-win11-radeon-pro-software-21.q4-dec3.exe_fb5920272ff4\Packages\Drivers\Audio\HDMI\WT64A\AtihdWT6.inf","Windows Server 2019","17763","NativeApplicable","NativeApplicable","NATIVE_CANDIDATE","NativeCandidate","InfWideConservative","STATIC_CANDIDATE","NotEstablished","AMD.NTamd64.10.0;AMD.NTamd64.6.0;AMD.NTamd64.6.1;AMD.NTamd64.6.2;AMD.NTamd64.6.3","AMD.NTamd64.10.0;AMD.NTamd64.6.0;AMD.NTamd64.6.1;AMD.NTamd64.6.2;AMD.NTamd64.6.3","6","6","","1.27","1.27","","1"
"21.Q4","Unspecified","Audio","d0_win10-win11-radeon-pro-software-21.q4-dec3.exe_fb5920272ff4\Packages\Drivers\Audio\HDMI\WT64A\AtihdWT6.inf","Windows Server 2022","20348","NativeApplicable","NativeApplicable","NATIVE_CANDIDATE","NativeCandidate","InfWideConservative","STATIC_CANDIDATE","NotEstablished","AMD.NTamd64.10.0;AMD.NTamd64.6.0;AMD.NTamd64.6.1;AMD.NTamd64.6.2;AMD.NTamd64.6.3","AMD.NTamd64.10.0;AMD.NTamd64.6.0;AMD.NTamd64.6.1;AMD.NTamd64.6.2;AMD.NTamd64.6.3","6","6","","1.33","","","1"
"21.Q4","Unspecified","Audio","d0_win10-win11-radeon-pro-software-21.q4-dec3.exe_fb5920272ff4\Packages\Drivers\Audio\HDMI\WT64A\AtihdWT6.inf","Windows Server 2025","26100","NativeApplicable","NativeApplicable","NATIVE_CANDIDATE","NativeCandidate","InfWideConservative","STATIC_CANDIDATE","NotEstablished","AMD.NTamd64.10.0;AMD.NTamd64.6.0;AMD.NTamd64.6.1;AMD.NTamd64.6.2;AMD.NTamd64.6.3","AMD.NTamd64.10.0;AMD.NTamd64.6.0;AMD.NTamd64.6.1;AMD.NTamd64.6.2;AMD.NTamd64.6.3","6","6","","1.33","1.35","","1"
"21.Q4","Unspecified","Audio","d0_win10-win11-radeon-pro-software-21.q4-dec3.exe_fb5920272ff4\Packages\Drivers\Audio\SAFD\WT64A\amdsafd.inf","Windows Server 2016","14393","NativeApplicable","NativeApplicable","NATIVE_CANDIDATE","NativeCandidate","InfWideConservative","STATIC_CANDIDATE","NotEstablished","AMD.NTAMD64","AMD.NTAMD64","1","1","1.15","1.19","","","1"
"21.Q4","Unspecified","Audio","d0_win10-win11-radeon-pro-software-21.q4-dec3.exe_fb5920272ff4\Packages\Drivers\Audio\SAFD\WT64A\amdsafd.inf","Windows Server 2019","17763","NativeApplicable","NativeApplicable","NATIVE_CANDIDATE","NativeCandidate","InfWideConservative","STATIC_CANDIDATE","NotEstablished","AMD.NTAMD64","AMD.NTAMD64","1","1","1.15","1.27","1.27","","1"
"21.Q4","Unspecified","Audio","d0_win10-win11-radeon-pro-software-21.q4-dec3.exe_fb5920272ff4\Packages\Drivers\Audio\SAFD\WT64A\amdsafd.inf","Windows Server 2022","20348","NativeApplicable","NativeApplicable","NATIVE_CANDIDATE","NativeCandidate","InfWideConservative","STATIC_CANDIDATE","NotEstablished","AMD.NTAMD64","AMD.NTAMD64","1","1","1.15","1.33","","","1"
"21.Q4","Unspecified","Audio","d0_win10-win11-radeon-pro-software-21.q4-dec3.exe_fb5920272ff4\Packages\Drivers\Audio\SAFD\WT64A\amdsafd.inf","Windows Server 2025","26100","NativeApplicable","NativeApplicable","NATIVE_CANDIDATE","NativeCandidate","InfWideConservative","STATIC_CANDIDATE","NotEstablished","AMD.NTAMD64","AMD.NTAMD64","1","1","1.15","1.33","1.35","","1"
"21.Q4","Unspecified","Display","d0_win10-win11-radeon-pro-software-21.q4-dec3.exe_fb5920272ff4\Packages\Drivers\Display\WT6A_INF\U0374134.inf","Windows Server 2016","14393","ExplicitlyExcluded","ExplicitlyExcluded","NOT_APPLICABLE","NotApplicable","InfWideConservative","STATIC_CANDIDATE","NotEstablished","ATI.Mfg.NTamd64.10.0;ATI.Mfg.NTamd64.6.0;ATI.Mfg.NTamd64.6.1;ATI.Mfg.NTamd64.6.2;ATI.Mfg.NTamd64.6.3","ATI.Mfg.NTamd64.10.0;ATI.Mfg.NTamd64.6.0;ATI.Mfg.NTamd64.6.1;ATI.Mfg.NTamd64.6.2;ATI.Mfg.NTamd64.6.3","0","0","","1.19","","","1"
"21.Q4","Unspecified","Display","d0_win10-win11-radeon-pro-software-21.q4-dec3.exe_fb5920272ff4\Packages\Drivers\Display\WT6A_INF\U0374134.inf","Windows Server 2019","17763","NativeApplicable","NativeApplicable","NATIVE_CANDIDATE","NativeCandidate","InfWideConservative","STATIC_CANDIDATE","NotEstablished","ATI.Mfg.NTamd64.10.0...16299","ATI.Mfg.NTamd64.10.0...16299","418","418","","1.27","1.27","","1"
"21.Q4","Unspecified","Display","d0_win10-win11-radeon-pro-software-21.q4-dec3.exe_fb5920272ff4\Packages\Drivers\Display\WT6A_INF\U0374134.inf","Windows Server 2022","20348","NativeApplicable","NativeApplicable","NATIVE_CANDIDATE","NativeCandidate","InfWideConservative","STATIC_CANDIDATE","NotEstablished","ATI.Mfg.NTamd64.10.0...16299","ATI.Mfg.NTamd64.10.0...16299","418","418","","1.33","","","1"
"21.Q4","Unspecified","Display","d0_win10-win11-radeon-pro-software-21.q4-dec3.exe_fb5920272ff4\Packages\Drivers\Display\WT6A_INF\U0374134.inf","Windows Server 2025","26100","NativeApplicable","NativeApplicable","NATIVE_CANDIDATE","NativeCandidate","InfWideConservative","STATIC_CANDIDATE","NotEstablished","ATI.Mfg.NTamd64.10.0...16299","ATI.Mfg.NTamd64.10.0...16299","418","418","","1.33","1.35","","1"
"21.Q4","Unspecified","Display","d0_win10-win11-radeon-pro-software-21.q4-dec3.exe_fb5920272ff4\Packages\Drivers\Display\WT6A_INF\amdafd\amdafd.inf","Windows Server 2016","14393","NativeApplicable","NativeApplicable","NATIVE_CANDIDATE","NativeCandidate","InfWideConservative","STATIC_CANDIDATE","NotEstablished","AMD_KMAFD.NTAMD64","AMD_KMAFD.NTAMD64","2","2","","1.19","","","0"
"21.Q4","Unspecified","Display","d0_win10-win11-radeon-pro-software-21.q4-dec3.exe_fb5920272ff4\Packages\Drivers\Display\WT6A_INF\amdafd\amdafd.inf","Windows Server 2019","17763","NativeApplicable","NativeApplicable","NATIVE_CANDIDATE","NativeCandidate","InfWideConservative","STATIC_CANDIDATE","NotEstablished","AMD_KMAFD.NTAMD64","AMD_KMAFD.NTAMD64","2","2","","1.27","1.27","","0"
"21.Q4","Unspecified","Display","d0_win10-win11-radeon-pro-software-21.q4-dec3.exe_fb5920272ff4\Packages\Drivers\Display\WT6A_INF\amdafd\amdafd.inf","Windows Server 2022","20348","NativeApplicable","NativeApplicable","NATIVE_CANDIDATE","NativeCandidate","InfWideConservative","STATIC_CANDIDATE","NotEstablished","AMD_KMAFD.NTAMD64","AMD_KMAFD.NTAMD64","2","2","","1.33","","","0"
"21.Q4","Unspecified","Display","d0_win10-win11-radeon-pro-software-21.q4-dec3.exe_fb5920272ff4\Packages\Drivers\Display\WT6A_INF\amdafd\amdafd.inf","Windows Server 2025","26100","NativeApplicable","NativeApplicable","NATIVE_CANDIDATE","NativeCandidate","InfWideConservative","STATIC_CANDIDATE","NotEstablished","AMD_KMAFD.NTAMD64","AMD_KMAFD.NTAMD64","2","2","","1.33","1.35","","0"
"21.Q4","Unspecified","Display","d0_win10-win11-radeon-pro-software-21.q4-dec3.exe_fb5920272ff4\Packages\Drivers\Display\WT6A_INF\amdfendr\amdfendr.inf","Windows Server 2016","14393","NativeApplicable","NativeApplicable","NATIVE_CANDIDATE","NativeCandidate","InfWideConservative","STATIC_CANDIDATE","NotEstablished","AMDFENDR_KM.NTAMD64","AMDFENDR_KM.NTAMD64","1","1","1.15","1.19","","","0"
"21.Q4","Unspecified","Display","d0_win10-win11-radeon-pro-software-21.q4-dec3.exe_fb5920272ff4\Packages\Drivers\Display\WT6A_INF\amdfendr\amdfendr.inf","Windows Server 2019","17763","NativeApplicable","NativeApplicable","NATIVE_CANDIDATE","NativeCandidate","InfWideConservative","STATIC_CANDIDATE","NotEstablished","AMDFENDR_KM.NTAMD64","AMDFENDR_KM.NTAMD64","1","1","1.15","1.27","1.27","","0"
"21.Q4","Unspecified","Display","d0_win10-win11-radeon-pro-software-21.q4-dec3.exe_fb5920272ff4\Packages\Drivers\Display\WT6A_INF\amdfendr\amdfendr.inf","Windows Server 2022","20348","NativeApplicable","NativeApplicable","NATIVE_CANDIDATE","NativeCandidate","InfWideConservative","STATIC_CANDIDATE","NotEstablished","AMDFENDR_KM.NTAMD64","AMDFENDR_KM.NTAMD64","1","1","1.15","1.33","","","0"
"21.Q4","Unspecified","Display","d0_win10-win11-radeon-pro-software-21.q4-dec3.exe_fb5920272ff4\Packages\Drivers\Display\WT6A_INF\amdfendr\amdfendr.inf","Windows Server 2025","26100","NativeApplicable","NativeApplicable","NATIVE_CANDIDATE","NativeCandidate","InfWideConservative","STATIC_CANDIDATE","NotEstablished","AMDFENDR_KM.NTAMD64","AMDFENDR_KM.NTAMD64","1","1","1.15","1.33","1.35","","0"
"21.Q4","Unspecified","Display","d0_win10-win11-radeon-pro-software-21.q4-dec3.exe_fb5920272ff4\Packages\Drivers\Display\WT6A_INF\amdpcibridge\amdpcibridgeextension.inf","Windows Server 2016","14393","NativeApplicable","NativeApplicable","NATIVE_CANDIDATE","NativeCandidate","InfWideConservative","STATIC_CANDIDATE","NotEstablished","DeviceExtensions.NTamd64","DeviceExtensions.NTamd64","2","2","","1.19","","","0"
"21.Q4","Unspecified","Display","d0_win10-win11-radeon-pro-software-21.q4-dec3.exe_fb5920272ff4\Packages\Drivers\Display\WT6A_INF\amdpcibridge\amdpcibridgeextension.inf","Windows Server 2019","17763","NativeApplicable","NativeApplicable","NATIVE_CANDIDATE","NativeCandidate","InfWideConservative","STATIC_CANDIDATE","NotEstablished","DeviceExtensions.NTamd64","DeviceExtensions.NTamd64","2","2","","1.27","1.27","","0"
"21.Q4","Unspecified","Display","d0_win10-win11-radeon-pro-software-21.q4-dec3.exe_fb5920272ff4\Packages\Drivers\Display\WT6A_INF\amdpcibridge\amdpcibridgeextension.inf","Windows Server 2022","20348","NativeApplicable","NativeApplicable","NATIVE_CANDIDATE","NativeCandidate","InfWideConservative","STATIC_CANDIDATE","NotEstablished","DeviceExtensions.NTamd64","DeviceExtensions.NTamd64","2","2","","1.33","","","0"
"21.Q4","Unspecified","Display","d0_win10-win11-radeon-pro-software-21.q4-dec3.exe_fb5920272ff4\Packages\Drivers\Display\WT6A_INF\amdpcibridge\amdpcibridgeextension.inf","Windows Server 2025","26100","NativeApplicable","NativeApplicable","NATIVE_CANDIDATE","NativeCandidate","InfWideConservative","STATIC_CANDIDATE","NotEstablished","DeviceExtensions.NTamd64","DeviceExtensions.NTamd64","2","2","","1.33","1.35","","0"
"21.Q4","Unspecified","RadeonLED","d0_win10-win11-radeon-pro-software-21.q4-dec3.exe_fb5920272ff4\Packages\Drivers\RadeonLED\WT64A\amdusbledfd.inf","Windows Server 2016","14393","NativeApplicable","NativeApplicable","NATIVE_CANDIDATE","NativeCandidate","InfWideConservative","STATIC_CANDIDATE","NotEstablished","AMD_USBLEDFD.NTamd64","AMD_USBLEDFD.NTamd64","6","6","","1.19","","","1"
"21.Q4","Unspecified","RadeonLED","d0_win10-win11-radeon-pro-software-21.q4-dec3.exe_fb5920272ff4\Packages\Drivers\RadeonLED\WT64A\amdusbledfd.inf","Windows Server 2019","17763","NativeApplicable","NativeApplicable","NATIVE_CANDIDATE","NativeCandidate","InfWideConservative","STATIC_CANDIDATE","NotEstablished","AMD_USBLEDFD.NTamd64","AMD_USBLEDFD.NTamd64","6","6","","1.27","1.27","","1"
"21.Q4","Unspecified","RadeonLED","d0_win10-win11-radeon-pro-software-21.q4-dec3.exe_fb5920272ff4\Packages\Drivers\RadeonLED\WT64A\amdusbledfd.inf","Windows Server 2022","20348","NativeApplicable","NativeApplicable","NATIVE_CANDIDATE","NativeCandidate","InfWideConservative","STATIC_CANDIDATE","NotEstablished","AMD_USBLEDFD.NTamd64","AMD_USBLEDFD.NTamd64","6","6","","1.33","","","1"
"21.Q4","Unspecified","RadeonLED","d0_win10-win11-radeon-pro-software-21.q4-dec3.exe_fb5920272ff4\Packages\Drivers\RadeonLED\WT64A\amdusbledfd.inf","Windows Server 2025","26100","NativeApplicable","NativeApplicable","NATIVE_CANDIDATE","NativeCandidate","InfWideConservative","STATIC_CANDIDATE","NotEstablished","AMD_USBLEDFD.NTamd64","AMD_USBLEDFD.NTamd64","6","6","","1.33","1.35","","1"
"21.Q4","Unspecified","SBDrv","d0_win10-win11-radeon-pro-software-21.q4-dec3.exe_fb5920272ff4\Packages\Drivers\SBDrv\AMDUCSI\WT64A\amducsi.inf","Windows Server 2016","14393","NativeApplicable","NativeApplicable","NATIVE_CANDIDATE","NativeCandidate","InfWideConservative","STATIC_CANDIDATE","NotEstablished","AMD.NTamd64","AMD.NTamd64","4","4","1.15","1.19","","","1"
"21.Q4","Unspecified","SBDrv","d0_win10-win11-radeon-pro-software-21.q4-dec3.exe_fb5920272ff4\Packages\Drivers\SBDrv\AMDUCSI\WT64A\amducsi.inf","Windows Server 2019","17763","NativeApplicable","NativeApplicable","NATIVE_CANDIDATE","NativeCandidate","InfWideConservative","STATIC_CANDIDATE","NotEstablished","AMD.NTamd64","AMD.NTamd64","4","4","1.15","1.27","1.27","","1"
"21.Q4","Unspecified","SBDrv","d0_win10-win11-radeon-pro-software-21.q4-dec3.exe_fb5920272ff4\Packages\Drivers\SBDrv\AMDUCSI\WT64A\amducsi.inf","Windows Server 2022","20348","NativeApplicable","NativeApplicable","NATIVE_CANDIDATE","NativeCandidate","InfWideConservative","STATIC_CANDIDATE","NotEstablished","AMD.NTamd64","AMD.NTamd64","4","4","1.15","1.33","","","1"
"21.Q4","Unspecified","SBDrv","d0_win10-win11-radeon-pro-software-21.q4-dec3.exe_fb5920272ff4\Packages\Drivers\SBDrv\AMDUCSI\WT64A\amducsi.inf","Windows Server 2025","26100","NativeApplicable","NativeApplicable","NATIVE_CANDIDATE","NativeCandidate","InfWideConservative","STATIC_CANDIDATE","NotEstablished","AMD.NTamd64","AMD.NTamd64","4","4","1.15","1.33","1.35","","1"
"21.Q4","Unspecified","SSG","d0_win10-win11-radeon-pro-software-21.q4-dec3.exe_fb5920272ff4\Packages\Drivers\SSG\WT64A\amdssg64.inf","Windows Server 2016","14393","NativeApplicable","NativeApplicable","NATIVE_CANDIDATE","NativeCandidate","InfWideConservative","STATIC_CANDIDATE","NotEstablished","Standard.NTamd64","Standard.NTamd64","1","1","1.15","1.19","","","0"
"21.Q4","Unspecified","SSG","d0_win10-win11-radeon-pro-software-21.q4-dec3.exe_fb5920272ff4\Packages\Drivers\SSG\WT64A\amdssg64.inf","Windows Server 2019","17763","NativeApplicable","NativeApplicable","NATIVE_CANDIDATE","NativeCandidate","InfWideConservative","STATIC_CANDIDATE","NotEstablished","Standard.NTamd64","Standard.NTamd64","1","1","1.15","1.27","1.27","","0"
"21.Q4","Unspecified","SSG","d0_win10-win11-radeon-pro-software-21.q4-dec3.exe_fb5920272ff4\Packages\Drivers\SSG\WT64A\amdssg64.inf","Windows Server 2022","20348","NativeApplicable","NativeApplicable","NATIVE_CANDIDATE","NativeCandidate","InfWideConservative","STATIC_CANDIDATE","NotEstablished","Standard.NTamd64","Standard.NTamd64","1","1","1.15","1.33","","","0"
"21.Q4","Unspecified","SSG","d0_win10-win11-radeon-pro-software-21.q4-dec3.exe_fb5920272ff4\Packages\Drivers\SSG\WT64A\amdssg64.inf","Windows Server 2025","26100","NativeApplicable","NativeApplicable","NATIVE_CANDIDATE","NativeCandidate","InfWideConservative","STATIC_CANDIDATE","NotEstablished","Standard.NTamd64","Standard.NTamd64","1","1","1.15","1.33","1.35","","0"
"21.Q4","WindowsServer","Audio","d0_winsvr2016-radeon-pro-software-21.q4-for-amd-radeon-pro-w6400.exe_e82d18f63ff6\Packages\Drivers\Audio\HDMI\WT64A\AtihdWT6.inf","Windows Server 2016","14393","NativeApplicable","NativeApplicable","NATIVE_CANDIDATE","NativeCandidate","InfWideConservative","STATIC_CANDIDATE","NotEstablished","AMD.NTamd64.10.0;AMD.NTamd64.6.0;AMD.NTamd64.6.1;AMD.NTamd64.6.2;AMD.NTamd64.6.3","AMD.NTamd64.10.0;AMD.NTamd64.6.0;AMD.NTamd64.6.1;AMD.NTamd64.6.2;AMD.NTamd64.6.3","6","6","","1.19","","","1"
"21.Q4","WindowsServer","Audio","d0_winsvr2016-radeon-pro-software-21.q4-for-amd-radeon-pro-w6400.exe_e82d18f63ff6\Packages\Drivers\Audio\HDMI\WT64A\AtihdWT6.inf","Windows Server 2019","17763","NativeApplicable","NativeApplicable","NATIVE_CANDIDATE","NativeCandidate","InfWideConservative","STATIC_CANDIDATE","NotEstablished","AMD.NTamd64.10.0;AMD.NTamd64.6.0;AMD.NTamd64.6.1;AMD.NTamd64.6.2;AMD.NTamd64.6.3","AMD.NTamd64.10.0;AMD.NTamd64.6.0;AMD.NTamd64.6.1;AMD.NTamd64.6.2;AMD.NTamd64.6.3","6","6","","1.27","1.27","","1"
"21.Q4","WindowsServer","Audio","d0_winsvr2016-radeon-pro-software-21.q4-for-amd-radeon-pro-w6400.exe_e82d18f63ff6\Packages\Drivers\Audio\HDMI\WT64A\AtihdWT6.inf","Windows Server 2022","20348","NativeApplicable","NativeApplicable","NATIVE_CANDIDATE","NativeCandidate","InfWideConservative","STATIC_CANDIDATE","NotEstablished","AMD.NTamd64.10.0;AMD.NTamd64.6.0;AMD.NTamd64.6.1;AMD.NTamd64.6.2;AMD.NTamd64.6.3","AMD.NTamd64.10.0;AMD.NTamd64.6.0;AMD.NTamd64.6.1;AMD.NTamd64.6.2;AMD.NTamd64.6.3","6","6","","1.33","","","1"
"21.Q4","WindowsServer","Audio","d0_winsvr2016-radeon-pro-software-21.q4-for-amd-radeon-pro-w6400.exe_e82d18f63ff6\Packages\Drivers\Audio\HDMI\WT64A\AtihdWT6.inf","Windows Server 2025","26100","NativeApplicable","NativeApplicable","NATIVE_CANDIDATE","NativeCandidate","InfWideConservative","STATIC_CANDIDATE","NotEstablished","AMD.NTamd64.10.0;AMD.NTamd64.6.0;AMD.NTamd64.6.1;AMD.NTamd64.6.2;AMD.NTamd64.6.3","AMD.NTamd64.10.0;AMD.NTamd64.6.0;AMD.NTamd64.6.1;AMD.NTamd64.6.2;AMD.NTamd64.6.3","6","6","","1.33","1.35","","1"
"21.Q4","WindowsServer","Display","d0_winsvr2016-radeon-pro-software-21.q4-for-amd-radeon-pro-w6400.exe_e82d18f63ff6\Packages\Drivers\Display\WT6A_INF\S6374639.inf","Windows Server 2016","14393","NativeApplicable","NativeApplicable","NATIVE_CANDIDATE","NativeCandidate","InfWideConservative","STATIC_CANDIDATE","NotEstablished","ATI.Mfg.NTamd64.10.0.3..14310","ATI.Mfg.NTamd64.10.0.3..14310","251","251","","1.19","","","1"
"21.Q4","WindowsServer","Display","d0_winsvr2016-radeon-pro-software-21.q4-for-amd-radeon-pro-w6400.exe_e82d18f63ff6\Packages\Drivers\Display\WT6A_INF\S6374639.inf","Windows Server 2019","17763","NativeApplicable","NativeApplicable","NATIVE_CANDIDATE","NativeCandidate","InfWideConservative","STATIC_CANDIDATE","NotEstablished","ATI.Mfg.NTamd64.10.0.3..14310","ATI.Mfg.NTamd64.10.0.3..14310","251","251","","1.27","1.27","","1"
"21.Q4","WindowsServer","Display","d0_winsvr2016-radeon-pro-software-21.q4-for-amd-radeon-pro-w6400.exe_e82d18f63ff6\Packages\Drivers\Display\WT6A_INF\S6374639.inf","Windows Server 2022","20348","NativeApplicable","NativeApplicable","NATIVE_CANDIDATE","NativeCandidate","InfWideConservative","STATIC_CANDIDATE","NotEstablished","ATI.Mfg.NTamd64.10.0.3..14310","ATI.Mfg.NTamd64.10.0.3..14310","251","251","","1.33","","","1"
"21.Q4","WindowsServer","Display","d0_winsvr2016-radeon-pro-software-21.q4-for-amd-radeon-pro-w6400.exe_e82d18f63ff6\Packages\Drivers\Display\WT6A_INF\S6374639.inf","Windows Server 2025","26100","NativeApplicable","NativeApplicable","NATIVE_CANDIDATE","NativeCandidate","InfWideConservative","STATIC_CANDIDATE","NotEstablished","ATI.Mfg.NTamd64.10.0.3..14310","ATI.Mfg.NTamd64.10.0.3..14310","251","251","","1.33","1.35","","1"
"21.Q4","WindowsServer","Display","d0_winsvr2016-radeon-pro-software-21.q4-for-amd-radeon-pro-w6400.exe_e82d18f63ff6\Packages\Drivers\Display\WT6A_INF\amdafd\amdafd.inf","Windows Server 2016","14393","NativeApplicable","NativeApplicable","NATIVE_CANDIDATE","NativeCandidate","InfWideConservative","STATIC_CANDIDATE","NotEstablished","AMD_KMAFD.NTAMD64","AMD_KMAFD.NTAMD64","2","2","","1.19","","","0"
"21.Q4","WindowsServer","Display","d0_winsvr2016-radeon-pro-software-21.q4-for-amd-radeon-pro-w6400.exe_e82d18f63ff6\Packages\Drivers\Display\WT6A_INF\amdafd\amdafd.inf","Windows Server 2019","17763","NativeApplicable","NativeApplicable","NATIVE_CANDIDATE","NativeCandidate","InfWideConservative","STATIC_CANDIDATE","NotEstablished","AMD_KMAFD.NTAMD64","AMD_KMAFD.NTAMD64","2","2","","1.27","1.27","","0"
"21.Q4","WindowsServer","Display","d0_winsvr2016-radeon-pro-software-21.q4-for-amd-radeon-pro-w6400.exe_e82d18f63ff6\Packages\Drivers\Display\WT6A_INF\amdafd\amdafd.inf","Windows Server 2022","20348","NativeApplicable","NativeApplicable","NATIVE_CANDIDATE","NativeCandidate","InfWideConservative","STATIC_CANDIDATE","NotEstablished","AMD_KMAFD.NTAMD64","AMD_KMAFD.NTAMD64","2","2","","1.33","","","0"
"21.Q4","WindowsServer","Display","d0_winsvr2016-radeon-pro-software-21.q4-for-amd-radeon-pro-w6400.exe_e82d18f63ff6\Packages\Drivers\Display\WT6A_INF\amdafd\amdafd.inf","Windows Server 2025","26100","NativeApplicable","NativeApplicable","NATIVE_CANDIDATE","NativeCandidate","InfWideConservative","STATIC_CANDIDATE","NotEstablished","AMD_KMAFD.NTAMD64","AMD_KMAFD.NTAMD64","2","2","","1.33","1.35","","0"
"21.Q4","WindowsServer","Display","d0_winsvr2016-radeon-pro-software-21.q4-for-amd-radeon-pro-w6400.exe_e82d18f63ff6\Packages\Drivers\Display\WT6A_INF\amdfendr\amdfendr.inf","Windows Server 2016","14393","NativeApplicable","NativeApplicable","NATIVE_CANDIDATE","NativeCandidate","InfWideConservative","STATIC_CANDIDATE","NotEstablished","AMDFENDR_KM.NTAMD64","AMDFENDR_KM.NTAMD64","1","1","1.15","1.19","","","0"
"21.Q4","WindowsServer","Display","d0_winsvr2016-radeon-pro-software-21.q4-for-amd-radeon-pro-w6400.exe_e82d18f63ff6\Packages\Drivers\Display\WT6A_INF\amdfendr\amdfendr.inf","Windows Server 2019","17763","NativeApplicable","NativeApplicable","NATIVE_CANDIDATE","NativeCandidate","InfWideConservative","STATIC_CANDIDATE","NotEstablished","AMDFENDR_KM.NTAMD64","AMDFENDR_KM.NTAMD64","1","1","1.15","1.27","1.27","","0"
"21.Q4","WindowsServer","Display","d0_winsvr2016-radeon-pro-software-21.q4-for-amd-radeon-pro-w6400.exe_e82d18f63ff6\Packages\Drivers\Display\WT6A_INF\amdfendr\amdfendr.inf","Windows Server 2022","20348","NativeApplicable","NativeApplicable","NATIVE_CANDIDATE","NativeCandidate","InfWideConservative","STATIC_CANDIDATE","NotEstablished","AMDFENDR_KM.NTAMD64","AMDFENDR_KM.NTAMD64","1","1","1.15","1.33","","","0"
"21.Q4","WindowsServer","Display","d0_winsvr2016-radeon-pro-software-21.q4-for-amd-radeon-pro-w6400.exe_e82d18f63ff6\Packages\Drivers\Display\WT6A_INF\amdfendr\amdfendr.inf","Windows Server 2025","26100","NativeApplicable","NativeApplicable","NATIVE_CANDIDATE","NativeCandidate","InfWideConservative","STATIC_CANDIDATE","NotEstablished","AMDFENDR_KM.NTAMD64","AMDFENDR_KM.NTAMD64","1","1","1.15","1.33","1.35","","0"
"21.Q4","WindowsServer","SSG","d0_winsvr2016-radeon-pro-software-21.q4-for-amd-radeon-pro-w6400.exe_e82d18f63ff6\Packages\Drivers\SSG\WT64A\amdssg64.inf","Windows Server 2016","14393","NativeApplicable","NativeApplicable","NATIVE_CANDIDATE","NativeCandidate","InfWideConservative","STATIC_CANDIDATE","NotEstablished","Standard.NTamd64","Standard.NTamd64","1","1","1.15","1.19","","","0"
"21.Q4","WindowsServer","SSG","d0_winsvr2016-radeon-pro-software-21.q4-for-amd-radeon-pro-w6400.exe_e82d18f63ff6\Packages\Drivers\SSG\WT64A\amdssg64.inf","Windows Server 2019","17763","NativeApplicable","NativeApplicable","NATIVE_CANDIDATE","NativeCandidate","InfWideConservative","STATIC_CANDIDATE","NotEstablished","Standard.NTamd64","Standard.NTamd64","1","1","1.15","1.27","1.27","","0"
"21.Q4","WindowsServer","SSG","d0_winsvr2016-radeon-pro-software-21.q4-for-amd-radeon-pro-w6400.exe_e82d18f63ff6\Packages\Drivers\SSG\WT64A\amdssg64.inf","Windows Server 2022","20348","NativeApplicable","NativeApplicable","NATIVE_CANDIDATE","NativeCandidate","InfWideConservative","STATIC_CANDIDATE","NotEstablished","Standard.NTamd64","Standard.NTamd64","1","1","1.15","1.33","","","0"
"21.Q4","WindowsServer","SSG","d0_winsvr2016-radeon-pro-software-21.q4-for-amd-radeon-pro-w6400.exe_e82d18f63ff6\Packages\Drivers\SSG\WT64A\amdssg64.inf","Windows Server 2025","26100","NativeApplicable","NativeApplicable","NATIVE_CANDIDATE","NativeCandidate","InfWideConservative","STATIC_CANDIDATE","NotEstablished","Standard.NTamd64","Standard.NTamd64","1","1","1.15","1.33","1.35","","0"
"26.7.1","Main","AMDISP","d0_whql-amd-software-adrenalin-edition-26.7.1-win11-b.exe_116c6269b767\Packages\Drivers\AMDISP\AMDCAMERA\WT64A\amdcamera.inf","Windows Server 2016","14393","NativeApplicable","NativeApplicable","NATIVE_CANDIDATE","NativeCandidate","InfWideConservative","STATIC_CANDIDATE","NotEstablished","AMD.NTamd64","AMD.NTamd64","1","1","","1.19","","","1"
"26.7.1","Main","AMDISP","d0_whql-amd-software-adrenalin-edition-26.7.1-win11-b.exe_116c6269b767\Packages\Drivers\AMDISP\AMDCAMERA\WT64A\amdcamera.inf","Windows Server 2019","17763","NativeApplicable","NativeApplicable","NATIVE_CANDIDATE","NativeCandidate","InfWideConservative","STATIC_CANDIDATE","NotEstablished","AMD.NTamd64","AMD.NTamd64","1","1","","1.27","1.27","","1"
"26.7.1","Main","AMDISP","d0_whql-amd-software-adrenalin-edition-26.7.1-win11-b.exe_116c6269b767\Packages\Drivers\AMDISP\AMDCAMERA\WT64A\amdcamera.inf","Windows Server 2022","20348","NativeApplicable","NativeApplicable","NATIVE_CANDIDATE","NativeCandidate","InfWideConservative","STATIC_CANDIDATE","NotEstablished","AMD.NTamd64","AMD.NTamd64","1","1","","1.33","","","1"
"26.7.1","Main","AMDISP","d0_whql-amd-software-adrenalin-edition-26.7.1-win11-b.exe_116c6269b767\Packages\Drivers\AMDISP\AMDCAMERA\WT64A\amdcamera.inf","Windows Server 2025","26100","NativeApplicable","NativeApplicable","NATIVE_CANDIDATE","NativeCandidate","InfWideConservative","STATIC_CANDIDATE","NotEstablished","AMD.NTamd64","AMD.NTamd64","1","1","","1.33","1.35","","1"
"26.7.1","Main","AMDISP","d0_whql-amd-software-adrenalin-edition-26.7.1-win11-b.exe_116c6269b767\Packages\Drivers\AMDISP\AMDISP\WT64A\amdisp.inf","Windows Server 2016","14393","NativeApplicable","NativeApplicable","REVIEW_REQUIRED","WdfRequirementReview","InfWideConservative","STATIC_CANDIDATE","NotEstablished","AMD.NTamd64;AMD_SRX.NTamd64","AMD.NTamd64;AMD_SRX.NTamd64","2","2","1.23.0","1.19","","2.23.0","1"
"26.7.1","Main","AMDISP","d0_whql-amd-software-adrenalin-edition-26.7.1-win11-b.exe_116c6269b767\Packages\Drivers\AMDISP\AMDISP\WT64A\amdisp.inf","Windows Server 2019","17763","NativeApplicable","NativeApplicable","NATIVE_CANDIDATE","NativeCandidate","InfWideConservative","STATIC_CANDIDATE","NotEstablished","AMD.NTamd64;AMD_SRX.NTamd64","AMD.NTamd64;AMD_SRX.NTamd64","2","2","1.23.0","1.27","1.27","2.23.0","1"
"26.7.1","Main","AMDISP","d0_whql-amd-software-adrenalin-edition-26.7.1-win11-b.exe_116c6269b767\Packages\Drivers\AMDISP\AMDISP\WT64A\amdisp.inf","Windows Server 2022","20348","NativeApplicable","NativeApplicable","NATIVE_CANDIDATE","NativeCandidate","InfWideConservative","STATIC_CANDIDATE","NotEstablished","AMD.NTamd64;AMD_SRX.NTamd64","AMD.NTamd64;AMD_SRX.NTamd64","2","2","1.23.0","1.33","","2.23.0","1"
"26.7.1","Main","AMDISP","d0_whql-amd-software-adrenalin-edition-26.7.1-win11-b.exe_116c6269b767\Packages\Drivers\AMDISP\AMDISP\WT64A\amdisp.inf","Windows Server 2025","26100","NativeApplicable","NativeApplicable","NATIVE_CANDIDATE","NativeCandidate","InfWideConservative","STATIC_CANDIDATE","NotEstablished","AMD.NTamd64;AMD_SRX.NTamd64","AMD.NTamd64;AMD_SRX.NTamd64","2","2","1.23.0","1.33","1.35","2.23.0","1"
"26.7.1","Main","AMDISP","d0_whql-amd-software-adrenalin-edition-26.7.1-win11-b.exe_116c6269b767\Packages\Drivers\AMDISP\GC1029\WT64A\sensorGC1029.inf","Windows Server 2016","14393","NativeApplicable","NativeApplicable","NATIVE_CANDIDATE","NativeCandidate","InfWideConservative","STATIC_CANDIDATE","NotEstablished","Standard.NTamd64","Standard.NTamd64","1","1","1.15","1.19","","","1"
"26.7.1","Main","AMDISP","d0_whql-amd-software-adrenalin-edition-26.7.1-win11-b.exe_116c6269b767\Packages\Drivers\AMDISP\GC1029\WT64A\sensorGC1029.inf","Windows Server 2019","17763","NativeApplicable","NativeApplicable","NATIVE_CANDIDATE","NativeCandidate","InfWideConservative","STATIC_CANDIDATE","NotEstablished","Standard.NTamd64","Standard.NTamd64","1","1","1.15","1.27","1.27","","1"
"26.7.1","Main","AMDISP","d0_whql-amd-software-adrenalin-edition-26.7.1-win11-b.exe_116c6269b767\Packages\Drivers\AMDISP\GC1029\WT64A\sensorGC1029.inf","Windows Server 2022","20348","NativeApplicable","NativeApplicable","NATIVE_CANDIDATE","NativeCandidate","InfWideConservative","STATIC_CANDIDATE","NotEstablished","Standard.NTamd64","Standard.NTamd64","1","1","1.15","1.33","","","1"
"26.7.1","Main","AMDISP","d0_whql-amd-software-adrenalin-edition-26.7.1-win11-b.exe_116c6269b767\Packages\Drivers\AMDISP\GC1029\WT64A\sensorGC1029.inf","Windows Server 2025","26100","NativeApplicable","NativeApplicable","NATIVE_CANDIDATE","NativeCandidate","InfWideConservative","STATIC_CANDIDATE","NotEstablished","Standard.NTamd64","Standard.NTamd64","1","1","1.15","1.33","1.35","","1"
"26.7.1","Main","AMDISP","d0_whql-amd-software-adrenalin-edition-26.7.1-win11-b.exe_116c6269b767\Packages\Drivers\AMDISP\HM1092\WT64A\sensorHM1092.inf","Windows Server 2016","14393","NativeApplicable","NativeApplicable","NATIVE_CANDIDATE","NativeCandidate","InfWideConservative","STATIC_CANDIDATE","NotEstablished","Standard.NTamd64","Standard.NTamd64","1","1","1.15","1.19","","","1"
"26.7.1","Main","AMDISP","d0_whql-amd-software-adrenalin-edition-26.7.1-win11-b.exe_116c6269b767\Packages\Drivers\AMDISP\HM1092\WT64A\sensorHM1092.inf","Windows Server 2019","17763","NativeApplicable","NativeApplicable","NATIVE_CANDIDATE","NativeCandidate","InfWideConservative","STATIC_CANDIDATE","NotEstablished","Standard.NTamd64","Standard.NTamd64","1","1","1.15","1.27","1.27","","1"
"26.7.1","Main","AMDISP","d0_whql-amd-software-adrenalin-edition-26.7.1-win11-b.exe_116c6269b767\Packages\Drivers\AMDISP\HM1092\WT64A\sensorHM1092.inf","Windows Server 2022","20348","NativeApplicable","NativeApplicable","NATIVE_CANDIDATE","NativeCandidate","InfWideConservative","STATIC_CANDIDATE","NotEstablished","Standard.NTamd64","Standard.NTamd64","1","1","1.15","1.33","","","1"
"26.7.1","Main","AMDISP","d0_whql-amd-software-adrenalin-edition-26.7.1-win11-b.exe_116c6269b767\Packages\Drivers\AMDISP\HM1092\WT64A\sensorHM1092.inf","Windows Server 2025","26100","NativeApplicable","NativeApplicable","NATIVE_CANDIDATE","NativeCandidate","InfWideConservative","STATIC_CANDIDATE","NotEstablished","Standard.NTamd64","Standard.NTamd64","1","1","1.15","1.33","1.35","","1"
"26.7.1","Main","AMDISP","d0_whql-amd-software-adrenalin-edition-26.7.1-win11-b.exe_116c6269b767\Packages\Drivers\AMDISP\OV05C\WT64A\sensorOV05C.inf","Windows Server 2016","14393","NativeApplicable","NativeApplicable","NATIVE_CANDIDATE","NativeCandidate","InfWideConservative","STATIC_CANDIDATE","NotEstablished","Standard.NTamd64","Standard.NTamd64","1","1","1.15","1.19","","","1"
"26.7.1","Main","AMDISP","d0_whql-amd-software-adrenalin-edition-26.7.1-win11-b.exe_116c6269b767\Packages\Drivers\AMDISP\OV05C\WT64A\sensorOV05C.inf","Windows Server 2019","17763","NativeApplicable","NativeApplicable","NATIVE_CANDIDATE","NativeCandidate","InfWideConservative","STATIC_CANDIDATE","NotEstablished","Standard.NTamd64","Standard.NTamd64","1","1","1.15","1.27","1.27","","1"
"26.7.1","Main","AMDISP","d0_whql-amd-software-adrenalin-edition-26.7.1-win11-b.exe_116c6269b767\Packages\Drivers\AMDISP\OV05C\WT64A\sensorOV05C.inf","Windows Server 2022","20348","NativeApplicable","NativeApplicable","NATIVE_CANDIDATE","NativeCandidate","InfWideConservative","STATIC_CANDIDATE","NotEstablished","Standard.NTamd64","Standard.NTamd64","1","1","1.15","1.33","","","1"
"26.7.1","Main","AMDISP","d0_whql-amd-software-adrenalin-edition-26.7.1-win11-b.exe_116c6269b767\Packages\Drivers\AMDISP\OV05C\WT64A\sensorOV05C.inf","Windows Server 2025","26100","NativeApplicable","NativeApplicable","NATIVE_CANDIDATE","NativeCandidate","InfWideConservative","STATIC_CANDIDATE","NotEstablished","Standard.NTamd64","Standard.NTamd64","1","1","1.15","1.33","1.35","","1"
"26.7.1","Main","AMDISP","d0_whql-amd-software-adrenalin-edition-26.7.1-win11-b.exe_116c6269b767\Packages\Drivers\AMDISP\OV08X\WT64A\sensorOV08X.inf","Windows Server 2016","14393","NativeApplicable","NativeApplicable","NATIVE_CANDIDATE","NativeCandidate","InfWideConservative","STATIC_CANDIDATE","NotEstablished","Standard.NTamd64","Standard.NTamd64","2","2","1.15","1.19","","","1"
"26.7.1","Main","AMDISP","d0_whql-amd-software-adrenalin-edition-26.7.1-win11-b.exe_116c6269b767\Packages\Drivers\AMDISP\OV08X\WT64A\sensorOV08X.inf","Windows Server 2019","17763","NativeApplicable","NativeApplicable","NATIVE_CANDIDATE","NativeCandidate","InfWideConservative","STATIC_CANDIDATE","NotEstablished","Standard.NTamd64","Standard.NTamd64","2","2","1.15","1.27","1.27","","1"
"26.7.1","Main","AMDISP","d0_whql-amd-software-adrenalin-edition-26.7.1-win11-b.exe_116c6269b767\Packages\Drivers\AMDISP\OV08X\WT64A\sensorOV08X.inf","Windows Server 2022","20348","NativeApplicable","NativeApplicable","NATIVE_CANDIDATE","NativeCandidate","InfWideConservative","STATIC_CANDIDATE","NotEstablished","Standard.NTamd64","Standard.NTamd64","2","2","1.15","1.33","","","1"
"26.7.1","Main","AMDISP","d0_whql-amd-software-adrenalin-edition-26.7.1-win11-b.exe_116c6269b767\Packages\Drivers\AMDISP\OV08X\WT64A\sensorOV08X.inf","Windows Server 2025","26100","NativeApplicable","NativeApplicable","NATIVE_CANDIDATE","NativeCandidate","InfWideConservative","STATIC_CANDIDATE","NotEstablished","Standard.NTamd64","Standard.NTamd64","2","2","1.15","1.33","1.35","","1"
"26.7.1","Main","AMDISP","d0_whql-amd-software-adrenalin-edition-26.7.1-win11-b.exe_116c6269b767\Packages\Drivers\AMDISP\OV13B\WT64A\sensorOV13B.inf","Windows Server 2016","14393","NativeApplicable","NativeApplicable","NATIVE_CANDIDATE","NativeCandidate","InfWideConservative","STATIC_CANDIDATE","NotEstablished","Standard.NTamd64","Standard.NTamd64","1","1","1.15","1.19","","","1"
"26.7.1","Main","AMDISP","d0_whql-amd-software-adrenalin-edition-26.7.1-win11-b.exe_116c6269b767\Packages\Drivers\AMDISP\OV13B\WT64A\sensorOV13B.inf","Windows Server 2019","17763","NativeApplicable","NativeApplicable","NATIVE_CANDIDATE","NativeCandidate","InfWideConservative","STATIC_CANDIDATE","NotEstablished","Standard.NTamd64","Standard.NTamd64","1","1","1.15","1.27","1.27","","1"
"26.7.1","Main","AMDISP","d0_whql-amd-software-adrenalin-edition-26.7.1-win11-b.exe_116c6269b767\Packages\Drivers\AMDISP\OV13B\WT64A\sensorOV13B.inf","Windows Server 2022","20348","NativeApplicable","NativeApplicable","NATIVE_CANDIDATE","NativeCandidate","InfWideConservative","STATIC_CANDIDATE","NotEstablished","Standard.NTamd64","Standard.NTamd64","1","1","1.15","1.33","","","1"
"26.7.1","Main","AMDISP","d0_whql-amd-software-adrenalin-edition-26.7.1-win11-b.exe_116c6269b767\Packages\Drivers\AMDISP\OV13B\WT64A\sensorOV13B.inf","Windows Server 2025","26100","NativeApplicable","NativeApplicable","NATIVE_CANDIDATE","NativeCandidate","InfWideConservative","STATIC_CANDIDATE","NotEstablished","Standard.NTamd64","Standard.NTamd64","1","1","1.15","1.33","1.35","","1"
"26.7.1","Main","AMDISP","d0_whql-amd-software-adrenalin-edition-26.7.1-win11-b.exe_116c6269b767\Packages\Drivers\AMDISP\VD55G0\WT64A\sensorVD55G0.inf","Windows Server 2016","14393","NativeApplicable","NativeApplicable","NATIVE_CANDIDATE","NativeCandidate","InfWideConservative","STATIC_CANDIDATE","NotEstablished","Standard.NTamd64","Standard.NTamd64","2","2","1.15","1.19","","","1"
"26.7.1","Main","AMDISP","d0_whql-amd-software-adrenalin-edition-26.7.1-win11-b.exe_116c6269b767\Packages\Drivers\AMDISP\VD55G0\WT64A\sensorVD55G0.inf","Windows Server 2019","17763","NativeApplicable","NativeApplicable","NATIVE_CANDIDATE","NativeCandidate","InfWideConservative","STATIC_CANDIDATE","NotEstablished","Standard.NTamd64","Standard.NTamd64","2","2","1.15","1.27","1.27","","1"
"26.7.1","Main","AMDISP","d0_whql-amd-software-adrenalin-edition-26.7.1-win11-b.exe_116c6269b767\Packages\Drivers\AMDISP\VD55G0\WT64A\sensorVD55G0.inf","Windows Server 2022","20348","NativeApplicable","NativeApplicable","NATIVE_CANDIDATE","NativeCandidate","InfWideConservative","STATIC_CANDIDATE","NotEstablished","Standard.NTamd64","Standard.NTamd64","2","2","1.15","1.33","","","1"
"26.7.1","Main","AMDISP","d0_whql-amd-software-adrenalin-edition-26.7.1-win11-b.exe_116c6269b767\Packages\Drivers\AMDISP\VD55G0\WT64A\sensorVD55G0.inf","Windows Server 2025","26100","NativeApplicable","NativeApplicable","NATIVE_CANDIDATE","NativeCandidate","InfWideConservative","STATIC_CANDIDATE","NotEstablished","Standard.NTamd64","Standard.NTamd64","2","2","1.15","1.33","1.35","","1"
"26.7.1","Main","AMDNPUMCDM","d0_whql-amd-software-adrenalin-edition-26.7.1-win11-b.exe_116c6269b767\Packages\Drivers\AMDNPUMCDM\WT64A\kipudrv.inf","Windows Server 2016","14393","NotApplicableByBuild","NotApplicableByBuild","NOT_APPLICABLE","NotApplicable","InfWideConservative","STATIC_CANDIDATE","NotEstablished","","","0","0","","1.19","","","2"
"26.7.1","Main","AMDNPUMCDM","d0_whql-amd-software-adrenalin-edition-26.7.1-win11-b.exe_116c6269b767\Packages\Drivers\AMDNPUMCDM\WT64A\kipudrv.inf","Windows Server 2019","17763","NotApplicableByBuild","NotApplicableByBuild","NOT_APPLICABLE","NotApplicable","InfWideConservative","STATIC_CANDIDATE","NotEstablished","","","0","0","","1.27","1.27","","2"
"26.7.1","Main","AMDNPUMCDM","d0_whql-amd-software-adrenalin-edition-26.7.1-win11-b.exe_116c6269b767\Packages\Drivers\AMDNPUMCDM\WT64A\kipudrv.inf","Windows Server 2022","20348","NotApplicableByBuild","NotApplicableByBuild","NOT_APPLICABLE","NotApplicable","InfWideConservative","STATIC_CANDIDATE","NotEstablished","","","0","0","","1.33","","","2"
"26.7.1","Main","AMDNPUMCDM","d0_whql-amd-software-adrenalin-edition-26.7.1-win11-b.exe_116c6269b767\Packages\Drivers\AMDNPUMCDM\WT64A\kipudrv.inf","Windows Server 2025","26100","NativeApplicable","NativeApplicable","NATIVE_CANDIDATE","NativeCandidate","InfWideConservative","STATIC_CANDIDATE","NotEstablished","IpuMcdmDriver.Mfg.NTamd64.10.0...22000","IpuMcdmDriver.Mfg.NTamd64.10.0...22000","2","2","","1.33","1.35","","2"
"26.7.1","Main","Audio","d0_whql-amd-software-adrenalin-edition-26.7.1-win11-b.exe_116c6269b767\Packages\Drivers\Audio\acpafd\wt64a\amdacpafd.inf","Windows Server 2016","14393","NotApplicableByBuild","NotApplicableByBuild","NOT_APPLICABLE","NotApplicable","InfWideConservative","STATIC_CANDIDATE","NotEstablished","","","0","0","1.15","1.19","","","1"
"26.7.1","Main","Audio","d0_whql-amd-software-adrenalin-edition-26.7.1-win11-b.exe_116c6269b767\Packages\Drivers\Audio\acpafd\wt64a\amdacpafd.inf","Windows Server 2019","17763","NativeApplicable","NativeApplicable","NATIVE_CANDIDATE","NativeCandidate","InfWideConservative","STATIC_CANDIDATE","NotEstablished","AMD.NTAMD64.10.0...16299","AMD.NTAMD64.10.0...16299","8","8","1.15","1.27","1.27","","1"
"26.7.1","Main","Audio","d0_whql-amd-software-adrenalin-edition-26.7.1-win11-b.exe_116c6269b767\Packages\Drivers\Audio\acpafd\wt64a\amdacpafd.inf","Windows Server 2022","20348","NativeApplicable","NativeApplicable","NATIVE_CANDIDATE","NativeCandidate","InfWideConservative","STATIC_CANDIDATE","NotEstablished","AMD.NTAMD64.10.0...16299","AMD.NTAMD64.10.0...16299","8","8","1.15","1.33","","","1"
"26.7.1","Main","Audio","d0_whql-amd-software-adrenalin-edition-26.7.1-win11-b.exe_116c6269b767\Packages\Drivers\Audio\acpafd\wt64a\amdacpafd.inf","Windows Server 2025","26100","NativeApplicable","NativeApplicable","NATIVE_CANDIDATE","NativeCandidate","InfWideConservative","STATIC_CANDIDATE","NotEstablished","AMD.NTAMD64.10.0...16299","AMD.NTAMD64.10.0...16299","8","8","1.15","1.33","1.35","","1"
"26.7.1","Main","Audio","d0_whql-amd-software-adrenalin-edition-26.7.1-win11-b.exe_116c6269b767\Packages\Drivers\Audio\acpbtacx\wt64a\amdacpbtacx.inf","Windows Server 2016","14393","NotApplicableByBuild","NotApplicableByBuild","NOT_APPLICABLE","NotApplicable","InfWideConservative","STATIC_CANDIDATE","NotEstablished","","","0","0","1.31","1.19","","","1"
"26.7.1","Main","Audio","d0_whql-amd-software-adrenalin-edition-26.7.1-win11-b.exe_116c6269b767\Packages\Drivers\Audio\acpbtacx\wt64a\amdacpbtacx.inf","Windows Server 2019","17763","NativeApplicable","NativeApplicable","REVIEW_REQUIRED","WdfRequirementReview","InfWideConservative","STATIC_CANDIDATE","NotEstablished","AMD.NTAMD64.10.0...16299","AMD.NTAMD64.10.0...16299","17","17","1.31","1.27","1.27","","1"
"26.7.1","Main","Audio","d0_whql-amd-software-adrenalin-edition-26.7.1-win11-b.exe_116c6269b767\Packages\Drivers\Audio\acpbtacx\wt64a\amdacpbtacx.inf","Windows Server 2022","20348","NativeApplicable","NativeApplicable","NATIVE_CANDIDATE","NativeCandidate","InfWideConservative","STATIC_CANDIDATE","NotEstablished","AMD.NTAMD64.10.0...16299","AMD.NTAMD64.10.0...16299","17","17","1.31","1.33","","","1"
"26.7.1","Main","Audio","d0_whql-amd-software-adrenalin-edition-26.7.1-win11-b.exe_116c6269b767\Packages\Drivers\Audio\acpbtacx\wt64a\amdacpbtacx.inf","Windows Server 2025","26100","NativeApplicable","NativeApplicable","NATIVE_CANDIDATE","NativeCandidate","InfWideConservative","STATIC_CANDIDATE","NotEstablished","AMD.NTAMD64.10.0...16299","AMD.NTAMD64.10.0...16299","17","17","1.31","1.33","1.35","","1"
"26.7.1","Main","Audio","d0_whql-amd-software-adrenalin-edition-26.7.1-win11-b.exe_116c6269b767\Packages\Drivers\Audio\ACPBtAfd\WT64A\amdacpbt.inf","Windows Server 2016","14393","NotApplicableByBuild","NotApplicableByBuild","NOT_APPLICABLE","NotApplicable","InfWideConservative","STATIC_CANDIDATE","NotEstablished","","","0","0","1.15","1.19","","","1"
"26.7.1","Main","Audio","d0_whql-amd-software-adrenalin-edition-26.7.1-win11-b.exe_116c6269b767\Packages\Drivers\Audio\ACPBtAfd\WT64A\amdacpbt.inf","Windows Server 2019","17763","NativeApplicable","NativeApplicable","NATIVE_CANDIDATE","NativeCandidate","InfWideConservative","STATIC_CANDIDATE","NotEstablished","AMD.NTAMD64.10.0...16299","AMD.NTAMD64.10.0...16299","1","1","1.15","1.27","1.27","","1"
"26.7.1","Main","Audio","d0_whql-amd-software-adrenalin-edition-26.7.1-win11-b.exe_116c6269b767\Packages\Drivers\Audio\ACPBtAfd\WT64A\amdacpbt.inf","Windows Server 2022","20348","NativeApplicable","NativeApplicable","NATIVE_CANDIDATE","NativeCandidate","InfWideConservative","STATIC_CANDIDATE","NotEstablished","AMD.NTAMD64.10.0...16299","AMD.NTAMD64.10.0...16299","1","1","1.15","1.33","","","1"
"26.7.1","Main","Audio","d0_whql-amd-software-adrenalin-edition-26.7.1-win11-b.exe_116c6269b767\Packages\Drivers\Audio\ACPBtAfd\WT64A\amdacpbt.inf","Windows Server 2025","26100","NativeApplicable","NativeApplicable","NATIVE_CANDIDATE","NativeCandidate","InfWideConservative","STATIC_CANDIDATE","NotEstablished","AMD.NTAMD64.10.0...16299","AMD.NTAMD64.10.0...16299","1","1","1.15","1.33","1.35","","1"
"26.7.1","Main","Audio","d0_whql-amd-software-adrenalin-edition-26.7.1-win11-b.exe_116c6269b767\Packages\Drivers\Audio\ACPBtAfd\WT64A\amdacpbtscoext\amdacpbtscoext.inf","Windows Server 2016","14393","NotApplicableByBuild","NotApplicableByBuild","NOT_APPLICABLE","NotApplicable","InfWideConservative","STATIC_CANDIDATE","NotEstablished","","","0","0","","1.19","","","0"
"26.7.1","Main","Audio","d0_whql-amd-software-adrenalin-edition-26.7.1-win11-b.exe_116c6269b767\Packages\Drivers\Audio\ACPBtAfd\WT64A\amdacpbtscoext\amdacpbtscoext.inf","Windows Server 2019","17763","NotApplicableByBuild","NotApplicableByBuild","NOT_APPLICABLE","NotApplicable","InfWideConservative","STATIC_CANDIDATE","NotEstablished","","","0","0","","1.27","1.27","","0"
"26.7.1","Main","Audio","d0_whql-amd-software-adrenalin-edition-26.7.1-win11-b.exe_116c6269b767\Packages\Drivers\Audio\ACPBtAfd\WT64A\amdacpbtscoext\amdacpbtscoext.inf","Windows Server 2022","20348","NotApplicableByBuild","NotApplicableByBuild","NOT_APPLICABLE","NotApplicable","InfWideConservative","STATIC_CANDIDATE","NotEstablished","","","0","0","","1.33","","","0"
"26.7.1","Main","Audio","d0_whql-amd-software-adrenalin-edition-26.7.1-win11-b.exe_116c6269b767\Packages\Drivers\Audio\ACPBtAfd\WT64A\amdacpbtscoext\amdacpbtscoext.inf","Windows Server 2025","26100","NativeApplicable","NativeApplicable","NATIVE_CANDIDATE","NativeCandidate","InfWideConservative","STATIC_CANDIDATE","NotEstablished","QCA.NTamd64.10.0...22000","QCA.NTamd64.10.0...22000","1","1","","1.33","1.35","","0"
"26.7.1","Main","Audio","d0_whql-amd-software-adrenalin-edition-26.7.1-win11-b.exe_116c6269b767\Packages\Drivers\Audio\acpbus\wt64a\amdacpbus.inf","Windows Server 2016","14393","NotApplicableByBuild","NotApplicableByBuild","NOT_APPLICABLE","NotApplicable","InfWideConservative","STATIC_CANDIDATE","NotEstablished","","","0","0","","1.19","","","1"
"26.7.1","Main","Audio","d0_whql-amd-software-adrenalin-edition-26.7.1-win11-b.exe_116c6269b767\Packages\Drivers\Audio\acpbus\wt64a\amdacpbus.inf","Windows Server 2019","17763","NativeApplicable","NativeApplicable","NATIVE_CANDIDATE","NativeCandidate","InfWideConservative","STATIC_CANDIDATE","NotEstablished","AMD.NTamd64.10.0...16299","AMD.NTamd64.10.0...16299","1","1","","1.27","1.27","","1"
"26.7.1","Main","Audio","d0_whql-amd-software-adrenalin-edition-26.7.1-win11-b.exe_116c6269b767\Packages\Drivers\Audio\acpbus\wt64a\amdacpbus.inf","Windows Server 2022","20348","NativeApplicable","NativeApplicable","NATIVE_CANDIDATE","NativeCandidate","InfWideConservative","STATIC_CANDIDATE","NotEstablished","AMD.NTamd64.10.0...16299","AMD.NTamd64.10.0...16299","1","1","","1.33","","","1"
"26.7.1","Main","Audio","d0_whql-amd-software-adrenalin-edition-26.7.1-win11-b.exe_116c6269b767\Packages\Drivers\Audio\acpbus\wt64a\amdacpbus.inf","Windows Server 2025","26100","NativeApplicable","NativeApplicable","NATIVE_CANDIDATE","NativeCandidate","InfWideConservative","STATIC_CANDIDATE","NotEstablished","AMD.NTamd64.10.0...16299","AMD.NTamd64.10.0...16299","1","1","","1.33","1.35","","1"
"26.7.1","Main","Audio","d0_whql-amd-software-adrenalin-edition-26.7.1-win11-b.exe_116c6269b767\Packages\Drivers\Audio\acpbus\wt64a\amdacpbusext\amdacpbusext.inf","Windows Server 2016","14393","NotApplicableByBuild","NotApplicableByBuild","NOT_APPLICABLE","NotApplicable","InfWideConservative","STATIC_CANDIDATE","NotEstablished","","","0","0","","1.19","","","0"
"26.7.1","Main","Audio","d0_whql-amd-software-adrenalin-edition-26.7.1-win11-b.exe_116c6269b767\Packages\Drivers\Audio\acpbus\wt64a\amdacpbusext\amdacpbusext.inf","Windows Server 2019","17763","NativeApplicable","NativeApplicable","NATIVE_CANDIDATE","NativeCandidate","InfWideConservative","STATIC_CANDIDATE","NotEstablished","AMD.NTamd64.10.0...16299","AMD.NTamd64.10.0...16299","1","1","","1.27","1.27","","0"
"26.7.1","Main","Audio","d0_whql-amd-software-adrenalin-edition-26.7.1-win11-b.exe_116c6269b767\Packages\Drivers\Audio\acpbus\wt64a\amdacpbusext\amdacpbusext.inf","Windows Server 2022","20348","NativeApplicable","NativeApplicable","NATIVE_CANDIDATE","NativeCandidate","InfWideConservative","STATIC_CANDIDATE","NotEstablished","AMD.NTamd64.10.0...16299","AMD.NTamd64.10.0...16299","1","1","","1.33","","","0"
"26.7.1","Main","Audio","d0_whql-amd-software-adrenalin-edition-26.7.1-win11-b.exe_116c6269b767\Packages\Drivers\Audio\acpbus\wt64a\amdacpbusext\amdacpbusext.inf","Windows Server 2025","26100","NativeApplicable","NativeApplicable","NATIVE_CANDIDATE","NativeCandidate","InfWideConservative","STATIC_CANDIDATE","NotEstablished","AMD.NTamd64.10.0...16299","AMD.NTamd64.10.0...16299","1","1","","1.33","1.35","","0"
"26.7.1","Main","Audio","d0_whql-amd-software-adrenalin-edition-26.7.1-win11-b.exe_116c6269b767\Packages\Drivers\Audio\acpbus2\wt64a\amdacpbus2.inf","Windows Server 2016","14393","NotApplicableByBuild","NotApplicableByBuild","NOT_APPLICABLE","NotApplicable","InfWideConservative","STATIC_CANDIDATE","NotEstablished","","","0","0","","1.19","","","1"
"26.7.1","Main","Audio","d0_whql-amd-software-adrenalin-edition-26.7.1-win11-b.exe_116c6269b767\Packages\Drivers\Audio\acpbus2\wt64a\amdacpbus2.inf","Windows Server 2019","17763","NativeApplicable","NativeApplicable","NATIVE_CANDIDATE","NativeCandidate","InfWideConservative","STATIC_CANDIDATE","NotEstablished","AMD.NTamd64.10.0...16299","AMD.NTamd64.10.0...16299","5","5","","1.27","1.27","","1"
"26.7.1","Main","Audio","d0_whql-amd-software-adrenalin-edition-26.7.1-win11-b.exe_116c6269b767\Packages\Drivers\Audio\acpbus2\wt64a\amdacpbus2.inf","Windows Server 2022","20348","NativeApplicable","NativeApplicable","NATIVE_CANDIDATE","NativeCandidate","InfWideConservative","STATIC_CANDIDATE","NotEstablished","AMD.NTamd64.10.0...16299","AMD.NTamd64.10.0...16299","5","5","","1.33","","","1"
"26.7.1","Main","Audio","d0_whql-amd-software-adrenalin-edition-26.7.1-win11-b.exe_116c6269b767\Packages\Drivers\Audio\acpbus2\wt64a\amdacpbus2.inf","Windows Server 2025","26100","NativeApplicable","NativeApplicable","NATIVE_CANDIDATE","NativeCandidate","InfWideConservative","STATIC_CANDIDATE","NotEstablished","AMD.NTamd64.10.0...16299","AMD.NTamd64.10.0...16299","5","5","","1.33","1.35","","1"
"26.7.1","Main","Audio","d0_whql-amd-software-adrenalin-edition-26.7.1-win11-b.exe_116c6269b767\Packages\Drivers\Audio\acpbus2\wt64a\amdacpbusext\amdacpbusext.inf","Windows Server 2016","14393","NotApplicableByBuild","NotApplicableByBuild","NOT_APPLICABLE","NotApplicable","InfWideConservative","STATIC_CANDIDATE","NotEstablished","","","0","0","","1.19","","","0"
"26.7.1","Main","Audio","d0_whql-amd-software-adrenalin-edition-26.7.1-win11-b.exe_116c6269b767\Packages\Drivers\Audio\acpbus2\wt64a\amdacpbusext\amdacpbusext.inf","Windows Server 2019","17763","NativeApplicable","NativeApplicable","NATIVE_CANDIDATE","NativeCandidate","InfWideConservative","STATIC_CANDIDATE","NotEstablished","AMD.NTamd64.10.0...16299","AMD.NTamd64.10.0...16299","1","1","","1.27","1.27","","0"
"26.7.1","Main","Audio","d0_whql-amd-software-adrenalin-edition-26.7.1-win11-b.exe_116c6269b767\Packages\Drivers\Audio\acpbus2\wt64a\amdacpbusext\amdacpbusext.inf","Windows Server 2022","20348","NativeApplicable","NativeApplicable","NATIVE_CANDIDATE","NativeCandidate","InfWideConservative","STATIC_CANDIDATE","NotEstablished","AMD.NTamd64.10.0...16299","AMD.NTamd64.10.0...16299","1","1","","1.33","","","0"
"26.7.1","Main","Audio","d0_whql-amd-software-adrenalin-edition-26.7.1-win11-b.exe_116c6269b767\Packages\Drivers\Audio\acpbus2\wt64a\amdacpbusext\amdacpbusext.inf","Windows Server 2025","26100","NativeApplicable","NativeApplicable","NATIVE_CANDIDATE","NativeCandidate","InfWideConservative","STATIC_CANDIDATE","NotEstablished","AMD.NTamd64.10.0...16299","AMD.NTamd64.10.0...16299","1","1","","1.33","1.35","","0"
"26.7.1","Main","Audio","d0_whql-amd-software-adrenalin-edition-26.7.1-win11-b.exe_116c6269b767\Packages\Drivers\Audio\acpbus2\wt64a\amdacprgmext\amdacprgmext.inf","Windows Server 2016","14393","NotApplicableByBuild","NotApplicableByBuild","NOT_APPLICABLE","NotApplicable","InfWideConservative","STATIC_CANDIDATE","NotEstablished","","","0","0","","1.19","","","0"
"26.7.1","Main","Audio","d0_whql-amd-software-adrenalin-edition-26.7.1-win11-b.exe_116c6269b767\Packages\Drivers\Audio\acpbus2\wt64a\amdacprgmext\amdacprgmext.inf","Windows Server 2019","17763","NotApplicableByBuild","NotApplicableByBuild","NOT_APPLICABLE","NotApplicable","InfWideConservative","STATIC_CANDIDATE","NotEstablished","","","0","0","","1.27","1.27","","0"
"26.7.1","Main","Audio","d0_whql-amd-software-adrenalin-edition-26.7.1-win11-b.exe_116c6269b767\Packages\Drivers\Audio\acpbus2\wt64a\amdacprgmext\amdacprgmext.inf","Windows Server 2022","20348","NotApplicableByBuild","NotApplicableByBuild","NOT_APPLICABLE","NotApplicable","InfWideConservative","STATIC_CANDIDATE","NotEstablished","","","0","0","","1.33","","","0"
"26.7.1","Main","Audio","d0_whql-amd-software-adrenalin-edition-26.7.1-win11-b.exe_116c6269b767\Packages\Drivers\Audio\acpbus2\wt64a\amdacprgmext\amdacprgmext.inf","Windows Server 2025","26100","NativeApplicable","NativeApplicable","NATIVE_CANDIDATE","NativeCandidate","InfWideConservative","STATIC_CANDIDATE","NotEstablished","DeviceExtensions.NTamd64.10.0...26100","DeviceExtensions.NTamd64.10.0...26100","4","4","","1.33","1.35","","0"
"26.7.1","Main","Audio","d0_whql-amd-software-adrenalin-edition-26.7.1-win11-b.exe_116c6269b767\Packages\Drivers\Audio\acphpd\wt64a\amdacphpd.inf","Windows Server 2016","14393","NotApplicableByBuild","NotApplicableByBuild","NOT_APPLICABLE","NotApplicable","InfWideConservative","STATIC_CANDIDATE","NotEstablished","","","0","0","","1.19","","2.33.0","0"
"26.7.1","Main","Audio","d0_whql-amd-software-adrenalin-edition-26.7.1-win11-b.exe_116c6269b767\Packages\Drivers\Audio\acphpd\wt64a\amdacphpd.inf","Windows Server 2019","17763","NotApplicableByBuild","NotApplicableByBuild","NOT_APPLICABLE","NotApplicable","InfWideConservative","STATIC_CANDIDATE","NotEstablished","","","0","0","","1.27","1.27","2.33.0","0"
"26.7.1","Main","Audio","d0_whql-amd-software-adrenalin-edition-26.7.1-win11-b.exe_116c6269b767\Packages\Drivers\Audio\acphpd\wt64a\amdacphpd.inf","Windows Server 2022","20348","NotApplicableByBuild","NotApplicableByBuild","NOT_APPLICABLE","NotApplicable","InfWideConservative","STATIC_CANDIDATE","NotEstablished","","","0","0","","1.33","","2.33.0","0"
"26.7.1","Main","Audio","d0_whql-amd-software-adrenalin-edition-26.7.1-win11-b.exe_116c6269b767\Packages\Drivers\Audio\acphpd\wt64a\amdacphpd.inf","Windows Server 2025","26100","NativeApplicable","NativeApplicable","REVIEW_REQUIRED","WdfRequirementReview","InfWideConservative","STATIC_CANDIDATE","NotEstablished","amdacphpd_Device.NTamd64.10.0...22000","amdacphpd_Device.NTamd64.10.0...22000","1","1","","1.33","1.35","2.33.0","0"
"26.7.1","Main","Audio","d0_whql-amd-software-adrenalin-edition-26.7.1-win11-b.exe_116c6269b767\Packages\Drivers\Audio\acphpd\wt64a\amdacphpdcomp.inf","Windows Server 2016","14393","NotApplicableByBuild","NotApplicableByBuild","NOT_APPLICABLE","NotApplicable","InfWideConservative","STATIC_CANDIDATE","NotEstablished","","","0","0","","1.19","","","0"
"26.7.1","Main","Audio","d0_whql-amd-software-adrenalin-edition-26.7.1-win11-b.exe_116c6269b767\Packages\Drivers\Audio\acphpd\wt64a\amdacphpdcomp.inf","Windows Server 2019","17763","NativeApplicable","NativeApplicable","NATIVE_CANDIDATE","NativeCandidate","InfWideConservative","STATIC_CANDIDATE","NotEstablished","AMD.NTamd64.10.0...17134","AMD.NTamd64.10.0...17134","1","1","","1.27","1.27","","0"
"26.7.1","Main","Audio","d0_whql-amd-software-adrenalin-edition-26.7.1-win11-b.exe_116c6269b767\Packages\Drivers\Audio\acphpd\wt64a\amdacphpdcomp.inf","Windows Server 2022","20348","NativeApplicable","NativeApplicable","NATIVE_CANDIDATE","NativeCandidate","InfWideConservative","STATIC_CANDIDATE","NotEstablished","AMD.NTamd64.10.0...17134","AMD.NTamd64.10.0...17134","1","1","","1.33","","","0"
"26.7.1","Main","Audio","d0_whql-amd-software-adrenalin-edition-26.7.1-win11-b.exe_116c6269b767\Packages\Drivers\Audio\acphpd\wt64a\amdacphpdcomp.inf","Windows Server 2025","26100","NativeApplicable","NativeApplicable","NATIVE_CANDIDATE","NativeCandidate","InfWideConservative","STATIC_CANDIDATE","NotEstablished","AMD.NTamd64.10.0...17134","AMD.NTamd64.10.0...17134","1","1","","1.33","1.35","","0"
"26.7.1","Main","Audio","d0_whql-amd-software-adrenalin-edition-26.7.1-win11-b.exe_116c6269b767\Packages\Drivers\Audio\acphpd\wt64a\amdacphpdext.inf","Windows Server 2016","14393","NotApplicableByBuild","NotApplicableByBuild","NOT_APPLICABLE","NotApplicable","InfWideConservative","STATIC_CANDIDATE","NotEstablished","","","0","0","","1.19","","","1"
"26.7.1","Main","Audio","d0_whql-amd-software-adrenalin-edition-26.7.1-win11-b.exe_116c6269b767\Packages\Drivers\Audio\acphpd\wt64a\amdacphpdext.inf","Windows Server 2019","17763","NativeApplicable","NativeApplicable","NATIVE_CANDIDATE","NativeCandidate","InfWideConservative","STATIC_CANDIDATE","NotEstablished","AMD.NTamd64.10.0...17134","AMD.NTamd64.10.0...17134","6","6","","1.27","1.27","","1"
"26.7.1","Main","Audio","d0_whql-amd-software-adrenalin-edition-26.7.1-win11-b.exe_116c6269b767\Packages\Drivers\Audio\acphpd\wt64a\amdacphpdext.inf","Windows Server 2022","20348","NativeApplicable","NativeApplicable","NATIVE_CANDIDATE","NativeCandidate","InfWideConservative","STATIC_CANDIDATE","NotEstablished","AMD.NTamd64.10.0...17134","AMD.NTamd64.10.0...17134","6","6","","1.33","","","1"
"26.7.1","Main","Audio","d0_whql-amd-software-adrenalin-edition-26.7.1-win11-b.exe_116c6269b767\Packages\Drivers\Audio\acphpd\wt64a\amdacphpdext.inf","Windows Server 2025","26100","NativeApplicable","NativeApplicable","NATIVE_CANDIDATE","NativeCandidate","InfWideConservative","STATIC_CANDIDATE","NotEstablished","AMD.NTamd64.10.0...17134","AMD.NTamd64.10.0...17134","6","6","","1.33","1.35","","1"
"26.7.1","Main","Audio","d0_whql-amd-software-adrenalin-edition-26.7.1-win11-b.exe_116c6269b767\Packages\Drivers\Audio\acpusbafd\wt64a\amdacpusb.inf","Windows Server 2016","14393","NotApplicableByBuild","NotApplicableByBuild","NOT_APPLICABLE","NotApplicable","InfWideConservative","STATIC_CANDIDATE","NotEstablished","","","0","0","1.15","1.19","","","1"
"26.7.1","Main","Audio","d0_whql-amd-software-adrenalin-edition-26.7.1-win11-b.exe_116c6269b767\Packages\Drivers\Audio\acpusbafd\wt64a\amdacpusb.inf","Windows Server 2019","17763","NativeApplicable","NativeApplicable","NATIVE_CANDIDATE","NativeCandidate","InfWideConservative","STATIC_CANDIDATE","NotEstablished","AMD.NTAMD64.10.0...16299","AMD.NTAMD64.10.0...16299","4","4","1.15","1.27","1.27","","1"
"26.7.1","Main","Audio","d0_whql-amd-software-adrenalin-edition-26.7.1-win11-b.exe_116c6269b767\Packages\Drivers\Audio\acpusbafd\wt64a\amdacpusb.inf","Windows Server 2022","20348","NativeApplicable","NativeApplicable","NATIVE_CANDIDATE","NativeCandidate","InfWideConservative","STATIC_CANDIDATE","NotEstablished","AMD.NTAMD64.10.0...16299","AMD.NTAMD64.10.0...16299","4","4","1.15","1.33","","","1"
"26.7.1","Main","Audio","d0_whql-amd-software-adrenalin-edition-26.7.1-win11-b.exe_116c6269b767\Packages\Drivers\Audio\acpusbafd\wt64a\amdacpusb.inf","Windows Server 2025","26100","NativeApplicable","NativeApplicable","NATIVE_CANDIDATE","NativeCandidate","InfWideConservative","STATIC_CANDIDATE","NotEstablished","AMD.NTAMD64.10.0...16299","AMD.NTAMD64.10.0...16299","4","4","1.15","1.33","1.35","","1"
"26.7.1","Main","Audio","d0_whql-amd-software-adrenalin-edition-26.7.1-win11-b.exe_116c6269b767\Packages\Drivers\Audio\HDABus\WT64A\amdhdaudbus.inf","Windows Server 2016","14393","NativeApplicable","NativeApplicable","NATIVE_CANDIDATE","NativeCandidate","InfWideConservative","STATIC_CANDIDATE","NotEstablished","AMD.NTAMD64","AMD.NTAMD64","1","1","1.15","1.19","","","1"
"26.7.1","Main","Audio","d0_whql-amd-software-adrenalin-edition-26.7.1-win11-b.exe_116c6269b767\Packages\Drivers\Audio\HDABus\WT64A\amdhdaudbus.inf","Windows Server 2019","17763","NativeApplicable","NativeApplicable","NATIVE_CANDIDATE","NativeCandidate","InfWideConservative","STATIC_CANDIDATE","NotEstablished","AMD.NTAMD64","AMD.NTAMD64","1","1","1.15","1.27","1.27","","1"
"26.7.1","Main","Audio","d0_whql-amd-software-adrenalin-edition-26.7.1-win11-b.exe_116c6269b767\Packages\Drivers\Audio\HDABus\WT64A\amdhdaudbus.inf","Windows Server 2022","20348","NativeApplicable","NativeApplicable","NATIVE_CANDIDATE","NativeCandidate","InfWideConservative","STATIC_CANDIDATE","NotEstablished","AMD.NTAMD64","AMD.NTAMD64","1","1","1.15","1.33","","","1"
"26.7.1","Main","Audio","d0_whql-amd-software-adrenalin-edition-26.7.1-win11-b.exe_116c6269b767\Packages\Drivers\Audio\HDABus\WT64A\amdhdaudbus.inf","Windows Server 2025","26100","NativeApplicable","NativeApplicable","NATIVE_CANDIDATE","NativeCandidate","InfWideConservative","STATIC_CANDIDATE","NotEstablished","AMD.NTAMD64","AMD.NTAMD64","1","1","1.15","1.33","1.35","","1"
"26.7.1","Main","Audio","d0_whql-amd-software-adrenalin-edition-26.7.1-win11-b.exe_116c6269b767\Packages\Drivers\Audio\hdmi\wt64a\AtihdWT6.inf","Windows Server 2016","14393","NotApplicableByBuild","ProjectionCandidate","PATCH_CANDIDATE","ProjectionCandidate","InfWideConservative","STATIC_CANDIDATE","NotEstablished","","AMD.NTamd64.10.0.1;AMD.NTamd64.6.0.1;AMD.NTamd64.6.1.1;AMD.NTamd64.6.2.1;AMD.NTamd64.6.3.1","0","8","","1.19","","","1"
"26.7.1","Main","Audio","d0_whql-amd-software-adrenalin-edition-26.7.1-win11-b.exe_116c6269b767\Packages\Drivers\Audio\hdmi\wt64a\AtihdWT6.inf","Windows Server 2019","17763","NotApplicableByBuild","ProjectionCandidate","PATCH_CANDIDATE","ProjectionCandidate","InfWideConservative","STATIC_CANDIDATE","NotEstablished","","AMD.NTamd64.10.0.1..16299","0","8","","1.27","1.27","","1"
"26.7.1","Main","Audio","d0_whql-amd-software-adrenalin-edition-26.7.1-win11-b.exe_116c6269b767\Packages\Drivers\Audio\hdmi\wt64a\AtihdWT6.inf","Windows Server 2022","20348","NotApplicableByBuild","ProjectionCandidate","PATCH_CANDIDATE","ProjectionCandidate","InfWideConservative","STATIC_CANDIDATE","NotEstablished","","AMD.NTamd64.10.0.1..16299","0","8","","1.33","","","1"
"26.7.1","Main","Audio","d0_whql-amd-software-adrenalin-edition-26.7.1-win11-b.exe_116c6269b767\Packages\Drivers\Audio\hdmi\wt64a\AtihdWT6.inf","Windows Server 2025","26100","NotApplicableByProductType","ProjectionCandidate","PATCH_CANDIDATE","ProjectionCandidate","InfWideConservative","STATIC_CANDIDATE","NotEstablished","","AMD.NTamd64.10.0.1..22621","0","8","","1.33","1.35","","1"
"26.7.1","Main","Audio","d0_whql-amd-software-adrenalin-edition-26.7.1-win11-b.exe_116c6269b767\Packages\Drivers\Audio\I2S\WT64A\amdi2safd.inf","Windows Server 2016","14393","NativeApplicable","NativeApplicable","NATIVE_CANDIDATE","NativeCandidate","InfWideConservative","STATIC_CANDIDATE","NotEstablished","AMD.NTAMD64","AMD.NTAMD64","1","1","1.11","1.19","","","1"
"26.7.1","Main","Audio","d0_whql-amd-software-adrenalin-edition-26.7.1-win11-b.exe_116c6269b767\Packages\Drivers\Audio\I2S\WT64A\amdi2safd.inf","Windows Server 2019","17763","NativeApplicable","NativeApplicable","NATIVE_CANDIDATE","NativeCandidate","InfWideConservative","STATIC_CANDIDATE","NotEstablished","AMD.NTAMD64","AMD.NTAMD64","1","1","1.11","1.27","1.27","","1"
"26.7.1","Main","Audio","d0_whql-amd-software-adrenalin-edition-26.7.1-win11-b.exe_116c6269b767\Packages\Drivers\Audio\I2S\WT64A\amdi2safd.inf","Windows Server 2022","20348","NativeApplicable","NativeApplicable","NATIVE_CANDIDATE","NativeCandidate","InfWideConservative","STATIC_CANDIDATE","NotEstablished","AMD.NTAMD64","AMD.NTAMD64","1","1","1.11","1.33","","","1"
"26.7.1","Main","Audio","d0_whql-amd-software-adrenalin-edition-26.7.1-win11-b.exe_116c6269b767\Packages\Drivers\Audio\I2S\WT64A\amdi2safd.inf","Windows Server 2025","26100","NativeApplicable","NativeApplicable","NATIVE_CANDIDATE","NativeCandidate","InfWideConservative","STATIC_CANDIDATE","NotEstablished","AMD.NTAMD64","AMD.NTAMD64","1","1","1.11","1.33","1.35","","1"
"26.7.1","Main","Audio","d0_whql-amd-software-adrenalin-edition-26.7.1-win11-b.exe_116c6269b767\Packages\Drivers\Audio\safd\wt64a\amdsafd.inf","Windows Server 2016","14393","NotApplicableByBuild","NotApplicableByBuild","NOT_APPLICABLE","NotApplicable","InfWideConservative","STATIC_CANDIDATE","NotEstablished","","","0","0","1.15","1.19","","","1"
"26.7.1","Main","Audio","d0_whql-amd-software-adrenalin-edition-26.7.1-win11-b.exe_116c6269b767\Packages\Drivers\Audio\safd\wt64a\amdsafd.inf","Windows Server 2019","17763","NativeApplicable","NativeApplicable","NATIVE_CANDIDATE","NativeCandidate","InfWideConservative","STATIC_CANDIDATE","NotEstablished","AMD.NTAMD64.10.0...16299","AMD.NTAMD64.10.0...16299","2","2","1.15","1.27","1.27","","1"
"26.7.1","Main","Audio","d0_whql-amd-software-adrenalin-edition-26.7.1-win11-b.exe_116c6269b767\Packages\Drivers\Audio\safd\wt64a\amdsafd.inf","Windows Server 2022","20348","NativeApplicable","NativeApplicable","NATIVE_CANDIDATE","NativeCandidate","InfWideConservative","STATIC_CANDIDATE","NotEstablished","AMD.NTAMD64.10.0...16299","AMD.NTAMD64.10.0...16299","2","2","1.15","1.33","","","1"
"26.7.1","Main","Audio","d0_whql-amd-software-adrenalin-edition-26.7.1-win11-b.exe_116c6269b767\Packages\Drivers\Audio\safd\wt64a\amdsafd.inf","Windows Server 2025","26100","NativeApplicable","NativeApplicable","NATIVE_CANDIDATE","NativeCandidate","InfWideConservative","STATIC_CANDIDATE","NotEstablished","AMD.NTAMD64.10.0...16299","AMD.NTAMD64.10.0...16299","2","2","1.15","1.33","1.35","","1"
"26.7.1","Main","Audio","d0_whql-amd-software-adrenalin-edition-26.7.1-win11-b.exe_116c6269b767\Packages\Drivers\Audio\sdwc\wt64a\amdsdwc.inf","Windows Server 2016","14393","NotApplicableByBuild","NotApplicableByBuild","NOT_APPLICABLE","NotApplicable","InfWideConservative","STATIC_CANDIDATE","NotEstablished","","","0","0","1.31","1.19","","","1"
"26.7.1","Main","Audio","d0_whql-amd-software-adrenalin-edition-26.7.1-win11-b.exe_116c6269b767\Packages\Drivers\Audio\sdwc\wt64a\amdsdwc.inf","Windows Server 2019","17763","NativeApplicable","NativeApplicable","REVIEW_REQUIRED","WdfRequirementReview","InfWideConservative","STATIC_CANDIDATE","NotEstablished","AMD.NTAMD64.10.0...16299","AMD.NTAMD64.10.0...16299","6","6","1.31","1.27","1.27","","1"
"26.7.1","Main","Audio","d0_whql-amd-software-adrenalin-edition-26.7.1-win11-b.exe_116c6269b767\Packages\Drivers\Audio\sdwc\wt64a\amdsdwc.inf","Windows Server 2022","20348","NativeApplicable","NativeApplicable","NATIVE_CANDIDATE","NativeCandidate","InfWideConservative","STATIC_CANDIDATE","NotEstablished","AMD.NTAMD64.10.0...16299","AMD.NTAMD64.10.0...16299","6","6","1.31","1.33","","","1"
"26.7.1","Main","Audio","d0_whql-amd-software-adrenalin-edition-26.7.1-win11-b.exe_116c6269b767\Packages\Drivers\Audio\sdwc\wt64a\amdsdwc.inf","Windows Server 2025","26100","NativeApplicable","NativeApplicable","NATIVE_CANDIDATE","NativeCandidate","InfWideConservative","STATIC_CANDIDATE","NotEstablished","AMD.NTAMD64.10.0...16299","AMD.NTAMD64.10.0...16299","6","6","1.31","1.33","1.35","","1"
"26.7.1","Main","Audio","d0_whql-amd-software-adrenalin-edition-26.7.1-win11-b.exe_116c6269b767\Packages\Drivers\Audio\sdws\wt64a\amdsdws.inf","Windows Server 2016","14393","NotApplicableByBuild","NotApplicableByBuild","NOT_APPLICABLE","NotApplicable","InfWideConservative","STATIC_CANDIDATE","NotEstablished","","","0","0","1.31","1.19","","","1"
"26.7.1","Main","Audio","d0_whql-amd-software-adrenalin-edition-26.7.1-win11-b.exe_116c6269b767\Packages\Drivers\Audio\sdws\wt64a\amdsdws.inf","Windows Server 2019","17763","NativeApplicable","NativeApplicable","REVIEW_REQUIRED","WdfRequirementReview","InfWideConservative","STATIC_CANDIDATE","NotEstablished","AMD.NTAMD64.10.0...16299","AMD.NTAMD64.10.0...16299","15","15","1.31","1.27","1.27","","1"
"26.7.1","Main","Audio","d0_whql-amd-software-adrenalin-edition-26.7.1-win11-b.exe_116c6269b767\Packages\Drivers\Audio\sdws\wt64a\amdsdws.inf","Windows Server 2022","20348","NativeApplicable","NativeApplicable","NATIVE_CANDIDATE","NativeCandidate","InfWideConservative","STATIC_CANDIDATE","NotEstablished","AMD.NTAMD64.10.0...16299","AMD.NTAMD64.10.0...16299","15","15","1.31","1.33","","","1"
"26.7.1","Main","Audio","d0_whql-amd-software-adrenalin-edition-26.7.1-win11-b.exe_116c6269b767\Packages\Drivers\Audio\sdws\wt64a\amdsdws.inf","Windows Server 2025","26100","NativeApplicable","NativeApplicable","NATIVE_CANDIDATE","NativeCandidate","InfWideConservative","STATIC_CANDIDATE","NotEstablished","AMD.NTAMD64.10.0...16299","AMD.NTAMD64.10.0...16299","15","15","1.31","1.33","1.35","","1"
"26.7.1","Main","Audio","d0_whql-amd-software-adrenalin-edition-26.7.1-win11-b.exe_116c6269b767\Packages\Drivers\Audio\sdws\wt64a\amdsdwsext\amdsdwsext.inf","Windows Server 2016","14393","NotApplicableByBuild","NotApplicableByBuild","NOT_APPLICABLE","NotApplicable","InfWideConservative","STATIC_CANDIDATE","NotEstablished","","","0","0","","1.19","","","0"
"26.7.1","Main","Audio","d0_whql-amd-software-adrenalin-edition-26.7.1-win11-b.exe_116c6269b767\Packages\Drivers\Audio\sdws\wt64a\amdsdwsext\amdsdwsext.inf","Windows Server 2019","17763","NativeApplicable","NativeApplicable","NATIVE_CANDIDATE","NativeCandidate","InfWideConservative","STATIC_CANDIDATE","NotEstablished","AmdDeviceExtensions.NTamd64.10.0...16299","AmdDeviceExtensions.NTamd64.10.0...16299","4","4","","1.27","1.27","","0"
"26.7.1","Main","Audio","d0_whql-amd-software-adrenalin-edition-26.7.1-win11-b.exe_116c6269b767\Packages\Drivers\Audio\sdws\wt64a\amdsdwsext\amdsdwsext.inf","Windows Server 2022","20348","NativeApplicable","NativeApplicable","NATIVE_CANDIDATE","NativeCandidate","InfWideConservative","STATIC_CANDIDATE","NotEstablished","AmdDeviceExtensions.NTamd64.10.0...16299","AmdDeviceExtensions.NTamd64.10.0...16299","4","4","","1.33","","","0"
"26.7.1","Main","Audio","d0_whql-amd-software-adrenalin-edition-26.7.1-win11-b.exe_116c6269b767\Packages\Drivers\Audio\sdws\wt64a\amdsdwsext\amdsdwsext.inf","Windows Server 2025","26100","NativeApplicable","NativeApplicable","NATIVE_CANDIDATE","NativeCandidate","InfWideConservative","STATIC_CANDIDATE","NotEstablished","AmdDeviceExtensions.NTamd64.10.0...16299","AmdDeviceExtensions.NTamd64.10.0...16299","4","4","","1.33","1.35","","0"
"26.7.1","Main","Display","d0_whql-amd-software-adrenalin-edition-26.7.1-win11-b.exe_116c6269b767\Packages\Drivers\Display\WT6A_INF\u0202643.inf","Windows Server 2016","14393","NotApplicableByBuild","ExplicitlyExcluded","NOT_APPLICABLE","NotApplicable","InfWideConservative","STATIC_CANDIDATE","NotEstablished","","ATI.Mfg.NTamd64.10.0.1;ATI.Mfg.NTamd64.6.0.1;ATI.Mfg.NTamd64.6.1.1;ATI.Mfg.NTamd64.6.2.1;ATI.Mfg.NTamd64.6.3.1","0","0","","1.19","","","1"
"26.7.1","Main","Display","d0_whql-amd-software-adrenalin-edition-26.7.1-win11-b.exe_116c6269b767\Packages\Drivers\Display\WT6A_INF\u0202643.inf","Windows Server 2019","17763","NotApplicableByBuild","ExplicitlyExcluded","NOT_APPLICABLE","NotApplicable","InfWideConservative","STATIC_CANDIDATE","NotEstablished","","ATI.Mfg.NTamd64.10.0.1;ATI.Mfg.NTamd64.6.0.1;ATI.Mfg.NTamd64.6.1.1;ATI.Mfg.NTamd64.6.2.1;ATI.Mfg.NTamd64.6.3.1","0","0","","1.27","1.27","","1"
"26.7.1","Main","Display","d0_whql-amd-software-adrenalin-edition-26.7.1-win11-b.exe_116c6269b767\Packages\Drivers\Display\WT6A_INF\u0202643.inf","Windows Server 2022","20348","NotApplicableByProductType","ProjectionCandidate","PATCH_CANDIDATE","ProjectionCandidate","InfWideConservative","STATIC_CANDIDATE","NotEstablished","","ATI.Mfg.NTamd64.10.0.1..19044","0","5353","","1.33","","","1"
"26.7.1","Main","Display","d0_whql-amd-software-adrenalin-edition-26.7.1-win11-b.exe_116c6269b767\Packages\Drivers\Display\WT6A_INF\u0202643.inf","Windows Server 2025","26100","NotApplicableByProductType","ProjectionCandidate","PATCH_CANDIDATE","ProjectionCandidate","InfWideConservative","STATIC_CANDIDATE","NotEstablished","","ATI.Mfg.NTamd64.10.0.1..19044","0","5353","","1.33","1.35","","1"
"26.7.1","Main","Display","d0_whql-amd-software-adrenalin-edition-26.7.1-win11-b.exe_116c6269b767\Packages\Drivers\Display\WT6A_INF\amdafd\amdafd.inf","Windows Server 2016","14393","NativeApplicable","NativeApplicable","NATIVE_CANDIDATE","NativeCandidate","InfWideConservative","STATIC_CANDIDATE","NotEstablished","AMD_KMAFD.NTAMD64","AMD_KMAFD.NTAMD64","2","2","","1.19","","","0"
"26.7.1","Main","Display","d0_whql-amd-software-adrenalin-edition-26.7.1-win11-b.exe_116c6269b767\Packages\Drivers\Display\WT6A_INF\amdafd\amdafd.inf","Windows Server 2019","17763","NativeApplicable","NativeApplicable","NATIVE_CANDIDATE","NativeCandidate","InfWideConservative","STATIC_CANDIDATE","NotEstablished","AMD_KMAFD.NTAMD64","AMD_KMAFD.NTAMD64","2","2","","1.27","1.27","","0"
"26.7.1","Main","Display","d0_whql-amd-software-adrenalin-edition-26.7.1-win11-b.exe_116c6269b767\Packages\Drivers\Display\WT6A_INF\amdafd\amdafd.inf","Windows Server 2022","20348","NativeApplicable","NativeApplicable","NATIVE_CANDIDATE","NativeCandidate","InfWideConservative","STATIC_CANDIDATE","NotEstablished","AMD_KMAFD.NTAMD64","AMD_KMAFD.NTAMD64","2","2","","1.33","","","0"
"26.7.1","Main","Display","d0_whql-amd-software-adrenalin-edition-26.7.1-win11-b.exe_116c6269b767\Packages\Drivers\Display\WT6A_INF\amdafd\amdafd.inf","Windows Server 2025","26100","NativeApplicable","NativeApplicable","NATIVE_CANDIDATE","NativeCandidate","InfWideConservative","STATIC_CANDIDATE","NotEstablished","AMD_KMAFD.NTAMD64","AMD_KMAFD.NTAMD64","2","2","","1.33","1.35","","0"
"26.7.1","Main","Display","d0_whql-amd-software-adrenalin-edition-26.7.1-win11-b.exe_116c6269b767\Packages\Drivers\Display\WT6A_INF\amdfdans\AMDFDANS.inf","Windows Server 2016","14393","NativeApplicable","NativeApplicable","NATIVE_CANDIDATE","NativeCandidate","InfWideConservative","STATIC_CANDIDATE","NotEstablished","AMD.Mfg.NTamd64.10.0","AMD.Mfg.NTamd64.10.0","1","1","","1.19","","","0"
"26.7.1","Main","Display","d0_whql-amd-software-adrenalin-edition-26.7.1-win11-b.exe_116c6269b767\Packages\Drivers\Display\WT6A_INF\amdfdans\AMDFDANS.inf","Windows Server 2019","17763","NativeApplicable","NativeApplicable","NATIVE_CANDIDATE","NativeCandidate","InfWideConservative","STATIC_CANDIDATE","NotEstablished","AMD.Mfg.NTamd64.10.0","AMD.Mfg.NTamd64.10.0","1","1","","1.27","1.27","","0"
"26.7.1","Main","Display","d0_whql-amd-software-adrenalin-edition-26.7.1-win11-b.exe_116c6269b767\Packages\Drivers\Display\WT6A_INF\amdfdans\AMDFDANS.inf","Windows Server 2022","20348","NativeApplicable","NativeApplicable","NATIVE_CANDIDATE","NativeCandidate","InfWideConservative","STATIC_CANDIDATE","NotEstablished","AMD.Mfg.NTamd64.10.0","AMD.Mfg.NTamd64.10.0","1","1","","1.33","","","0"
"26.7.1","Main","Display","d0_whql-amd-software-adrenalin-edition-26.7.1-win11-b.exe_116c6269b767\Packages\Drivers\Display\WT6A_INF\amdfdans\AMDFDANS.inf","Windows Server 2025","26100","NativeApplicable","NativeApplicable","NATIVE_CANDIDATE","NativeCandidate","InfWideConservative","STATIC_CANDIDATE","NotEstablished","AMD.Mfg.NTamd64.10.0","AMD.Mfg.NTamd64.10.0","1","1","","1.33","1.35","","0"
"26.7.1","Main","Display","d0_whql-amd-software-adrenalin-edition-26.7.1-win11-b.exe_116c6269b767\Packages\Drivers\Display\WT6A_INF\amdfendr\amdfendr.inf","Windows Server 2016","14393","NotApplicableByBuild","NotApplicableByBuild","NOT_APPLICABLE","NotApplicable","InfWideConservative","STATIC_CANDIDATE","NotEstablished","","","0","0","1.15","1.19","","","0"
"26.7.1","Main","Display","d0_whql-amd-software-adrenalin-edition-26.7.1-win11-b.exe_116c6269b767\Packages\Drivers\Display\WT6A_INF\amdfendr\amdfendr.inf","Windows Server 2019","17763","NativeApplicable","NativeApplicable","NATIVE_CANDIDATE","NativeCandidate","InfWideConservative","STATIC_CANDIDATE","NotEstablished","AMDFENDR_KM.NTAMD64.10.0...16299","AMDFENDR_KM.NTAMD64.10.0...16299","1","1","1.15","1.27","1.27","","0"
"26.7.1","Main","Display","d0_whql-amd-software-adrenalin-edition-26.7.1-win11-b.exe_116c6269b767\Packages\Drivers\Display\WT6A_INF\amdfendr\amdfendr.inf","Windows Server 2022","20348","NativeApplicable","NativeApplicable","NATIVE_CANDIDATE","NativeCandidate","InfWideConservative","STATIC_CANDIDATE","NotEstablished","AMDFENDR_KM.NTAMD64.10.0...16299","AMDFENDR_KM.NTAMD64.10.0...16299","1","1","1.15","1.33","","","0"
"26.7.1","Main","Display","d0_whql-amd-software-adrenalin-edition-26.7.1-win11-b.exe_116c6269b767\Packages\Drivers\Display\WT6A_INF\amdfendr\amdfendr.inf","Windows Server 2025","26100","NativeApplicable","NativeApplicable","NATIVE_CANDIDATE","NativeCandidate","InfWideConservative","STATIC_CANDIDATE","NotEstablished","AMDFENDR_KM.NTAMD64.10.0...16299","AMDFENDR_KM.NTAMD64.10.0...16299","1","1","1.15","1.33","1.35","","0"
"26.7.1","Main","Display","d0_whql-amd-software-adrenalin-edition-26.7.1-win11-b.exe_116c6269b767\Packages\Drivers\Display\WT6A_INF\amdocl\amdocl.inf","Windows Server 2016","14393","NotApplicableByBuild","NotApplicableByBuild","NOT_APPLICABLE","NotApplicable","InfWideConservative","STATIC_CANDIDATE","NotEstablished","","","0","0","","1.19","","","0"
"26.7.1","Main","Display","d0_whql-amd-software-adrenalin-edition-26.7.1-win11-b.exe_116c6269b767\Packages\Drivers\Display\WT6A_INF\amdocl\amdocl.inf","Windows Server 2019","17763","NativeApplicable","NativeApplicable","NATIVE_CANDIDATE","NativeCandidate","InfWideConservative","STATIC_CANDIDATE","NotEstablished","AMD.Mfg.NTamd64.10.0...16299","AMD.Mfg.NTamd64.10.0...16299","1","1","","1.27","1.27","","0"
"26.7.1","Main","Display","d0_whql-amd-software-adrenalin-edition-26.7.1-win11-b.exe_116c6269b767\Packages\Drivers\Display\WT6A_INF\amdocl\amdocl.inf","Windows Server 2022","20348","NativeApplicable","NativeApplicable","NATIVE_CANDIDATE","NativeCandidate","InfWideConservative","STATIC_CANDIDATE","NotEstablished","AMD.Mfg.NTamd64.10.0...16299","AMD.Mfg.NTamd64.10.0...16299","1","1","","1.33","","","0"
"26.7.1","Main","Display","d0_whql-amd-software-adrenalin-edition-26.7.1-win11-b.exe_116c6269b767\Packages\Drivers\Display\WT6A_INF\amdocl\amdocl.inf","Windows Server 2025","26100","NativeApplicable","NativeApplicable","NATIVE_CANDIDATE","NativeCandidate","InfWideConservative","STATIC_CANDIDATE","NotEstablished","AMD.Mfg.NTamd64.10.0...16299","AMD.Mfg.NTamd64.10.0...16299","1","1","","1.33","1.35","","0"
"26.7.1","Main","Display","d0_whql-amd-software-adrenalin-edition-26.7.1-win11-b.exe_116c6269b767\Packages\Drivers\Display\WT6A_INF\amdogl\amdogl.inf","Windows Server 2016","14393","NotApplicableByBuild","NotApplicableByBuild","NOT_APPLICABLE","NotApplicable","InfWideConservative","STATIC_CANDIDATE","NotEstablished","","","0","0","","1.19","","","0"
"26.7.1","Main","Display","d0_whql-amd-software-adrenalin-edition-26.7.1-win11-b.exe_116c6269b767\Packages\Drivers\Display\WT6A_INF\amdogl\amdogl.inf","Windows Server 2019","17763","NativeApplicable","NativeApplicable","NATIVE_CANDIDATE","NativeCandidate","InfWideConservative","STATIC_CANDIDATE","NotEstablished","AMD.Mfg.NTamd64.10.0...16299","AMD.Mfg.NTamd64.10.0...16299","1","1","","1.27","1.27","","0"
"26.7.1","Main","Display","d0_whql-amd-software-adrenalin-edition-26.7.1-win11-b.exe_116c6269b767\Packages\Drivers\Display\WT6A_INF\amdogl\amdogl.inf","Windows Server 2022","20348","NativeApplicable","NativeApplicable","NATIVE_CANDIDATE","NativeCandidate","InfWideConservative","STATIC_CANDIDATE","NotEstablished","AMD.Mfg.NTamd64.10.0...16299","AMD.Mfg.NTamd64.10.0...16299","1","1","","1.33","","","0"
"26.7.1","Main","Display","d0_whql-amd-software-adrenalin-edition-26.7.1-win11-b.exe_116c6269b767\Packages\Drivers\Display\WT6A_INF\amdogl\amdogl.inf","Windows Server 2025","26100","NativeApplicable","NativeApplicable","NATIVE_CANDIDATE","NativeCandidate","InfWideConservative","STATIC_CANDIDATE","NotEstablished","AMD.Mfg.NTamd64.10.0...16299","AMD.Mfg.NTamd64.10.0...16299","1","1","","1.33","1.35","","0"
"26.7.1","Main","Display","d0_whql-amd-software-adrenalin-edition-26.7.1-win11-b.exe_116c6269b767\Packages\Drivers\Display\WT6A_INF\amdpcibridge\amdpcibridgeextension.inf","Windows Server 2016","14393","NativeApplicable","NativeApplicable","NATIVE_CANDIDATE","NativeCandidate","InfWideConservative","STATIC_CANDIDATE","NotEstablished","DeviceExtensions.NTamd64","DeviceExtensions.NTamd64","2","2","","1.19","","","0"
"26.7.1","Main","Display","d0_whql-amd-software-adrenalin-edition-26.7.1-win11-b.exe_116c6269b767\Packages\Drivers\Display\WT6A_INF\amdpcibridge\amdpcibridgeextension.inf","Windows Server 2019","17763","NativeApplicable","NativeApplicable","NATIVE_CANDIDATE","NativeCandidate","InfWideConservative","STATIC_CANDIDATE","NotEstablished","DeviceExtensions.NTamd64","DeviceExtensions.NTamd64","2","2","","1.27","1.27","","0"
"26.7.1","Main","Display","d0_whql-amd-software-adrenalin-edition-26.7.1-win11-b.exe_116c6269b767\Packages\Drivers\Display\WT6A_INF\amdpcibridge\amdpcibridgeextension.inf","Windows Server 2022","20348","NativeApplicable","NativeApplicable","NATIVE_CANDIDATE","NativeCandidate","InfWideConservative","STATIC_CANDIDATE","NotEstablished","DeviceExtensions.NTamd64","DeviceExtensions.NTamd64","2","2","","1.33","","","0"
"26.7.1","Main","Display","d0_whql-amd-software-adrenalin-edition-26.7.1-win11-b.exe_116c6269b767\Packages\Drivers\Display\WT6A_INF\amdpcibridge\amdpcibridgeextension.inf","Windows Server 2025","26100","NativeApplicable","NativeApplicable","NATIVE_CANDIDATE","NativeCandidate","InfWideConservative","STATIC_CANDIDATE","NotEstablished","DeviceExtensions.NTamd64","DeviceExtensions.NTamd64","2","2","","1.33","1.35","","0"
"26.7.1","Main","Display","d0_whql-amd-software-adrenalin-edition-26.7.1-win11-b.exe_116c6269b767\Packages\Drivers\Display\WT6A_INF\amdvlk\amdvlk.inf","Windows Server 2016","14393","NotApplicableByBuild","NotApplicableByBuild","NOT_APPLICABLE","NotApplicable","InfWideConservative","STATIC_CANDIDATE","NotEstablished","","","0","0","","1.19","","","0"
"26.7.1","Main","Display","d0_whql-amd-software-adrenalin-edition-26.7.1-win11-b.exe_116c6269b767\Packages\Drivers\Display\WT6A_INF\amdvlk\amdvlk.inf","Windows Server 2019","17763","NativeApplicable","NativeApplicable","NATIVE_CANDIDATE","NativeCandidate","InfWideConservative","STATIC_CANDIDATE","NotEstablished","AMD.Mfg.NTamd64.10.0...16299","AMD.Mfg.NTamd64.10.0...16299","1","1","","1.27","1.27","","0"
"26.7.1","Main","Display","d0_whql-amd-software-adrenalin-edition-26.7.1-win11-b.exe_116c6269b767\Packages\Drivers\Display\WT6A_INF\amdvlk\amdvlk.inf","Windows Server 2022","20348","NativeApplicable","NativeApplicable","NATIVE_CANDIDATE","NativeCandidate","InfWideConservative","STATIC_CANDIDATE","NotEstablished","AMD.Mfg.NTamd64.10.0...16299","AMD.Mfg.NTamd64.10.0...16299","1","1","","1.33","","","0"
"26.7.1","Main","Display","d0_whql-amd-software-adrenalin-edition-26.7.1-win11-b.exe_116c6269b767\Packages\Drivers\Display\WT6A_INF\amdvlk\amdvlk.inf","Windows Server 2025","26100","NativeApplicable","NativeApplicable","NATIVE_CANDIDATE","NativeCandidate","InfWideConservative","STATIC_CANDIDATE","NotEstablished","AMD.Mfg.NTamd64.10.0...16299","AMD.Mfg.NTamd64.10.0...16299","1","1","","1.33","1.35","","0"
"26.7.1","Main","Display","d0_whql-amd-software-adrenalin-edition-26.7.1-win11-b.exe_116c6269b767\Packages\Drivers\Display\WT6A_INF\amdwin\amdwin-u0202643.inf","Windows Server 2016","14393","NativeApplicable","NativeApplicable","NATIVE_CANDIDATE","NativeCandidate","InfWideConservative","STATIC_CANDIDATE","NotEstablished","AMD.Mfg.NTamd64.10.0","AMD.Mfg.NTamd64.10.0","1","1","","1.19","","","0"
"26.7.1","Main","Display","d0_whql-amd-software-adrenalin-edition-26.7.1-win11-b.exe_116c6269b767\Packages\Drivers\Display\WT6A_INF\amdwin\amdwin-u0202643.inf","Windows Server 2019","17763","NativeApplicable","NativeApplicable","NATIVE_CANDIDATE","NativeCandidate","InfWideConservative","STATIC_CANDIDATE","NotEstablished","AMD.Mfg.NTamd64.10.0","AMD.Mfg.NTamd64.10.0","1","1","","1.27","1.27","","0"
"26.7.1","Main","Display","d0_whql-amd-software-adrenalin-edition-26.7.1-win11-b.exe_116c6269b767\Packages\Drivers\Display\WT6A_INF\amdwin\amdwin-u0202643.inf","Windows Server 2022","20348","NativeApplicable","NativeApplicable","NATIVE_CANDIDATE","NativeCandidate","InfWideConservative","STATIC_CANDIDATE","NotEstablished","AMD.Mfg.NTamd64.10.0","AMD.Mfg.NTamd64.10.0","1","1","","1.33","","","0"
"26.7.1","Main","Display","d0_whql-amd-software-adrenalin-edition-26.7.1-win11-b.exe_116c6269b767\Packages\Drivers\Display\WT6A_INF\amdwin\amdwin-u0202643.inf","Windows Server 2025","26100","NativeApplicable","NativeApplicable","NATIVE_CANDIDATE","NativeCandidate","InfWideConservative","STATIC_CANDIDATE","NotEstablished","AMD.Mfg.NTamd64.10.0","AMD.Mfg.NTamd64.10.0","1","1","","1.33","1.35","","0"
"26.7.1","Main","Display","d0_whql-amd-software-adrenalin-edition-26.7.1-win11-b.exe_116c6269b767\Packages\Drivers\Display\WT6A_INF\amdxe\amdxe.inf","Windows Server 2016","14393","NativeApplicable","NativeApplicable","NATIVE_CANDIDATE","NativeCandidate","InfWideConservative","STATIC_CANDIDATE","NotEstablished","Standard.NTamd64","Standard.NTamd64","1","1","1.15","1.19","","","0"
"26.7.1","Main","Display","d0_whql-amd-software-adrenalin-edition-26.7.1-win11-b.exe_116c6269b767\Packages\Drivers\Display\WT6A_INF\amdxe\amdxe.inf","Windows Server 2019","17763","NativeApplicable","NativeApplicable","NATIVE_CANDIDATE","NativeCandidate","InfWideConservative","STATIC_CANDIDATE","NotEstablished","Standard.NTamd64","Standard.NTamd64","1","1","1.15","1.27","1.27","","0"
"26.7.1","Main","Display","d0_whql-amd-software-adrenalin-edition-26.7.1-win11-b.exe_116c6269b767\Packages\Drivers\Display\WT6A_INF\amdxe\amdxe.inf","Windows Server 2022","20348","NativeApplicable","NativeApplicable","NATIVE_CANDIDATE","NativeCandidate","InfWideConservative","STATIC_CANDIDATE","NotEstablished","Standard.NTamd64","Standard.NTamd64","1","1","1.15","1.33","","","0"
"26.7.1","Main","Display","d0_whql-amd-software-adrenalin-edition-26.7.1-win11-b.exe_116c6269b767\Packages\Drivers\Display\WT6A_INF\amdxe\amdxe.inf","Windows Server 2025","26100","NativeApplicable","NativeApplicable","NATIVE_CANDIDATE","NativeCandidate","InfWideConservative","STATIC_CANDIDATE","NotEstablished","Standard.NTamd64","Standard.NTamd64","1","1","1.15","1.33","1.35","","0"
"26.7.1","Main","SBDrv","d0_whql-amd-software-adrenalin-edition-26.7.1-win11-b.exe_116c6269b767\Packages\Drivers\SBDrv\AMDUCSI\WT64A\amducsi.inf","Windows Server 2016","14393","NativeApplicable","NativeApplicable","NATIVE_CANDIDATE","NativeCandidate","InfWideConservative","STATIC_CANDIDATE","NotEstablished","AMD.NTamd64","AMD.NTamd64","5","5","1.15","1.19","","","1"
"26.7.1","Main","SBDrv","d0_whql-amd-software-adrenalin-edition-26.7.1-win11-b.exe_116c6269b767\Packages\Drivers\SBDrv\AMDUCSI\WT64A\amducsi.inf","Windows Server 2019","17763","NativeApplicable","NativeApplicable","NATIVE_CANDIDATE","NativeCandidate","InfWideConservative","STATIC_CANDIDATE","NotEstablished","AMD.NTamd64","AMD.NTamd64","5","5","1.15","1.27","1.27","","1"
"26.7.1","Main","SBDrv","d0_whql-amd-software-adrenalin-edition-26.7.1-win11-b.exe_116c6269b767\Packages\Drivers\SBDrv\AMDUCSI\WT64A\amducsi.inf","Windows Server 2022","20348","NativeApplicable","NativeApplicable","NATIVE_CANDIDATE","NativeCandidate","InfWideConservative","STATIC_CANDIDATE","NotEstablished","AMD.NTamd64","AMD.NTamd64","5","5","1.15","1.33","","","1"
"26.7.1","Main","SBDrv","d0_whql-amd-software-adrenalin-edition-26.7.1-win11-b.exe_116c6269b767\Packages\Drivers\SBDrv\AMDUCSI\WT64A\amducsi.inf","Windows Server 2025","26100","NativeApplicable","NativeApplicable","NATIVE_CANDIDATE","NativeCandidate","InfWideConservative","STATIC_CANDIDATE","NotEstablished","AMD.NTamd64","AMD.NTamd64","5","5","1.15","1.33","1.35","","1"
"26.7.1","Main","AMDISP","d0_whql-amd-software-adrenalin-edition-26.7.1-win11-a.exe_da1b95633533\Packages\Drivers\AMDISP\AMDCAMERA\WT64A\amdcamera.inf","Windows Server 2016","14393","NativeApplicable","NativeApplicable","NATIVE_CANDIDATE","NativeCandidate","InfWideConservative","STATIC_CANDIDATE","NotEstablished","AMD.NTamd64","AMD.NTamd64","1","1","","1.19","","","1"
"26.7.1","Main","AMDISP","d0_whql-amd-software-adrenalin-edition-26.7.1-win11-a.exe_da1b95633533\Packages\Drivers\AMDISP\AMDCAMERA\WT64A\amdcamera.inf","Windows Server 2019","17763","NativeApplicable","NativeApplicable","NATIVE_CANDIDATE","NativeCandidate","InfWideConservative","STATIC_CANDIDATE","NotEstablished","AMD.NTamd64","AMD.NTamd64","1","1","","1.27","1.27","","1"
"26.7.1","Main","AMDISP","d0_whql-amd-software-adrenalin-edition-26.7.1-win11-a.exe_da1b95633533\Packages\Drivers\AMDISP\AMDCAMERA\WT64A\amdcamera.inf","Windows Server 2022","20348","NativeApplicable","NativeApplicable","NATIVE_CANDIDATE","NativeCandidate","InfWideConservative","STATIC_CANDIDATE","NotEstablished","AMD.NTamd64","AMD.NTamd64","1","1","","1.33","","","1"
"26.7.1","Main","AMDISP","d0_whql-amd-software-adrenalin-edition-26.7.1-win11-a.exe_da1b95633533\Packages\Drivers\AMDISP\AMDCAMERA\WT64A\amdcamera.inf","Windows Server 2025","26100","NativeApplicable","NativeApplicable","NATIVE_CANDIDATE","NativeCandidate","InfWideConservative","STATIC_CANDIDATE","NotEstablished","AMD.NTamd64","AMD.NTamd64","1","1","","1.33","1.35","","1"
"26.7.1","Main","AMDISP","d0_whql-amd-software-adrenalin-edition-26.7.1-win11-a.exe_da1b95633533\Packages\Drivers\AMDISP\AMDISP\WT64A\amdisp.inf","Windows Server 2016","14393","NativeApplicable","NativeApplicable","REVIEW_REQUIRED","WdfRequirementReview","InfWideConservative","STATIC_CANDIDATE","NotEstablished","AMD.NTamd64;AMD_SRX.NTamd64","AMD.NTamd64;AMD_SRX.NTamd64","2","2","1.23.0","1.19","","2.23.0","1"
"26.7.1","Main","AMDISP","d0_whql-amd-software-adrenalin-edition-26.7.1-win11-a.exe_da1b95633533\Packages\Drivers\AMDISP\AMDISP\WT64A\amdisp.inf","Windows Server 2019","17763","NativeApplicable","NativeApplicable","NATIVE_CANDIDATE","NativeCandidate","InfWideConservative","STATIC_CANDIDATE","NotEstablished","AMD.NTamd64;AMD_SRX.NTamd64","AMD.NTamd64;AMD_SRX.NTamd64","2","2","1.23.0","1.27","1.27","2.23.0","1"
"26.7.1","Main","AMDISP","d0_whql-amd-software-adrenalin-edition-26.7.1-win11-a.exe_da1b95633533\Packages\Drivers\AMDISP\AMDISP\WT64A\amdisp.inf","Windows Server 2022","20348","NativeApplicable","NativeApplicable","NATIVE_CANDIDATE","NativeCandidate","InfWideConservative","STATIC_CANDIDATE","NotEstablished","AMD.NTamd64;AMD_SRX.NTamd64","AMD.NTamd64;AMD_SRX.NTamd64","2","2","1.23.0","1.33","","2.23.0","1"
"26.7.1","Main","AMDISP","d0_whql-amd-software-adrenalin-edition-26.7.1-win11-a.exe_da1b95633533\Packages\Drivers\AMDISP\AMDISP\WT64A\amdisp.inf","Windows Server 2025","26100","NativeApplicable","NativeApplicable","NATIVE_CANDIDATE","NativeCandidate","InfWideConservative","STATIC_CANDIDATE","NotEstablished","AMD.NTamd64;AMD_SRX.NTamd64","AMD.NTamd64;AMD_SRX.NTamd64","2","2","1.23.0","1.33","1.35","2.23.0","1"
"26.7.1","Main","AMDISP","d0_whql-amd-software-adrenalin-edition-26.7.1-win11-a.exe_da1b95633533\Packages\Drivers\AMDISP\GC1029\WT64A\sensorGC1029.inf","Windows Server 2016","14393","NativeApplicable","NativeApplicable","NATIVE_CANDIDATE","NativeCandidate","InfWideConservative","STATIC_CANDIDATE","NotEstablished","Standard.NTamd64","Standard.NTamd64","1","1","1.15","1.19","","","1"
"26.7.1","Main","AMDISP","d0_whql-amd-software-adrenalin-edition-26.7.1-win11-a.exe_da1b95633533\Packages\Drivers\AMDISP\GC1029\WT64A\sensorGC1029.inf","Windows Server 2019","17763","NativeApplicable","NativeApplicable","NATIVE_CANDIDATE","NativeCandidate","InfWideConservative","STATIC_CANDIDATE","NotEstablished","Standard.NTamd64","Standard.NTamd64","1","1","1.15","1.27","1.27","","1"
"26.7.1","Main","AMDISP","d0_whql-amd-software-adrenalin-edition-26.7.1-win11-a.exe_da1b95633533\Packages\Drivers\AMDISP\GC1029\WT64A\sensorGC1029.inf","Windows Server 2022","20348","NativeApplicable","NativeApplicable","NATIVE_CANDIDATE","NativeCandidate","InfWideConservative","STATIC_CANDIDATE","NotEstablished","Standard.NTamd64","Standard.NTamd64","1","1","1.15","1.33","","","1"
"26.7.1","Main","AMDISP","d0_whql-amd-software-adrenalin-edition-26.7.1-win11-a.exe_da1b95633533\Packages\Drivers\AMDISP\GC1029\WT64A\sensorGC1029.inf","Windows Server 2025","26100","NativeApplicable","NativeApplicable","NATIVE_CANDIDATE","NativeCandidate","InfWideConservative","STATIC_CANDIDATE","NotEstablished","Standard.NTamd64","Standard.NTamd64","1","1","1.15","1.33","1.35","","1"
"26.7.1","Main","AMDISP","d0_whql-amd-software-adrenalin-edition-26.7.1-win11-a.exe_da1b95633533\Packages\Drivers\AMDISP\HM1092\WT64A\sensorHM1092.inf","Windows Server 2016","14393","NativeApplicable","NativeApplicable","NATIVE_CANDIDATE","NativeCandidate","InfWideConservative","STATIC_CANDIDATE","NotEstablished","Standard.NTamd64","Standard.NTamd64","1","1","1.15","1.19","","","1"
"26.7.1","Main","AMDISP","d0_whql-amd-software-adrenalin-edition-26.7.1-win11-a.exe_da1b95633533\Packages\Drivers\AMDISP\HM1092\WT64A\sensorHM1092.inf","Windows Server 2019","17763","NativeApplicable","NativeApplicable","NATIVE_CANDIDATE","NativeCandidate","InfWideConservative","STATIC_CANDIDATE","NotEstablished","Standard.NTamd64","Standard.NTamd64","1","1","1.15","1.27","1.27","","1"
"26.7.1","Main","AMDISP","d0_whql-amd-software-adrenalin-edition-26.7.1-win11-a.exe_da1b95633533\Packages\Drivers\AMDISP\HM1092\WT64A\sensorHM1092.inf","Windows Server 2022","20348","NativeApplicable","NativeApplicable","NATIVE_CANDIDATE","NativeCandidate","InfWideConservative","STATIC_CANDIDATE","NotEstablished","Standard.NTamd64","Standard.NTamd64","1","1","1.15","1.33","","","1"
"26.7.1","Main","AMDISP","d0_whql-amd-software-adrenalin-edition-26.7.1-win11-a.exe_da1b95633533\Packages\Drivers\AMDISP\HM1092\WT64A\sensorHM1092.inf","Windows Server 2025","26100","NativeApplicable","NativeApplicable","NATIVE_CANDIDATE","NativeCandidate","InfWideConservative","STATIC_CANDIDATE","NotEstablished","Standard.NTamd64","Standard.NTamd64","1","1","1.15","1.33","1.35","","1"
"26.7.1","Main","AMDISP","d0_whql-amd-software-adrenalin-edition-26.7.1-win11-a.exe_da1b95633533\Packages\Drivers\AMDISP\OV05C\WT64A\sensorOV05C.inf","Windows Server 2016","14393","NativeApplicable","NativeApplicable","NATIVE_CANDIDATE","NativeCandidate","InfWideConservative","STATIC_CANDIDATE","NotEstablished","Standard.NTamd64","Standard.NTamd64","1","1","1.15","1.19","","","1"
"26.7.1","Main","AMDISP","d0_whql-amd-software-adrenalin-edition-26.7.1-win11-a.exe_da1b95633533\Packages\Drivers\AMDISP\OV05C\WT64A\sensorOV05C.inf","Windows Server 2019","17763","NativeApplicable","NativeApplicable","NATIVE_CANDIDATE","NativeCandidate","InfWideConservative","STATIC_CANDIDATE","NotEstablished","Standard.NTamd64","Standard.NTamd64","1","1","1.15","1.27","1.27","","1"
"26.7.1","Main","AMDISP","d0_whql-amd-software-adrenalin-edition-26.7.1-win11-a.exe_da1b95633533\Packages\Drivers\AMDISP\OV05C\WT64A\sensorOV05C.inf","Windows Server 2022","20348","NativeApplicable","NativeApplicable","NATIVE_CANDIDATE","NativeCandidate","InfWideConservative","STATIC_CANDIDATE","NotEstablished","Standard.NTamd64","Standard.NTamd64","1","1","1.15","1.33","","","1"
"26.7.1","Main","AMDISP","d0_whql-amd-software-adrenalin-edition-26.7.1-win11-a.exe_da1b95633533\Packages\Drivers\AMDISP\OV05C\WT64A\sensorOV05C.inf","Windows Server 2025","26100","NativeApplicable","NativeApplicable","NATIVE_CANDIDATE","NativeCandidate","InfWideConservative","STATIC_CANDIDATE","NotEstablished","Standard.NTamd64","Standard.NTamd64","1","1","1.15","1.33","1.35","","1"
"26.7.1","Main","AMDISP","d0_whql-amd-software-adrenalin-edition-26.7.1-win11-a.exe_da1b95633533\Packages\Drivers\AMDISP\OV08X\WT64A\sensorOV08X.inf","Windows Server 2016","14393","NativeApplicable","NativeApplicable","NATIVE_CANDIDATE","NativeCandidate","InfWideConservative","STATIC_CANDIDATE","NotEstablished","Standard.NTamd64","Standard.NTamd64","2","2","1.15","1.19","","","1"
"26.7.1","Main","AMDISP","d0_whql-amd-software-adrenalin-edition-26.7.1-win11-a.exe_da1b95633533\Packages\Drivers\AMDISP\OV08X\WT64A\sensorOV08X.inf","Windows Server 2019","17763","NativeApplicable","NativeApplicable","NATIVE_CANDIDATE","NativeCandidate","InfWideConservative","STATIC_CANDIDATE","NotEstablished","Standard.NTamd64","Standard.NTamd64","2","2","1.15","1.27","1.27","","1"
"26.7.1","Main","AMDISP","d0_whql-amd-software-adrenalin-edition-26.7.1-win11-a.exe_da1b95633533\Packages\Drivers\AMDISP\OV08X\WT64A\sensorOV08X.inf","Windows Server 2022","20348","NativeApplicable","NativeApplicable","NATIVE_CANDIDATE","NativeCandidate","InfWideConservative","STATIC_CANDIDATE","NotEstablished","Standard.NTamd64","Standard.NTamd64","2","2","1.15","1.33","","","1"
"26.7.1","Main","AMDISP","d0_whql-amd-software-adrenalin-edition-26.7.1-win11-a.exe_da1b95633533\Packages\Drivers\AMDISP\OV08X\WT64A\sensorOV08X.inf","Windows Server 2025","26100","NativeApplicable","NativeApplicable","NATIVE_CANDIDATE","NativeCandidate","InfWideConservative","STATIC_CANDIDATE","NotEstablished","Standard.NTamd64","Standard.NTamd64","2","2","1.15","1.33","1.35","","1"
"26.7.1","Main","AMDISP","d0_whql-amd-software-adrenalin-edition-26.7.1-win11-a.exe_da1b95633533\Packages\Drivers\AMDISP\OV13B\WT64A\sensorOV13B.inf","Windows Server 2016","14393","NativeApplicable","NativeApplicable","NATIVE_CANDIDATE","NativeCandidate","InfWideConservative","STATIC_CANDIDATE","NotEstablished","Standard.NTamd64","Standard.NTamd64","1","1","1.15","1.19","","","1"
"26.7.1","Main","AMDISP","d0_whql-amd-software-adrenalin-edition-26.7.1-win11-a.exe_da1b95633533\Packages\Drivers\AMDISP\OV13B\WT64A\sensorOV13B.inf","Windows Server 2019","17763","NativeApplicable","NativeApplicable","NATIVE_CANDIDATE","NativeCandidate","InfWideConservative","STATIC_CANDIDATE","NotEstablished","Standard.NTamd64","Standard.NTamd64","1","1","1.15","1.27","1.27","","1"
"26.7.1","Main","AMDISP","d0_whql-amd-software-adrenalin-edition-26.7.1-win11-a.exe_da1b95633533\Packages\Drivers\AMDISP\OV13B\WT64A\sensorOV13B.inf","Windows Server 2022","20348","NativeApplicable","NativeApplicable","NATIVE_CANDIDATE","NativeCandidate","InfWideConservative","STATIC_CANDIDATE","NotEstablished","Standard.NTamd64","Standard.NTamd64","1","1","1.15","1.33","","","1"
"26.7.1","Main","AMDISP","d0_whql-amd-software-adrenalin-edition-26.7.1-win11-a.exe_da1b95633533\Packages\Drivers\AMDISP\OV13B\WT64A\sensorOV13B.inf","Windows Server 2025","26100","NativeApplicable","NativeApplicable","NATIVE_CANDIDATE","NativeCandidate","InfWideConservative","STATIC_CANDIDATE","NotEstablished","Standard.NTamd64","Standard.NTamd64","1","1","1.15","1.33","1.35","","1"
"26.7.1","Main","AMDNPUMCDM","d0_whql-amd-software-adrenalin-edition-26.7.1-win11-a.exe_da1b95633533\Packages\Drivers\AMDNPUMCDM\WT64A\kipudrv.inf","Windows Server 2016","14393","NotApplicableByBuild","NotApplicableByBuild","NOT_APPLICABLE","NotApplicable","InfWideConservative","STATIC_CANDIDATE","NotEstablished","","","0","0","","1.19","","","4"
"26.7.1","Main","AMDNPUMCDM","d0_whql-amd-software-adrenalin-edition-26.7.1-win11-a.exe_da1b95633533\Packages\Drivers\AMDNPUMCDM\WT64A\kipudrv.inf","Windows Server 2019","17763","NotApplicableByBuild","NotApplicableByBuild","NOT_APPLICABLE","NotApplicable","InfWideConservative","STATIC_CANDIDATE","NotEstablished","","","0","0","","1.27","1.27","","4"
"26.7.1","Main","AMDNPUMCDM","d0_whql-amd-software-adrenalin-edition-26.7.1-win11-a.exe_da1b95633533\Packages\Drivers\AMDNPUMCDM\WT64A\kipudrv.inf","Windows Server 2022","20348","NotApplicableByBuild","NotApplicableByBuild","NOT_APPLICABLE","NotApplicable","InfWideConservative","STATIC_CANDIDATE","NotEstablished","","","0","0","","1.33","","","4"
"26.7.1","Main","AMDNPUMCDM","d0_whql-amd-software-adrenalin-edition-26.7.1-win11-a.exe_da1b95633533\Packages\Drivers\AMDNPUMCDM\WT64A\kipudrv.inf","Windows Server 2025","26100","NativeApplicable","NativeApplicable","NATIVE_CANDIDATE","NativeCandidate","InfWideConservative","STATIC_CANDIDATE","NotEstablished","IpuMcdmDriver.Mfg.NTamd64.10.0...22000","IpuMcdmDriver.Mfg.NTamd64.10.0...22000","2","2","","1.33","1.35","","4"
"26.7.1","Main","AMDNPUWDF","d0_whql-amd-software-adrenalin-edition-26.7.1-win11-a.exe_da1b95633533\Packages\Drivers\AMDNPUWDF\WT64A\kipudrv.inf","Windows Server 2016","14393","NativeApplicable","NativeApplicable","NATIVE_CANDIDATE","NativeCandidate","InfWideConservative","STATIC_CANDIDATE","NotEstablished","AMD.NTamd64.10.0...14393","AMD.NTamd64.10.0...14393","2","2","1.15","1.19","","","4"
"26.7.1","Main","AMDNPUWDF","d0_whql-amd-software-adrenalin-edition-26.7.1-win11-a.exe_da1b95633533\Packages\Drivers\AMDNPUWDF\WT64A\kipudrv.inf","Windows Server 2019","17763","NativeApplicable","NativeApplicable","NATIVE_CANDIDATE","NativeCandidate","InfWideConservative","STATIC_CANDIDATE","NotEstablished","AMD.NTamd64.10.0...14393","AMD.NTamd64.10.0...14393","2","2","1.15","1.27","1.27","","4"
"26.7.1","Main","AMDNPUWDF","d0_whql-amd-software-adrenalin-edition-26.7.1-win11-a.exe_da1b95633533\Packages\Drivers\AMDNPUWDF\WT64A\kipudrv.inf","Windows Server 2022","20348","NativeApplicable","NativeApplicable","NATIVE_CANDIDATE","NativeCandidate","InfWideConservative","STATIC_CANDIDATE","NotEstablished","AMD.NTamd64.10.0...14393","AMD.NTamd64.10.0...14393","2","2","1.15","1.33","","","4"
"26.7.1","Main","AMDNPUWDF","d0_whql-amd-software-adrenalin-edition-26.7.1-win11-a.exe_da1b95633533\Packages\Drivers\AMDNPUWDF\WT64A\kipudrv.inf","Windows Server 2025","26100","NativeApplicable","NativeApplicable","NATIVE_CANDIDATE","NativeCandidate","InfWideConservative","STATIC_CANDIDATE","NotEstablished","AMD.NTamd64.10.0...22000","AMD.NTamd64.10.0...22000","2","2","1.15","1.33","1.35","","4"
"26.7.1","Main","Audio","d0_whql-amd-software-adrenalin-edition-26.7.1-win11-a.exe_da1b95633533\Packages\Drivers\Audio\ACPAfd\WT64A\amdacpafd.inf","Windows Server 2016","14393","NotApplicableByBuild","NotApplicableByBuild","NOT_APPLICABLE","NotApplicable","InfWideConservative","STATIC_CANDIDATE","NotEstablished","","","0","0","1.15","1.19","","","1"
"26.7.1","Main","Audio","d0_whql-amd-software-adrenalin-edition-26.7.1-win11-a.exe_da1b95633533\Packages\Drivers\Audio\ACPAfd\WT64A\amdacpafd.inf","Windows Server 2019","17763","NativeApplicable","NativeApplicable","NATIVE_CANDIDATE","NativeCandidate","InfWideConservative","STATIC_CANDIDATE","NotEstablished","AMD.NTAMD64.10.0...16299","AMD.NTAMD64.10.0...16299","13","13","1.15","1.27","1.27","","1"
"26.7.1","Main","Audio","d0_whql-amd-software-adrenalin-edition-26.7.1-win11-a.exe_da1b95633533\Packages\Drivers\Audio\ACPAfd\WT64A\amdacpafd.inf","Windows Server 2022","20348","NativeApplicable","NativeApplicable","NATIVE_CANDIDATE","NativeCandidate","InfWideConservative","STATIC_CANDIDATE","NotEstablished","AMD.NTAMD64.10.0...16299","AMD.NTAMD64.10.0...16299","13","13","1.15","1.33","","","1"
"26.7.1","Main","Audio","d0_whql-amd-software-adrenalin-edition-26.7.1-win11-a.exe_da1b95633533\Packages\Drivers\Audio\ACPAfd\WT64A\amdacpafd.inf","Windows Server 2025","26100","NativeApplicable","NativeApplicable","NATIVE_CANDIDATE","NativeCandidate","InfWideConservative","STATIC_CANDIDATE","NotEstablished","AMD.NTAMD64.10.0...16299","AMD.NTAMD64.10.0...16299","13","13","1.15","1.33","1.35","","1"
"26.7.1","Main","Audio","d0_whql-amd-software-adrenalin-edition-26.7.1-win11-a.exe_da1b95633533\Packages\Drivers\Audio\ACPAFDSVC\WT64A\amdacpafdcomp.inf","Windows Server 2016","14393","NotApplicableByBuild","NotApplicableByBuild","NOT_APPLICABLE","NotApplicable","InfWideConservative","STATIC_CANDIDATE","NotEstablished","","","0","0","","1.19","","","0"
"26.7.1","Main","Audio","d0_whql-amd-software-adrenalin-edition-26.7.1-win11-a.exe_da1b95633533\Packages\Drivers\Audio\ACPAFDSVC\WT64A\amdacpafdcomp.inf","Windows Server 2019","17763","NativeApplicable","NativeApplicable","NATIVE_CANDIDATE","NativeCandidate","InfWideConservative","STATIC_CANDIDATE","NotEstablished","AMD.NTAMD64.10.0...16299","AMD.NTAMD64.10.0...16299","1","1","","1.27","1.27","","0"
"26.7.1","Main","Audio","d0_whql-amd-software-adrenalin-edition-26.7.1-win11-a.exe_da1b95633533\Packages\Drivers\Audio\ACPAFDSVC\WT64A\amdacpafdcomp.inf","Windows Server 2022","20348","NativeApplicable","NativeApplicable","NATIVE_CANDIDATE","NativeCandidate","InfWideConservative","STATIC_CANDIDATE","NotEstablished","AMD.NTAMD64.10.0...16299","AMD.NTAMD64.10.0...16299","1","1","","1.33","","","0"
"26.7.1","Main","Audio","d0_whql-amd-software-adrenalin-edition-26.7.1-win11-a.exe_da1b95633533\Packages\Drivers\Audio\ACPAFDSVC\WT64A\amdacpafdcomp.inf","Windows Server 2025","26100","NativeApplicable","NativeApplicable","NATIVE_CANDIDATE","NativeCandidate","InfWideConservative","STATIC_CANDIDATE","NotEstablished","AMD.NTAMD64.10.0...16299","AMD.NTAMD64.10.0...16299","1","1","","1.33","1.35","","0"
"26.7.1","Main","Audio","d0_whql-amd-software-adrenalin-edition-26.7.1-win11-a.exe_da1b95633533\Packages\Drivers\Audio\ACPAFDSVC\WT64A\amdacpafdext.inf","Windows Server 2016","14393","NotApplicableByBuild","NotApplicableByBuild","NOT_APPLICABLE","NotApplicable","InfWideConservative","STATIC_CANDIDATE","NotEstablished","","","0","0","","1.19","","","1"
"26.7.1","Main","Audio","d0_whql-amd-software-adrenalin-edition-26.7.1-win11-a.exe_da1b95633533\Packages\Drivers\Audio\ACPAFDSVC\WT64A\amdacpafdext.inf","Windows Server 2019","17763","NativeApplicable","NativeApplicable","NATIVE_CANDIDATE","NativeCandidate","InfWideConservative","STATIC_CANDIDATE","NotEstablished","AMD.NTAMD64.10.0...16299","AMD.NTAMD64.10.0...16299","1","1","","1.27","1.27","","1"
"26.7.1","Main","Audio","d0_whql-amd-software-adrenalin-edition-26.7.1-win11-a.exe_da1b95633533\Packages\Drivers\Audio\ACPAFDSVC\WT64A\amdacpafdext.inf","Windows Server 2022","20348","NativeApplicable","NativeApplicable","NATIVE_CANDIDATE","NativeCandidate","InfWideConservative","STATIC_CANDIDATE","NotEstablished","AMD.NTAMD64.10.0...16299","AMD.NTAMD64.10.0...16299","1","1","","1.33","","","1"
"26.7.1","Main","Audio","d0_whql-amd-software-adrenalin-edition-26.7.1-win11-a.exe_da1b95633533\Packages\Drivers\Audio\ACPAFDSVC\WT64A\amdacpafdext.inf","Windows Server 2025","26100","NativeApplicable","NativeApplicable","NATIVE_CANDIDATE","NativeCandidate","InfWideConservative","STATIC_CANDIDATE","NotEstablished","AMD.NTAMD64.10.0...16299","AMD.NTAMD64.10.0...16299","1","1","","1.33","1.35","","1"
"26.7.1","Main","Audio","d0_whql-amd-software-adrenalin-edition-26.7.1-win11-a.exe_da1b95633533\Packages\Drivers\Audio\ACPBTACX\WT64A\amdacpbtacx.inf","Windows Server 2016","14393","NotApplicableByBuild","NotApplicableByBuild","NOT_APPLICABLE","NotApplicable","InfWideConservative","STATIC_CANDIDATE","NotEstablished","","","0","0","1.31","1.19","","","1"
"26.7.1","Main","Audio","d0_whql-amd-software-adrenalin-edition-26.7.1-win11-a.exe_da1b95633533\Packages\Drivers\Audio\ACPBTACX\WT64A\amdacpbtacx.inf","Windows Server 2019","17763","NativeApplicable","NativeApplicable","REVIEW_REQUIRED","WdfRequirementReview","InfWideConservative","STATIC_CANDIDATE","NotEstablished","AMD.NTAMD64.10.0...16299","AMD.NTAMD64.10.0...16299","10","10","1.31","1.27","1.27","","1"
"26.7.1","Main","Audio","d0_whql-amd-software-adrenalin-edition-26.7.1-win11-a.exe_da1b95633533\Packages\Drivers\Audio\ACPBTACX\WT64A\amdacpbtacx.inf","Windows Server 2022","20348","NativeApplicable","NativeApplicable","NATIVE_CANDIDATE","NativeCandidate","InfWideConservative","STATIC_CANDIDATE","NotEstablished","AMD.NTAMD64.10.0...16299","AMD.NTAMD64.10.0...16299","10","10","1.31","1.33","","","1"
"26.7.1","Main","Audio","d0_whql-amd-software-adrenalin-edition-26.7.1-win11-a.exe_da1b95633533\Packages\Drivers\Audio\ACPBTACX\WT64A\amdacpbtacx.inf","Windows Server 2025","26100","NativeApplicable","NativeApplicable","NATIVE_CANDIDATE","NativeCandidate","InfWideConservative","STATIC_CANDIDATE","NotEstablished","AMD.NTAMD64.10.0...16299","AMD.NTAMD64.10.0...16299","10","10","1.31","1.33","1.35","","1"
"26.7.1","Main","Audio","d0_whql-amd-software-adrenalin-edition-26.7.1-win11-a.exe_da1b95633533\Packages\Drivers\Audio\ACPBtAfd\WT64A\amdacpbt.inf","Windows Server 2016","14393","NotApplicableByBuild","NotApplicableByBuild","NOT_APPLICABLE","NotApplicable","InfWideConservative","STATIC_CANDIDATE","NotEstablished","","","0","0","1.15","1.19","","","1"
"26.7.1","Main","Audio","d0_whql-amd-software-adrenalin-edition-26.7.1-win11-a.exe_da1b95633533\Packages\Drivers\Audio\ACPBtAfd\WT64A\amdacpbt.inf","Windows Server 2019","17763","NativeApplicable","NativeApplicable","NATIVE_CANDIDATE","NativeCandidate","InfWideConservative","STATIC_CANDIDATE","NotEstablished","AMD.NTAMD64.10.0...16299","AMD.NTAMD64.10.0...16299","3","3","1.15","1.27","1.27","","1"
"26.7.1","Main","Audio","d0_whql-amd-software-adrenalin-edition-26.7.1-win11-a.exe_da1b95633533\Packages\Drivers\Audio\ACPBtAfd\WT64A\amdacpbt.inf","Windows Server 2022","20348","NativeApplicable","NativeApplicable","NATIVE_CANDIDATE","NativeCandidate","InfWideConservative","STATIC_CANDIDATE","NotEstablished","AMD.NTAMD64.10.0...16299","AMD.NTAMD64.10.0...16299","3","3","1.15","1.33","","","1"
"26.7.1","Main","Audio","d0_whql-amd-software-adrenalin-edition-26.7.1-win11-a.exe_da1b95633533\Packages\Drivers\Audio\ACPBtAfd\WT64A\amdacpbt.inf","Windows Server 2025","26100","NativeApplicable","NativeApplicable","NATIVE_CANDIDATE","NativeCandidate","InfWideConservative","STATIC_CANDIDATE","NotEstablished","AMD.NTAMD64.10.0...16299","AMD.NTAMD64.10.0...16299","3","3","1.15","1.33","1.35","","1"
"26.7.1","Main","Audio","d0_whql-amd-software-adrenalin-edition-26.7.1-win11-a.exe_da1b95633533\Packages\Drivers\Audio\ACPBtAfd\WT64A\amdacpbtscoext\amdacpbtscoext.inf","Windows Server 2016","14393","NotApplicableByBuild","NotApplicableByBuild","NOT_APPLICABLE","NotApplicable","InfWideConservative","STATIC_CANDIDATE","NotEstablished","","","0","0","","1.19","","","0"
"26.7.1","Main","Audio","d0_whql-amd-software-adrenalin-edition-26.7.1-win11-a.exe_da1b95633533\Packages\Drivers\Audio\ACPBtAfd\WT64A\amdacpbtscoext\amdacpbtscoext.inf","Windows Server 2019","17763","NotApplicableByBuild","NotApplicableByBuild","NOT_APPLICABLE","NotApplicable","InfWideConservative","STATIC_CANDIDATE","NotEstablished","","","0","0","","1.27","1.27","","0"
"26.7.1","Main","Audio","d0_whql-amd-software-adrenalin-edition-26.7.1-win11-a.exe_da1b95633533\Packages\Drivers\Audio\ACPBtAfd\WT64A\amdacpbtscoext\amdacpbtscoext.inf","Windows Server 2022","20348","NotApplicableByBuild","NotApplicableByBuild","NOT_APPLICABLE","NotApplicable","InfWideConservative","STATIC_CANDIDATE","NotEstablished","","","0","0","","1.33","","","0"
"26.7.1","Main","Audio","d0_whql-amd-software-adrenalin-edition-26.7.1-win11-a.exe_da1b95633533\Packages\Drivers\Audio\ACPBtAfd\WT64A\amdacpbtscoext\amdacpbtscoext.inf","Windows Server 2025","26100","NativeApplicable","NativeApplicable","NATIVE_CANDIDATE","NativeCandidate","InfWideConservative","STATIC_CANDIDATE","NotEstablished","QCA.NTamd64.10.0...22000","QCA.NTamd64.10.0...22000","1","1","","1.33","1.35","","0"
"26.7.1","Main","Audio","d0_whql-amd-software-adrenalin-edition-26.7.1-win11-a.exe_da1b95633533\Packages\Drivers\Audio\acpbus\wt64a\amdacpbus.inf","Windows Server 2016","14393","NotApplicableByBuild","NotApplicableByBuild","NOT_APPLICABLE","NotApplicable","InfWideConservative","STATIC_CANDIDATE","NotEstablished","","","0","0","","1.19","","","1"
"26.7.1","Main","Audio","d0_whql-amd-software-adrenalin-edition-26.7.1-win11-a.exe_da1b95633533\Packages\Drivers\Audio\acpbus\wt64a\amdacpbus.inf","Windows Server 2019","17763","NativeApplicable","NativeApplicable","NATIVE_CANDIDATE","NativeCandidate","InfWideConservative","STATIC_CANDIDATE","NotEstablished","AMD.NTamd64.10.0...16299","AMD.NTamd64.10.0...16299","6","6","","1.27","1.27","","1"
"26.7.1","Main","Audio","d0_whql-amd-software-adrenalin-edition-26.7.1-win11-a.exe_da1b95633533\Packages\Drivers\Audio\acpbus\wt64a\amdacpbus.inf","Windows Server 2022","20348","NativeApplicable","NativeApplicable","NATIVE_CANDIDATE","NativeCandidate","InfWideConservative","STATIC_CANDIDATE","NotEstablished","AMD.NTamd64.10.0...16299","AMD.NTamd64.10.0...16299","6","6","","1.33","","","1"
"26.7.1","Main","Audio","d0_whql-amd-software-adrenalin-edition-26.7.1-win11-a.exe_da1b95633533\Packages\Drivers\Audio\acpbus\wt64a\amdacpbus.inf","Windows Server 2025","26100","NativeApplicable","NativeApplicable","NATIVE_CANDIDATE","NativeCandidate","InfWideConservative","STATIC_CANDIDATE","NotEstablished","AMD.NTamd64.10.0...16299","AMD.NTamd64.10.0...16299","6","6","","1.33","1.35","","1"
"26.7.1","Main","Audio","d0_whql-amd-software-adrenalin-edition-26.7.1-win11-a.exe_da1b95633533\Packages\Drivers\Audio\acpbus\wt64a\amdacpbusext\amdacpbusext.inf","Windows Server 2016","14393","NotApplicableByBuild","NotApplicableByBuild","NOT_APPLICABLE","NotApplicable","InfWideConservative","STATIC_CANDIDATE","NotEstablished","","","0","0","","1.19","","","0"
"26.7.1","Main","Audio","d0_whql-amd-software-adrenalin-edition-26.7.1-win11-a.exe_da1b95633533\Packages\Drivers\Audio\acpbus\wt64a\amdacpbusext\amdacpbusext.inf","Windows Server 2019","17763","NativeApplicable","NativeApplicable","NATIVE_CANDIDATE","NativeCandidate","InfWideConservative","STATIC_CANDIDATE","NotEstablished","AMD.NTamd64.10.0...16299","AMD.NTamd64.10.0...16299","4","4","","1.27","1.27","","0"
"26.7.1","Main","Audio","d0_whql-amd-software-adrenalin-edition-26.7.1-win11-a.exe_da1b95633533\Packages\Drivers\Audio\acpbus\wt64a\amdacpbusext\amdacpbusext.inf","Windows Server 2022","20348","NativeApplicable","NativeApplicable","NATIVE_CANDIDATE","NativeCandidate","InfWideConservative","STATIC_CANDIDATE","NotEstablished","AMD.NTamd64.10.0...16299","AMD.NTamd64.10.0...16299","4","4","","1.33","","","0"
"26.7.1","Main","Audio","d0_whql-amd-software-adrenalin-edition-26.7.1-win11-a.exe_da1b95633533\Packages\Drivers\Audio\acpbus\wt64a\amdacpbusext\amdacpbusext.inf","Windows Server 2025","26100","NativeApplicable","NativeApplicable","NATIVE_CANDIDATE","NativeCandidate","InfWideConservative","STATIC_CANDIDATE","NotEstablished","AMD.NTamd64.10.0...16299","AMD.NTamd64.10.0...16299","4","4","","1.33","1.35","","0"
"26.7.1","Main","Audio","d0_whql-amd-software-adrenalin-edition-26.7.1-win11-a.exe_da1b95633533\Packages\Drivers\Audio\acpbus2\wt64a\amdacpbus2.inf","Windows Server 2016","14393","NotApplicableByBuild","NotApplicableByBuild","NOT_APPLICABLE","NotApplicable","InfWideConservative","STATIC_CANDIDATE","NotEstablished","","","0","0","","1.19","","","1"
"26.7.1","Main","Audio","d0_whql-amd-software-adrenalin-edition-26.7.1-win11-a.exe_da1b95633533\Packages\Drivers\Audio\acpbus2\wt64a\amdacpbus2.inf","Windows Server 2019","17763","NativeApplicable","NativeApplicable","NATIVE_CANDIDATE","NativeCandidate","InfWideConservative","STATIC_CANDIDATE","NotEstablished","AMD.NTamd64.10.0...16299","AMD.NTamd64.10.0...16299","3","3","","1.27","1.27","","1"
"26.7.1","Main","Audio","d0_whql-amd-software-adrenalin-edition-26.7.1-win11-a.exe_da1b95633533\Packages\Drivers\Audio\acpbus2\wt64a\amdacpbus2.inf","Windows Server 2022","20348","NativeApplicable","NativeApplicable","NATIVE_CANDIDATE","NativeCandidate","InfWideConservative","STATIC_CANDIDATE","NotEstablished","AMD.NTamd64.10.0...16299","AMD.NTamd64.10.0...16299","3","3","","1.33","","","1"
"26.7.1","Main","Audio","d0_whql-amd-software-adrenalin-edition-26.7.1-win11-a.exe_da1b95633533\Packages\Drivers\Audio\acpbus2\wt64a\amdacpbus2.inf","Windows Server 2025","26100","NativeApplicable","NativeApplicable","NATIVE_CANDIDATE","NativeCandidate","InfWideConservative","STATIC_CANDIDATE","NotEstablished","AMD.NTamd64.10.0...16299","AMD.NTamd64.10.0...16299","3","3","","1.33","1.35","","1"
"26.7.1","Main","Audio","d0_whql-amd-software-adrenalin-edition-26.7.1-win11-a.exe_da1b95633533\Packages\Drivers\Audio\acpbus2\wt64a\amdacpbusext\amdacpbusext.inf","Windows Server 2016","14393","NotApplicableByBuild","NotApplicableByBuild","NOT_APPLICABLE","NotApplicable","InfWideConservative","STATIC_CANDIDATE","NotEstablished","","","0","0","","1.19","","","0"
"26.7.1","Main","Audio","d0_whql-amd-software-adrenalin-edition-26.7.1-win11-a.exe_da1b95633533\Packages\Drivers\Audio\acpbus2\wt64a\amdacpbusext\amdacpbusext.inf","Windows Server 2019","17763","NativeApplicable","NativeApplicable","NATIVE_CANDIDATE","NativeCandidate","InfWideConservative","STATIC_CANDIDATE","NotEstablished","AMD.NTamd64.10.0...16299","AMD.NTamd64.10.0...16299","4","4","","1.27","1.27","","0"
"26.7.1","Main","Audio","d0_whql-amd-software-adrenalin-edition-26.7.1-win11-a.exe_da1b95633533\Packages\Drivers\Audio\acpbus2\wt64a\amdacpbusext\amdacpbusext.inf","Windows Server 2022","20348","NativeApplicable","NativeApplicable","NATIVE_CANDIDATE","NativeCandidate","InfWideConservative","STATIC_CANDIDATE","NotEstablished","AMD.NTamd64.10.0...16299","AMD.NTamd64.10.0...16299","4","4","","1.33","","","0"
"26.7.1","Main","Audio","d0_whql-amd-software-adrenalin-edition-26.7.1-win11-a.exe_da1b95633533\Packages\Drivers\Audio\acpbus2\wt64a\amdacpbusext\amdacpbusext.inf","Windows Server 2025","26100","NativeApplicable","NativeApplicable","NATIVE_CANDIDATE","NativeCandidate","InfWideConservative","STATIC_CANDIDATE","NotEstablished","AMD.NTamd64.10.0...16299","AMD.NTamd64.10.0...16299","4","4","","1.33","1.35","","0"
"26.7.1","Main","Audio","d0_whql-amd-software-adrenalin-edition-26.7.1-win11-a.exe_da1b95633533\Packages\Drivers\Audio\acpbus2\wt64a\amdacprgmext\amdacprgmext.inf","Windows Server 2016","14393","NotApplicableByBuild","NotApplicableByBuild","NOT_APPLICABLE","NotApplicable","InfWideConservative","STATIC_CANDIDATE","NotEstablished","","","0","0","","1.19","","","0"
"26.7.1","Main","Audio","d0_whql-amd-software-adrenalin-edition-26.7.1-win11-a.exe_da1b95633533\Packages\Drivers\Audio\acpbus2\wt64a\amdacprgmext\amdacprgmext.inf","Windows Server 2019","17763","NotApplicableByBuild","NotApplicableByBuild","NOT_APPLICABLE","NotApplicable","InfWideConservative","STATIC_CANDIDATE","NotEstablished","","","0","0","","1.27","1.27","","0"
"26.7.1","Main","Audio","d0_whql-amd-software-adrenalin-edition-26.7.1-win11-a.exe_da1b95633533\Packages\Drivers\Audio\acpbus2\wt64a\amdacprgmext\amdacprgmext.inf","Windows Server 2022","20348","NotApplicableByBuild","NotApplicableByBuild","NOT_APPLICABLE","NotApplicable","InfWideConservative","STATIC_CANDIDATE","NotEstablished","","","0","0","","1.33","","","0"
"26.7.1","Main","Audio","d0_whql-amd-software-adrenalin-edition-26.7.1-win11-a.exe_da1b95633533\Packages\Drivers\Audio\acpbus2\wt64a\amdacprgmext\amdacprgmext.inf","Windows Server 2025","26100","NativeApplicable","NativeApplicable","NATIVE_CANDIDATE","NativeCandidate","InfWideConservative","STATIC_CANDIDATE","NotEstablished","DeviceExtensions.NTamd64.10.0...26100","DeviceExtensions.NTamd64.10.0...26100","3","3","","1.33","1.35","","0"
"26.7.1","Main","Audio","d0_whql-amd-software-adrenalin-edition-26.7.1-win11-a.exe_da1b95633533\Packages\Drivers\Audio\ACPHPd\WT64A\amdacphpd.inf","Windows Server 2016","14393","NotApplicableByBuild","NotApplicableByBuild","NOT_APPLICABLE","NotApplicable","InfWideConservative","STATIC_CANDIDATE","NotEstablished","","","0","0","","1.19","","2.33.0","0"
"26.7.1","Main","Audio","d0_whql-amd-software-adrenalin-edition-26.7.1-win11-a.exe_da1b95633533\Packages\Drivers\Audio\ACPHPd\WT64A\amdacphpd.inf","Windows Server 2019","17763","NotApplicableByBuild","NotApplicableByBuild","NOT_APPLICABLE","NotApplicable","InfWideConservative","STATIC_CANDIDATE","NotEstablished","","","0","0","","1.27","1.27","2.33.0","0"
"26.7.1","Main","Audio","d0_whql-amd-software-adrenalin-edition-26.7.1-win11-a.exe_da1b95633533\Packages\Drivers\Audio\ACPHPd\WT64A\amdacphpd.inf","Windows Server 2022","20348","NotApplicableByBuild","NotApplicableByBuild","NOT_APPLICABLE","NotApplicable","InfWideConservative","STATIC_CANDIDATE","NotEstablished","","","0","0","","1.33","","2.33.0","0"
"26.7.1","Main","Audio","d0_whql-amd-software-adrenalin-edition-26.7.1-win11-a.exe_da1b95633533\Packages\Drivers\Audio\ACPHPd\WT64A\amdacphpd.inf","Windows Server 2025","26100","NativeApplicable","NativeApplicable","REVIEW_REQUIRED","WdfRequirementReview","InfWideConservative","STATIC_CANDIDATE","NotEstablished","amdacphpd_Device.NTamd64.10.0...22000","amdacphpd_Device.NTamd64.10.0...22000","1","1","","1.33","1.35","2.33.0","0"
"26.7.1","Main","Audio","d0_whql-amd-software-adrenalin-edition-26.7.1-win11-a.exe_da1b95633533\Packages\Drivers\Audio\ACPHPd\WT64A\amdacphpdcomp.inf","Windows Server 2016","14393","NotApplicableByBuild","NotApplicableByBuild","NOT_APPLICABLE","NotApplicable","InfWideConservative","STATIC_CANDIDATE","NotEstablished","","","0","0","","1.19","","","0"
"26.7.1","Main","Audio","d0_whql-amd-software-adrenalin-edition-26.7.1-win11-a.exe_da1b95633533\Packages\Drivers\Audio\ACPHPd\WT64A\amdacphpdcomp.inf","Windows Server 2019","17763","NativeApplicable","NativeApplicable","NATIVE_CANDIDATE","NativeCandidate","InfWideConservative","STATIC_CANDIDATE","NotEstablished","AMD.NTamd64.10.0...17134","AMD.NTamd64.10.0...17134","1","1","","1.27","1.27","","0"
"26.7.1","Main","Audio","d0_whql-amd-software-adrenalin-edition-26.7.1-win11-a.exe_da1b95633533\Packages\Drivers\Audio\ACPHPd\WT64A\amdacphpdcomp.inf","Windows Server 2022","20348","NativeApplicable","NativeApplicable","NATIVE_CANDIDATE","NativeCandidate","InfWideConservative","STATIC_CANDIDATE","NotEstablished","AMD.NTamd64.10.0...17134","AMD.NTamd64.10.0...17134","1","1","","1.33","","","0"
"26.7.1","Main","Audio","d0_whql-amd-software-adrenalin-edition-26.7.1-win11-a.exe_da1b95633533\Packages\Drivers\Audio\ACPHPd\WT64A\amdacphpdcomp.inf","Windows Server 2025","26100","NativeApplicable","NativeApplicable","NATIVE_CANDIDATE","NativeCandidate","InfWideConservative","STATIC_CANDIDATE","NotEstablished","AMD.NTamd64.10.0...17134","AMD.NTamd64.10.0...17134","1","1","","1.33","1.35","","0"
"26.7.1","Main","Audio","d0_whql-amd-software-adrenalin-edition-26.7.1-win11-a.exe_da1b95633533\Packages\Drivers\Audio\ACPHPd\WT64A\amdacphpdext.inf","Windows Server 2016","14393","NotApplicableByBuild","NotApplicableByBuild","NOT_APPLICABLE","NotApplicable","InfWideConservative","STATIC_CANDIDATE","NotEstablished","","","0","0","","1.19","","","1"
"26.7.1","Main","Audio","d0_whql-amd-software-adrenalin-edition-26.7.1-win11-a.exe_da1b95633533\Packages\Drivers\Audio\ACPHPd\WT64A\amdacphpdext.inf","Windows Server 2019","17763","NativeApplicable","NativeApplicable","NATIVE_CANDIDATE","NativeCandidate","InfWideConservative","STATIC_CANDIDATE","NotEstablished","AMD.NTamd64.10.0...17134","AMD.NTamd64.10.0...17134","6","6","","1.27","1.27","","1"
"26.7.1","Main","Audio","d0_whql-amd-software-adrenalin-edition-26.7.1-win11-a.exe_da1b95633533\Packages\Drivers\Audio\ACPHPd\WT64A\amdacphpdext.inf","Windows Server 2022","20348","NativeApplicable","NativeApplicable","NATIVE_CANDIDATE","NativeCandidate","InfWideConservative","STATIC_CANDIDATE","NotEstablished","AMD.NTamd64.10.0...17134","AMD.NTamd64.10.0...17134","6","6","","1.33","","","1"
"26.7.1","Main","Audio","d0_whql-amd-software-adrenalin-edition-26.7.1-win11-a.exe_da1b95633533\Packages\Drivers\Audio\ACPHPd\WT64A\amdacphpdext.inf","Windows Server 2025","26100","NativeApplicable","NativeApplicable","NATIVE_CANDIDATE","NativeCandidate","InfWideConservative","STATIC_CANDIDATE","NotEstablished","AMD.NTamd64.10.0...17134","AMD.NTamd64.10.0...17134","6","6","","1.33","1.35","","1"
"26.7.1","Main","Audio","d0_whql-amd-software-adrenalin-edition-26.7.1-win11-a.exe_da1b95633533\Packages\Drivers\Audio\ACPUsbAfd\WT64A\amdacpusb.inf","Windows Server 2016","14393","NotApplicableByBuild","NotApplicableByBuild","NOT_APPLICABLE","NotApplicable","InfWideConservative","STATIC_CANDIDATE","NotEstablished","","","0","0","1.15","1.19","","","1"
"26.7.1","Main","Audio","d0_whql-amd-software-adrenalin-edition-26.7.1-win11-a.exe_da1b95633533\Packages\Drivers\Audio\ACPUsbAfd\WT64A\amdacpusb.inf","Windows Server 2019","17763","NativeApplicable","NativeApplicable","NATIVE_CANDIDATE","NativeCandidate","InfWideConservative","STATIC_CANDIDATE","NotEstablished","AMD.NTAMD64.10.0...16299","AMD.NTAMD64.10.0...16299","4","4","1.15","1.27","1.27","","1"
"26.7.1","Main","Audio","d0_whql-amd-software-adrenalin-edition-26.7.1-win11-a.exe_da1b95633533\Packages\Drivers\Audio\ACPUsbAfd\WT64A\amdacpusb.inf","Windows Server 2022","20348","NativeApplicable","NativeApplicable","NATIVE_CANDIDATE","NativeCandidate","InfWideConservative","STATIC_CANDIDATE","NotEstablished","AMD.NTAMD64.10.0...16299","AMD.NTAMD64.10.0...16299","4","4","1.15","1.33","","","1"
"26.7.1","Main","Audio","d0_whql-amd-software-adrenalin-edition-26.7.1-win11-a.exe_da1b95633533\Packages\Drivers\Audio\ACPUsbAfd\WT64A\amdacpusb.inf","Windows Server 2025","26100","NativeApplicable","NativeApplicable","NATIVE_CANDIDATE","NativeCandidate","InfWideConservative","STATIC_CANDIDATE","NotEstablished","AMD.NTAMD64.10.0...16299","AMD.NTAMD64.10.0...16299","4","4","1.15","1.33","1.35","","1"
"26.7.1","Main","Audio","d0_whql-amd-software-adrenalin-edition-26.7.1-win11-a.exe_da1b95633533\Packages\Drivers\Audio\HDABus\WT64A\amdhdaudbus.inf","Windows Server 2016","14393","NativeApplicable","NativeApplicable","NATIVE_CANDIDATE","NativeCandidate","InfWideConservative","STATIC_CANDIDATE","NotEstablished","AMD.NTAMD64","AMD.NTAMD64","1","1","1.15","1.19","","","1"
"26.7.1","Main","Audio","d0_whql-amd-software-adrenalin-edition-26.7.1-win11-a.exe_da1b95633533\Packages\Drivers\Audio\HDABus\WT64A\amdhdaudbus.inf","Windows Server 2019","17763","NativeApplicable","NativeApplicable","NATIVE_CANDIDATE","NativeCandidate","InfWideConservative","STATIC_CANDIDATE","NotEstablished","AMD.NTAMD64","AMD.NTAMD64","1","1","1.15","1.27","1.27","","1"
"26.7.1","Main","Audio","d0_whql-amd-software-adrenalin-edition-26.7.1-win11-a.exe_da1b95633533\Packages\Drivers\Audio\HDABus\WT64A\amdhdaudbus.inf","Windows Server 2022","20348","NativeApplicable","NativeApplicable","NATIVE_CANDIDATE","NativeCandidate","InfWideConservative","STATIC_CANDIDATE","NotEstablished","AMD.NTAMD64","AMD.NTAMD64","1","1","1.15","1.33","","","1"
"26.7.1","Main","Audio","d0_whql-amd-software-adrenalin-edition-26.7.1-win11-a.exe_da1b95633533\Packages\Drivers\Audio\HDABus\WT64A\amdhdaudbus.inf","Windows Server 2025","26100","NativeApplicable","NativeApplicable","NATIVE_CANDIDATE","NativeCandidate","InfWideConservative","STATIC_CANDIDATE","NotEstablished","AMD.NTAMD64","AMD.NTAMD64","1","1","1.15","1.33","1.35","","1"
"26.7.1","Main","Audio","d0_whql-amd-software-adrenalin-edition-26.7.1-win11-a.exe_da1b95633533\Packages\Drivers\Audio\hdmi\wt64a\AtihdWT6.inf","Windows Server 2016","14393","NotApplicableByBuild","ProjectionCandidate","PATCH_CANDIDATE","ProjectionCandidate","InfWideConservative","STATIC_CANDIDATE","NotEstablished","","AMD.NTamd64.10.0.1;AMD.NTamd64.6.0.1;AMD.NTamd64.6.1.1;AMD.NTamd64.6.2.1;AMD.NTamd64.6.3.1","0","8","","1.19","","","1"
"26.7.1","Main","Audio","d0_whql-amd-software-adrenalin-edition-26.7.1-win11-a.exe_da1b95633533\Packages\Drivers\Audio\hdmi\wt64a\AtihdWT6.inf","Windows Server 2019","17763","NotApplicableByBuild","ProjectionCandidate","PATCH_CANDIDATE","ProjectionCandidate","InfWideConservative","STATIC_CANDIDATE","NotEstablished","","AMD.NTamd64.10.0.1..16299","0","8","","1.27","1.27","","1"
"26.7.1","Main","Audio","d0_whql-amd-software-adrenalin-edition-26.7.1-win11-a.exe_da1b95633533\Packages\Drivers\Audio\hdmi\wt64a\AtihdWT6.inf","Windows Server 2022","20348","NotApplicableByBuild","ProjectionCandidate","PATCH_CANDIDATE","ProjectionCandidate","InfWideConservative","STATIC_CANDIDATE","NotEstablished","","AMD.NTamd64.10.0.1..16299","0","8","","1.33","","","1"
"26.7.1","Main","Audio","d0_whql-amd-software-adrenalin-edition-26.7.1-win11-a.exe_da1b95633533\Packages\Drivers\Audio\hdmi\wt64a\AtihdWT6.inf","Windows Server 2025","26100","NotApplicableByProductType","ProjectionCandidate","PATCH_CANDIDATE","ProjectionCandidate","InfWideConservative","STATIC_CANDIDATE","NotEstablished","","AMD.NTamd64.10.0.1..22621","0","8","","1.33","1.35","","1"
"26.7.1","Main","Audio","d0_whql-amd-software-adrenalin-edition-26.7.1-win11-a.exe_da1b95633533\Packages\Drivers\Audio\I2S\WT64A\amdi2safd.inf","Windows Server 2016","14393","NativeApplicable","NativeApplicable","NATIVE_CANDIDATE","NativeCandidate","InfWideConservative","STATIC_CANDIDATE","NotEstablished","AMD.NTAMD64","AMD.NTAMD64","1","1","1.11","1.19","","","1"
"26.7.1","Main","Audio","d0_whql-amd-software-adrenalin-edition-26.7.1-win11-a.exe_da1b95633533\Packages\Drivers\Audio\I2S\WT64A\amdi2safd.inf","Windows Server 2019","17763","NativeApplicable","NativeApplicable","NATIVE_CANDIDATE","NativeCandidate","InfWideConservative","STATIC_CANDIDATE","NotEstablished","AMD.NTAMD64","AMD.NTAMD64","1","1","1.11","1.27","1.27","","1"
"26.7.1","Main","Audio","d0_whql-amd-software-adrenalin-edition-26.7.1-win11-a.exe_da1b95633533\Packages\Drivers\Audio\I2S\WT64A\amdi2safd.inf","Windows Server 2022","20348","NativeApplicable","NativeApplicable","NATIVE_CANDIDATE","NativeCandidate","InfWideConservative","STATIC_CANDIDATE","NotEstablished","AMD.NTAMD64","AMD.NTAMD64","1","1","1.11","1.33","","","1"
"26.7.1","Main","Audio","d0_whql-amd-software-adrenalin-edition-26.7.1-win11-a.exe_da1b95633533\Packages\Drivers\Audio\I2S\WT64A\amdi2safd.inf","Windows Server 2025","26100","NativeApplicable","NativeApplicable","NATIVE_CANDIDATE","NativeCandidate","InfWideConservative","STATIC_CANDIDATE","NotEstablished","AMD.NTAMD64","AMD.NTAMD64","1","1","1.11","1.33","1.35","","1"
"26.7.1","Main","Audio","d0_whql-amd-software-adrenalin-edition-26.7.1-win11-a.exe_da1b95633533\Packages\Drivers\Audio\SAFD\WT64A\amdsafd.inf","Windows Server 2016","14393","NotApplicableByBuild","NotApplicableByBuild","NOT_APPLICABLE","NotApplicable","InfWideConservative","STATIC_CANDIDATE","NotEstablished","","","0","0","1.15","1.19","","","1"
"26.7.1","Main","Audio","d0_whql-amd-software-adrenalin-edition-26.7.1-win11-a.exe_da1b95633533\Packages\Drivers\Audio\SAFD\WT64A\amdsafd.inf","Windows Server 2019","17763","NativeApplicable","NativeApplicable","NATIVE_CANDIDATE","NativeCandidate","InfWideConservative","STATIC_CANDIDATE","NotEstablished","AMD.NTAMD64.10.0...16299","AMD.NTAMD64.10.0...16299","2","2","1.15","1.27","1.27","","1"
"26.7.1","Main","Audio","d0_whql-amd-software-adrenalin-edition-26.7.1-win11-a.exe_da1b95633533\Packages\Drivers\Audio\SAFD\WT64A\amdsafd.inf","Windows Server 2022","20348","NativeApplicable","NativeApplicable","NATIVE_CANDIDATE","NativeCandidate","InfWideConservative","STATIC_CANDIDATE","NotEstablished","AMD.NTAMD64.10.0...16299","AMD.NTAMD64.10.0...16299","2","2","1.15","1.33","","","1"
"26.7.1","Main","Audio","d0_whql-amd-software-adrenalin-edition-26.7.1-win11-a.exe_da1b95633533\Packages\Drivers\Audio\SAFD\WT64A\amdsafd.inf","Windows Server 2025","26100","NativeApplicable","NativeApplicable","NATIVE_CANDIDATE","NativeCandidate","InfWideConservative","STATIC_CANDIDATE","NotEstablished","AMD.NTAMD64.10.0...16299","AMD.NTAMD64.10.0...16299","2","2","1.15","1.33","1.35","","1"
"26.7.1","Main","Audio","d0_whql-amd-software-adrenalin-edition-26.7.1-win11-a.exe_da1b95633533\Packages\Drivers\Audio\SDWC\WT64A\amdsdwc.inf","Windows Server 2016","14393","NotApplicableByBuild","NotApplicableByBuild","NOT_APPLICABLE","NotApplicable","InfWideConservative","STATIC_CANDIDATE","NotEstablished","","","0","0","1.31","1.19","","","1"
"26.7.1","Main","Audio","d0_whql-amd-software-adrenalin-edition-26.7.1-win11-a.exe_da1b95633533\Packages\Drivers\Audio\SDWC\WT64A\amdsdwc.inf","Windows Server 2019","17763","NativeApplicable","NativeApplicable","REVIEW_REQUIRED","WdfRequirementReview","InfWideConservative","STATIC_CANDIDATE","NotEstablished","AMD.NTAMD64.10.0...16299","AMD.NTAMD64.10.0...16299","7","7","1.31","1.27","1.27","","1"
"26.7.1","Main","Audio","d0_whql-amd-software-adrenalin-edition-26.7.1-win11-a.exe_da1b95633533\Packages\Drivers\Audio\SDWC\WT64A\amdsdwc.inf","Windows Server 2022","20348","NativeApplicable","NativeApplicable","NATIVE_CANDIDATE","NativeCandidate","InfWideConservative","STATIC_CANDIDATE","NotEstablished","AMD.NTAMD64.10.0...16299","AMD.NTAMD64.10.0...16299","7","7","1.31","1.33","","","1"
"26.7.1","Main","Audio","d0_whql-amd-software-adrenalin-edition-26.7.1-win11-a.exe_da1b95633533\Packages\Drivers\Audio\SDWC\WT64A\amdsdwc.inf","Windows Server 2025","26100","NativeApplicable","NativeApplicable","NATIVE_CANDIDATE","NativeCandidate","InfWideConservative","STATIC_CANDIDATE","NotEstablished","AMD.NTAMD64.10.0...16299","AMD.NTAMD64.10.0...16299","7","7","1.31","1.33","1.35","","1"
"26.7.1","Main","Audio","d0_whql-amd-software-adrenalin-edition-26.7.1-win11-a.exe_da1b95633533\Packages\Drivers\Audio\SDWS\WT64A\amdsdws.inf","Windows Server 2016","14393","NotApplicableByBuild","NotApplicableByBuild","NOT_APPLICABLE","NotApplicable","InfWideConservative","STATIC_CANDIDATE","NotEstablished","","","0","0","1.31","1.19","","","1"
"26.7.1","Main","Audio","d0_whql-amd-software-adrenalin-edition-26.7.1-win11-a.exe_da1b95633533\Packages\Drivers\Audio\SDWS\WT64A\amdsdws.inf","Windows Server 2019","17763","NativeApplicable","NativeApplicable","REVIEW_REQUIRED","WdfRequirementReview","InfWideConservative","STATIC_CANDIDATE","NotEstablished","AMD.NTAMD64.10.0...16299","AMD.NTAMD64.10.0...16299","11","11","1.31","1.27","1.27","","1"
"26.7.1","Main","Audio","d0_whql-amd-software-adrenalin-edition-26.7.1-win11-a.exe_da1b95633533\Packages\Drivers\Audio\SDWS\WT64A\amdsdws.inf","Windows Server 2022","20348","NativeApplicable","NativeApplicable","NATIVE_CANDIDATE","NativeCandidate","InfWideConservative","STATIC_CANDIDATE","NotEstablished","AMD.NTAMD64.10.0...16299","AMD.NTAMD64.10.0...16299","11","11","1.31","1.33","","","1"
"26.7.1","Main","Audio","d0_whql-amd-software-adrenalin-edition-26.7.1-win11-a.exe_da1b95633533\Packages\Drivers\Audio\SDWS\WT64A\amdsdws.inf","Windows Server 2025","26100","NativeApplicable","NativeApplicable","NATIVE_CANDIDATE","NativeCandidate","InfWideConservative","STATIC_CANDIDATE","NotEstablished","AMD.NTAMD64.10.0...16299","AMD.NTAMD64.10.0...16299","11","11","1.31","1.33","1.35","","1"
"26.7.1","Main","Audio","d0_whql-amd-software-adrenalin-edition-26.7.1-win11-a.exe_da1b95633533\Packages\Drivers\Audio\SDWS\WT64A\amdsdwsext\amdsdwsext.inf","Windows Server 2016","14393","NotApplicableByBuild","NotApplicableByBuild","NOT_APPLICABLE","NotApplicable","InfWideConservative","STATIC_CANDIDATE","NotEstablished","","","0","0","","1.19","","","0"
"26.7.1","Main","Audio","d0_whql-amd-software-adrenalin-edition-26.7.1-win11-a.exe_da1b95633533\Packages\Drivers\Audio\SDWS\WT64A\amdsdwsext\amdsdwsext.inf","Windows Server 2019","17763","NativeApplicable","NativeApplicable","NATIVE_CANDIDATE","NativeCandidate","InfWideConservative","STATIC_CANDIDATE","NotEstablished","AmdDeviceExtensions.NTamd64.10.0...16299","AmdDeviceExtensions.NTamd64.10.0...16299","4","4","","1.27","1.27","","0"
"26.7.1","Main","Audio","d0_whql-amd-software-adrenalin-edition-26.7.1-win11-a.exe_da1b95633533\Packages\Drivers\Audio\SDWS\WT64A\amdsdwsext\amdsdwsext.inf","Windows Server 2022","20348","NativeApplicable","NativeApplicable","NATIVE_CANDIDATE","NativeCandidate","InfWideConservative","STATIC_CANDIDATE","NotEstablished","AmdDeviceExtensions.NTamd64.10.0...16299","AmdDeviceExtensions.NTamd64.10.0...16299","4","4","","1.33","","","0"
"26.7.1","Main","Audio","d0_whql-amd-software-adrenalin-edition-26.7.1-win11-a.exe_da1b95633533\Packages\Drivers\Audio\SDWS\WT64A\amdsdwsext\amdsdwsext.inf","Windows Server 2025","26100","NativeApplicable","NativeApplicable","NATIVE_CANDIDATE","NativeCandidate","InfWideConservative","STATIC_CANDIDATE","NotEstablished","AmdDeviceExtensions.NTamd64.10.0...16299","AmdDeviceExtensions.NTamd64.10.0...16299","4","4","","1.33","1.35","","0"
"26.7.1","Main","Display","d0_whql-amd-software-adrenalin-edition-26.7.1-win11-a.exe_da1b95633533\Packages\Drivers\Display\WT6A_INF\u0202642.inf","Windows Server 2016","14393","NotApplicableByBuild","ExplicitlyExcluded","NOT_APPLICABLE","NotApplicable","InfWideConservative","STATIC_CANDIDATE","NotEstablished","","ATI.Mfg.NTamd64.10.0.1;ATI.Mfg.NTamd64.6.0.1;ATI.Mfg.NTamd64.6.1.1;ATI.Mfg.NTamd64.6.2.1;ATI.Mfg.NTamd64.6.3.1","0","0","","1.19","","","1"
"26.7.1","Main","Display","d0_whql-amd-software-adrenalin-edition-26.7.1-win11-a.exe_da1b95633533\Packages\Drivers\Display\WT6A_INF\u0202642.inf","Windows Server 2019","17763","NotApplicableByBuild","ExplicitlyExcluded","NOT_APPLICABLE","NotApplicable","InfWideConservative","STATIC_CANDIDATE","NotEstablished","","ATI.Mfg.NTamd64.10.0.1;ATI.Mfg.NTamd64.6.0.1;ATI.Mfg.NTamd64.6.1.1;ATI.Mfg.NTamd64.6.2.1;ATI.Mfg.NTamd64.6.3.1","0","0","","1.27","1.27","","1"
"26.7.1","Main","Display","d0_whql-amd-software-adrenalin-edition-26.7.1-win11-a.exe_da1b95633533\Packages\Drivers\Display\WT6A_INF\u0202642.inf","Windows Server 2022","20348","NotApplicableByProductType","ProjectionCandidate","PATCH_CANDIDATE","ProjectionCandidate","InfWideConservative","STATIC_CANDIDATE","NotEstablished","","ATI.Mfg.NTamd64.10.0.1..19044","0","3218","","1.33","","","1"
"26.7.1","Main","Display","d0_whql-amd-software-adrenalin-edition-26.7.1-win11-a.exe_da1b95633533\Packages\Drivers\Display\WT6A_INF\u0202642.inf","Windows Server 2025","26100","NotApplicableByProductType","ProjectionCandidate","PATCH_CANDIDATE","ProjectionCandidate","InfWideConservative","STATIC_CANDIDATE","NotEstablished","","ATI.Mfg.NTamd64.10.0.1..19044","0","3218","","1.33","1.35","","1"
"26.7.1","Main","Display","d0_whql-amd-software-adrenalin-edition-26.7.1-win11-a.exe_da1b95633533\Packages\Drivers\Display\WT6A_INF\amdafd\amdafd.inf","Windows Server 2016","14393","NativeApplicable","NativeApplicable","NATIVE_CANDIDATE","NativeCandidate","InfWideConservative","STATIC_CANDIDATE","NotEstablished","AMD_KMAFD.NTAMD64","AMD_KMAFD.NTAMD64","2","2","","1.19","","","0"
"26.7.1","Main","Display","d0_whql-amd-software-adrenalin-edition-26.7.1-win11-a.exe_da1b95633533\Packages\Drivers\Display\WT6A_INF\amdafd\amdafd.inf","Windows Server 2019","17763","NativeApplicable","NativeApplicable","NATIVE_CANDIDATE","NativeCandidate","InfWideConservative","STATIC_CANDIDATE","NotEstablished","AMD_KMAFD.NTAMD64","AMD_KMAFD.NTAMD64","2","2","","1.27","1.27","","0"
"26.7.1","Main","Display","d0_whql-amd-software-adrenalin-edition-26.7.1-win11-a.exe_da1b95633533\Packages\Drivers\Display\WT6A_INF\amdafd\amdafd.inf","Windows Server 2022","20348","NativeApplicable","NativeApplicable","NATIVE_CANDIDATE","NativeCandidate","InfWideConservative","STATIC_CANDIDATE","NotEstablished","AMD_KMAFD.NTAMD64","AMD_KMAFD.NTAMD64","2","2","","1.33","","","0"
"26.7.1","Main","Display","d0_whql-amd-software-adrenalin-edition-26.7.1-win11-a.exe_da1b95633533\Packages\Drivers\Display\WT6A_INF\amdafd\amdafd.inf","Windows Server 2025","26100","NativeApplicable","NativeApplicable","NATIVE_CANDIDATE","NativeCandidate","InfWideConservative","STATIC_CANDIDATE","NotEstablished","AMD_KMAFD.NTAMD64","AMD_KMAFD.NTAMD64","2","2","","1.33","1.35","","0"
"26.7.1","Main","Display","d0_whql-amd-software-adrenalin-edition-26.7.1-win11-a.exe_da1b95633533\Packages\Drivers\Display\WT6A_INF\amdfdans\AMDFDANS.inf","Windows Server 2016","14393","NativeApplicable","NativeApplicable","NATIVE_CANDIDATE","NativeCandidate","InfWideConservative","STATIC_CANDIDATE","NotEstablished","AMD.Mfg.NTamd64.10.0","AMD.Mfg.NTamd64.10.0","1","1","","1.19","","","0"
"26.7.1","Main","Display","d0_whql-amd-software-adrenalin-edition-26.7.1-win11-a.exe_da1b95633533\Packages\Drivers\Display\WT6A_INF\amdfdans\AMDFDANS.inf","Windows Server 2019","17763","NativeApplicable","NativeApplicable","NATIVE_CANDIDATE","NativeCandidate","InfWideConservative","STATIC_CANDIDATE","NotEstablished","AMD.Mfg.NTamd64.10.0","AMD.Mfg.NTamd64.10.0","1","1","","1.27","1.27","","0"
"26.7.1","Main","Display","d0_whql-amd-software-adrenalin-edition-26.7.1-win11-a.exe_da1b95633533\Packages\Drivers\Display\WT6A_INF\amdfdans\AMDFDANS.inf","Windows Server 2022","20348","NativeApplicable","NativeApplicable","NATIVE_CANDIDATE","NativeCandidate","InfWideConservative","STATIC_CANDIDATE","NotEstablished","AMD.Mfg.NTamd64.10.0","AMD.Mfg.NTamd64.10.0","1","1","","1.33","","","0"
"26.7.1","Main","Display","d0_whql-amd-software-adrenalin-edition-26.7.1-win11-a.exe_da1b95633533\Packages\Drivers\Display\WT6A_INF\amdfdans\AMDFDANS.inf","Windows Server 2025","26100","NativeApplicable","NativeApplicable","NATIVE_CANDIDATE","NativeCandidate","InfWideConservative","STATIC_CANDIDATE","NotEstablished","AMD.Mfg.NTamd64.10.0","AMD.Mfg.NTamd64.10.0","1","1","","1.33","1.35","","0"
"26.7.1","Main","Display","d0_whql-amd-software-adrenalin-edition-26.7.1-win11-a.exe_da1b95633533\Packages\Drivers\Display\WT6A_INF\amdfendr\amdfendr.inf","Windows Server 2016","14393","NotApplicableByBuild","NotApplicableByBuild","NOT_APPLICABLE","NotApplicable","InfWideConservative","STATIC_CANDIDATE","NotEstablished","","","0","0","1.15","1.19","","","0"
"26.7.1","Main","Display","d0_whql-amd-software-adrenalin-edition-26.7.1-win11-a.exe_da1b95633533\Packages\Drivers\Display\WT6A_INF\amdfendr\amdfendr.inf","Windows Server 2019","17763","NativeApplicable","NativeApplicable","NATIVE_CANDIDATE","NativeCandidate","InfWideConservative","STATIC_CANDIDATE","NotEstablished","AMDFENDR_KM.NTAMD64.10.0...16299","AMDFENDR_KM.NTAMD64.10.0...16299","1","1","1.15","1.27","1.27","","0"
"26.7.1","Main","Display","d0_whql-amd-software-adrenalin-edition-26.7.1-win11-a.exe_da1b95633533\Packages\Drivers\Display\WT6A_INF\amdfendr\amdfendr.inf","Windows Server 2022","20348","NativeApplicable","NativeApplicable","NATIVE_CANDIDATE","NativeCandidate","InfWideConservative","STATIC_CANDIDATE","NotEstablished","AMDFENDR_KM.NTAMD64.10.0...16299","AMDFENDR_KM.NTAMD64.10.0...16299","1","1","1.15","1.33","","","0"
"26.7.1","Main","Display","d0_whql-amd-software-adrenalin-edition-26.7.1-win11-a.exe_da1b95633533\Packages\Drivers\Display\WT6A_INF\amdfendr\amdfendr.inf","Windows Server 2025","26100","NativeApplicable","NativeApplicable","NATIVE_CANDIDATE","NativeCandidate","InfWideConservative","STATIC_CANDIDATE","NotEstablished","AMDFENDR_KM.NTAMD64.10.0...16299","AMDFENDR_KM.NTAMD64.10.0...16299","1","1","1.15","1.33","1.35","","0"
"26.7.1","Main","Display","d0_whql-amd-software-adrenalin-edition-26.7.1-win11-a.exe_da1b95633533\Packages\Drivers\Display\WT6A_INF\amdocl\amdocl.inf","Windows Server 2016","14393","NotApplicableByBuild","NotApplicableByBuild","NOT_APPLICABLE","NotApplicable","InfWideConservative","STATIC_CANDIDATE","NotEstablished","","","0","0","","1.19","","","0"
"26.7.1","Main","Display","d0_whql-amd-software-adrenalin-edition-26.7.1-win11-a.exe_da1b95633533\Packages\Drivers\Display\WT6A_INF\amdocl\amdocl.inf","Windows Server 2019","17763","NativeApplicable","NativeApplicable","NATIVE_CANDIDATE","NativeCandidate","InfWideConservative","STATIC_CANDIDATE","NotEstablished","AMD.Mfg.NTamd64.10.0...16299","AMD.Mfg.NTamd64.10.0...16299","1","1","","1.27","1.27","","0"
"26.7.1","Main","Display","d0_whql-amd-software-adrenalin-edition-26.7.1-win11-a.exe_da1b95633533\Packages\Drivers\Display\WT6A_INF\amdocl\amdocl.inf","Windows Server 2022","20348","NativeApplicable","NativeApplicable","NATIVE_CANDIDATE","NativeCandidate","InfWideConservative","STATIC_CANDIDATE","NotEstablished","AMD.Mfg.NTamd64.10.0...16299","AMD.Mfg.NTamd64.10.0...16299","1","1","","1.33","","","0"
"26.7.1","Main","Display","d0_whql-amd-software-adrenalin-edition-26.7.1-win11-a.exe_da1b95633533\Packages\Drivers\Display\WT6A_INF\amdocl\amdocl.inf","Windows Server 2025","26100","NativeApplicable","NativeApplicable","NATIVE_CANDIDATE","NativeCandidate","InfWideConservative","STATIC_CANDIDATE","NotEstablished","AMD.Mfg.NTamd64.10.0...16299","AMD.Mfg.NTamd64.10.0...16299","1","1","","1.33","1.35","","0"
"26.7.1","Main","Display","d0_whql-amd-software-adrenalin-edition-26.7.1-win11-a.exe_da1b95633533\Packages\Drivers\Display\WT6A_INF\amdpcibridge\amdpcibridgeextension.inf","Windows Server 2016","14393","NativeApplicable","NativeApplicable","NATIVE_CANDIDATE","NativeCandidate","InfWideConservative","STATIC_CANDIDATE","NotEstablished","DeviceExtensions.NTamd64","DeviceExtensions.NTamd64","2","2","","1.19","","","0"
"26.7.1","Main","Display","d0_whql-amd-software-adrenalin-edition-26.7.1-win11-a.exe_da1b95633533\Packages\Drivers\Display\WT6A_INF\amdpcibridge\amdpcibridgeextension.inf","Windows Server 2019","17763","NativeApplicable","NativeApplicable","NATIVE_CANDIDATE","NativeCandidate","InfWideConservative","STATIC_CANDIDATE","NotEstablished","DeviceExtensions.NTamd64","DeviceExtensions.NTamd64","2","2","","1.27","1.27","","0"
"26.7.1","Main","Display","d0_whql-amd-software-adrenalin-edition-26.7.1-win11-a.exe_da1b95633533\Packages\Drivers\Display\WT6A_INF\amdpcibridge\amdpcibridgeextension.inf","Windows Server 2022","20348","NativeApplicable","NativeApplicable","NATIVE_CANDIDATE","NativeCandidate","InfWideConservative","STATIC_CANDIDATE","NotEstablished","DeviceExtensions.NTamd64","DeviceExtensions.NTamd64","2","2","","1.33","","","0"
"26.7.1","Main","Display","d0_whql-amd-software-adrenalin-edition-26.7.1-win11-a.exe_da1b95633533\Packages\Drivers\Display\WT6A_INF\amdpcibridge\amdpcibridgeextension.inf","Windows Server 2025","26100","NativeApplicable","NativeApplicable","NATIVE_CANDIDATE","NativeCandidate","InfWideConservative","STATIC_CANDIDATE","NotEstablished","DeviceExtensions.NTamd64","DeviceExtensions.NTamd64","2","2","","1.33","1.35","","0"
"26.7.1","Main","Display","d0_whql-amd-software-adrenalin-edition-26.7.1-win11-a.exe_da1b95633533\Packages\Drivers\Display\WT6A_INF\amdwin\amdwin-u0202642.inf","Windows Server 2016","14393","NativeApplicable","NativeApplicable","NATIVE_CANDIDATE","NativeCandidate","InfWideConservative","STATIC_CANDIDATE","NotEstablished","AMD.Mfg.NTamd64.10.0","AMD.Mfg.NTamd64.10.0","1","1","","1.19","","","0"
"26.7.1","Main","Display","d0_whql-amd-software-adrenalin-edition-26.7.1-win11-a.exe_da1b95633533\Packages\Drivers\Display\WT6A_INF\amdwin\amdwin-u0202642.inf","Windows Server 2019","17763","NativeApplicable","NativeApplicable","NATIVE_CANDIDATE","NativeCandidate","InfWideConservative","STATIC_CANDIDATE","NotEstablished","AMD.Mfg.NTamd64.10.0","AMD.Mfg.NTamd64.10.0","1","1","","1.27","1.27","","0"
"26.7.1","Main","Display","d0_whql-amd-software-adrenalin-edition-26.7.1-win11-a.exe_da1b95633533\Packages\Drivers\Display\WT6A_INF\amdwin\amdwin-u0202642.inf","Windows Server 2022","20348","NativeApplicable","NativeApplicable","NATIVE_CANDIDATE","NativeCandidate","InfWideConservative","STATIC_CANDIDATE","NotEstablished","AMD.Mfg.NTamd64.10.0","AMD.Mfg.NTamd64.10.0","1","1","","1.33","","","0"
"26.7.1","Main","Display","d0_whql-amd-software-adrenalin-edition-26.7.1-win11-a.exe_da1b95633533\Packages\Drivers\Display\WT6A_INF\amdwin\amdwin-u0202642.inf","Windows Server 2025","26100","NativeApplicable","NativeApplicable","NATIVE_CANDIDATE","NativeCandidate","InfWideConservative","STATIC_CANDIDATE","NotEstablished","AMD.Mfg.NTamd64.10.0","AMD.Mfg.NTamd64.10.0","1","1","","1.33","1.35","","0"
"26.7.1","Main","Display","d0_whql-amd-software-adrenalin-edition-26.7.1-win11-a.exe_da1b95633533\Packages\Drivers\Display\WT6A_INF\amdxe\amdxe.inf","Windows Server 2016","14393","NativeApplicable","NativeApplicable","NATIVE_CANDIDATE","NativeCandidate","InfWideConservative","STATIC_CANDIDATE","NotEstablished","Standard.NTamd64","Standard.NTamd64","1","1","1.15","1.19","","","0"
"26.7.1","Main","Display","d0_whql-amd-software-adrenalin-edition-26.7.1-win11-a.exe_da1b95633533\Packages\Drivers\Display\WT6A_INF\amdxe\amdxe.inf","Windows Server 2019","17763","NativeApplicable","NativeApplicable","NATIVE_CANDIDATE","NativeCandidate","InfWideConservative","STATIC_CANDIDATE","NotEstablished","Standard.NTamd64","Standard.NTamd64","1","1","1.15","1.27","1.27","","0"
"26.7.1","Main","Display","d0_whql-amd-software-adrenalin-edition-26.7.1-win11-a.exe_da1b95633533\Packages\Drivers\Display\WT6A_INF\amdxe\amdxe.inf","Windows Server 2022","20348","NativeApplicable","NativeApplicable","NATIVE_CANDIDATE","NativeCandidate","InfWideConservative","STATIC_CANDIDATE","NotEstablished","Standard.NTamd64","Standard.NTamd64","1","1","1.15","1.33","","","0"
"26.7.1","Main","Display","d0_whql-amd-software-adrenalin-edition-26.7.1-win11-a.exe_da1b95633533\Packages\Drivers\Display\WT6A_INF\amdxe\amdxe.inf","Windows Server 2025","26100","NativeApplicable","NativeApplicable","NATIVE_CANDIDATE","NativeCandidate","InfWideConservative","STATIC_CANDIDATE","NotEstablished","Standard.NTamd64","Standard.NTamd64","1","1","1.15","1.33","1.35","","0"
"26.7.1","Main","RadeonLED","d0_whql-amd-software-adrenalin-edition-26.7.1-win11-a.exe_da1b95633533\Packages\Drivers\RadeonLED\WT64A\amdusbledfd.inf","Windows Server 2016","14393","NativeApplicable","NativeApplicable","NATIVE_CANDIDATE","NativeCandidate","InfWideConservative","STATIC_CANDIDATE","NotEstablished","AMD_USBLEDFD.NTamd64","AMD_USBLEDFD.NTamd64","6","6","","1.19","","","1"
"26.7.1","Main","RadeonLED","d0_whql-amd-software-adrenalin-edition-26.7.1-win11-a.exe_da1b95633533\Packages\Drivers\RadeonLED\WT64A\amdusbledfd.inf","Windows Server 2019","17763","NativeApplicable","NativeApplicable","NATIVE_CANDIDATE","NativeCandidate","InfWideConservative","STATIC_CANDIDATE","NotEstablished","AMD_USBLEDFD.NTamd64","AMD_USBLEDFD.NTamd64","6","6","","1.27","1.27","","1"
"26.7.1","Main","RadeonLED","d0_whql-amd-software-adrenalin-edition-26.7.1-win11-a.exe_da1b95633533\Packages\Drivers\RadeonLED\WT64A\amdusbledfd.inf","Windows Server 2022","20348","NativeApplicable","NativeApplicable","NATIVE_CANDIDATE","NativeCandidate","InfWideConservative","STATIC_CANDIDATE","NotEstablished","AMD_USBLEDFD.NTamd64","AMD_USBLEDFD.NTamd64","6","6","","1.33","","","1"
"26.7.1","Main","RadeonLED","d0_whql-amd-software-adrenalin-edition-26.7.1-win11-a.exe_da1b95633533\Packages\Drivers\RadeonLED\WT64A\amdusbledfd.inf","Windows Server 2025","26100","NativeApplicable","NativeApplicable","NATIVE_CANDIDATE","NativeCandidate","InfWideConservative","STATIC_CANDIDATE","NotEstablished","AMD_USBLEDFD.NTamd64","AMD_USBLEDFD.NTamd64","6","6","","1.33","1.35","","1"
"26.7.1","Main","SBDrv","d0_whql-amd-software-adrenalin-edition-26.7.1-win11-a.exe_da1b95633533\Packages\Drivers\SBDrv\AMDUCSI\WT64A\amducsi.inf","Windows Server 2016","14393","NativeApplicable","NativeApplicable","NATIVE_CANDIDATE","NativeCandidate","InfWideConservative","STATIC_CANDIDATE","NotEstablished","AMD.NTamd64","AMD.NTamd64","5","5","1.15","1.19","","","1"
"26.7.1","Main","SBDrv","d0_whql-amd-software-adrenalin-edition-26.7.1-win11-a.exe_da1b95633533\Packages\Drivers\SBDrv\AMDUCSI\WT64A\amducsi.inf","Windows Server 2019","17763","NativeApplicable","NativeApplicable","NATIVE_CANDIDATE","NativeCandidate","InfWideConservative","STATIC_CANDIDATE","NotEstablished","AMD.NTamd64","AMD.NTamd64","5","5","1.15","1.27","1.27","","1"
"26.7.1","Main","SBDrv","d0_whql-amd-software-adrenalin-edition-26.7.1-win11-a.exe_da1b95633533\Packages\Drivers\SBDrv\AMDUCSI\WT64A\amducsi.inf","Windows Server 2022","20348","NativeApplicable","NativeApplicable","NATIVE_CANDIDATE","NativeCandidate","InfWideConservative","STATIC_CANDIDATE","NotEstablished","AMD.NTamd64","AMD.NTamd64","5","5","1.15","1.33","","","1"
"26.7.1","Main","SBDrv","d0_whql-amd-software-adrenalin-edition-26.7.1-win11-a.exe_da1b95633533\Packages\Drivers\SBDrv\AMDUCSI\WT64A\amducsi.inf","Windows Server 2025","26100","NativeApplicable","NativeApplicable","NATIVE_CANDIDATE","NativeCandidate","InfWideConservative","STATIC_CANDIDATE","NotEstablished","AMD.NTamd64","AMD.NTamd64","5","5","1.15","1.33","1.35","","1"
"25.12.1","Main","AMDISP","d0_whql-amd-software-adrenalin-edition-25.12.1-win11-b.exe_c4a26c581a06\Packages\Drivers\AMDISP\AMDCAMERA\WT64A\amdcamera.inf","Windows Server 2016","14393","NativeApplicable","NativeApplicable","NATIVE_CANDIDATE","NativeCandidate","InfWideConservative","STATIC_CANDIDATE","NotEstablished","AMD.NTamd64","AMD.NTamd64","1","1","","1.19","","","1"
"25.12.1","Main","AMDISP","d0_whql-amd-software-adrenalin-edition-25.12.1-win11-b.exe_c4a26c581a06\Packages\Drivers\AMDISP\AMDCAMERA\WT64A\amdcamera.inf","Windows Server 2019","17763","NativeApplicable","NativeApplicable","NATIVE_CANDIDATE","NativeCandidate","InfWideConservative","STATIC_CANDIDATE","NotEstablished","AMD.NTamd64","AMD.NTamd64","1","1","","1.27","1.27","","1"
"25.12.1","Main","AMDISP","d0_whql-amd-software-adrenalin-edition-25.12.1-win11-b.exe_c4a26c581a06\Packages\Drivers\AMDISP\AMDCAMERA\WT64A\amdcamera.inf","Windows Server 2022","20348","NativeApplicable","NativeApplicable","NATIVE_CANDIDATE","NativeCandidate","InfWideConservative","STATIC_CANDIDATE","NotEstablished","AMD.NTamd64","AMD.NTamd64","1","1","","1.33","","","1"
"25.12.1","Main","AMDISP","d0_whql-amd-software-adrenalin-edition-25.12.1-win11-b.exe_c4a26c581a06\Packages\Drivers\AMDISP\AMDCAMERA\WT64A\amdcamera.inf","Windows Server 2025","26100","NativeApplicable","NativeApplicable","NATIVE_CANDIDATE","NativeCandidate","InfWideConservative","STATIC_CANDIDATE","NotEstablished","AMD.NTamd64","AMD.NTamd64","1","1","","1.33","1.35","","1"
"25.12.1","Main","AMDISP","d0_whql-amd-software-adrenalin-edition-25.12.1-win11-b.exe_c4a26c581a06\Packages\Drivers\AMDISP\AMDISP\WT64A\amdisp.inf","Windows Server 2016","14393","NativeApplicable","NativeApplicable","REVIEW_REQUIRED","WdfRequirementReview","InfWideConservative","STATIC_CANDIDATE","NotEstablished","AMD.NTamd64;AMD_SRX.NTamd64","AMD.NTamd64;AMD_SRX.NTamd64","2","2","1.23.0","1.19","","2.23.0","1"
"25.12.1","Main","AMDISP","d0_whql-amd-software-adrenalin-edition-25.12.1-win11-b.exe_c4a26c581a06\Packages\Drivers\AMDISP\AMDISP\WT64A\amdisp.inf","Windows Server 2019","17763","NativeApplicable","NativeApplicable","NATIVE_CANDIDATE","NativeCandidate","InfWideConservative","STATIC_CANDIDATE","NotEstablished","AMD.NTamd64;AMD_SRX.NTamd64","AMD.NTamd64;AMD_SRX.NTamd64","2","2","1.23.0","1.27","1.27","2.23.0","1"
"25.12.1","Main","AMDISP","d0_whql-amd-software-adrenalin-edition-25.12.1-win11-b.exe_c4a26c581a06\Packages\Drivers\AMDISP\AMDISP\WT64A\amdisp.inf","Windows Server 2022","20348","NativeApplicable","NativeApplicable","NATIVE_CANDIDATE","NativeCandidate","InfWideConservative","STATIC_CANDIDATE","NotEstablished","AMD.NTamd64;AMD_SRX.NTamd64","AMD.NTamd64;AMD_SRX.NTamd64","2","2","1.23.0","1.33","","2.23.0","1"
"25.12.1","Main","AMDISP","d0_whql-amd-software-adrenalin-edition-25.12.1-win11-b.exe_c4a26c581a06\Packages\Drivers\AMDISP\AMDISP\WT64A\amdisp.inf","Windows Server 2025","26100","NativeApplicable","NativeApplicable","NATIVE_CANDIDATE","NativeCandidate","InfWideConservative","STATIC_CANDIDATE","NotEstablished","AMD.NTamd64;AMD_SRX.NTamd64","AMD.NTamd64;AMD_SRX.NTamd64","2","2","1.23.0","1.33","1.35","2.23.0","1"
"25.12.1","Main","AMDISP","d0_whql-amd-software-adrenalin-edition-25.12.1-win11-b.exe_c4a26c581a06\Packages\Drivers\AMDISP\GC1029\WT64A\sensorGC1029.inf","Windows Server 2016","14393","NativeApplicable","NativeApplicable","NATIVE_CANDIDATE","NativeCandidate","InfWideConservative","STATIC_CANDIDATE","NotEstablished","Standard.NTamd64","Standard.NTamd64","1","1","1.15","1.19","","","1"
"25.12.1","Main","AMDISP","d0_whql-amd-software-adrenalin-edition-25.12.1-win11-b.exe_c4a26c581a06\Packages\Drivers\AMDISP\GC1029\WT64A\sensorGC1029.inf","Windows Server 2019","17763","NativeApplicable","NativeApplicable","NATIVE_CANDIDATE","NativeCandidate","InfWideConservative","STATIC_CANDIDATE","NotEstablished","Standard.NTamd64","Standard.NTamd64","1","1","1.15","1.27","1.27","","1"
"25.12.1","Main","AMDISP","d0_whql-amd-software-adrenalin-edition-25.12.1-win11-b.exe_c4a26c581a06\Packages\Drivers\AMDISP\GC1029\WT64A\sensorGC1029.inf","Windows Server 2022","20348","NativeApplicable","NativeApplicable","NATIVE_CANDIDATE","NativeCandidate","InfWideConservative","STATIC_CANDIDATE","NotEstablished","Standard.NTamd64","Standard.NTamd64","1","1","1.15","1.33","","","1"
"25.12.1","Main","AMDISP","d0_whql-amd-software-adrenalin-edition-25.12.1-win11-b.exe_c4a26c581a06\Packages\Drivers\AMDISP\GC1029\WT64A\sensorGC1029.inf","Windows Server 2025","26100","NativeApplicable","NativeApplicable","NATIVE_CANDIDATE","NativeCandidate","InfWideConservative","STATIC_CANDIDATE","NotEstablished","Standard.NTamd64","Standard.NTamd64","1","1","1.15","1.33","1.35","","1"
"25.12.1","Main","AMDISP","d0_whql-amd-software-adrenalin-edition-25.12.1-win11-b.exe_c4a26c581a06\Packages\Drivers\AMDISP\HM1092\WT64A\sensorHM1092.inf","Windows Server 2016","14393","NativeApplicable","NativeApplicable","NATIVE_CANDIDATE","NativeCandidate","InfWideConservative","STATIC_CANDIDATE","NotEstablished","Standard.NTamd64","Standard.NTamd64","1","1","1.15","1.19","","","1"
"25.12.1","Main","AMDISP","d0_whql-amd-software-adrenalin-edition-25.12.1-win11-b.exe_c4a26c581a06\Packages\Drivers\AMDISP\HM1092\WT64A\sensorHM1092.inf","Windows Server 2019","17763","NativeApplicable","NativeApplicable","NATIVE_CANDIDATE","NativeCandidate","InfWideConservative","STATIC_CANDIDATE","NotEstablished","Standard.NTamd64","Standard.NTamd64","1","1","1.15","1.27","1.27","","1"
"25.12.1","Main","AMDISP","d0_whql-amd-software-adrenalin-edition-25.12.1-win11-b.exe_c4a26c581a06\Packages\Drivers\AMDISP\HM1092\WT64A\sensorHM1092.inf","Windows Server 2022","20348","NativeApplicable","NativeApplicable","NATIVE_CANDIDATE","NativeCandidate","InfWideConservative","STATIC_CANDIDATE","NotEstablished","Standard.NTamd64","Standard.NTamd64","1","1","1.15","1.33","","","1"
"25.12.1","Main","AMDISP","d0_whql-amd-software-adrenalin-edition-25.12.1-win11-b.exe_c4a26c581a06\Packages\Drivers\AMDISP\HM1092\WT64A\sensorHM1092.inf","Windows Server 2025","26100","NativeApplicable","NativeApplicable","NATIVE_CANDIDATE","NativeCandidate","InfWideConservative","STATIC_CANDIDATE","NotEstablished","Standard.NTamd64","Standard.NTamd64","1","1","1.15","1.33","1.35","","1"
"25.12.1","Main","AMDISP","d0_whql-amd-software-adrenalin-edition-25.12.1-win11-b.exe_c4a26c581a06\Packages\Drivers\AMDISP\OV05C\WT64A\sensorOV05C.inf","Windows Server 2016","14393","NativeApplicable","NativeApplicable","NATIVE_CANDIDATE","NativeCandidate","InfWideConservative","STATIC_CANDIDATE","NotEstablished","Standard.NTamd64","Standard.NTamd64","1","1","1.15","1.19","","","1"
"25.12.1","Main","AMDISP","d0_whql-amd-software-adrenalin-edition-25.12.1-win11-b.exe_c4a26c581a06\Packages\Drivers\AMDISP\OV05C\WT64A\sensorOV05C.inf","Windows Server 2019","17763","NativeApplicable","NativeApplicable","NATIVE_CANDIDATE","NativeCandidate","InfWideConservative","STATIC_CANDIDATE","NotEstablished","Standard.NTamd64","Standard.NTamd64","1","1","1.15","1.27","1.27","","1"
"25.12.1","Main","AMDISP","d0_whql-amd-software-adrenalin-edition-25.12.1-win11-b.exe_c4a26c581a06\Packages\Drivers\AMDISP\OV05C\WT64A\sensorOV05C.inf","Windows Server 2022","20348","NativeApplicable","NativeApplicable","NATIVE_CANDIDATE","NativeCandidate","InfWideConservative","STATIC_CANDIDATE","NotEstablished","Standard.NTamd64","Standard.NTamd64","1","1","1.15","1.33","","","1"
"25.12.1","Main","AMDISP","d0_whql-amd-software-adrenalin-edition-25.12.1-win11-b.exe_c4a26c581a06\Packages\Drivers\AMDISP\OV05C\WT64A\sensorOV05C.inf","Windows Server 2025","26100","NativeApplicable","NativeApplicable","NATIVE_CANDIDATE","NativeCandidate","InfWideConservative","STATIC_CANDIDATE","NotEstablished","Standard.NTamd64","Standard.NTamd64","1","1","1.15","1.33","1.35","","1"
"25.12.1","Main","AMDISP","d0_whql-amd-software-adrenalin-edition-25.12.1-win11-b.exe_c4a26c581a06\Packages\Drivers\AMDISP\OV08X\WT64A\sensorOV08X.inf","Windows Server 2016","14393","NativeApplicable","NativeApplicable","NATIVE_CANDIDATE","NativeCandidate","InfWideConservative","STATIC_CANDIDATE","NotEstablished","Standard.NTamd64","Standard.NTamd64","2","2","1.15","1.19","","","1"
"25.12.1","Main","AMDISP","d0_whql-amd-software-adrenalin-edition-25.12.1-win11-b.exe_c4a26c581a06\Packages\Drivers\AMDISP\OV08X\WT64A\sensorOV08X.inf","Windows Server 2019","17763","NativeApplicable","NativeApplicable","NATIVE_CANDIDATE","NativeCandidate","InfWideConservative","STATIC_CANDIDATE","NotEstablished","Standard.NTamd64","Standard.NTamd64","2","2","1.15","1.27","1.27","","1"
"25.12.1","Main","AMDISP","d0_whql-amd-software-adrenalin-edition-25.12.1-win11-b.exe_c4a26c581a06\Packages\Drivers\AMDISP\OV08X\WT64A\sensorOV08X.inf","Windows Server 2022","20348","NativeApplicable","NativeApplicable","NATIVE_CANDIDATE","NativeCandidate","InfWideConservative","STATIC_CANDIDATE","NotEstablished","Standard.NTamd64","Standard.NTamd64","2","2","1.15","1.33","","","1"
"25.12.1","Main","AMDISP","d0_whql-amd-software-adrenalin-edition-25.12.1-win11-b.exe_c4a26c581a06\Packages\Drivers\AMDISP\OV08X\WT64A\sensorOV08X.inf","Windows Server 2025","26100","NativeApplicable","NativeApplicable","NATIVE_CANDIDATE","NativeCandidate","InfWideConservative","STATIC_CANDIDATE","NotEstablished","Standard.NTamd64","Standard.NTamd64","2","2","1.15","1.33","1.35","","1"
"25.12.1","Main","AMDISP","d0_whql-amd-software-adrenalin-edition-25.12.1-win11-b.exe_c4a26c581a06\Packages\Drivers\AMDISP\OV13B\WT64A\sensorOV13B.inf","Windows Server 2016","14393","NativeApplicable","NativeApplicable","NATIVE_CANDIDATE","NativeCandidate","InfWideConservative","STATIC_CANDIDATE","NotEstablished","Standard.NTamd64","Standard.NTamd64","1","1","1.15","1.19","","","1"
"25.12.1","Main","AMDISP","d0_whql-amd-software-adrenalin-edition-25.12.1-win11-b.exe_c4a26c581a06\Packages\Drivers\AMDISP\OV13B\WT64A\sensorOV13B.inf","Windows Server 2019","17763","NativeApplicable","NativeApplicable","NATIVE_CANDIDATE","NativeCandidate","InfWideConservative","STATIC_CANDIDATE","NotEstablished","Standard.NTamd64","Standard.NTamd64","1","1","1.15","1.27","1.27","","1"
"25.12.1","Main","AMDISP","d0_whql-amd-software-adrenalin-edition-25.12.1-win11-b.exe_c4a26c581a06\Packages\Drivers\AMDISP\OV13B\WT64A\sensorOV13B.inf","Windows Server 2022","20348","NativeApplicable","NativeApplicable","NATIVE_CANDIDATE","NativeCandidate","InfWideConservative","STATIC_CANDIDATE","NotEstablished","Standard.NTamd64","Standard.NTamd64","1","1","1.15","1.33","","","1"
"25.12.1","Main","AMDISP","d0_whql-amd-software-adrenalin-edition-25.12.1-win11-b.exe_c4a26c581a06\Packages\Drivers\AMDISP\OV13B\WT64A\sensorOV13B.inf","Windows Server 2025","26100","NativeApplicable","NativeApplicable","NATIVE_CANDIDATE","NativeCandidate","InfWideConservative","STATIC_CANDIDATE","NotEstablished","Standard.NTamd64","Standard.NTamd64","1","1","1.15","1.33","1.35","","1"
"25.12.1","Main","AMDNPUMCDM","d0_whql-amd-software-adrenalin-edition-25.12.1-win11-b.exe_c4a26c581a06\Packages\Drivers\AMDNPUMCDM\WT64A\kipudrv.inf","Windows Server 2016","14393","NotApplicableByBuild","NotApplicableByBuild","NOT_APPLICABLE","NotApplicable","InfWideConservative","STATIC_CANDIDATE","NotEstablished","","","0","0","","1.19","","","4"
"25.12.1","Main","AMDNPUMCDM","d0_whql-amd-software-adrenalin-edition-25.12.1-win11-b.exe_c4a26c581a06\Packages\Drivers\AMDNPUMCDM\WT64A\kipudrv.inf","Windows Server 2019","17763","NotApplicableByBuild","NotApplicableByBuild","NOT_APPLICABLE","NotApplicable","InfWideConservative","STATIC_CANDIDATE","NotEstablished","","","0","0","","1.27","1.27","","4"
"25.12.1","Main","AMDNPUMCDM","d0_whql-amd-software-adrenalin-edition-25.12.1-win11-b.exe_c4a26c581a06\Packages\Drivers\AMDNPUMCDM\WT64A\kipudrv.inf","Windows Server 2022","20348","NotApplicableByBuild","NotApplicableByBuild","NOT_APPLICABLE","NotApplicable","InfWideConservative","STATIC_CANDIDATE","NotEstablished","","","0","0","","1.33","","","4"
"25.12.1","Main","AMDNPUMCDM","d0_whql-amd-software-adrenalin-edition-25.12.1-win11-b.exe_c4a26c581a06\Packages\Drivers\AMDNPUMCDM\WT64A\kipudrv.inf","Windows Server 2025","26100","NativeApplicable","NativeApplicable","NATIVE_CANDIDATE","NativeCandidate","InfWideConservative","STATIC_CANDIDATE","NotEstablished","IpuMcdmDriver.Mfg.NTamd64.10.0...22000","IpuMcdmDriver.Mfg.NTamd64.10.0...22000","2","2","","1.33","1.35","","4"
"25.12.1","Main","AMDNPUWDF","d0_whql-amd-software-adrenalin-edition-25.12.1-win11-b.exe_c4a26c581a06\Packages\Drivers\AMDNPUWDF\WT64A\kipudrv.inf","Windows Server 2016","14393","NativeApplicable","NativeApplicable","NATIVE_CANDIDATE","NativeCandidate","InfWideConservative","STATIC_CANDIDATE","NotEstablished","AMD.NTamd64.10.0...14393","AMD.NTamd64.10.0...14393","2","2","1.15","1.19","","","4"
"25.12.1","Main","AMDNPUWDF","d0_whql-amd-software-adrenalin-edition-25.12.1-win11-b.exe_c4a26c581a06\Packages\Drivers\AMDNPUWDF\WT64A\kipudrv.inf","Windows Server 2019","17763","NativeApplicable","NativeApplicable","NATIVE_CANDIDATE","NativeCandidate","InfWideConservative","STATIC_CANDIDATE","NotEstablished","AMD.NTamd64.10.0...14393","AMD.NTamd64.10.0...14393","2","2","1.15","1.27","1.27","","4"
"25.12.1","Main","AMDNPUWDF","d0_whql-amd-software-adrenalin-edition-25.12.1-win11-b.exe_c4a26c581a06\Packages\Drivers\AMDNPUWDF\WT64A\kipudrv.inf","Windows Server 2022","20348","NativeApplicable","NativeApplicable","NATIVE_CANDIDATE","NativeCandidate","InfWideConservative","STATIC_CANDIDATE","NotEstablished","AMD.NTamd64.10.0...14393","AMD.NTamd64.10.0...14393","2","2","1.15","1.33","","","4"
"25.12.1","Main","AMDNPUWDF","d0_whql-amd-software-adrenalin-edition-25.12.1-win11-b.exe_c4a26c581a06\Packages\Drivers\AMDNPUWDF\WT64A\kipudrv.inf","Windows Server 2025","26100","NativeApplicable","NativeApplicable","NATIVE_CANDIDATE","NativeCandidate","InfWideConservative","STATIC_CANDIDATE","NotEstablished","AMD.NTamd64.10.0...22000","AMD.NTamd64.10.0...22000","2","2","1.15","1.33","1.35","","4"
"25.12.1","Main","Audio","d0_whql-amd-software-adrenalin-edition-25.12.1-win11-b.exe_c4a26c581a06\Packages\Drivers\Audio\ACPAfd\WT64A\amdacpafd.inf","Windows Server 2016","14393","NotApplicableByBuild","NotApplicableByBuild","NOT_APPLICABLE","NotApplicable","InfWideConservative","STATIC_CANDIDATE","NotEstablished","","","0","0","1.15","1.19","","","1"
"25.12.1","Main","Audio","d0_whql-amd-software-adrenalin-edition-25.12.1-win11-b.exe_c4a26c581a06\Packages\Drivers\Audio\ACPAfd\WT64A\amdacpafd.inf","Windows Server 2019","17763","NativeApplicable","NativeApplicable","NATIVE_CANDIDATE","NativeCandidate","InfWideConservative","STATIC_CANDIDATE","NotEstablished","AMD.NTAMD64.10.0...16299","AMD.NTAMD64.10.0...16299","8","8","1.15","1.27","1.27","","1"
"25.12.1","Main","Audio","d0_whql-amd-software-adrenalin-edition-25.12.1-win11-b.exe_c4a26c581a06\Packages\Drivers\Audio\ACPAfd\WT64A\amdacpafd.inf","Windows Server 2022","20348","NativeApplicable","NativeApplicable","NATIVE_CANDIDATE","NativeCandidate","InfWideConservative","STATIC_CANDIDATE","NotEstablished","AMD.NTAMD64.10.0...16299","AMD.NTAMD64.10.0...16299","8","8","1.15","1.33","","","1"
"25.12.1","Main","Audio","d0_whql-amd-software-adrenalin-edition-25.12.1-win11-b.exe_c4a26c581a06\Packages\Drivers\Audio\ACPAfd\WT64A\amdacpafd.inf","Windows Server 2025","26100","NativeApplicable","NativeApplicable","NATIVE_CANDIDATE","NativeCandidate","InfWideConservative","STATIC_CANDIDATE","NotEstablished","AMD.NTAMD64.10.0...16299","AMD.NTAMD64.10.0...16299","8","8","1.15","1.33","1.35","","1"
"25.12.1","Main","Audio","d0_whql-amd-software-adrenalin-edition-25.12.1-win11-b.exe_c4a26c581a06\Packages\Drivers\Audio\ACPBTACX\WT64A\amdacpbtacx.inf","Windows Server 2016","14393","NotApplicableByBuild","NotApplicableByBuild","NOT_APPLICABLE","NotApplicable","InfWideConservative","STATIC_CANDIDATE","NotEstablished","","","0","0","1.31","1.19","","","1"
"25.12.1","Main","Audio","d0_whql-amd-software-adrenalin-edition-25.12.1-win11-b.exe_c4a26c581a06\Packages\Drivers\Audio\ACPBTACX\WT64A\amdacpbtacx.inf","Windows Server 2019","17763","NativeApplicable","NativeApplicable","REVIEW_REQUIRED","WdfRequirementReview","InfWideConservative","STATIC_CANDIDATE","NotEstablished","AMD.NTAMD64.10.0...16299","AMD.NTAMD64.10.0...16299","13","13","1.31","1.27","1.27","","1"
"25.12.1","Main","Audio","d0_whql-amd-software-adrenalin-edition-25.12.1-win11-b.exe_c4a26c581a06\Packages\Drivers\Audio\ACPBTACX\WT64A\amdacpbtacx.inf","Windows Server 2022","20348","NativeApplicable","NativeApplicable","NATIVE_CANDIDATE","NativeCandidate","InfWideConservative","STATIC_CANDIDATE","NotEstablished","AMD.NTAMD64.10.0...16299","AMD.NTAMD64.10.0...16299","13","13","1.31","1.33","","","1"
"25.12.1","Main","Audio","d0_whql-amd-software-adrenalin-edition-25.12.1-win11-b.exe_c4a26c581a06\Packages\Drivers\Audio\ACPBTACX\WT64A\amdacpbtacx.inf","Windows Server 2025","26100","NativeApplicable","NativeApplicable","NATIVE_CANDIDATE","NativeCandidate","InfWideConservative","STATIC_CANDIDATE","NotEstablished","AMD.NTAMD64.10.0...16299","AMD.NTAMD64.10.0...16299","13","13","1.31","1.33","1.35","","1"
"25.12.1","Main","Audio","d0_whql-amd-software-adrenalin-edition-25.12.1-win11-b.exe_c4a26c581a06\Packages\Drivers\Audio\ACPBtAfd\WT64A\amdacpbt.inf","Windows Server 2016","14393","NotApplicableByBuild","NotApplicableByBuild","NOT_APPLICABLE","NotApplicable","InfWideConservative","STATIC_CANDIDATE","NotEstablished","","","0","0","1.15","1.19","","","1"
"25.12.1","Main","Audio","d0_whql-amd-software-adrenalin-edition-25.12.1-win11-b.exe_c4a26c581a06\Packages\Drivers\Audio\ACPBtAfd\WT64A\amdacpbt.inf","Windows Server 2019","17763","NativeApplicable","NativeApplicable","NATIVE_CANDIDATE","NativeCandidate","InfWideConservative","STATIC_CANDIDATE","NotEstablished","AMD.NTAMD64.10.0...16299","AMD.NTAMD64.10.0...16299","1","1","1.15","1.27","1.27","","1"
"25.12.1","Main","Audio","d0_whql-amd-software-adrenalin-edition-25.12.1-win11-b.exe_c4a26c581a06\Packages\Drivers\Audio\ACPBtAfd\WT64A\amdacpbt.inf","Windows Server 2022","20348","NativeApplicable","NativeApplicable","NATIVE_CANDIDATE","NativeCandidate","InfWideConservative","STATIC_CANDIDATE","NotEstablished","AMD.NTAMD64.10.0...16299","AMD.NTAMD64.10.0...16299","1","1","1.15","1.33","","","1"
"25.12.1","Main","Audio","d0_whql-amd-software-adrenalin-edition-25.12.1-win11-b.exe_c4a26c581a06\Packages\Drivers\Audio\ACPBtAfd\WT64A\amdacpbt.inf","Windows Server 2025","26100","NativeApplicable","NativeApplicable","NATIVE_CANDIDATE","NativeCandidate","InfWideConservative","STATIC_CANDIDATE","NotEstablished","AMD.NTAMD64.10.0...16299","AMD.NTAMD64.10.0...16299","1","1","1.15","1.33","1.35","","1"
"25.12.1","Main","Audio","d0_whql-amd-software-adrenalin-edition-25.12.1-win11-b.exe_c4a26c581a06\Packages\Drivers\Audio\ACPBtAfd\WT64A\amdacpbtscoext\amdacpbtscoext.inf","Windows Server 2016","14393","NotApplicableByBuild","NotApplicableByBuild","NOT_APPLICABLE","NotApplicable","InfWideConservative","STATIC_CANDIDATE","NotEstablished","","","0","0","","1.19","","","0"
"25.12.1","Main","Audio","d0_whql-amd-software-adrenalin-edition-25.12.1-win11-b.exe_c4a26c581a06\Packages\Drivers\Audio\ACPBtAfd\WT64A\amdacpbtscoext\amdacpbtscoext.inf","Windows Server 2019","17763","NotApplicableByBuild","NotApplicableByBuild","NOT_APPLICABLE","NotApplicable","InfWideConservative","STATIC_CANDIDATE","NotEstablished","","","0","0","","1.27","1.27","","0"
"25.12.1","Main","Audio","d0_whql-amd-software-adrenalin-edition-25.12.1-win11-b.exe_c4a26c581a06\Packages\Drivers\Audio\ACPBtAfd\WT64A\amdacpbtscoext\amdacpbtscoext.inf","Windows Server 2022","20348","NotApplicableByBuild","NotApplicableByBuild","NOT_APPLICABLE","NotApplicable","InfWideConservative","STATIC_CANDIDATE","NotEstablished","","","0","0","","1.33","","","0"
"25.12.1","Main","Audio","d0_whql-amd-software-adrenalin-edition-25.12.1-win11-b.exe_c4a26c581a06\Packages\Drivers\Audio\ACPBtAfd\WT64A\amdacpbtscoext\amdacpbtscoext.inf","Windows Server 2025","26100","NativeApplicable","NativeApplicable","NATIVE_CANDIDATE","NativeCandidate","InfWideConservative","STATIC_CANDIDATE","NotEstablished","QCA.NTamd64.10.0...22000","QCA.NTamd64.10.0...22000","1","1","","1.33","1.35","","0"
"25.12.1","Main","Audio","d0_whql-amd-software-adrenalin-edition-25.12.1-win11-b.exe_c4a26c581a06\Packages\Drivers\Audio\ACPBus\WT64A\amdacpbus.inf","Windows Server 2016","14393","NotApplicableByBuild","NotApplicableByBuild","NOT_APPLICABLE","NotApplicable","InfWideConservative","STATIC_CANDIDATE","NotEstablished","","","0","0","","1.19","","","1"
"25.12.1","Main","Audio","d0_whql-amd-software-adrenalin-edition-25.12.1-win11-b.exe_c4a26c581a06\Packages\Drivers\Audio\ACPBus\WT64A\amdacpbus.inf","Windows Server 2019","17763","NativeApplicable","NativeApplicable","NATIVE_CANDIDATE","NativeCandidate","InfWideConservative","STATIC_CANDIDATE","NotEstablished","AMD.NTamd64.10.0...16299","AMD.NTamd64.10.0...16299","1","1","","1.27","1.27","","1"
"25.12.1","Main","Audio","d0_whql-amd-software-adrenalin-edition-25.12.1-win11-b.exe_c4a26c581a06\Packages\Drivers\Audio\ACPBus\WT64A\amdacpbus.inf","Windows Server 2022","20348","NativeApplicable","NativeApplicable","NATIVE_CANDIDATE","NativeCandidate","InfWideConservative","STATIC_CANDIDATE","NotEstablished","AMD.NTamd64.10.0...16299","AMD.NTamd64.10.0...16299","1","1","","1.33","","","1"
"25.12.1","Main","Audio","d0_whql-amd-software-adrenalin-edition-25.12.1-win11-b.exe_c4a26c581a06\Packages\Drivers\Audio\ACPBus\WT64A\amdacpbus.inf","Windows Server 2025","26100","NativeApplicable","NativeApplicable","NATIVE_CANDIDATE","NativeCandidate","InfWideConservative","STATIC_CANDIDATE","NotEstablished","AMD.NTamd64.10.0...16299","AMD.NTamd64.10.0...16299","1","1","","1.33","1.35","","1"
"25.12.1","Main","Audio","d0_whql-amd-software-adrenalin-edition-25.12.1-win11-b.exe_c4a26c581a06\Packages\Drivers\Audio\ACPBus\WT64A\amdacpbusext\amdacpbusext.inf","Windows Server 2016","14393","NotApplicableByBuild","NotApplicableByBuild","NOT_APPLICABLE","NotApplicable","InfWideConservative","STATIC_CANDIDATE","NotEstablished","","","0","0","","1.19","","","0"
"25.12.1","Main","Audio","d0_whql-amd-software-adrenalin-edition-25.12.1-win11-b.exe_c4a26c581a06\Packages\Drivers\Audio\ACPBus\WT64A\amdacpbusext\amdacpbusext.inf","Windows Server 2019","17763","NativeApplicable","NativeApplicable","NATIVE_CANDIDATE","NativeCandidate","InfWideConservative","STATIC_CANDIDATE","NotEstablished","AMD.NTamd64.10.0...16299","AMD.NTamd64.10.0...16299","1","1","","1.27","1.27","","0"
"25.12.1","Main","Audio","d0_whql-amd-software-adrenalin-edition-25.12.1-win11-b.exe_c4a26c581a06\Packages\Drivers\Audio\ACPBus\WT64A\amdacpbusext\amdacpbusext.inf","Windows Server 2022","20348","NativeApplicable","NativeApplicable","NATIVE_CANDIDATE","NativeCandidate","InfWideConservative","STATIC_CANDIDATE","NotEstablished","AMD.NTamd64.10.0...16299","AMD.NTamd64.10.0...16299","1","1","","1.33","","","0"
"25.12.1","Main","Audio","d0_whql-amd-software-adrenalin-edition-25.12.1-win11-b.exe_c4a26c581a06\Packages\Drivers\Audio\ACPBus\WT64A\amdacpbusext\amdacpbusext.inf","Windows Server 2025","26100","NativeApplicable","NativeApplicable","NATIVE_CANDIDATE","NativeCandidate","InfWideConservative","STATIC_CANDIDATE","NotEstablished","AMD.NTamd64.10.0...16299","AMD.NTamd64.10.0...16299","1","1","","1.33","1.35","","0"
"25.12.1","Main","Audio","d0_whql-amd-software-adrenalin-edition-25.12.1-win11-b.exe_c4a26c581a06\Packages\Drivers\Audio\ACPBus2\WT64A\amdacpbus2.inf","Windows Server 2016","14393","NotApplicableByBuild","NotApplicableByBuild","NOT_APPLICABLE","NotApplicable","InfWideConservative","STATIC_CANDIDATE","NotEstablished","","","0","0","","1.19","","","1"
"25.12.1","Main","Audio","d0_whql-amd-software-adrenalin-edition-25.12.1-win11-b.exe_c4a26c581a06\Packages\Drivers\Audio\ACPBus2\WT64A\amdacpbus2.inf","Windows Server 2019","17763","NativeApplicable","NativeApplicable","NATIVE_CANDIDATE","NativeCandidate","InfWideConservative","STATIC_CANDIDATE","NotEstablished","AMD.NTamd64.10.0...16299","AMD.NTamd64.10.0...16299","3","3","","1.27","1.27","","1"
"25.12.1","Main","Audio","d0_whql-amd-software-adrenalin-edition-25.12.1-win11-b.exe_c4a26c581a06\Packages\Drivers\Audio\ACPBus2\WT64A\amdacpbus2.inf","Windows Server 2022","20348","NativeApplicable","NativeApplicable","NATIVE_CANDIDATE","NativeCandidate","InfWideConservative","STATIC_CANDIDATE","NotEstablished","AMD.NTamd64.10.0...16299","AMD.NTamd64.10.0...16299","3","3","","1.33","","","1"
"25.12.1","Main","Audio","d0_whql-amd-software-adrenalin-edition-25.12.1-win11-b.exe_c4a26c581a06\Packages\Drivers\Audio\ACPBus2\WT64A\amdacpbus2.inf","Windows Server 2025","26100","NativeApplicable","NativeApplicable","NATIVE_CANDIDATE","NativeCandidate","InfWideConservative","STATIC_CANDIDATE","NotEstablished","AMD.NTamd64.10.0...16299","AMD.NTamd64.10.0...16299","3","3","","1.33","1.35","","1"
"25.12.1","Main","Audio","d0_whql-amd-software-adrenalin-edition-25.12.1-win11-b.exe_c4a26c581a06\Packages\Drivers\Audio\ACPBus2\WT64A\amdacpbusext\amdacpbusext.inf","Windows Server 2016","14393","NotApplicableByBuild","NotApplicableByBuild","NOT_APPLICABLE","NotApplicable","InfWideConservative","STATIC_CANDIDATE","NotEstablished","","","0","0","","1.19","","","0"
"25.12.1","Main","Audio","d0_whql-amd-software-adrenalin-edition-25.12.1-win11-b.exe_c4a26c581a06\Packages\Drivers\Audio\ACPBus2\WT64A\amdacpbusext\amdacpbusext.inf","Windows Server 2019","17763","NativeApplicable","NativeApplicable","NATIVE_CANDIDATE","NativeCandidate","InfWideConservative","STATIC_CANDIDATE","NotEstablished","AMD.NTamd64.10.0...16299","AMD.NTamd64.10.0...16299","1","1","","1.27","1.27","","0"
"25.12.1","Main","Audio","d0_whql-amd-software-adrenalin-edition-25.12.1-win11-b.exe_c4a26c581a06\Packages\Drivers\Audio\ACPBus2\WT64A\amdacpbusext\amdacpbusext.inf","Windows Server 2022","20348","NativeApplicable","NativeApplicable","NATIVE_CANDIDATE","NativeCandidate","InfWideConservative","STATIC_CANDIDATE","NotEstablished","AMD.NTamd64.10.0...16299","AMD.NTamd64.10.0...16299","1","1","","1.33","","","0"
"25.12.1","Main","Audio","d0_whql-amd-software-adrenalin-edition-25.12.1-win11-b.exe_c4a26c581a06\Packages\Drivers\Audio\ACPBus2\WT64A\amdacpbusext\amdacpbusext.inf","Windows Server 2025","26100","NativeApplicable","NativeApplicable","NATIVE_CANDIDATE","NativeCandidate","InfWideConservative","STATIC_CANDIDATE","NotEstablished","AMD.NTamd64.10.0...16299","AMD.NTamd64.10.0...16299","1","1","","1.33","1.35","","0"
"25.12.1","Main","Audio","d0_whql-amd-software-adrenalin-edition-25.12.1-win11-b.exe_c4a26c581a06\Packages\Drivers\Audio\ACPBus2\WT64A\amdacprgmext\amdacprgmext.inf","Windows Server 2016","14393","NotApplicableByBuild","NotApplicableByBuild","NOT_APPLICABLE","NotApplicable","InfWideConservative","STATIC_CANDIDATE","NotEstablished","","","0","0","","1.19","","","0"
"25.12.1","Main","Audio","d0_whql-amd-software-adrenalin-edition-25.12.1-win11-b.exe_c4a26c581a06\Packages\Drivers\Audio\ACPBus2\WT64A\amdacprgmext\amdacprgmext.inf","Windows Server 2019","17763","NotApplicableByBuild","NotApplicableByBuild","NOT_APPLICABLE","NotApplicable","InfWideConservative","STATIC_CANDIDATE","NotEstablished","","","0","0","","1.27","1.27","","0"
"25.12.1","Main","Audio","d0_whql-amd-software-adrenalin-edition-25.12.1-win11-b.exe_c4a26c581a06\Packages\Drivers\Audio\ACPBus2\WT64A\amdacprgmext\amdacprgmext.inf","Windows Server 2022","20348","NotApplicableByBuild","NotApplicableByBuild","NOT_APPLICABLE","NotApplicable","InfWideConservative","STATIC_CANDIDATE","NotEstablished","","","0","0","","1.33","","","0"
"25.12.1","Main","Audio","d0_whql-amd-software-adrenalin-edition-25.12.1-win11-b.exe_c4a26c581a06\Packages\Drivers\Audio\ACPBus2\WT64A\amdacprgmext\amdacprgmext.inf","Windows Server 2025","26100","NativeApplicable","NativeApplicable","NATIVE_CANDIDATE","NativeCandidate","InfWideConservative","STATIC_CANDIDATE","NotEstablished","DeviceExtensions.NTamd64.10.0...26100","DeviceExtensions.NTamd64.10.0...26100","4","4","","1.33","1.35","","0"
"25.12.1","Main","Audio","d0_whql-amd-software-adrenalin-edition-25.12.1-win11-b.exe_c4a26c581a06\Packages\Drivers\Audio\ACPHpd\WT64A\amdacphpd.inf","Windows Server 2016","14393","NotApplicableByBuild","NotApplicableByBuild","NOT_APPLICABLE","NotApplicable","InfWideConservative","STATIC_CANDIDATE","NotEstablished","","","0","0","","1.19","","2.33.0","0"
"25.12.1","Main","Audio","d0_whql-amd-software-adrenalin-edition-25.12.1-win11-b.exe_c4a26c581a06\Packages\Drivers\Audio\ACPHpd\WT64A\amdacphpd.inf","Windows Server 2019","17763","NotApplicableByBuild","NotApplicableByBuild","NOT_APPLICABLE","NotApplicable","InfWideConservative","STATIC_CANDIDATE","NotEstablished","","","0","0","","1.27","1.27","2.33.0","0"
"25.12.1","Main","Audio","d0_whql-amd-software-adrenalin-edition-25.12.1-win11-b.exe_c4a26c581a06\Packages\Drivers\Audio\ACPHpd\WT64A\amdacphpd.inf","Windows Server 2022","20348","NotApplicableByBuild","NotApplicableByBuild","NOT_APPLICABLE","NotApplicable","InfWideConservative","STATIC_CANDIDATE","NotEstablished","","","0","0","","1.33","","2.33.0","0"
"25.12.1","Main","Audio","d0_whql-amd-software-adrenalin-edition-25.12.1-win11-b.exe_c4a26c581a06\Packages\Drivers\Audio\ACPHpd\WT64A\amdacphpd.inf","Windows Server 2025","26100","NativeApplicable","NativeApplicable","REVIEW_REQUIRED","WdfRequirementReview","InfWideConservative","STATIC_CANDIDATE","NotEstablished","amdacphpd_Device.NTamd64.10.0...22000","amdacphpd_Device.NTamd64.10.0...22000","1","1","","1.33","1.35","2.33.0","0"
"25.12.1","Main","Audio","d0_whql-amd-software-adrenalin-edition-25.12.1-win11-b.exe_c4a26c581a06\Packages\Drivers\Audio\ACPHpd\WT64A\amdacphpdcomp.inf","Windows Server 2016","14393","NotApplicableByBuild","NotApplicableByBuild","NOT_APPLICABLE","NotApplicable","InfWideConservative","STATIC_CANDIDATE","NotEstablished","","","0","0","","1.19","","","0"
"25.12.1","Main","Audio","d0_whql-amd-software-adrenalin-edition-25.12.1-win11-b.exe_c4a26c581a06\Packages\Drivers\Audio\ACPHpd\WT64A\amdacphpdcomp.inf","Windows Server 2019","17763","NativeApplicable","NativeApplicable","NATIVE_CANDIDATE","NativeCandidate","InfWideConservative","STATIC_CANDIDATE","NotEstablished","AMD.NTamd64.10.0...17134","AMD.NTamd64.10.0...17134","1","1","","1.27","1.27","","0"
"25.12.1","Main","Audio","d0_whql-amd-software-adrenalin-edition-25.12.1-win11-b.exe_c4a26c581a06\Packages\Drivers\Audio\ACPHpd\WT64A\amdacphpdcomp.inf","Windows Server 2022","20348","NativeApplicable","NativeApplicable","NATIVE_CANDIDATE","NativeCandidate","InfWideConservative","STATIC_CANDIDATE","NotEstablished","AMD.NTamd64.10.0...17134","AMD.NTamd64.10.0...17134","1","1","","1.33","","","0"
"25.12.1","Main","Audio","d0_whql-amd-software-adrenalin-edition-25.12.1-win11-b.exe_c4a26c581a06\Packages\Drivers\Audio\ACPHpd\WT64A\amdacphpdcomp.inf","Windows Server 2025","26100","NativeApplicable","NativeApplicable","NATIVE_CANDIDATE","NativeCandidate","InfWideConservative","STATIC_CANDIDATE","NotEstablished","AMD.NTamd64.10.0...17134","AMD.NTamd64.10.0...17134","1","1","","1.33","1.35","","0"
"25.12.1","Main","Audio","d0_whql-amd-software-adrenalin-edition-25.12.1-win11-b.exe_c4a26c581a06\Packages\Drivers\Audio\ACPHpd\WT64A\amdacphpdext.inf","Windows Server 2016","14393","NotApplicableByBuild","NotApplicableByBuild","NOT_APPLICABLE","NotApplicable","InfWideConservative","STATIC_CANDIDATE","NotEstablished","","","0","0","","1.19","","","1"
"25.12.1","Main","Audio","d0_whql-amd-software-adrenalin-edition-25.12.1-win11-b.exe_c4a26c581a06\Packages\Drivers\Audio\ACPHpd\WT64A\amdacphpdext.inf","Windows Server 2019","17763","NativeApplicable","NativeApplicable","NATIVE_CANDIDATE","NativeCandidate","InfWideConservative","STATIC_CANDIDATE","NotEstablished","AMD.NTamd64.10.0...17134","AMD.NTamd64.10.0...17134","6","6","","1.27","1.27","","1"
"25.12.1","Main","Audio","d0_whql-amd-software-adrenalin-edition-25.12.1-win11-b.exe_c4a26c581a06\Packages\Drivers\Audio\ACPHpd\WT64A\amdacphpdext.inf","Windows Server 2022","20348","NativeApplicable","NativeApplicable","NATIVE_CANDIDATE","NativeCandidate","InfWideConservative","STATIC_CANDIDATE","NotEstablished","AMD.NTamd64.10.0...17134","AMD.NTamd64.10.0...17134","6","6","","1.33","","","1"
"25.12.1","Main","Audio","d0_whql-amd-software-adrenalin-edition-25.12.1-win11-b.exe_c4a26c581a06\Packages\Drivers\Audio\ACPHpd\WT64A\amdacphpdext.inf","Windows Server 2025","26100","NativeApplicable","NativeApplicable","NATIVE_CANDIDATE","NativeCandidate","InfWideConservative","STATIC_CANDIDATE","NotEstablished","AMD.NTamd64.10.0...17134","AMD.NTamd64.10.0...17134","6","6","","1.33","1.35","","1"
"25.12.1","Main","Audio","d0_whql-amd-software-adrenalin-edition-25.12.1-win11-b.exe_c4a26c581a06\Packages\Drivers\Audio\ACPUsbAfd\WT64A\amdacpusb.inf","Windows Server 2016","14393","NotApplicableByBuild","NotApplicableByBuild","NOT_APPLICABLE","NotApplicable","InfWideConservative","STATIC_CANDIDATE","NotEstablished","","","0","0","1.15","1.19","","","1"
"25.12.1","Main","Audio","d0_whql-amd-software-adrenalin-edition-25.12.1-win11-b.exe_c4a26c581a06\Packages\Drivers\Audio\ACPUsbAfd\WT64A\amdacpusb.inf","Windows Server 2019","17763","NativeApplicable","NativeApplicable","NATIVE_CANDIDATE","NativeCandidate","InfWideConservative","STATIC_CANDIDATE","NotEstablished","AMD.NTAMD64.10.0...16299","AMD.NTAMD64.10.0...16299","4","4","1.15","1.27","1.27","","1"
"25.12.1","Main","Audio","d0_whql-amd-software-adrenalin-edition-25.12.1-win11-b.exe_c4a26c581a06\Packages\Drivers\Audio\ACPUsbAfd\WT64A\amdacpusb.inf","Windows Server 2022","20348","NativeApplicable","NativeApplicable","NATIVE_CANDIDATE","NativeCandidate","InfWideConservative","STATIC_CANDIDATE","NotEstablished","AMD.NTAMD64.10.0...16299","AMD.NTAMD64.10.0...16299","4","4","1.15","1.33","","","1"
"25.12.1","Main","Audio","d0_whql-amd-software-adrenalin-edition-25.12.1-win11-b.exe_c4a26c581a06\Packages\Drivers\Audio\ACPUsbAfd\WT64A\amdacpusb.inf","Windows Server 2025","26100","NativeApplicable","NativeApplicable","NATIVE_CANDIDATE","NativeCandidate","InfWideConservative","STATIC_CANDIDATE","NotEstablished","AMD.NTAMD64.10.0...16299","AMD.NTAMD64.10.0...16299","4","4","1.15","1.33","1.35","","1"
"25.12.1","Main","Audio","d0_whql-amd-software-adrenalin-edition-25.12.1-win11-b.exe_c4a26c581a06\Packages\Drivers\Audio\HDABus\WT64A\amdhdaudbus.inf","Windows Server 2016","14393","NativeApplicable","NativeApplicable","NATIVE_CANDIDATE","NativeCandidate","InfWideConservative","STATIC_CANDIDATE","NotEstablished","AMD.NTAMD64","AMD.NTAMD64","1","1","1.15","1.19","","","1"
"25.12.1","Main","Audio","d0_whql-amd-software-adrenalin-edition-25.12.1-win11-b.exe_c4a26c581a06\Packages\Drivers\Audio\HDABus\WT64A\amdhdaudbus.inf","Windows Server 2019","17763","NativeApplicable","NativeApplicable","NATIVE_CANDIDATE","NativeCandidate","InfWideConservative","STATIC_CANDIDATE","NotEstablished","AMD.NTAMD64","AMD.NTAMD64","1","1","1.15","1.27","1.27","","1"
"25.12.1","Main","Audio","d0_whql-amd-software-adrenalin-edition-25.12.1-win11-b.exe_c4a26c581a06\Packages\Drivers\Audio\HDABus\WT64A\amdhdaudbus.inf","Windows Server 2022","20348","NativeApplicable","NativeApplicable","NATIVE_CANDIDATE","NativeCandidate","InfWideConservative","STATIC_CANDIDATE","NotEstablished","AMD.NTAMD64","AMD.NTAMD64","1","1","1.15","1.33","","","1"
"25.12.1","Main","Audio","d0_whql-amd-software-adrenalin-edition-25.12.1-win11-b.exe_c4a26c581a06\Packages\Drivers\Audio\HDABus\WT64A\amdhdaudbus.inf","Windows Server 2025","26100","NativeApplicable","NativeApplicable","NATIVE_CANDIDATE","NativeCandidate","InfWideConservative","STATIC_CANDIDATE","NotEstablished","AMD.NTAMD64","AMD.NTAMD64","1","1","1.15","1.33","1.35","","1"
"25.12.1","Main","Audio","d0_whql-amd-software-adrenalin-edition-25.12.1-win11-b.exe_c4a26c581a06\Packages\Drivers\Audio\HDMI\WT64A\AtihdWT6.inf","Windows Server 2016","14393","NotApplicableByBuild","ProjectionCandidate","PATCH_CANDIDATE","ProjectionCandidate","InfWideConservative","STATIC_CANDIDATE","NotEstablished","","AMD.NTamd64.10.0.1;AMD.NTamd64.6.0.1;AMD.NTamd64.6.1.1;AMD.NTamd64.6.2.1;AMD.NTamd64.6.3.1","0","8","","1.19","","","1"
"25.12.1","Main","Audio","d0_whql-amd-software-adrenalin-edition-25.12.1-win11-b.exe_c4a26c581a06\Packages\Drivers\Audio\HDMI\WT64A\AtihdWT6.inf","Windows Server 2019","17763","NotApplicableByBuild","ProjectionCandidate","PATCH_CANDIDATE","ProjectionCandidate","InfWideConservative","STATIC_CANDIDATE","NotEstablished","","AMD.NTamd64.10.0.1..16299","0","8","","1.27","1.27","","1"
"25.12.1","Main","Audio","d0_whql-amd-software-adrenalin-edition-25.12.1-win11-b.exe_c4a26c581a06\Packages\Drivers\Audio\HDMI\WT64A\AtihdWT6.inf","Windows Server 2022","20348","NotApplicableByBuild","ProjectionCandidate","PATCH_CANDIDATE","ProjectionCandidate","InfWideConservative","STATIC_CANDIDATE","NotEstablished","","AMD.NTamd64.10.0.1..16299","0","8","","1.33","","","1"
"25.12.1","Main","Audio","d0_whql-amd-software-adrenalin-edition-25.12.1-win11-b.exe_c4a26c581a06\Packages\Drivers\Audio\HDMI\WT64A\AtihdWT6.inf","Windows Server 2025","26100","NotApplicableByProductType","ProjectionCandidate","PATCH_CANDIDATE","ProjectionCandidate","InfWideConservative","STATIC_CANDIDATE","NotEstablished","","AMD.NTamd64.10.0.1..22621","0","8","","1.33","1.35","","1"
"25.12.1","Main","Audio","d0_whql-amd-software-adrenalin-edition-25.12.1-win11-b.exe_c4a26c581a06\Packages\Drivers\Audio\SAFD\WT64A\amdsafd.inf","Windows Server 2016","14393","NotApplicableByBuild","NotApplicableByBuild","NOT_APPLICABLE","NotApplicable","InfWideConservative","STATIC_CANDIDATE","NotEstablished","","","0","0","1.15","1.19","","","1"
"25.12.1","Main","Audio","d0_whql-amd-software-adrenalin-edition-25.12.1-win11-b.exe_c4a26c581a06\Packages\Drivers\Audio\SAFD\WT64A\amdsafd.inf","Windows Server 2019","17763","NativeApplicable","NativeApplicable","NATIVE_CANDIDATE","NativeCandidate","InfWideConservative","STATIC_CANDIDATE","NotEstablished","AMD.NTAMD64.10.0...16299","AMD.NTAMD64.10.0...16299","2","2","1.15","1.27","1.27","","1"
"25.12.1","Main","Audio","d0_whql-amd-software-adrenalin-edition-25.12.1-win11-b.exe_c4a26c581a06\Packages\Drivers\Audio\SAFD\WT64A\amdsafd.inf","Windows Server 2022","20348","NativeApplicable","NativeApplicable","NATIVE_CANDIDATE","NativeCandidate","InfWideConservative","STATIC_CANDIDATE","NotEstablished","AMD.NTAMD64.10.0...16299","AMD.NTAMD64.10.0...16299","2","2","1.15","1.33","","","1"
"25.12.1","Main","Audio","d0_whql-amd-software-adrenalin-edition-25.12.1-win11-b.exe_c4a26c581a06\Packages\Drivers\Audio\SAFD\WT64A\amdsafd.inf","Windows Server 2025","26100","NativeApplicable","NativeApplicable","NATIVE_CANDIDATE","NativeCandidate","InfWideConservative","STATIC_CANDIDATE","NotEstablished","AMD.NTAMD64.10.0...16299","AMD.NTAMD64.10.0...16299","2","2","1.15","1.33","1.35","","1"
"25.12.1","Main","Audio","d0_whql-amd-software-adrenalin-edition-25.12.1-win11-b.exe_c4a26c581a06\Packages\Drivers\Audio\SDWC\WT64A\amdsdwc.inf","Windows Server 2016","14393","NotApplicableByBuild","NotApplicableByBuild","NOT_APPLICABLE","NotApplicable","InfWideConservative","STATIC_CANDIDATE","NotEstablished","","","0","0","1.31","1.19","","","1"
"25.12.1","Main","Audio","d0_whql-amd-software-adrenalin-edition-25.12.1-win11-b.exe_c4a26c581a06\Packages\Drivers\Audio\SDWC\WT64A\amdsdwc.inf","Windows Server 2019","17763","NativeApplicable","NativeApplicable","REVIEW_REQUIRED","WdfRequirementReview","InfWideConservative","STATIC_CANDIDATE","NotEstablished","AMD.NTAMD64.10.0...16299","AMD.NTAMD64.10.0...16299","4","4","1.31","1.27","1.27","","1"
"25.12.1","Main","Audio","d0_whql-amd-software-adrenalin-edition-25.12.1-win11-b.exe_c4a26c581a06\Packages\Drivers\Audio\SDWC\WT64A\amdsdwc.inf","Windows Server 2022","20348","NativeApplicable","NativeApplicable","NATIVE_CANDIDATE","NativeCandidate","InfWideConservative","STATIC_CANDIDATE","NotEstablished","AMD.NTAMD64.10.0...16299","AMD.NTAMD64.10.0...16299","4","4","1.31","1.33","","","1"
"25.12.1","Main","Audio","d0_whql-amd-software-adrenalin-edition-25.12.1-win11-b.exe_c4a26c581a06\Packages\Drivers\Audio\SDWC\WT64A\amdsdwc.inf","Windows Server 2025","26100","NativeApplicable","NativeApplicable","NATIVE_CANDIDATE","NativeCandidate","InfWideConservative","STATIC_CANDIDATE","NotEstablished","AMD.NTAMD64.10.0...16299","AMD.NTAMD64.10.0...16299","4","4","1.31","1.33","1.35","","1"
"25.12.1","Main","Audio","d0_whql-amd-software-adrenalin-edition-25.12.1-win11-b.exe_c4a26c581a06\Packages\Drivers\Audio\SDWS\WT64A\amdsdws.inf","Windows Server 2016","14393","NotApplicableByBuild","NotApplicableByBuild","NOT_APPLICABLE","NotApplicable","InfWideConservative","STATIC_CANDIDATE","NotEstablished","","","0","0","1.31","1.19","","","1"
"25.12.1","Main","Audio","d0_whql-amd-software-adrenalin-edition-25.12.1-win11-b.exe_c4a26c581a06\Packages\Drivers\Audio\SDWS\WT64A\amdsdws.inf","Windows Server 2019","17763","NativeApplicable","NativeApplicable","REVIEW_REQUIRED","WdfRequirementReview","InfWideConservative","STATIC_CANDIDATE","NotEstablished","AMD.NTAMD64.10.0...16299","AMD.NTAMD64.10.0...16299","11","11","1.31","1.27","1.27","","1"
"25.12.1","Main","Audio","d0_whql-amd-software-adrenalin-edition-25.12.1-win11-b.exe_c4a26c581a06\Packages\Drivers\Audio\SDWS\WT64A\amdsdws.inf","Windows Server 2022","20348","NativeApplicable","NativeApplicable","NATIVE_CANDIDATE","NativeCandidate","InfWideConservative","STATIC_CANDIDATE","NotEstablished","AMD.NTAMD64.10.0...16299","AMD.NTAMD64.10.0...16299","11","11","1.31","1.33","","","1"
"25.12.1","Main","Audio","d0_whql-amd-software-adrenalin-edition-25.12.1-win11-b.exe_c4a26c581a06\Packages\Drivers\Audio\SDWS\WT64A\amdsdws.inf","Windows Server 2025","26100","NativeApplicable","NativeApplicable","NATIVE_CANDIDATE","NativeCandidate","InfWideConservative","STATIC_CANDIDATE","NotEstablished","AMD.NTAMD64.10.0...16299","AMD.NTAMD64.10.0...16299","11","11","1.31","1.33","1.35","","1"
"25.12.1","Main","Audio","d0_whql-amd-software-adrenalin-edition-25.12.1-win11-b.exe_c4a26c581a06\Packages\Drivers\Audio\SDWS\WT64A\amdsdwsext\amdsdwsext.inf","Windows Server 2016","14393","NotApplicableByBuild","NotApplicableByBuild","NOT_APPLICABLE","NotApplicable","InfWideConservative","STATIC_CANDIDATE","NotEstablished","","","0","0","","1.19","","","0"
"25.12.1","Main","Audio","d0_whql-amd-software-adrenalin-edition-25.12.1-win11-b.exe_c4a26c581a06\Packages\Drivers\Audio\SDWS\WT64A\amdsdwsext\amdsdwsext.inf","Windows Server 2019","17763","NativeApplicable","NativeApplicable","NATIVE_CANDIDATE","NativeCandidate","InfWideConservative","STATIC_CANDIDATE","NotEstablished","AmdDeviceExtensions.NTamd64.10.0...16299","AmdDeviceExtensions.NTamd64.10.0...16299","4","4","","1.27","1.27","","0"
"25.12.1","Main","Audio","d0_whql-amd-software-adrenalin-edition-25.12.1-win11-b.exe_c4a26c581a06\Packages\Drivers\Audio\SDWS\WT64A\amdsdwsext\amdsdwsext.inf","Windows Server 2022","20348","NativeApplicable","NativeApplicable","NATIVE_CANDIDATE","NativeCandidate","InfWideConservative","STATIC_CANDIDATE","NotEstablished","AmdDeviceExtensions.NTamd64.10.0...16299","AmdDeviceExtensions.NTamd64.10.0...16299","4","4","","1.33","","","0"
"25.12.1","Main","Audio","d0_whql-amd-software-adrenalin-edition-25.12.1-win11-b.exe_c4a26c581a06\Packages\Drivers\Audio\SDWS\WT64A\amdsdwsext\amdsdwsext.inf","Windows Server 2025","26100","NativeApplicable","NativeApplicable","NATIVE_CANDIDATE","NativeCandidate","InfWideConservative","STATIC_CANDIDATE","NotEstablished","AmdDeviceExtensions.NTamd64.10.0...16299","AmdDeviceExtensions.NTamd64.10.0...16299","4","4","","1.33","1.35","","0"
"25.12.1","Main","Display","d0_whql-amd-software-adrenalin-edition-25.12.1-win11-b.exe_c4a26c581a06\Packages\Drivers\Display\WT6A_INF\u0196284.inf","Windows Server 2016","14393","NotApplicableByBuild","ExplicitlyExcluded","NOT_APPLICABLE","NotApplicable","InfWideConservative","STATIC_CANDIDATE","NotEstablished","","ATI.Mfg.NTamd64.10.0.1;ATI.Mfg.NTamd64.6.0.1;ATI.Mfg.NTamd64.6.1.1;ATI.Mfg.NTamd64.6.2.1;ATI.Mfg.NTamd64.6.3.1","0","0","","1.19","","","1"
"25.12.1","Main","Display","d0_whql-amd-software-adrenalin-edition-25.12.1-win11-b.exe_c4a26c581a06\Packages\Drivers\Display\WT6A_INF\u0196284.inf","Windows Server 2019","17763","NotApplicableByProductType","ProjectionCandidate","PATCH_CANDIDATE","ProjectionCandidate","InfWideConservative","STATIC_CANDIDATE","NotEstablished","","ATI.Mfg.NTamd64.10.0.1..16299","0","3818","","1.27","1.27","","1"
"25.12.1","Main","Display","d0_whql-amd-software-adrenalin-edition-25.12.1-win11-b.exe_c4a26c581a06\Packages\Drivers\Display\WT6A_INF\u0196284.inf","Windows Server 2022","20348","NotApplicableByProductType","ProjectionCandidate","PATCH_CANDIDATE","ProjectionCandidate","InfWideConservative","STATIC_CANDIDATE","NotEstablished","","ATI.Mfg.NTamd64.10.0.1..16299","0","3818","","1.33","","","1"
"25.12.1","Main","Display","d0_whql-amd-software-adrenalin-edition-25.12.1-win11-b.exe_c4a26c581a06\Packages\Drivers\Display\WT6A_INF\u0196284.inf","Windows Server 2025","26100","NotApplicableByProductType","ProjectionCandidate","PATCH_CANDIDATE","ProjectionCandidate","InfWideConservative","STATIC_CANDIDATE","NotEstablished","","ATI.Mfg.NTamd64.10.0.1..16299","0","3818","","1.33","1.35","","1"
"25.12.1","Main","Display","d0_whql-amd-software-adrenalin-edition-25.12.1-win11-b.exe_c4a26c581a06\Packages\Drivers\Display\WT6A_INF\amdfdans\AMDFDANS.inf","Windows Server 2016","14393","NativeApplicable","NativeApplicable","NATIVE_CANDIDATE","NativeCandidate","InfWideConservative","STATIC_CANDIDATE","NotEstablished","AMD.Mfg.NTamd64.10.0","AMD.Mfg.NTamd64.10.0","1","1","","1.19","","","0"
"25.12.1","Main","Display","d0_whql-amd-software-adrenalin-edition-25.12.1-win11-b.exe_c4a26c581a06\Packages\Drivers\Display\WT6A_INF\amdfdans\AMDFDANS.inf","Windows Server 2019","17763","NativeApplicable","NativeApplicable","NATIVE_CANDIDATE","NativeCandidate","InfWideConservative","STATIC_CANDIDATE","NotEstablished","AMD.Mfg.NTamd64.10.0","AMD.Mfg.NTamd64.10.0","1","1","","1.27","1.27","","0"
"25.12.1","Main","Display","d0_whql-amd-software-adrenalin-edition-25.12.1-win11-b.exe_c4a26c581a06\Packages\Drivers\Display\WT6A_INF\amdfdans\AMDFDANS.inf","Windows Server 2022","20348","NativeApplicable","NativeApplicable","NATIVE_CANDIDATE","NativeCandidate","InfWideConservative","STATIC_CANDIDATE","NotEstablished","AMD.Mfg.NTamd64.10.0","AMD.Mfg.NTamd64.10.0","1","1","","1.33","","","0"
"25.12.1","Main","Display","d0_whql-amd-software-adrenalin-edition-25.12.1-win11-b.exe_c4a26c581a06\Packages\Drivers\Display\WT6A_INF\amdfdans\AMDFDANS.inf","Windows Server 2025","26100","NativeApplicable","NativeApplicable","NATIVE_CANDIDATE","NativeCandidate","InfWideConservative","STATIC_CANDIDATE","NotEstablished","AMD.Mfg.NTamd64.10.0","AMD.Mfg.NTamd64.10.0","1","1","","1.33","1.35","","0"
"25.12.1","Main","Display","d0_whql-amd-software-adrenalin-edition-25.12.1-win11-b.exe_c4a26c581a06\Packages\Drivers\Display\WT6A_INF\amdfendr\amdfendr.inf","Windows Server 2016","14393","NotApplicableByBuild","NotApplicableByBuild","NOT_APPLICABLE","NotApplicable","InfWideConservative","STATIC_CANDIDATE","NotEstablished","","","0","0","1.15","1.19","","","0"
"25.12.1","Main","Display","d0_whql-amd-software-adrenalin-edition-25.12.1-win11-b.exe_c4a26c581a06\Packages\Drivers\Display\WT6A_INF\amdfendr\amdfendr.inf","Windows Server 2019","17763","NativeApplicable","NativeApplicable","NATIVE_CANDIDATE","NativeCandidate","InfWideConservative","STATIC_CANDIDATE","NotEstablished","AMDFENDR_KM.NTAMD64.10.0...16299","AMDFENDR_KM.NTAMD64.10.0...16299","1","1","1.15","1.27","1.27","","0"
"25.12.1","Main","Display","d0_whql-amd-software-adrenalin-edition-25.12.1-win11-b.exe_c4a26c581a06\Packages\Drivers\Display\WT6A_INF\amdfendr\amdfendr.inf","Windows Server 2022","20348","NativeApplicable","NativeApplicable","NATIVE_CANDIDATE","NativeCandidate","InfWideConservative","STATIC_CANDIDATE","NotEstablished","AMDFENDR_KM.NTAMD64.10.0...16299","AMDFENDR_KM.NTAMD64.10.0...16299","1","1","1.15","1.33","","","0"
"25.12.1","Main","Display","d0_whql-amd-software-adrenalin-edition-25.12.1-win11-b.exe_c4a26c581a06\Packages\Drivers\Display\WT6A_INF\amdfendr\amdfendr.inf","Windows Server 2025","26100","NativeApplicable","NativeApplicable","NATIVE_CANDIDATE","NativeCandidate","InfWideConservative","STATIC_CANDIDATE","NotEstablished","AMDFENDR_KM.NTAMD64.10.0...16299","AMDFENDR_KM.NTAMD64.10.0...16299","1","1","1.15","1.33","1.35","","0"
"25.12.1","Main","Display","d0_whql-amd-software-adrenalin-edition-25.12.1-win11-b.exe_c4a26c581a06\Packages\Drivers\Display\WT6A_INF\amdocl\amdocl.inf","Windows Server 2016","14393","NotApplicableByBuild","NotApplicableByBuild","NOT_APPLICABLE","NotApplicable","InfWideConservative","STATIC_CANDIDATE","NotEstablished","","","0","0","","1.19","","","0"
"25.12.1","Main","Display","d0_whql-amd-software-adrenalin-edition-25.12.1-win11-b.exe_c4a26c581a06\Packages\Drivers\Display\WT6A_INF\amdocl\amdocl.inf","Windows Server 2019","17763","NativeApplicable","NativeApplicable","NATIVE_CANDIDATE","NativeCandidate","InfWideConservative","STATIC_CANDIDATE","NotEstablished","AMD.Mfg.NTamd64.10.0...16299","AMD.Mfg.NTamd64.10.0...16299","1","1","","1.27","1.27","","0"
"25.12.1","Main","Display","d0_whql-amd-software-adrenalin-edition-25.12.1-win11-b.exe_c4a26c581a06\Packages\Drivers\Display\WT6A_INF\amdocl\amdocl.inf","Windows Server 2022","20348","NativeApplicable","NativeApplicable","NATIVE_CANDIDATE","NativeCandidate","InfWideConservative","STATIC_CANDIDATE","NotEstablished","AMD.Mfg.NTamd64.10.0...16299","AMD.Mfg.NTamd64.10.0...16299","1","1","","1.33","","","0"
"25.12.1","Main","Display","d0_whql-amd-software-adrenalin-edition-25.12.1-win11-b.exe_c4a26c581a06\Packages\Drivers\Display\WT6A_INF\amdocl\amdocl.inf","Windows Server 2025","26100","NativeApplicable","NativeApplicable","NATIVE_CANDIDATE","NativeCandidate","InfWideConservative","STATIC_CANDIDATE","NotEstablished","AMD.Mfg.NTamd64.10.0...16299","AMD.Mfg.NTamd64.10.0...16299","1","1","","1.33","1.35","","0"
"25.12.1","Main","Display","d0_whql-amd-software-adrenalin-edition-25.12.1-win11-b.exe_c4a26c581a06\Packages\Drivers\Display\WT6A_INF\amdogl\amdogl.inf","Windows Server 2016","14393","NotApplicableByBuild","NotApplicableByBuild","NOT_APPLICABLE","NotApplicable","InfWideConservative","STATIC_CANDIDATE","NotEstablished","","","0","0","","1.19","","","0"
"25.12.1","Main","Display","d0_whql-amd-software-adrenalin-edition-25.12.1-win11-b.exe_c4a26c581a06\Packages\Drivers\Display\WT6A_INF\amdogl\amdogl.inf","Windows Server 2019","17763","NativeApplicable","NativeApplicable","NATIVE_CANDIDATE","NativeCandidate","InfWideConservative","STATIC_CANDIDATE","NotEstablished","AMD.Mfg.NTamd64.10.0...16299","AMD.Mfg.NTamd64.10.0...16299","1","1","","1.27","1.27","","0"
"25.12.1","Main","Display","d0_whql-amd-software-adrenalin-edition-25.12.1-win11-b.exe_c4a26c581a06\Packages\Drivers\Display\WT6A_INF\amdogl\amdogl.inf","Windows Server 2022","20348","NativeApplicable","NativeApplicable","NATIVE_CANDIDATE","NativeCandidate","InfWideConservative","STATIC_CANDIDATE","NotEstablished","AMD.Mfg.NTamd64.10.0...16299","AMD.Mfg.NTamd64.10.0...16299","1","1","","1.33","","","0"
"25.12.1","Main","Display","d0_whql-amd-software-adrenalin-edition-25.12.1-win11-b.exe_c4a26c581a06\Packages\Drivers\Display\WT6A_INF\amdogl\amdogl.inf","Windows Server 2025","26100","NativeApplicable","NativeApplicable","NATIVE_CANDIDATE","NativeCandidate","InfWideConservative","STATIC_CANDIDATE","NotEstablished","AMD.Mfg.NTamd64.10.0...16299","AMD.Mfg.NTamd64.10.0...16299","1","1","","1.33","1.35","","0"
"25.12.1","Main","Display","d0_whql-amd-software-adrenalin-edition-25.12.1-win11-b.exe_c4a26c581a06\Packages\Drivers\Display\WT6A_INF\amdpcibridge\amdpcibridgeextension.inf","Windows Server 2016","14393","NativeApplicable","NativeApplicable","NATIVE_CANDIDATE","NativeCandidate","InfWideConservative","STATIC_CANDIDATE","NotEstablished","DeviceExtensions.NTamd64","DeviceExtensions.NTamd64","2","2","","1.19","","","0"
"25.12.1","Main","Display","d0_whql-amd-software-adrenalin-edition-25.12.1-win11-b.exe_c4a26c581a06\Packages\Drivers\Display\WT6A_INF\amdpcibridge\amdpcibridgeextension.inf","Windows Server 2019","17763","NativeApplicable","NativeApplicable","NATIVE_CANDIDATE","NativeCandidate","InfWideConservative","STATIC_CANDIDATE","NotEstablished","DeviceExtensions.NTamd64","DeviceExtensions.NTamd64","2","2","","1.27","1.27","","0"
"25.12.1","Main","Display","d0_whql-amd-software-adrenalin-edition-25.12.1-win11-b.exe_c4a26c581a06\Packages\Drivers\Display\WT6A_INF\amdpcibridge\amdpcibridgeextension.inf","Windows Server 2022","20348","NativeApplicable","NativeApplicable","NATIVE_CANDIDATE","NativeCandidate","InfWideConservative","STATIC_CANDIDATE","NotEstablished","DeviceExtensions.NTamd64","DeviceExtensions.NTamd64","2","2","","1.33","","","0"
"25.12.1","Main","Display","d0_whql-amd-software-adrenalin-edition-25.12.1-win11-b.exe_c4a26c581a06\Packages\Drivers\Display\WT6A_INF\amdpcibridge\amdpcibridgeextension.inf","Windows Server 2025","26100","NativeApplicable","NativeApplicable","NATIVE_CANDIDATE","NativeCandidate","InfWideConservative","STATIC_CANDIDATE","NotEstablished","DeviceExtensions.NTamd64","DeviceExtensions.NTamd64","2","2","","1.33","1.35","","0"
"25.12.1","Main","Display","d0_whql-amd-software-adrenalin-edition-25.12.1-win11-b.exe_c4a26c581a06\Packages\Drivers\Display\WT6A_INF\amdvlk\amdvlk.inf","Windows Server 2016","14393","NotApplicableByBuild","NotApplicableByBuild","NOT_APPLICABLE","NotApplicable","InfWideConservative","STATIC_CANDIDATE","NotEstablished","","","0","0","","1.19","","","0"
"25.12.1","Main","Display","d0_whql-amd-software-adrenalin-edition-25.12.1-win11-b.exe_c4a26c581a06\Packages\Drivers\Display\WT6A_INF\amdvlk\amdvlk.inf","Windows Server 2019","17763","NativeApplicable","NativeApplicable","NATIVE_CANDIDATE","NativeCandidate","InfWideConservative","STATIC_CANDIDATE","NotEstablished","AMD.Mfg.NTamd64.10.0...16299","AMD.Mfg.NTamd64.10.0...16299","1","1","","1.27","1.27","","0"
"25.12.1","Main","Display","d0_whql-amd-software-adrenalin-edition-25.12.1-win11-b.exe_c4a26c581a06\Packages\Drivers\Display\WT6A_INF\amdvlk\amdvlk.inf","Windows Server 2022","20348","NativeApplicable","NativeApplicable","NATIVE_CANDIDATE","NativeCandidate","InfWideConservative","STATIC_CANDIDATE","NotEstablished","AMD.Mfg.NTamd64.10.0...16299","AMD.Mfg.NTamd64.10.0...16299","1","1","","1.33","","","0"
"25.12.1","Main","Display","d0_whql-amd-software-adrenalin-edition-25.12.1-win11-b.exe_c4a26c581a06\Packages\Drivers\Display\WT6A_INF\amdvlk\amdvlk.inf","Windows Server 2025","26100","NativeApplicable","NativeApplicable","NATIVE_CANDIDATE","NativeCandidate","InfWideConservative","STATIC_CANDIDATE","NotEstablished","AMD.Mfg.NTamd64.10.0...16299","AMD.Mfg.NTamd64.10.0...16299","1","1","","1.33","1.35","","0"
"25.12.1","Main","Display","d0_whql-amd-software-adrenalin-edition-25.12.1-win11-b.exe_c4a26c581a06\Packages\Drivers\Display\WT6A_INF\amdwin\amdwin-u0196284.inf","Windows Server 2016","14393","NativeApplicable","NativeApplicable","NATIVE_CANDIDATE","NativeCandidate","InfWideConservative","STATIC_CANDIDATE","NotEstablished","AMD.Mfg.NTamd64.10.0","AMD.Mfg.NTamd64.10.0","1","1","","1.19","","","0"
"25.12.1","Main","Display","d0_whql-amd-software-adrenalin-edition-25.12.1-win11-b.exe_c4a26c581a06\Packages\Drivers\Display\WT6A_INF\amdwin\amdwin-u0196284.inf","Windows Server 2019","17763","NativeApplicable","NativeApplicable","NATIVE_CANDIDATE","NativeCandidate","InfWideConservative","STATIC_CANDIDATE","NotEstablished","AMD.Mfg.NTamd64.10.0","AMD.Mfg.NTamd64.10.0","1","1","","1.27","1.27","","0"
"25.12.1","Main","Display","d0_whql-amd-software-adrenalin-edition-25.12.1-win11-b.exe_c4a26c581a06\Packages\Drivers\Display\WT6A_INF\amdwin\amdwin-u0196284.inf","Windows Server 2022","20348","NativeApplicable","NativeApplicable","NATIVE_CANDIDATE","NativeCandidate","InfWideConservative","STATIC_CANDIDATE","NotEstablished","AMD.Mfg.NTamd64.10.0","AMD.Mfg.NTamd64.10.0","1","1","","1.33","","","0"
"25.12.1","Main","Display","d0_whql-amd-software-adrenalin-edition-25.12.1-win11-b.exe_c4a26c581a06\Packages\Drivers\Display\WT6A_INF\amdwin\amdwin-u0196284.inf","Windows Server 2025","26100","NativeApplicable","NativeApplicable","NATIVE_CANDIDATE","NativeCandidate","InfWideConservative","STATIC_CANDIDATE","NotEstablished","AMD.Mfg.NTamd64.10.0","AMD.Mfg.NTamd64.10.0","1","1","","1.33","1.35","","0"
"25.12.1","Main","Display","d0_whql-amd-software-adrenalin-edition-25.12.1-win11-b.exe_c4a26c581a06\Packages\Drivers\Display\WT6A_INF\amdxe\amdxe.inf","Windows Server 2016","14393","NativeApplicable","NativeApplicable","NATIVE_CANDIDATE","NativeCandidate","InfWideConservative","STATIC_CANDIDATE","NotEstablished","Standard.NTamd64","Standard.NTamd64","1","1","1.15","1.19","","","0"
"25.12.1","Main","Display","d0_whql-amd-software-adrenalin-edition-25.12.1-win11-b.exe_c4a26c581a06\Packages\Drivers\Display\WT6A_INF\amdxe\amdxe.inf","Windows Server 2019","17763","NativeApplicable","NativeApplicable","NATIVE_CANDIDATE","NativeCandidate","InfWideConservative","STATIC_CANDIDATE","NotEstablished","Standard.NTamd64","Standard.NTamd64","1","1","1.15","1.27","1.27","","0"
"25.12.1","Main","Display","d0_whql-amd-software-adrenalin-edition-25.12.1-win11-b.exe_c4a26c581a06\Packages\Drivers\Display\WT6A_INF\amdxe\amdxe.inf","Windows Server 2022","20348","NativeApplicable","NativeApplicable","NATIVE_CANDIDATE","NativeCandidate","InfWideConservative","STATIC_CANDIDATE","NotEstablished","Standard.NTamd64","Standard.NTamd64","1","1","1.15","1.33","","","0"
"25.12.1","Main","Display","d0_whql-amd-software-adrenalin-edition-25.12.1-win11-b.exe_c4a26c581a06\Packages\Drivers\Display\WT6A_INF\amdxe\amdxe.inf","Windows Server 2025","26100","NativeApplicable","NativeApplicable","NATIVE_CANDIDATE","NativeCandidate","InfWideConservative","STATIC_CANDIDATE","NotEstablished","Standard.NTamd64","Standard.NTamd64","1","1","1.15","1.33","1.35","","0"
"25.12.1","Main","SBDrv","d0_whql-amd-software-adrenalin-edition-25.12.1-win11-b.exe_c4a26c581a06\Packages\Drivers\SBDrv\AMDUCSI\WT64A\amducsi.inf","Windows Server 2016","14393","NativeApplicable","NativeApplicable","NATIVE_CANDIDATE","NativeCandidate","InfWideConservative","STATIC_CANDIDATE","NotEstablished","AMD.NTamd64","AMD.NTamd64","5","5","1.15","1.19","","","1"
"25.12.1","Main","SBDrv","d0_whql-amd-software-adrenalin-edition-25.12.1-win11-b.exe_c4a26c581a06\Packages\Drivers\SBDrv\AMDUCSI\WT64A\amducsi.inf","Windows Server 2019","17763","NativeApplicable","NativeApplicable","NATIVE_CANDIDATE","NativeCandidate","InfWideConservative","STATIC_CANDIDATE","NotEstablished","AMD.NTamd64","AMD.NTamd64","5","5","1.15","1.27","1.27","","1"
"25.12.1","Main","SBDrv","d0_whql-amd-software-adrenalin-edition-25.12.1-win11-b.exe_c4a26c581a06\Packages\Drivers\SBDrv\AMDUCSI\WT64A\amducsi.inf","Windows Server 2022","20348","NativeApplicable","NativeApplicable","NATIVE_CANDIDATE","NativeCandidate","InfWideConservative","STATIC_CANDIDATE","NotEstablished","AMD.NTamd64","AMD.NTamd64","5","5","1.15","1.33","","","1"
"25.12.1","Main","SBDrv","d0_whql-amd-software-adrenalin-edition-25.12.1-win11-b.exe_c4a26c581a06\Packages\Drivers\SBDrv\AMDUCSI\WT64A\amducsi.inf","Windows Server 2025","26100","NativeApplicable","NativeApplicable","NATIVE_CANDIDATE","NativeCandidate","InfWideConservative","STATIC_CANDIDATE","NotEstablished","AMD.NTamd64","AMD.NTamd64","5","5","1.15","1.33","1.35","","1"
"25.12.1","Main","AMDISP","d0_whql-amd-software-adrenalin-edition-25.12.1-win11-a.exe_63050d5da330\Packages\Drivers\AMDISP\AMDCAMERA\WT64A\amdcamera.inf","Windows Server 2016","14393","NativeApplicable","NativeApplicable","NATIVE_CANDIDATE","NativeCandidate","InfWideConservative","STATIC_CANDIDATE","NotEstablished","AMD.NTamd64","AMD.NTamd64","1","1","","1.19","","","1"
"25.12.1","Main","AMDISP","d0_whql-amd-software-adrenalin-edition-25.12.1-win11-a.exe_63050d5da330\Packages\Drivers\AMDISP\AMDCAMERA\WT64A\amdcamera.inf","Windows Server 2019","17763","NativeApplicable","NativeApplicable","NATIVE_CANDIDATE","NativeCandidate","InfWideConservative","STATIC_CANDIDATE","NotEstablished","AMD.NTamd64","AMD.NTamd64","1","1","","1.27","1.27","","1"
"25.12.1","Main","AMDISP","d0_whql-amd-software-adrenalin-edition-25.12.1-win11-a.exe_63050d5da330\Packages\Drivers\AMDISP\AMDCAMERA\WT64A\amdcamera.inf","Windows Server 2022","20348","NativeApplicable","NativeApplicable","NATIVE_CANDIDATE","NativeCandidate","InfWideConservative","STATIC_CANDIDATE","NotEstablished","AMD.NTamd64","AMD.NTamd64","1","1","","1.33","","","1"
"25.12.1","Main","AMDISP","d0_whql-amd-software-adrenalin-edition-25.12.1-win11-a.exe_63050d5da330\Packages\Drivers\AMDISP\AMDCAMERA\WT64A\amdcamera.inf","Windows Server 2025","26100","NativeApplicable","NativeApplicable","NATIVE_CANDIDATE","NativeCandidate","InfWideConservative","STATIC_CANDIDATE","NotEstablished","AMD.NTamd64","AMD.NTamd64","1","1","","1.33","1.35","","1"
"25.12.1","Main","AMDISP","d0_whql-amd-software-adrenalin-edition-25.12.1-win11-a.exe_63050d5da330\Packages\Drivers\AMDISP\AMDISP\WT64A\amdisp.inf","Windows Server 2016","14393","NativeApplicable","NativeApplicable","REVIEW_REQUIRED","WdfRequirementReview","InfWideConservative","STATIC_CANDIDATE","NotEstablished","AMD.NTamd64;AMD_SRX.NTamd64","AMD.NTamd64;AMD_SRX.NTamd64","2","2","1.23.0","1.19","","2.23.0","1"
"25.12.1","Main","AMDISP","d0_whql-amd-software-adrenalin-edition-25.12.1-win11-a.exe_63050d5da330\Packages\Drivers\AMDISP\AMDISP\WT64A\amdisp.inf","Windows Server 2019","17763","NativeApplicable","NativeApplicable","NATIVE_CANDIDATE","NativeCandidate","InfWideConservative","STATIC_CANDIDATE","NotEstablished","AMD.NTamd64;AMD_SRX.NTamd64","AMD.NTamd64;AMD_SRX.NTamd64","2","2","1.23.0","1.27","1.27","2.23.0","1"
"25.12.1","Main","AMDISP","d0_whql-amd-software-adrenalin-edition-25.12.1-win11-a.exe_63050d5da330\Packages\Drivers\AMDISP\AMDISP\WT64A\amdisp.inf","Windows Server 2022","20348","NativeApplicable","NativeApplicable","NATIVE_CANDIDATE","NativeCandidate","InfWideConservative","STATIC_CANDIDATE","NotEstablished","AMD.NTamd64;AMD_SRX.NTamd64","AMD.NTamd64;AMD_SRX.NTamd64","2","2","1.23.0","1.33","","2.23.0","1"
"25.12.1","Main","AMDISP","d0_whql-amd-software-adrenalin-edition-25.12.1-win11-a.exe_63050d5da330\Packages\Drivers\AMDISP\AMDISP\WT64A\amdisp.inf","Windows Server 2025","26100","NativeApplicable","NativeApplicable","NATIVE_CANDIDATE","NativeCandidate","InfWideConservative","STATIC_CANDIDATE","NotEstablished","AMD.NTamd64;AMD_SRX.NTamd64","AMD.NTamd64;AMD_SRX.NTamd64","2","2","1.23.0","1.33","1.35","2.23.0","1"
"25.12.1","Main","AMDISP","d0_whql-amd-software-adrenalin-edition-25.12.1-win11-a.exe_63050d5da330\Packages\Drivers\AMDISP\GC1029\WT64A\sensorGC1029.inf","Windows Server 2016","14393","NativeApplicable","NativeApplicable","NATIVE_CANDIDATE","NativeCandidate","InfWideConservative","STATIC_CANDIDATE","NotEstablished","Standard.NTamd64","Standard.NTamd64","1","1","1.15","1.19","","","1"
"25.12.1","Main","AMDISP","d0_whql-amd-software-adrenalin-edition-25.12.1-win11-a.exe_63050d5da330\Packages\Drivers\AMDISP\GC1029\WT64A\sensorGC1029.inf","Windows Server 2019","17763","NativeApplicable","NativeApplicable","NATIVE_CANDIDATE","NativeCandidate","InfWideConservative","STATIC_CANDIDATE","NotEstablished","Standard.NTamd64","Standard.NTamd64","1","1","1.15","1.27","1.27","","1"
"25.12.1","Main","AMDISP","d0_whql-amd-software-adrenalin-edition-25.12.1-win11-a.exe_63050d5da330\Packages\Drivers\AMDISP\GC1029\WT64A\sensorGC1029.inf","Windows Server 2022","20348","NativeApplicable","NativeApplicable","NATIVE_CANDIDATE","NativeCandidate","InfWideConservative","STATIC_CANDIDATE","NotEstablished","Standard.NTamd64","Standard.NTamd64","1","1","1.15","1.33","","","1"
"25.12.1","Main","AMDISP","d0_whql-amd-software-adrenalin-edition-25.12.1-win11-a.exe_63050d5da330\Packages\Drivers\AMDISP\GC1029\WT64A\sensorGC1029.inf","Windows Server 2025","26100","NativeApplicable","NativeApplicable","NATIVE_CANDIDATE","NativeCandidate","InfWideConservative","STATIC_CANDIDATE","NotEstablished","Standard.NTamd64","Standard.NTamd64","1","1","1.15","1.33","1.35","","1"
"25.12.1","Main","AMDISP","d0_whql-amd-software-adrenalin-edition-25.12.1-win11-a.exe_63050d5da330\Packages\Drivers\AMDISP\HM1092\WT64A\sensorHM1092.inf","Windows Server 2016","14393","NativeApplicable","NativeApplicable","NATIVE_CANDIDATE","NativeCandidate","InfWideConservative","STATIC_CANDIDATE","NotEstablished","Standard.NTamd64","Standard.NTamd64","1","1","1.15","1.19","","","1"
"25.12.1","Main","AMDISP","d0_whql-amd-software-adrenalin-edition-25.12.1-win11-a.exe_63050d5da330\Packages\Drivers\AMDISP\HM1092\WT64A\sensorHM1092.inf","Windows Server 2019","17763","NativeApplicable","NativeApplicable","NATIVE_CANDIDATE","NativeCandidate","InfWideConservative","STATIC_CANDIDATE","NotEstablished","Standard.NTamd64","Standard.NTamd64","1","1","1.15","1.27","1.27","","1"
"25.12.1","Main","AMDISP","d0_whql-amd-software-adrenalin-edition-25.12.1-win11-a.exe_63050d5da330\Packages\Drivers\AMDISP\HM1092\WT64A\sensorHM1092.inf","Windows Server 2022","20348","NativeApplicable","NativeApplicable","NATIVE_CANDIDATE","NativeCandidate","InfWideConservative","STATIC_CANDIDATE","NotEstablished","Standard.NTamd64","Standard.NTamd64","1","1","1.15","1.33","","","1"
"25.12.1","Main","AMDISP","d0_whql-amd-software-adrenalin-edition-25.12.1-win11-a.exe_63050d5da330\Packages\Drivers\AMDISP\HM1092\WT64A\sensorHM1092.inf","Windows Server 2025","26100","NativeApplicable","NativeApplicable","NATIVE_CANDIDATE","NativeCandidate","InfWideConservative","STATIC_CANDIDATE","NotEstablished","Standard.NTamd64","Standard.NTamd64","1","1","1.15","1.33","1.35","","1"
"25.12.1","Main","AMDISP","d0_whql-amd-software-adrenalin-edition-25.12.1-win11-a.exe_63050d5da330\Packages\Drivers\AMDISP\OV05C\WT64A\sensorOV05C.inf","Windows Server 2016","14393","NativeApplicable","NativeApplicable","NATIVE_CANDIDATE","NativeCandidate","InfWideConservative","STATIC_CANDIDATE","NotEstablished","Standard.NTamd64","Standard.NTamd64","1","1","1.15","1.19","","","1"
"25.12.1","Main","AMDISP","d0_whql-amd-software-adrenalin-edition-25.12.1-win11-a.exe_63050d5da330\Packages\Drivers\AMDISP\OV05C\WT64A\sensorOV05C.inf","Windows Server 2019","17763","NativeApplicable","NativeApplicable","NATIVE_CANDIDATE","NativeCandidate","InfWideConservative","STATIC_CANDIDATE","NotEstablished","Standard.NTamd64","Standard.NTamd64","1","1","1.15","1.27","1.27","","1"
"25.12.1","Main","AMDISP","d0_whql-amd-software-adrenalin-edition-25.12.1-win11-a.exe_63050d5da330\Packages\Drivers\AMDISP\OV05C\WT64A\sensorOV05C.inf","Windows Server 2022","20348","NativeApplicable","NativeApplicable","NATIVE_CANDIDATE","NativeCandidate","InfWideConservative","STATIC_CANDIDATE","NotEstablished","Standard.NTamd64","Standard.NTamd64","1","1","1.15","1.33","","","1"
"25.12.1","Main","AMDISP","d0_whql-amd-software-adrenalin-edition-25.12.1-win11-a.exe_63050d5da330\Packages\Drivers\AMDISP\OV05C\WT64A\sensorOV05C.inf","Windows Server 2025","26100","NativeApplicable","NativeApplicable","NATIVE_CANDIDATE","NativeCandidate","InfWideConservative","STATIC_CANDIDATE","NotEstablished","Standard.NTamd64","Standard.NTamd64","1","1","1.15","1.33","1.35","","1"
"25.12.1","Main","AMDISP","d0_whql-amd-software-adrenalin-edition-25.12.1-win11-a.exe_63050d5da330\Packages\Drivers\AMDISP\OV08X\WT64A\sensorOV08X.inf","Windows Server 2016","14393","NativeApplicable","NativeApplicable","NATIVE_CANDIDATE","NativeCandidate","InfWideConservative","STATIC_CANDIDATE","NotEstablished","Standard.NTamd64","Standard.NTamd64","2","2","1.15","1.19","","","1"
"25.12.1","Main","AMDISP","d0_whql-amd-software-adrenalin-edition-25.12.1-win11-a.exe_63050d5da330\Packages\Drivers\AMDISP\OV08X\WT64A\sensorOV08X.inf","Windows Server 2019","17763","NativeApplicable","NativeApplicable","NATIVE_CANDIDATE","NativeCandidate","InfWideConservative","STATIC_CANDIDATE","NotEstablished","Standard.NTamd64","Standard.NTamd64","2","2","1.15","1.27","1.27","","1"
"25.12.1","Main","AMDISP","d0_whql-amd-software-adrenalin-edition-25.12.1-win11-a.exe_63050d5da330\Packages\Drivers\AMDISP\OV08X\WT64A\sensorOV08X.inf","Windows Server 2022","20348","NativeApplicable","NativeApplicable","NATIVE_CANDIDATE","NativeCandidate","InfWideConservative","STATIC_CANDIDATE","NotEstablished","Standard.NTamd64","Standard.NTamd64","2","2","1.15","1.33","","","1"
"25.12.1","Main","AMDISP","d0_whql-amd-software-adrenalin-edition-25.12.1-win11-a.exe_63050d5da330\Packages\Drivers\AMDISP\OV08X\WT64A\sensorOV08X.inf","Windows Server 2025","26100","NativeApplicable","NativeApplicable","NATIVE_CANDIDATE","NativeCandidate","InfWideConservative","STATIC_CANDIDATE","NotEstablished","Standard.NTamd64","Standard.NTamd64","2","2","1.15","1.33","1.35","","1"
"25.12.1","Main","AMDISP","d0_whql-amd-software-adrenalin-edition-25.12.1-win11-a.exe_63050d5da330\Packages\Drivers\AMDISP\OV13B\WT64A\sensorOV13B.inf","Windows Server 2016","14393","NativeApplicable","NativeApplicable","NATIVE_CANDIDATE","NativeCandidate","InfWideConservative","STATIC_CANDIDATE","NotEstablished","Standard.NTamd64","Standard.NTamd64","1","1","1.15","1.19","","","1"
"25.12.1","Main","AMDISP","d0_whql-amd-software-adrenalin-edition-25.12.1-win11-a.exe_63050d5da330\Packages\Drivers\AMDISP\OV13B\WT64A\sensorOV13B.inf","Windows Server 2019","17763","NativeApplicable","NativeApplicable","NATIVE_CANDIDATE","NativeCandidate","InfWideConservative","STATIC_CANDIDATE","NotEstablished","Standard.NTamd64","Standard.NTamd64","1","1","1.15","1.27","1.27","","1"
"25.12.1","Main","AMDISP","d0_whql-amd-software-adrenalin-edition-25.12.1-win11-a.exe_63050d5da330\Packages\Drivers\AMDISP\OV13B\WT64A\sensorOV13B.inf","Windows Server 2022","20348","NativeApplicable","NativeApplicable","NATIVE_CANDIDATE","NativeCandidate","InfWideConservative","STATIC_CANDIDATE","NotEstablished","Standard.NTamd64","Standard.NTamd64","1","1","1.15","1.33","","","1"
"25.12.1","Main","AMDISP","d0_whql-amd-software-adrenalin-edition-25.12.1-win11-a.exe_63050d5da330\Packages\Drivers\AMDISP\OV13B\WT64A\sensorOV13B.inf","Windows Server 2025","26100","NativeApplicable","NativeApplicable","NATIVE_CANDIDATE","NativeCandidate","InfWideConservative","STATIC_CANDIDATE","NotEstablished","Standard.NTamd64","Standard.NTamd64","1","1","1.15","1.33","1.35","","1"
"25.12.1","Main","AMDNPUMCDM","d0_whql-amd-software-adrenalin-edition-25.12.1-win11-a.exe_63050d5da330\Packages\Drivers\AMDNPUMCDM\WT64A\kipudrv.inf","Windows Server 2016","14393","NotApplicableByBuild","NotApplicableByBuild","NOT_APPLICABLE","NotApplicable","InfWideConservative","STATIC_CANDIDATE","NotEstablished","","","0","0","","1.19","","","4"
"25.12.1","Main","AMDNPUMCDM","d0_whql-amd-software-adrenalin-edition-25.12.1-win11-a.exe_63050d5da330\Packages\Drivers\AMDNPUMCDM\WT64A\kipudrv.inf","Windows Server 2019","17763","NotApplicableByBuild","NotApplicableByBuild","NOT_APPLICABLE","NotApplicable","InfWideConservative","STATIC_CANDIDATE","NotEstablished","","","0","0","","1.27","1.27","","4"
"25.12.1","Main","AMDNPUMCDM","d0_whql-amd-software-adrenalin-edition-25.12.1-win11-a.exe_63050d5da330\Packages\Drivers\AMDNPUMCDM\WT64A\kipudrv.inf","Windows Server 2022","20348","NotApplicableByBuild","NotApplicableByBuild","NOT_APPLICABLE","NotApplicable","InfWideConservative","STATIC_CANDIDATE","NotEstablished","","","0","0","","1.33","","","4"
"25.12.1","Main","AMDNPUMCDM","d0_whql-amd-software-adrenalin-edition-25.12.1-win11-a.exe_63050d5da330\Packages\Drivers\AMDNPUMCDM\WT64A\kipudrv.inf","Windows Server 2025","26100","NativeApplicable","NativeApplicable","NATIVE_CANDIDATE","NativeCandidate","InfWideConservative","STATIC_CANDIDATE","NotEstablished","IpuMcdmDriver.Mfg.NTamd64.10.0...22000","IpuMcdmDriver.Mfg.NTamd64.10.0...22000","2","2","","1.33","1.35","","4"
"25.12.1","Main","AMDNPUWDF","d0_whql-amd-software-adrenalin-edition-25.12.1-win11-a.exe_63050d5da330\Packages\Drivers\AMDNPUWDF\WT64A\kipudrv.inf","Windows Server 2016","14393","NativeApplicable","NativeApplicable","NATIVE_CANDIDATE","NativeCandidate","InfWideConservative","STATIC_CANDIDATE","NotEstablished","AMD.NTamd64.10.0...14393","AMD.NTamd64.10.0...14393","2","2","1.15","1.19","","","4"
"25.12.1","Main","AMDNPUWDF","d0_whql-amd-software-adrenalin-edition-25.12.1-win11-a.exe_63050d5da330\Packages\Drivers\AMDNPUWDF\WT64A\kipudrv.inf","Windows Server 2019","17763","NativeApplicable","NativeApplicable","NATIVE_CANDIDATE","NativeCandidate","InfWideConservative","STATIC_CANDIDATE","NotEstablished","AMD.NTamd64.10.0...14393","AMD.NTamd64.10.0...14393","2","2","1.15","1.27","1.27","","4"
"25.12.1","Main","AMDNPUWDF","d0_whql-amd-software-adrenalin-edition-25.12.1-win11-a.exe_63050d5da330\Packages\Drivers\AMDNPUWDF\WT64A\kipudrv.inf","Windows Server 2022","20348","NativeApplicable","NativeApplicable","NATIVE_CANDIDATE","NativeCandidate","InfWideConservative","STATIC_CANDIDATE","NotEstablished","AMD.NTamd64.10.0...14393","AMD.NTamd64.10.0...14393","2","2","1.15","1.33","","","4"
"25.12.1","Main","AMDNPUWDF","d0_whql-amd-software-adrenalin-edition-25.12.1-win11-a.exe_63050d5da330\Packages\Drivers\AMDNPUWDF\WT64A\kipudrv.inf","Windows Server 2025","26100","NativeApplicable","NativeApplicable","NATIVE_CANDIDATE","NativeCandidate","InfWideConservative","STATIC_CANDIDATE","NotEstablished","AMD.NTamd64.10.0...22000","AMD.NTamd64.10.0...22000","2","2","1.15","1.33","1.35","","4"
"25.12.1","Main","Audio","d0_whql-amd-software-adrenalin-edition-25.12.1-win11-a.exe_63050d5da330\Packages\Drivers\Audio\ACPAfd\WT64A\amdacpafd.inf","Windows Server 2016","14393","NotApplicableByBuild","NotApplicableByBuild","NOT_APPLICABLE","NotApplicable","InfWideConservative","STATIC_CANDIDATE","NotEstablished","","","0","0","1.15","1.19","","","1"
"25.12.1","Main","Audio","d0_whql-amd-software-adrenalin-edition-25.12.1-win11-a.exe_63050d5da330\Packages\Drivers\Audio\ACPAfd\WT64A\amdacpafd.inf","Windows Server 2019","17763","NativeApplicable","NativeApplicable","NATIVE_CANDIDATE","NativeCandidate","InfWideConservative","STATIC_CANDIDATE","NotEstablished","AMD.NTAMD64.10.0...16299","AMD.NTAMD64.10.0...16299","13","13","1.15","1.27","1.27","","1"
"25.12.1","Main","Audio","d0_whql-amd-software-adrenalin-edition-25.12.1-win11-a.exe_63050d5da330\Packages\Drivers\Audio\ACPAfd\WT64A\amdacpafd.inf","Windows Server 2022","20348","NativeApplicable","NativeApplicable","NATIVE_CANDIDATE","NativeCandidate","InfWideConservative","STATIC_CANDIDATE","NotEstablished","AMD.NTAMD64.10.0...16299","AMD.NTAMD64.10.0...16299","13","13","1.15","1.33","","","1"
"25.12.1","Main","Audio","d0_whql-amd-software-adrenalin-edition-25.12.1-win11-a.exe_63050d5da330\Packages\Drivers\Audio\ACPAfd\WT64A\amdacpafd.inf","Windows Server 2025","26100","NativeApplicable","NativeApplicable","NATIVE_CANDIDATE","NativeCandidate","InfWideConservative","STATIC_CANDIDATE","NotEstablished","AMD.NTAMD64.10.0...16299","AMD.NTAMD64.10.0...16299","13","13","1.15","1.33","1.35","","1"
"25.12.1","Main","Audio","d0_whql-amd-software-adrenalin-edition-25.12.1-win11-a.exe_63050d5da330\Packages\Drivers\Audio\ACPAFDSVC\WT64A\amdacpafdcomp.inf","Windows Server 2016","14393","NotApplicableByBuild","NotApplicableByBuild","NOT_APPLICABLE","NotApplicable","InfWideConservative","STATIC_CANDIDATE","NotEstablished","","","0","0","","1.19","","","0"
"25.12.1","Main","Audio","d0_whql-amd-software-adrenalin-edition-25.12.1-win11-a.exe_63050d5da330\Packages\Drivers\Audio\ACPAFDSVC\WT64A\amdacpafdcomp.inf","Windows Server 2019","17763","NativeApplicable","NativeApplicable","NATIVE_CANDIDATE","NativeCandidate","InfWideConservative","STATIC_CANDIDATE","NotEstablished","AMD.NTAMD64.10.0...16299","AMD.NTAMD64.10.0...16299","1","1","","1.27","1.27","","0"
"25.12.1","Main","Audio","d0_whql-amd-software-adrenalin-edition-25.12.1-win11-a.exe_63050d5da330\Packages\Drivers\Audio\ACPAFDSVC\WT64A\amdacpafdcomp.inf","Windows Server 2022","20348","NativeApplicable","NativeApplicable","NATIVE_CANDIDATE","NativeCandidate","InfWideConservative","STATIC_CANDIDATE","NotEstablished","AMD.NTAMD64.10.0...16299","AMD.NTAMD64.10.0...16299","1","1","","1.33","","","0"
"25.12.1","Main","Audio","d0_whql-amd-software-adrenalin-edition-25.12.1-win11-a.exe_63050d5da330\Packages\Drivers\Audio\ACPAFDSVC\WT64A\amdacpafdcomp.inf","Windows Server 2025","26100","NativeApplicable","NativeApplicable","NATIVE_CANDIDATE","NativeCandidate","InfWideConservative","STATIC_CANDIDATE","NotEstablished","AMD.NTAMD64.10.0...16299","AMD.NTAMD64.10.0...16299","1","1","","1.33","1.35","","0"
"25.12.1","Main","Audio","d0_whql-amd-software-adrenalin-edition-25.12.1-win11-a.exe_63050d5da330\Packages\Drivers\Audio\ACPAFDSVC\WT64A\amdacpafdext.inf","Windows Server 2016","14393","NotApplicableByBuild","NotApplicableByBuild","NOT_APPLICABLE","NotApplicable","InfWideConservative","STATIC_CANDIDATE","NotEstablished","","","0","0","","1.19","","","1"
"25.12.1","Main","Audio","d0_whql-amd-software-adrenalin-edition-25.12.1-win11-a.exe_63050d5da330\Packages\Drivers\Audio\ACPAFDSVC\WT64A\amdacpafdext.inf","Windows Server 2019","17763","NativeApplicable","NativeApplicable","NATIVE_CANDIDATE","NativeCandidate","InfWideConservative","STATIC_CANDIDATE","NotEstablished","AMD.NTAMD64.10.0...16299","AMD.NTAMD64.10.0...16299","1","1","","1.27","1.27","","1"
"25.12.1","Main","Audio","d0_whql-amd-software-adrenalin-edition-25.12.1-win11-a.exe_63050d5da330\Packages\Drivers\Audio\ACPAFDSVC\WT64A\amdacpafdext.inf","Windows Server 2022","20348","NativeApplicable","NativeApplicable","NATIVE_CANDIDATE","NativeCandidate","InfWideConservative","STATIC_CANDIDATE","NotEstablished","AMD.NTAMD64.10.0...16299","AMD.NTAMD64.10.0...16299","1","1","","1.33","","","1"
"25.12.1","Main","Audio","d0_whql-amd-software-adrenalin-edition-25.12.1-win11-a.exe_63050d5da330\Packages\Drivers\Audio\ACPAFDSVC\WT64A\amdacpafdext.inf","Windows Server 2025","26100","NativeApplicable","NativeApplicable","NATIVE_CANDIDATE","NativeCandidate","InfWideConservative","STATIC_CANDIDATE","NotEstablished","AMD.NTAMD64.10.0...16299","AMD.NTAMD64.10.0...16299","1","1","","1.33","1.35","","1"
"25.12.1","Main","Audio","d0_whql-amd-software-adrenalin-edition-25.12.1-win11-a.exe_63050d5da330\Packages\Drivers\Audio\ACPBTACX\WT64A\amdacpbtacx.inf","Windows Server 2016","14393","NotApplicableByBuild","NotApplicableByBuild","NOT_APPLICABLE","NotApplicable","InfWideConservative","STATIC_CANDIDATE","NotEstablished","","","0","0","1.31","1.19","","","1"
"25.12.1","Main","Audio","d0_whql-amd-software-adrenalin-edition-25.12.1-win11-a.exe_63050d5da330\Packages\Drivers\Audio\ACPBTACX\WT64A\amdacpbtacx.inf","Windows Server 2019","17763","NativeApplicable","NativeApplicable","REVIEW_REQUIRED","WdfRequirementReview","InfWideConservative","STATIC_CANDIDATE","NotEstablished","AMD.NTAMD64.10.0...16299","AMD.NTAMD64.10.0...16299","10","10","1.31","1.27","1.27","","1"
"25.12.1","Main","Audio","d0_whql-amd-software-adrenalin-edition-25.12.1-win11-a.exe_63050d5da330\Packages\Drivers\Audio\ACPBTACX\WT64A\amdacpbtacx.inf","Windows Server 2022","20348","NativeApplicable","NativeApplicable","NATIVE_CANDIDATE","NativeCandidate","InfWideConservative","STATIC_CANDIDATE","NotEstablished","AMD.NTAMD64.10.0...16299","AMD.NTAMD64.10.0...16299","10","10","1.31","1.33","","","1"
"25.12.1","Main","Audio","d0_whql-amd-software-adrenalin-edition-25.12.1-win11-a.exe_63050d5da330\Packages\Drivers\Audio\ACPBTACX\WT64A\amdacpbtacx.inf","Windows Server 2025","26100","NativeApplicable","NativeApplicable","NATIVE_CANDIDATE","NativeCandidate","InfWideConservative","STATIC_CANDIDATE","NotEstablished","AMD.NTAMD64.10.0...16299","AMD.NTAMD64.10.0...16299","10","10","1.31","1.33","1.35","","1"
"25.12.1","Main","Audio","d0_whql-amd-software-adrenalin-edition-25.12.1-win11-a.exe_63050d5da330\Packages\Drivers\Audio\ACPBtAfd\WT64A\amdacpbt.inf","Windows Server 2016","14393","NotApplicableByBuild","NotApplicableByBuild","NOT_APPLICABLE","NotApplicable","InfWideConservative","STATIC_CANDIDATE","NotEstablished","","","0","0","1.15","1.19","","","1"
"25.12.1","Main","Audio","d0_whql-amd-software-adrenalin-edition-25.12.1-win11-a.exe_63050d5da330\Packages\Drivers\Audio\ACPBtAfd\WT64A\amdacpbt.inf","Windows Server 2019","17763","NativeApplicable","NativeApplicable","NATIVE_CANDIDATE","NativeCandidate","InfWideConservative","STATIC_CANDIDATE","NotEstablished","AMD.NTAMD64.10.0...16299","AMD.NTAMD64.10.0...16299","3","3","1.15","1.27","1.27","","1"
"25.12.1","Main","Audio","d0_whql-amd-software-adrenalin-edition-25.12.1-win11-a.exe_63050d5da330\Packages\Drivers\Audio\ACPBtAfd\WT64A\amdacpbt.inf","Windows Server 2022","20348","NativeApplicable","NativeApplicable","NATIVE_CANDIDATE","NativeCandidate","InfWideConservative","STATIC_CANDIDATE","NotEstablished","AMD.NTAMD64.10.0...16299","AMD.NTAMD64.10.0...16299","3","3","1.15","1.33","","","1"
"25.12.1","Main","Audio","d0_whql-amd-software-adrenalin-edition-25.12.1-win11-a.exe_63050d5da330\Packages\Drivers\Audio\ACPBtAfd\WT64A\amdacpbt.inf","Windows Server 2025","26100","NativeApplicable","NativeApplicable","NATIVE_CANDIDATE","NativeCandidate","InfWideConservative","STATIC_CANDIDATE","NotEstablished","AMD.NTAMD64.10.0...16299","AMD.NTAMD64.10.0...16299","3","3","1.15","1.33","1.35","","1"
"25.12.1","Main","Audio","d0_whql-amd-software-adrenalin-edition-25.12.1-win11-a.exe_63050d5da330\Packages\Drivers\Audio\ACPBtAfd\WT64A\amdacpbtscoext\amdacpbtscoext.inf","Windows Server 2016","14393","NotApplicableByBuild","NotApplicableByBuild","NOT_APPLICABLE","NotApplicable","InfWideConservative","STATIC_CANDIDATE","NotEstablished","","","0","0","","1.19","","","0"
"25.12.1","Main","Audio","d0_whql-amd-software-adrenalin-edition-25.12.1-win11-a.exe_63050d5da330\Packages\Drivers\Audio\ACPBtAfd\WT64A\amdacpbtscoext\amdacpbtscoext.inf","Windows Server 2019","17763","NotApplicableByBuild","NotApplicableByBuild","NOT_APPLICABLE","NotApplicable","InfWideConservative","STATIC_CANDIDATE","NotEstablished","","","0","0","","1.27","1.27","","0"
"25.12.1","Main","Audio","d0_whql-amd-software-adrenalin-edition-25.12.1-win11-a.exe_63050d5da330\Packages\Drivers\Audio\ACPBtAfd\WT64A\amdacpbtscoext\amdacpbtscoext.inf","Windows Server 2022","20348","NotApplicableByBuild","NotApplicableByBuild","NOT_APPLICABLE","NotApplicable","InfWideConservative","STATIC_CANDIDATE","NotEstablished","","","0","0","","1.33","","","0"
"25.12.1","Main","Audio","d0_whql-amd-software-adrenalin-edition-25.12.1-win11-a.exe_63050d5da330\Packages\Drivers\Audio\ACPBtAfd\WT64A\amdacpbtscoext\amdacpbtscoext.inf","Windows Server 2025","26100","NativeApplicable","NativeApplicable","NATIVE_CANDIDATE","NativeCandidate","InfWideConservative","STATIC_CANDIDATE","NotEstablished","QCA.NTamd64.10.0...22000","QCA.NTamd64.10.0...22000","1","1","","1.33","1.35","","0"
"25.12.1","Main","Audio","d0_whql-amd-software-adrenalin-edition-25.12.1-win11-a.exe_63050d5da330\Packages\Drivers\Audio\ACPBus\WT64A\amdacpbus.inf","Windows Server 2016","14393","NotApplicableByBuild","NotApplicableByBuild","NOT_APPLICABLE","NotApplicable","InfWideConservative","STATIC_CANDIDATE","NotEstablished","","","0","0","","1.19","","","1"
"25.12.1","Main","Audio","d0_whql-amd-software-adrenalin-edition-25.12.1-win11-a.exe_63050d5da330\Packages\Drivers\Audio\ACPBus\WT64A\amdacpbus.inf","Windows Server 2019","17763","NativeApplicable","NativeApplicable","NATIVE_CANDIDATE","NativeCandidate","InfWideConservative","STATIC_CANDIDATE","NotEstablished","AMD.NTamd64.10.0...16299","AMD.NTamd64.10.0...16299","6","6","","1.27","1.27","","1"
"25.12.1","Main","Audio","d0_whql-amd-software-adrenalin-edition-25.12.1-win11-a.exe_63050d5da330\Packages\Drivers\Audio\ACPBus\WT64A\amdacpbus.inf","Windows Server 2022","20348","NativeApplicable","NativeApplicable","NATIVE_CANDIDATE","NativeCandidate","InfWideConservative","STATIC_CANDIDATE","NotEstablished","AMD.NTamd64.10.0...16299","AMD.NTamd64.10.0...16299","6","6","","1.33","","","1"
"25.12.1","Main","Audio","d0_whql-amd-software-adrenalin-edition-25.12.1-win11-a.exe_63050d5da330\Packages\Drivers\Audio\ACPBus\WT64A\amdacpbus.inf","Windows Server 2025","26100","NativeApplicable","NativeApplicable","NATIVE_CANDIDATE","NativeCandidate","InfWideConservative","STATIC_CANDIDATE","NotEstablished","AMD.NTamd64.10.0...16299","AMD.NTamd64.10.0...16299","6","6","","1.33","1.35","","1"
"25.12.1","Main","Audio","d0_whql-amd-software-adrenalin-edition-25.12.1-win11-a.exe_63050d5da330\Packages\Drivers\Audio\ACPBus2\WT64A\amdacpbus2.inf","Windows Server 2016","14393","NotApplicableByBuild","NotApplicableByBuild","NOT_APPLICABLE","NotApplicable","InfWideConservative","STATIC_CANDIDATE","NotEstablished","","","0","0","","1.19","","","1"
"25.12.1","Main","Audio","d0_whql-amd-software-adrenalin-edition-25.12.1-win11-a.exe_63050d5da330\Packages\Drivers\Audio\ACPBus2\WT64A\amdacpbus2.inf","Windows Server 2019","17763","NativeApplicable","NativeApplicable","NATIVE_CANDIDATE","NativeCandidate","InfWideConservative","STATIC_CANDIDATE","NotEstablished","AMD.NTamd64.10.0...16299","AMD.NTamd64.10.0...16299","3","3","","1.27","1.27","","1"
"25.12.1","Main","Audio","d0_whql-amd-software-adrenalin-edition-25.12.1-win11-a.exe_63050d5da330\Packages\Drivers\Audio\ACPBus2\WT64A\amdacpbus2.inf","Windows Server 2022","20348","NativeApplicable","NativeApplicable","NATIVE_CANDIDATE","NativeCandidate","InfWideConservative","STATIC_CANDIDATE","NotEstablished","AMD.NTamd64.10.0...16299","AMD.NTamd64.10.0...16299","3","3","","1.33","","","1"
"25.12.1","Main","Audio","d0_whql-amd-software-adrenalin-edition-25.12.1-win11-a.exe_63050d5da330\Packages\Drivers\Audio\ACPBus2\WT64A\amdacpbus2.inf","Windows Server 2025","26100","NativeApplicable","NativeApplicable","NATIVE_CANDIDATE","NativeCandidate","InfWideConservative","STATIC_CANDIDATE","NotEstablished","AMD.NTamd64.10.0...16299","AMD.NTamd64.10.0...16299","3","3","","1.33","1.35","","1"
"25.12.1","Main","Audio","d0_whql-amd-software-adrenalin-edition-25.12.1-win11-a.exe_63050d5da330\Packages\Drivers\Audio\ACPBus2\WT64A\amdacpbusext\amdacpbusext.inf","Windows Server 2016","14393","NotApplicableByBuild","NotApplicableByBuild","NOT_APPLICABLE","NotApplicable","InfWideConservative","STATIC_CANDIDATE","NotEstablished","","","0","0","","1.19","","","0"
"25.12.1","Main","Audio","d0_whql-amd-software-adrenalin-edition-25.12.1-win11-a.exe_63050d5da330\Packages\Drivers\Audio\ACPBus2\WT64A\amdacpbusext\amdacpbusext.inf","Windows Server 2019","17763","NativeApplicable","NativeApplicable","NATIVE_CANDIDATE","NativeCandidate","InfWideConservative","STATIC_CANDIDATE","NotEstablished","AMD.NTamd64.10.0...16299","AMD.NTamd64.10.0...16299","4","4","","1.27","1.27","","0"
"25.12.1","Main","Audio","d0_whql-amd-software-adrenalin-edition-25.12.1-win11-a.exe_63050d5da330\Packages\Drivers\Audio\ACPBus2\WT64A\amdacpbusext\amdacpbusext.inf","Windows Server 2022","20348","NativeApplicable","NativeApplicable","NATIVE_CANDIDATE","NativeCandidate","InfWideConservative","STATIC_CANDIDATE","NotEstablished","AMD.NTamd64.10.0...16299","AMD.NTamd64.10.0...16299","4","4","","1.33","","","0"
"25.12.1","Main","Audio","d0_whql-amd-software-adrenalin-edition-25.12.1-win11-a.exe_63050d5da330\Packages\Drivers\Audio\ACPBus2\WT64A\amdacpbusext\amdacpbusext.inf","Windows Server 2025","26100","NativeApplicable","NativeApplicable","NATIVE_CANDIDATE","NativeCandidate","InfWideConservative","STATIC_CANDIDATE","NotEstablished","AMD.NTamd64.10.0...16299","AMD.NTamd64.10.0...16299","4","4","","1.33","1.35","","0"
"25.12.1","Main","Audio","d0_whql-amd-software-adrenalin-edition-25.12.1-win11-a.exe_63050d5da330\Packages\Drivers\Audio\ACPBus2\WT64A\amdacprgmext\amdacprgmext.inf","Windows Server 2016","14393","NotApplicableByBuild","NotApplicableByBuild","NOT_APPLICABLE","NotApplicable","InfWideConservative","STATIC_CANDIDATE","NotEstablished","","","0","0","","1.19","","","0"
"25.12.1","Main","Audio","d0_whql-amd-software-adrenalin-edition-25.12.1-win11-a.exe_63050d5da330\Packages\Drivers\Audio\ACPBus2\WT64A\amdacprgmext\amdacprgmext.inf","Windows Server 2019","17763","NotApplicableByBuild","NotApplicableByBuild","NOT_APPLICABLE","NotApplicable","InfWideConservative","STATIC_CANDIDATE","NotEstablished","","","0","0","","1.27","1.27","","0"
"25.12.1","Main","Audio","d0_whql-amd-software-adrenalin-edition-25.12.1-win11-a.exe_63050d5da330\Packages\Drivers\Audio\ACPBus2\WT64A\amdacprgmext\amdacprgmext.inf","Windows Server 2022","20348","NotApplicableByBuild","NotApplicableByBuild","NOT_APPLICABLE","NotApplicable","InfWideConservative","STATIC_CANDIDATE","NotEstablished","","","0","0","","1.33","","","0"
"25.12.1","Main","Audio","d0_whql-amd-software-adrenalin-edition-25.12.1-win11-a.exe_63050d5da330\Packages\Drivers\Audio\ACPBus2\WT64A\amdacprgmext\amdacprgmext.inf","Windows Server 2025","26100","NativeApplicable","NativeApplicable","NATIVE_CANDIDATE","NativeCandidate","InfWideConservative","STATIC_CANDIDATE","NotEstablished","DeviceExtensions.NTamd64.10.0...26100","DeviceExtensions.NTamd64.10.0...26100","3","3","","1.33","1.35","","0"
"25.12.1","Main","Audio","d0_whql-amd-software-adrenalin-edition-25.12.1-win11-a.exe_63050d5da330\Packages\Drivers\Audio\ACPHPd\WT64A\amdacphpd.inf","Windows Server 2016","14393","NotApplicableByBuild","NotApplicableByBuild","NOT_APPLICABLE","NotApplicable","InfWideConservative","STATIC_CANDIDATE","NotEstablished","","","0","0","","1.19","","2.33.0","0"
"25.12.1","Main","Audio","d0_whql-amd-software-adrenalin-edition-25.12.1-win11-a.exe_63050d5da330\Packages\Drivers\Audio\ACPHPd\WT64A\amdacphpd.inf","Windows Server 2019","17763","NotApplicableByBuild","NotApplicableByBuild","NOT_APPLICABLE","NotApplicable","InfWideConservative","STATIC_CANDIDATE","NotEstablished","","","0","0","","1.27","1.27","2.33.0","0"
"25.12.1","Main","Audio","d0_whql-amd-software-adrenalin-edition-25.12.1-win11-a.exe_63050d5da330\Packages\Drivers\Audio\ACPHPd\WT64A\amdacphpd.inf","Windows Server 2022","20348","NotApplicableByBuild","NotApplicableByBuild","NOT_APPLICABLE","NotApplicable","InfWideConservative","STATIC_CANDIDATE","NotEstablished","","","0","0","","1.33","","2.33.0","0"
"25.12.1","Main","Audio","d0_whql-amd-software-adrenalin-edition-25.12.1-win11-a.exe_63050d5da330\Packages\Drivers\Audio\ACPHPd\WT64A\amdacphpd.inf","Windows Server 2025","26100","NativeApplicable","NativeApplicable","REVIEW_REQUIRED","WdfRequirementReview","InfWideConservative","STATIC_CANDIDATE","NotEstablished","amdacphpd_Device.NTamd64.10.0...22000","amdacphpd_Device.NTamd64.10.0...22000","1","1","","1.33","1.35","2.33.0","0"
"25.12.1","Main","Audio","d0_whql-amd-software-adrenalin-edition-25.12.1-win11-a.exe_63050d5da330\Packages\Drivers\Audio\ACPHPd\WT64A\amdacphpdcomp.inf","Windows Server 2016","14393","NotApplicableByBuild","NotApplicableByBuild","NOT_APPLICABLE","NotApplicable","InfWideConservative","STATIC_CANDIDATE","NotEstablished","","","0","0","","1.19","","","0"
"25.12.1","Main","Audio","d0_whql-amd-software-adrenalin-edition-25.12.1-win11-a.exe_63050d5da330\Packages\Drivers\Audio\ACPHPd\WT64A\amdacphpdcomp.inf","Windows Server 2019","17763","NativeApplicable","NativeApplicable","NATIVE_CANDIDATE","NativeCandidate","InfWideConservative","STATIC_CANDIDATE","NotEstablished","AMD.NTamd64.10.0...17134","AMD.NTamd64.10.0...17134","1","1","","1.27","1.27","","0"
"25.12.1","Main","Audio","d0_whql-amd-software-adrenalin-edition-25.12.1-win11-a.exe_63050d5da330\Packages\Drivers\Audio\ACPHPd\WT64A\amdacphpdcomp.inf","Windows Server 2022","20348","NativeApplicable","NativeApplicable","NATIVE_CANDIDATE","NativeCandidate","InfWideConservative","STATIC_CANDIDATE","NotEstablished","AMD.NTamd64.10.0...17134","AMD.NTamd64.10.0...17134","1","1","","1.33","","","0"
"25.12.1","Main","Audio","d0_whql-amd-software-adrenalin-edition-25.12.1-win11-a.exe_63050d5da330\Packages\Drivers\Audio\ACPHPd\WT64A\amdacphpdcomp.inf","Windows Server 2025","26100","NativeApplicable","NativeApplicable","NATIVE_CANDIDATE","NativeCandidate","InfWideConservative","STATIC_CANDIDATE","NotEstablished","AMD.NTamd64.10.0...17134","AMD.NTamd64.10.0...17134","1","1","","1.33","1.35","","0"
"25.12.1","Main","Audio","d0_whql-amd-software-adrenalin-edition-25.12.1-win11-a.exe_63050d5da330\Packages\Drivers\Audio\ACPHPd\WT64A\amdacphpdext.inf","Windows Server 2016","14393","NotApplicableByBuild","NotApplicableByBuild","NOT_APPLICABLE","NotApplicable","InfWideConservative","STATIC_CANDIDATE","NotEstablished","","","0","0","","1.19","","","1"
"25.12.1","Main","Audio","d0_whql-amd-software-adrenalin-edition-25.12.1-win11-a.exe_63050d5da330\Packages\Drivers\Audio\ACPHPd\WT64A\amdacphpdext.inf","Windows Server 2019","17763","NativeApplicable","NativeApplicable","NATIVE_CANDIDATE","NativeCandidate","InfWideConservative","STATIC_CANDIDATE","NotEstablished","AMD.NTamd64.10.0...17134","AMD.NTamd64.10.0...17134","6","6","","1.27","1.27","","1"
"25.12.1","Main","Audio","d0_whql-amd-software-adrenalin-edition-25.12.1-win11-a.exe_63050d5da330\Packages\Drivers\Audio\ACPHPd\WT64A\amdacphpdext.inf","Windows Server 2022","20348","NativeApplicable","NativeApplicable","NATIVE_CANDIDATE","NativeCandidate","InfWideConservative","STATIC_CANDIDATE","NotEstablished","AMD.NTamd64.10.0...17134","AMD.NTamd64.10.0...17134","6","6","","1.33","","","1"
"25.12.1","Main","Audio","d0_whql-amd-software-adrenalin-edition-25.12.1-win11-a.exe_63050d5da330\Packages\Drivers\Audio\ACPHPd\WT64A\amdacphpdext.inf","Windows Server 2025","26100","NativeApplicable","NativeApplicable","NATIVE_CANDIDATE","NativeCandidate","InfWideConservative","STATIC_CANDIDATE","NotEstablished","AMD.NTamd64.10.0...17134","AMD.NTamd64.10.0...17134","6","6","","1.33","1.35","","1"
"25.12.1","Main","Audio","d0_whql-amd-software-adrenalin-edition-25.12.1-win11-a.exe_63050d5da330\Packages\Drivers\Audio\ACPUsbAfd\WT64A\amdacpusb.inf","Windows Server 2016","14393","NotApplicableByBuild","NotApplicableByBuild","NOT_APPLICABLE","NotApplicable","InfWideConservative","STATIC_CANDIDATE","NotEstablished","","","0","0","1.15","1.19","","","1"
"25.12.1","Main","Audio","d0_whql-amd-software-adrenalin-edition-25.12.1-win11-a.exe_63050d5da330\Packages\Drivers\Audio\ACPUsbAfd\WT64A\amdacpusb.inf","Windows Server 2019","17763","NativeApplicable","NativeApplicable","NATIVE_CANDIDATE","NativeCandidate","InfWideConservative","STATIC_CANDIDATE","NotEstablished","AMD.NTAMD64.10.0...16299","AMD.NTAMD64.10.0...16299","4","4","1.15","1.27","1.27","","1"
"25.12.1","Main","Audio","d0_whql-amd-software-adrenalin-edition-25.12.1-win11-a.exe_63050d5da330\Packages\Drivers\Audio\ACPUsbAfd\WT64A\amdacpusb.inf","Windows Server 2022","20348","NativeApplicable","NativeApplicable","NATIVE_CANDIDATE","NativeCandidate","InfWideConservative","STATIC_CANDIDATE","NotEstablished","AMD.NTAMD64.10.0...16299","AMD.NTAMD64.10.0...16299","4","4","1.15","1.33","","","1"
"25.12.1","Main","Audio","d0_whql-amd-software-adrenalin-edition-25.12.1-win11-a.exe_63050d5da330\Packages\Drivers\Audio\ACPUsbAfd\WT64A\amdacpusb.inf","Windows Server 2025","26100","NativeApplicable","NativeApplicable","NATIVE_CANDIDATE","NativeCandidate","InfWideConservative","STATIC_CANDIDATE","NotEstablished","AMD.NTAMD64.10.0...16299","AMD.NTAMD64.10.0...16299","4","4","1.15","1.33","1.35","","1"
"25.12.1","Main","Audio","d0_whql-amd-software-adrenalin-edition-25.12.1-win11-a.exe_63050d5da330\Packages\Drivers\Audio\HDABus\WT64A\amdhdaudbus.inf","Windows Server 2016","14393","NativeApplicable","NativeApplicable","NATIVE_CANDIDATE","NativeCandidate","InfWideConservative","STATIC_CANDIDATE","NotEstablished","AMD.NTAMD64","AMD.NTAMD64","1","1","1.15","1.19","","","1"
"25.12.1","Main","Audio","d0_whql-amd-software-adrenalin-edition-25.12.1-win11-a.exe_63050d5da330\Packages\Drivers\Audio\HDABus\WT64A\amdhdaudbus.inf","Windows Server 2019","17763","NativeApplicable","NativeApplicable","NATIVE_CANDIDATE","NativeCandidate","InfWideConservative","STATIC_CANDIDATE","NotEstablished","AMD.NTAMD64","AMD.NTAMD64","1","1","1.15","1.27","1.27","","1"
"25.12.1","Main","Audio","d0_whql-amd-software-adrenalin-edition-25.12.1-win11-a.exe_63050d5da330\Packages\Drivers\Audio\HDABus\WT64A\amdhdaudbus.inf","Windows Server 2022","20348","NativeApplicable","NativeApplicable","NATIVE_CANDIDATE","NativeCandidate","InfWideConservative","STATIC_CANDIDATE","NotEstablished","AMD.NTAMD64","AMD.NTAMD64","1","1","1.15","1.33","","","1"
"25.12.1","Main","Audio","d0_whql-amd-software-adrenalin-edition-25.12.1-win11-a.exe_63050d5da330\Packages\Drivers\Audio\HDABus\WT64A\amdhdaudbus.inf","Windows Server 2025","26100","NativeApplicable","NativeApplicable","NATIVE_CANDIDATE","NativeCandidate","InfWideConservative","STATIC_CANDIDATE","NotEstablished","AMD.NTAMD64","AMD.NTAMD64","1","1","1.15","1.33","1.35","","1"
"25.12.1","Main","Audio","d0_whql-amd-software-adrenalin-edition-25.12.1-win11-a.exe_63050d5da330\Packages\Drivers\Audio\HDMI\WT64A\AtihdWT6.inf","Windows Server 2016","14393","NotApplicableByBuild","ProjectionCandidate","PATCH_CANDIDATE","ProjectionCandidate","InfWideConservative","STATIC_CANDIDATE","NotEstablished","","AMD.NTamd64.10.0.1;AMD.NTamd64.6.0.1;AMD.NTamd64.6.1.1;AMD.NTamd64.6.2.1;AMD.NTamd64.6.3.1","0","8","","1.19","","","1"
"25.12.1","Main","Audio","d0_whql-amd-software-adrenalin-edition-25.12.1-win11-a.exe_63050d5da330\Packages\Drivers\Audio\HDMI\WT64A\AtihdWT6.inf","Windows Server 2019","17763","NotApplicableByBuild","ProjectionCandidate","PATCH_CANDIDATE","ProjectionCandidate","InfWideConservative","STATIC_CANDIDATE","NotEstablished","","AMD.NTamd64.10.0.1..16299","0","8","","1.27","1.27","","1"
"25.12.1","Main","Audio","d0_whql-amd-software-adrenalin-edition-25.12.1-win11-a.exe_63050d5da330\Packages\Drivers\Audio\HDMI\WT64A\AtihdWT6.inf","Windows Server 2022","20348","NotApplicableByBuild","ProjectionCandidate","PATCH_CANDIDATE","ProjectionCandidate","InfWideConservative","STATIC_CANDIDATE","NotEstablished","","AMD.NTamd64.10.0.1..16299","0","8","","1.33","","","1"
"25.12.1","Main","Audio","d0_whql-amd-software-adrenalin-edition-25.12.1-win11-a.exe_63050d5da330\Packages\Drivers\Audio\HDMI\WT64A\AtihdWT6.inf","Windows Server 2025","26100","NotApplicableByProductType","ProjectionCandidate","PATCH_CANDIDATE","ProjectionCandidate","InfWideConservative","STATIC_CANDIDATE","NotEstablished","","AMD.NTamd64.10.0.1..22621","0","8","","1.33","1.35","","1"
"25.12.1","Main","Audio","d0_whql-amd-software-adrenalin-edition-25.12.1-win11-a.exe_63050d5da330\Packages\Drivers\Audio\SAFD\WT64A\amdsafd.inf","Windows Server 2016","14393","NotApplicableByBuild","NotApplicableByBuild","NOT_APPLICABLE","NotApplicable","InfWideConservative","STATIC_CANDIDATE","NotEstablished","","","0","0","1.15","1.19","","","1"
"25.12.1","Main","Audio","d0_whql-amd-software-adrenalin-edition-25.12.1-win11-a.exe_63050d5da330\Packages\Drivers\Audio\SAFD\WT64A\amdsafd.inf","Windows Server 2019","17763","NativeApplicable","NativeApplicable","NATIVE_CANDIDATE","NativeCandidate","InfWideConservative","STATIC_CANDIDATE","NotEstablished","AMD.NTAMD64.10.0...16299","AMD.NTAMD64.10.0...16299","2","2","1.15","1.27","1.27","","1"
"25.12.1","Main","Audio","d0_whql-amd-software-adrenalin-edition-25.12.1-win11-a.exe_63050d5da330\Packages\Drivers\Audio\SAFD\WT64A\amdsafd.inf","Windows Server 2022","20348","NativeApplicable","NativeApplicable","NATIVE_CANDIDATE","NativeCandidate","InfWideConservative","STATIC_CANDIDATE","NotEstablished","AMD.NTAMD64.10.0...16299","AMD.NTAMD64.10.0...16299","2","2","1.15","1.33","","","1"
"25.12.1","Main","Audio","d0_whql-amd-software-adrenalin-edition-25.12.1-win11-a.exe_63050d5da330\Packages\Drivers\Audio\SAFD\WT64A\amdsafd.inf","Windows Server 2025","26100","NativeApplicable","NativeApplicable","NATIVE_CANDIDATE","NativeCandidate","InfWideConservative","STATIC_CANDIDATE","NotEstablished","AMD.NTAMD64.10.0...16299","AMD.NTAMD64.10.0...16299","2","2","1.15","1.33","1.35","","1"
"25.12.1","Main","Audio","d0_whql-amd-software-adrenalin-edition-25.12.1-win11-a.exe_63050d5da330\Packages\Drivers\Audio\SDWC\WT64A\amdsdwc.inf","Windows Server 2016","14393","NotApplicableByBuild","NotApplicableByBuild","NOT_APPLICABLE","NotApplicable","InfWideConservative","STATIC_CANDIDATE","NotEstablished","","","0","0","1.31","1.19","","","1"
"25.12.1","Main","Audio","d0_whql-amd-software-adrenalin-edition-25.12.1-win11-a.exe_63050d5da330\Packages\Drivers\Audio\SDWC\WT64A\amdsdwc.inf","Windows Server 2019","17763","NativeApplicable","NativeApplicable","REVIEW_REQUIRED","WdfRequirementReview","InfWideConservative","STATIC_CANDIDATE","NotEstablished","AMD.NTAMD64.10.0...16299","AMD.NTAMD64.10.0...16299","7","7","1.31","1.27","1.27","","1"
"25.12.1","Main","Audio","d0_whql-amd-software-adrenalin-edition-25.12.1-win11-a.exe_63050d5da330\Packages\Drivers\Audio\SDWC\WT64A\amdsdwc.inf","Windows Server 2022","20348","NativeApplicable","NativeApplicable","NATIVE_CANDIDATE","NativeCandidate","InfWideConservative","STATIC_CANDIDATE","NotEstablished","AMD.NTAMD64.10.0...16299","AMD.NTAMD64.10.0...16299","7","7","1.31","1.33","","","1"
"25.12.1","Main","Audio","d0_whql-amd-software-adrenalin-edition-25.12.1-win11-a.exe_63050d5da330\Packages\Drivers\Audio\SDWC\WT64A\amdsdwc.inf","Windows Server 2025","26100","NativeApplicable","NativeApplicable","NATIVE_CANDIDATE","NativeCandidate","InfWideConservative","STATIC_CANDIDATE","NotEstablished","AMD.NTAMD64.10.0...16299","AMD.NTAMD64.10.0...16299","7","7","1.31","1.33","1.35","","1"
"25.12.1","Main","Audio","d0_whql-amd-software-adrenalin-edition-25.12.1-win11-a.exe_63050d5da330\Packages\Drivers\Audio\SDWS\WT64A\amdsdws.inf","Windows Server 2016","14393","NotApplicableByBuild","NotApplicableByBuild","NOT_APPLICABLE","NotApplicable","InfWideConservative","STATIC_CANDIDATE","NotEstablished","","","0","0","1.31","1.19","","","1"
"25.12.1","Main","Audio","d0_whql-amd-software-adrenalin-edition-25.12.1-win11-a.exe_63050d5da330\Packages\Drivers\Audio\SDWS\WT64A\amdsdws.inf","Windows Server 2019","17763","NativeApplicable","NativeApplicable","REVIEW_REQUIRED","WdfRequirementReview","InfWideConservative","STATIC_CANDIDATE","NotEstablished","AMD.NTAMD64.10.0...16299","AMD.NTAMD64.10.0...16299","11","11","1.31","1.27","1.27","","1"
"25.12.1","Main","Audio","d0_whql-amd-software-adrenalin-edition-25.12.1-win11-a.exe_63050d5da330\Packages\Drivers\Audio\SDWS\WT64A\amdsdws.inf","Windows Server 2022","20348","NativeApplicable","NativeApplicable","NATIVE_CANDIDATE","NativeCandidate","InfWideConservative","STATIC_CANDIDATE","NotEstablished","AMD.NTAMD64.10.0...16299","AMD.NTAMD64.10.0...16299","11","11","1.31","1.33","","","1"
"25.12.1","Main","Audio","d0_whql-amd-software-adrenalin-edition-25.12.1-win11-a.exe_63050d5da330\Packages\Drivers\Audio\SDWS\WT64A\amdsdws.inf","Windows Server 2025","26100","NativeApplicable","NativeApplicable","NATIVE_CANDIDATE","NativeCandidate","InfWideConservative","STATIC_CANDIDATE","NotEstablished","AMD.NTAMD64.10.0...16299","AMD.NTAMD64.10.0...16299","11","11","1.31","1.33","1.35","","1"
"25.12.1","Main","Audio","d0_whql-amd-software-adrenalin-edition-25.12.1-win11-a.exe_63050d5da330\Packages\Drivers\Audio\SDWS\WT64A\amdsdwsext\amdsdwsext.inf","Windows Server 2016","14393","NotApplicableByBuild","NotApplicableByBuild","NOT_APPLICABLE","NotApplicable","InfWideConservative","STATIC_CANDIDATE","NotEstablished","","","0","0","","1.19","","","0"
"25.12.1","Main","Audio","d0_whql-amd-software-adrenalin-edition-25.12.1-win11-a.exe_63050d5da330\Packages\Drivers\Audio\SDWS\WT64A\amdsdwsext\amdsdwsext.inf","Windows Server 2019","17763","NativeApplicable","NativeApplicable","NATIVE_CANDIDATE","NativeCandidate","InfWideConservative","STATIC_CANDIDATE","NotEstablished","AmdDeviceExtensions.NTamd64.10.0...16299","AmdDeviceExtensions.NTamd64.10.0...16299","4","4","","1.27","1.27","","0"
"25.12.1","Main","Audio","d0_whql-amd-software-adrenalin-edition-25.12.1-win11-a.exe_63050d5da330\Packages\Drivers\Audio\SDWS\WT64A\amdsdwsext\amdsdwsext.inf","Windows Server 2022","20348","NativeApplicable","NativeApplicable","NATIVE_CANDIDATE","NativeCandidate","InfWideConservative","STATIC_CANDIDATE","NotEstablished","AmdDeviceExtensions.NTamd64.10.0...16299","AmdDeviceExtensions.NTamd64.10.0...16299","4","4","","1.33","","","0"
"25.12.1","Main","Audio","d0_whql-amd-software-adrenalin-edition-25.12.1-win11-a.exe_63050d5da330\Packages\Drivers\Audio\SDWS\WT64A\amdsdwsext\amdsdwsext.inf","Windows Server 2025","26100","NativeApplicable","NativeApplicable","NATIVE_CANDIDATE","NativeCandidate","InfWideConservative","STATIC_CANDIDATE","NotEstablished","AmdDeviceExtensions.NTamd64.10.0...16299","AmdDeviceExtensions.NTamd64.10.0...16299","4","4","","1.33","1.35","","0"
"25.12.1","Main","Display","d0_whql-amd-software-adrenalin-edition-25.12.1-win11-a.exe_63050d5da330\Packages\Drivers\Display\WT6A_INF\u0196283.inf","Windows Server 2016","14393","NotApplicableByBuild","ExplicitlyExcluded","NOT_APPLICABLE","NotApplicable","InfWideConservative","STATIC_CANDIDATE","NotEstablished","","ATI.Mfg.NTamd64.10.0.1;ATI.Mfg.NTamd64.6.0.1;ATI.Mfg.NTamd64.6.1.1;ATI.Mfg.NTamd64.6.2.1;ATI.Mfg.NTamd64.6.3.1","0","0","","1.19","","","1"
"25.12.1","Main","Display","d0_whql-amd-software-adrenalin-edition-25.12.1-win11-a.exe_63050d5da330\Packages\Drivers\Display\WT6A_INF\u0196283.inf","Windows Server 2019","17763","NotApplicableByProductType","ProjectionCandidate","PATCH_CANDIDATE","ProjectionCandidate","InfWideConservative","STATIC_CANDIDATE","NotEstablished","","ATI.Mfg.NTamd64.10.0.1..16299","0","3028","","1.27","1.27","","1"
"25.12.1","Main","Display","d0_whql-amd-software-adrenalin-edition-25.12.1-win11-a.exe_63050d5da330\Packages\Drivers\Display\WT6A_INF\u0196283.inf","Windows Server 2022","20348","NotApplicableByProductType","ProjectionCandidate","PATCH_CANDIDATE","ProjectionCandidate","InfWideConservative","STATIC_CANDIDATE","NotEstablished","","ATI.Mfg.NTamd64.10.0.1..16299","0","3028","","1.33","","","1"
"25.12.1","Main","Display","d0_whql-amd-software-adrenalin-edition-25.12.1-win11-a.exe_63050d5da330\Packages\Drivers\Display\WT6A_INF\u0196283.inf","Windows Server 2025","26100","NotApplicableByProductType","ProjectionCandidate","PATCH_CANDIDATE","ProjectionCandidate","InfWideConservative","STATIC_CANDIDATE","NotEstablished","","ATI.Mfg.NTamd64.10.0.1..16299","0","3028","","1.33","1.35","","1"
"25.12.1","Main","Display","d0_whql-amd-software-adrenalin-edition-25.12.1-win11-a.exe_63050d5da330\Packages\Drivers\Display\WT6A_INF\amdfdans\AMDFDANS.inf","Windows Server 2016","14393","NativeApplicable","NativeApplicable","NATIVE_CANDIDATE","NativeCandidate","InfWideConservative","STATIC_CANDIDATE","NotEstablished","AMD.Mfg.NTamd64.10.0","AMD.Mfg.NTamd64.10.0","1","1","","1.19","","","0"
"25.12.1","Main","Display","d0_whql-amd-software-adrenalin-edition-25.12.1-win11-a.exe_63050d5da330\Packages\Drivers\Display\WT6A_INF\amdfdans\AMDFDANS.inf","Windows Server 2019","17763","NativeApplicable","NativeApplicable","NATIVE_CANDIDATE","NativeCandidate","InfWideConservative","STATIC_CANDIDATE","NotEstablished","AMD.Mfg.NTamd64.10.0","AMD.Mfg.NTamd64.10.0","1","1","","1.27","1.27","","0"
"25.12.1","Main","Display","d0_whql-amd-software-adrenalin-edition-25.12.1-win11-a.exe_63050d5da330\Packages\Drivers\Display\WT6A_INF\amdfdans\AMDFDANS.inf","Windows Server 2022","20348","NativeApplicable","NativeApplicable","NATIVE_CANDIDATE","NativeCandidate","InfWideConservative","STATIC_CANDIDATE","NotEstablished","AMD.Mfg.NTamd64.10.0","AMD.Mfg.NTamd64.10.0","1","1","","1.33","","","0"
"25.12.1","Main","Display","d0_whql-amd-software-adrenalin-edition-25.12.1-win11-a.exe_63050d5da330\Packages\Drivers\Display\WT6A_INF\amdfdans\AMDFDANS.inf","Windows Server 2025","26100","NativeApplicable","NativeApplicable","NATIVE_CANDIDATE","NativeCandidate","InfWideConservative","STATIC_CANDIDATE","NotEstablished","AMD.Mfg.NTamd64.10.0","AMD.Mfg.NTamd64.10.0","1","1","","1.33","1.35","","0"
"25.12.1","Main","Display","d0_whql-amd-software-adrenalin-edition-25.12.1-win11-a.exe_63050d5da330\Packages\Drivers\Display\WT6A_INF\amdfendr\amdfendr.inf","Windows Server 2016","14393","NotApplicableByBuild","NotApplicableByBuild","NOT_APPLICABLE","NotApplicable","InfWideConservative","STATIC_CANDIDATE","NotEstablished","","","0","0","1.15","1.19","","","0"
"25.12.1","Main","Display","d0_whql-amd-software-adrenalin-edition-25.12.1-win11-a.exe_63050d5da330\Packages\Drivers\Display\WT6A_INF\amdfendr\amdfendr.inf","Windows Server 2019","17763","NativeApplicable","NativeApplicable","NATIVE_CANDIDATE","NativeCandidate","InfWideConservative","STATIC_CANDIDATE","NotEstablished","AMDFENDR_KM.NTAMD64.10.0...16299","AMDFENDR_KM.NTAMD64.10.0...16299","1","1","1.15","1.27","1.27","","0"
"25.12.1","Main","Display","d0_whql-amd-software-adrenalin-edition-25.12.1-win11-a.exe_63050d5da330\Packages\Drivers\Display\WT6A_INF\amdfendr\amdfendr.inf","Windows Server 2022","20348","NativeApplicable","NativeApplicable","NATIVE_CANDIDATE","NativeCandidate","InfWideConservative","STATIC_CANDIDATE","NotEstablished","AMDFENDR_KM.NTAMD64.10.0...16299","AMDFENDR_KM.NTAMD64.10.0...16299","1","1","1.15","1.33","","","0"
"25.12.1","Main","Display","d0_whql-amd-software-adrenalin-edition-25.12.1-win11-a.exe_63050d5da330\Packages\Drivers\Display\WT6A_INF\amdfendr\amdfendr.inf","Windows Server 2025","26100","NativeApplicable","NativeApplicable","NATIVE_CANDIDATE","NativeCandidate","InfWideConservative","STATIC_CANDIDATE","NotEstablished","AMDFENDR_KM.NTAMD64.10.0...16299","AMDFENDR_KM.NTAMD64.10.0...16299","1","1","1.15","1.33","1.35","","0"
"25.12.1","Main","Display","d0_whql-amd-software-adrenalin-edition-25.12.1-win11-a.exe_63050d5da330\Packages\Drivers\Display\WT6A_INF\amdocl\amdocl.inf","Windows Server 2016","14393","NotApplicableByBuild","NotApplicableByBuild","NOT_APPLICABLE","NotApplicable","InfWideConservative","STATIC_CANDIDATE","NotEstablished","","","0","0","","1.19","","","0"
"25.12.1","Main","Display","d0_whql-amd-software-adrenalin-edition-25.12.1-win11-a.exe_63050d5da330\Packages\Drivers\Display\WT6A_INF\amdocl\amdocl.inf","Windows Server 2019","17763","NativeApplicable","NativeApplicable","NATIVE_CANDIDATE","NativeCandidate","InfWideConservative","STATIC_CANDIDATE","NotEstablished","AMD.Mfg.NTamd64.10.0...16299","AMD.Mfg.NTamd64.10.0...16299","1","1","","1.27","1.27","","0"
"25.12.1","Main","Display","d0_whql-amd-software-adrenalin-edition-25.12.1-win11-a.exe_63050d5da330\Packages\Drivers\Display\WT6A_INF\amdocl\amdocl.inf","Windows Server 2022","20348","NativeApplicable","NativeApplicable","NATIVE_CANDIDATE","NativeCandidate","InfWideConservative","STATIC_CANDIDATE","NotEstablished","AMD.Mfg.NTamd64.10.0...16299","AMD.Mfg.NTamd64.10.0...16299","1","1","","1.33","","","0"
"25.12.1","Main","Display","d0_whql-amd-software-adrenalin-edition-25.12.1-win11-a.exe_63050d5da330\Packages\Drivers\Display\WT6A_INF\amdocl\amdocl.inf","Windows Server 2025","26100","NativeApplicable","NativeApplicable","NATIVE_CANDIDATE","NativeCandidate","InfWideConservative","STATIC_CANDIDATE","NotEstablished","AMD.Mfg.NTamd64.10.0...16299","AMD.Mfg.NTamd64.10.0...16299","1","1","","1.33","1.35","","0"
"25.12.1","Main","Display","d0_whql-amd-software-adrenalin-edition-25.12.1-win11-a.exe_63050d5da330\Packages\Drivers\Display\WT6A_INF\amdpcibridge\amdpcibridgeextension.inf","Windows Server 2016","14393","NativeApplicable","NativeApplicable","NATIVE_CANDIDATE","NativeCandidate","InfWideConservative","STATIC_CANDIDATE","NotEstablished","DeviceExtensions.NTamd64","DeviceExtensions.NTamd64","2","2","","1.19","","","0"
"25.12.1","Main","Display","d0_whql-amd-software-adrenalin-edition-25.12.1-win11-a.exe_63050d5da330\Packages\Drivers\Display\WT6A_INF\amdpcibridge\amdpcibridgeextension.inf","Windows Server 2019","17763","NativeApplicable","NativeApplicable","NATIVE_CANDIDATE","NativeCandidate","InfWideConservative","STATIC_CANDIDATE","NotEstablished","DeviceExtensions.NTamd64","DeviceExtensions.NTamd64","2","2","","1.27","1.27","","0"
"25.12.1","Main","Display","d0_whql-amd-software-adrenalin-edition-25.12.1-win11-a.exe_63050d5da330\Packages\Drivers\Display\WT6A_INF\amdpcibridge\amdpcibridgeextension.inf","Windows Server 2022","20348","NativeApplicable","NativeApplicable","NATIVE_CANDIDATE","NativeCandidate","InfWideConservative","STATIC_CANDIDATE","NotEstablished","DeviceExtensions.NTamd64","DeviceExtensions.NTamd64","2","2","","1.33","","","0"
"25.12.1","Main","Display","d0_whql-amd-software-adrenalin-edition-25.12.1-win11-a.exe_63050d5da330\Packages\Drivers\Display\WT6A_INF\amdpcibridge\amdpcibridgeextension.inf","Windows Server 2025","26100","NativeApplicable","NativeApplicable","NATIVE_CANDIDATE","NativeCandidate","InfWideConservative","STATIC_CANDIDATE","NotEstablished","DeviceExtensions.NTamd64","DeviceExtensions.NTamd64","2","2","","1.33","1.35","","0"
"25.12.1","Main","Display","d0_whql-amd-software-adrenalin-edition-25.12.1-win11-a.exe_63050d5da330\Packages\Drivers\Display\WT6A_INF\amdwin\amdwin-u0196283.inf","Windows Server 2016","14393","NativeApplicable","NativeApplicable","NATIVE_CANDIDATE","NativeCandidate","InfWideConservative","STATIC_CANDIDATE","NotEstablished","AMD.Mfg.NTamd64.10.0","AMD.Mfg.NTamd64.10.0","1","1","","1.19","","","0"
"25.12.1","Main","Display","d0_whql-amd-software-adrenalin-edition-25.12.1-win11-a.exe_63050d5da330\Packages\Drivers\Display\WT6A_INF\amdwin\amdwin-u0196283.inf","Windows Server 2019","17763","NativeApplicable","NativeApplicable","NATIVE_CANDIDATE","NativeCandidate","InfWideConservative","STATIC_CANDIDATE","NotEstablished","AMD.Mfg.NTamd64.10.0","AMD.Mfg.NTamd64.10.0","1","1","","1.27","1.27","","0"
"25.12.1","Main","Display","d0_whql-amd-software-adrenalin-edition-25.12.1-win11-a.exe_63050d5da330\Packages\Drivers\Display\WT6A_INF\amdwin\amdwin-u0196283.inf","Windows Server 2022","20348","NativeApplicable","NativeApplicable","NATIVE_CANDIDATE","NativeCandidate","InfWideConservative","STATIC_CANDIDATE","NotEstablished","AMD.Mfg.NTamd64.10.0","AMD.Mfg.NTamd64.10.0","1","1","","1.33","","","0"
"25.12.1","Main","Display","d0_whql-amd-software-adrenalin-edition-25.12.1-win11-a.exe_63050d5da330\Packages\Drivers\Display\WT6A_INF\amdwin\amdwin-u0196283.inf","Windows Server 2025","26100","NativeApplicable","NativeApplicable","NATIVE_CANDIDATE","NativeCandidate","InfWideConservative","STATIC_CANDIDATE","NotEstablished","AMD.Mfg.NTamd64.10.0","AMD.Mfg.NTamd64.10.0","1","1","","1.33","1.35","","0"
"25.12.1","Main","Display","d0_whql-amd-software-adrenalin-edition-25.12.1-win11-a.exe_63050d5da330\Packages\Drivers\Display\WT6A_INF\amdxe\amdxe.inf","Windows Server 2016","14393","NativeApplicable","NativeApplicable","NATIVE_CANDIDATE","NativeCandidate","InfWideConservative","STATIC_CANDIDATE","NotEstablished","Standard.NTamd64","Standard.NTamd64","1","1","1.15","1.19","","","0"
"25.12.1","Main","Display","d0_whql-amd-software-adrenalin-edition-25.12.1-win11-a.exe_63050d5da330\Packages\Drivers\Display\WT6A_INF\amdxe\amdxe.inf","Windows Server 2019","17763","NativeApplicable","NativeApplicable","NATIVE_CANDIDATE","NativeCandidate","InfWideConservative","STATIC_CANDIDATE","NotEstablished","Standard.NTamd64","Standard.NTamd64","1","1","1.15","1.27","1.27","","0"
"25.12.1","Main","Display","d0_whql-amd-software-adrenalin-edition-25.12.1-win11-a.exe_63050d5da330\Packages\Drivers\Display\WT6A_INF\amdxe\amdxe.inf","Windows Server 2022","20348","NativeApplicable","NativeApplicable","NATIVE_CANDIDATE","NativeCandidate","InfWideConservative","STATIC_CANDIDATE","NotEstablished","Standard.NTamd64","Standard.NTamd64","1","1","1.15","1.33","","","0"
"25.12.1","Main","Display","d0_whql-amd-software-adrenalin-edition-25.12.1-win11-a.exe_63050d5da330\Packages\Drivers\Display\WT6A_INF\amdxe\amdxe.inf","Windows Server 2025","26100","NativeApplicable","NativeApplicable","NATIVE_CANDIDATE","NativeCandidate","InfWideConservative","STATIC_CANDIDATE","NotEstablished","Standard.NTamd64","Standard.NTamd64","1","1","1.15","1.33","1.35","","0"
"25.12.1","Main","RadeonLED","d0_whql-amd-software-adrenalin-edition-25.12.1-win11-a.exe_63050d5da330\Packages\Drivers\RadeonLED\WT64A\amdusbledfd.inf","Windows Server 2016","14393","NativeApplicable","NativeApplicable","NATIVE_CANDIDATE","NativeCandidate","InfWideConservative","STATIC_CANDIDATE","NotEstablished","AMD_USBLEDFD.NTamd64","AMD_USBLEDFD.NTamd64","6","6","","1.19","","","1"
"25.12.1","Main","RadeonLED","d0_whql-amd-software-adrenalin-edition-25.12.1-win11-a.exe_63050d5da330\Packages\Drivers\RadeonLED\WT64A\amdusbledfd.inf","Windows Server 2019","17763","NativeApplicable","NativeApplicable","NATIVE_CANDIDATE","NativeCandidate","InfWideConservative","STATIC_CANDIDATE","NotEstablished","AMD_USBLEDFD.NTamd64","AMD_USBLEDFD.NTamd64","6","6","","1.27","1.27","","1"
"25.12.1","Main","RadeonLED","d0_whql-amd-software-adrenalin-edition-25.12.1-win11-a.exe_63050d5da330\Packages\Drivers\RadeonLED\WT64A\amdusbledfd.inf","Windows Server 2022","20348","NativeApplicable","NativeApplicable","NATIVE_CANDIDATE","NativeCandidate","InfWideConservative","STATIC_CANDIDATE","NotEstablished","AMD_USBLEDFD.NTamd64","AMD_USBLEDFD.NTamd64","6","6","","1.33","","","1"
"25.12.1","Main","RadeonLED","d0_whql-amd-software-adrenalin-edition-25.12.1-win11-a.exe_63050d5da330\Packages\Drivers\RadeonLED\WT64A\amdusbledfd.inf","Windows Server 2025","26100","NativeApplicable","NativeApplicable","NATIVE_CANDIDATE","NativeCandidate","InfWideConservative","STATIC_CANDIDATE","NotEstablished","AMD_USBLEDFD.NTamd64","AMD_USBLEDFD.NTamd64","6","6","","1.33","1.35","","1"
"25.12.1","Main","SBDrv","d0_whql-amd-software-adrenalin-edition-25.12.1-win11-a.exe_63050d5da330\Packages\Drivers\SBDrv\AMDUCSI\WT64A\amducsi.inf","Windows Server 2016","14393","NativeApplicable","NativeApplicable","NATIVE_CANDIDATE","NativeCandidate","InfWideConservative","STATIC_CANDIDATE","NotEstablished","AMD.NTamd64","AMD.NTamd64","5","5","1.15","1.19","","","1"
"25.12.1","Main","SBDrv","d0_whql-amd-software-adrenalin-edition-25.12.1-win11-a.exe_63050d5da330\Packages\Drivers\SBDrv\AMDUCSI\WT64A\amducsi.inf","Windows Server 2019","17763","NativeApplicable","NativeApplicable","NATIVE_CANDIDATE","NativeCandidate","InfWideConservative","STATIC_CANDIDATE","NotEstablished","AMD.NTamd64","AMD.NTamd64","5","5","1.15","1.27","1.27","","1"
"25.12.1","Main","SBDrv","d0_whql-amd-software-adrenalin-edition-25.12.1-win11-a.exe_63050d5da330\Packages\Drivers\SBDrv\AMDUCSI\WT64A\amducsi.inf","Windows Server 2022","20348","NativeApplicable","NativeApplicable","NATIVE_CANDIDATE","NativeCandidate","InfWideConservative","STATIC_CANDIDATE","NotEstablished","AMD.NTamd64","AMD.NTamd64","5","5","1.15","1.33","","","1"
"25.12.1","Main","SBDrv","d0_whql-amd-software-adrenalin-edition-25.12.1-win11-a.exe_63050d5da330\Packages\Drivers\SBDrv\AMDUCSI\WT64A\amducsi.inf","Windows Server 2025","26100","NativeApplicable","NativeApplicable","NATIVE_CANDIDATE","NativeCandidate","InfWideConservative","STATIC_CANDIDATE","NotEstablished","AMD.NTamd64","AMD.NTamd64","5","5","1.15","1.33","1.35","","1"
"24.12.1","RDNA","AMDNPUMCDM","d0_whql-amd-software-adrenalin-edition-24.12.1-win10-win11-dec-rdna.exe_55eb3002898e\Packages\Drivers\AMDNPUMCDM\WT64A\kipudrv.inf","Windows Server 2016","14393","NotApplicableByBuild","NotApplicableByBuild","NOT_APPLICABLE","NotApplicable","InfWideConservative","STATIC_CANDIDATE","NotEstablished","","","0","0","","1.19","","","4"
"24.12.1","RDNA","AMDNPUMCDM","d0_whql-amd-software-adrenalin-edition-24.12.1-win10-win11-dec-rdna.exe_55eb3002898e\Packages\Drivers\AMDNPUMCDM\WT64A\kipudrv.inf","Windows Server 2019","17763","NotApplicableByBuild","NotApplicableByBuild","NOT_APPLICABLE","NotApplicable","InfWideConservative","STATIC_CANDIDATE","NotEstablished","","","0","0","","1.27","1.27","","4"
"24.12.1","RDNA","AMDNPUMCDM","d0_whql-amd-software-adrenalin-edition-24.12.1-win10-win11-dec-rdna.exe_55eb3002898e\Packages\Drivers\AMDNPUMCDM\WT64A\kipudrv.inf","Windows Server 2022","20348","NotApplicableByBuild","NotApplicableByBuild","NOT_APPLICABLE","NotApplicable","InfWideConservative","STATIC_CANDIDATE","NotEstablished","","","0","0","","1.33","","","4"
"24.12.1","RDNA","AMDNPUMCDM","d0_whql-amd-software-adrenalin-edition-24.12.1-win10-win11-dec-rdna.exe_55eb3002898e\Packages\Drivers\AMDNPUMCDM\WT64A\kipudrv.inf","Windows Server 2025","26100","NativeApplicable","NativeApplicable","NATIVE_CANDIDATE","NativeCandidate","InfWideConservative","STATIC_CANDIDATE","NotEstablished","IpuMcdmDriver.Mfg.NTamd64.10.0...22000","IpuMcdmDriver.Mfg.NTamd64.10.0...22000","2","2","","1.33","1.35","","4"
"24.12.1","RDNA","AMDNPUWDF","d0_whql-amd-software-adrenalin-edition-24.12.1-win10-win11-dec-rdna.exe_55eb3002898e\Packages\Drivers\AMDNPUWDF\WT64A\kipudrv.inf","Windows Server 2016","14393","NativeApplicable","NativeApplicable","NATIVE_CANDIDATE","NativeCandidate","InfWideConservative","STATIC_CANDIDATE","NotEstablished","AMD.NTamd64.10.0...14393","AMD.NTamd64.10.0...14393","2","2","1.15","1.19","","","4"
"24.12.1","RDNA","AMDNPUWDF","d0_whql-amd-software-adrenalin-edition-24.12.1-win10-win11-dec-rdna.exe_55eb3002898e\Packages\Drivers\AMDNPUWDF\WT64A\kipudrv.inf","Windows Server 2019","17763","NativeApplicable","NativeApplicable","NATIVE_CANDIDATE","NativeCandidate","InfWideConservative","STATIC_CANDIDATE","NotEstablished","AMD.NTamd64.10.0...14393","AMD.NTamd64.10.0...14393","2","2","1.15","1.27","1.27","","4"
"24.12.1","RDNA","AMDNPUWDF","d0_whql-amd-software-adrenalin-edition-24.12.1-win10-win11-dec-rdna.exe_55eb3002898e\Packages\Drivers\AMDNPUWDF\WT64A\kipudrv.inf","Windows Server 2022","20348","NativeApplicable","NativeApplicable","NATIVE_CANDIDATE","NativeCandidate","InfWideConservative","STATIC_CANDIDATE","NotEstablished","AMD.NTamd64.10.0...14393","AMD.NTamd64.10.0...14393","2","2","1.15","1.33","","","4"
"24.12.1","RDNA","AMDNPUWDF","d0_whql-amd-software-adrenalin-edition-24.12.1-win10-win11-dec-rdna.exe_55eb3002898e\Packages\Drivers\AMDNPUWDF\WT64A\kipudrv.inf","Windows Server 2025","26100","NativeApplicable","NativeApplicable","NATIVE_CANDIDATE","NativeCandidate","InfWideConservative","STATIC_CANDIDATE","NotEstablished","AMD.NTamd64.10.0...22000","AMD.NTamd64.10.0...22000","2","2","1.15","1.33","1.35","","4"
"24.12.1","RDNA","Audio","d0_whql-amd-software-adrenalin-edition-24.12.1-win10-win11-dec-rdna.exe_55eb3002898e\Packages\Drivers\Audio\ACPAfd\WT64A\amdacpafd.inf","Windows Server 2016","14393","NotApplicableByBuild","NotApplicableByBuild","NOT_APPLICABLE","NotApplicable","InfWideConservative","STATIC_CANDIDATE","NotEstablished","","","0","0","1.15","1.19","","","1"
"24.12.1","RDNA","Audio","d0_whql-amd-software-adrenalin-edition-24.12.1-win10-win11-dec-rdna.exe_55eb3002898e\Packages\Drivers\Audio\ACPAfd\WT64A\amdacpafd.inf","Windows Server 2019","17763","NativeApplicable","NativeApplicable","NATIVE_CANDIDATE","NativeCandidate","InfWideConservative","STATIC_CANDIDATE","NotEstablished","AMD.NTAMD64.10.0...16299","AMD.NTAMD64.10.0...16299","4","4","1.15","1.27","1.27","","1"
"24.12.1","RDNA","Audio","d0_whql-amd-software-adrenalin-edition-24.12.1-win10-win11-dec-rdna.exe_55eb3002898e\Packages\Drivers\Audio\ACPAfd\WT64A\amdacpafd.inf","Windows Server 2022","20348","NativeApplicable","NativeApplicable","NATIVE_CANDIDATE","NativeCandidate","InfWideConservative","STATIC_CANDIDATE","NotEstablished","AMD.NTAMD64.10.0...16299","AMD.NTAMD64.10.0...16299","4","4","1.15","1.33","","","1"
"24.12.1","RDNA","Audio","d0_whql-amd-software-adrenalin-edition-24.12.1-win10-win11-dec-rdna.exe_55eb3002898e\Packages\Drivers\Audio\ACPAfd\WT64A\amdacpafd.inf","Windows Server 2025","26100","NativeApplicable","NativeApplicable","NATIVE_CANDIDATE","NativeCandidate","InfWideConservative","STATIC_CANDIDATE","NotEstablished","AMD.NTAMD64.10.0...16299","AMD.NTAMD64.10.0...16299","4","4","1.15","1.33","1.35","","1"
"24.12.1","RDNA","Audio","d0_whql-amd-software-adrenalin-edition-24.12.1-win10-win11-dec-rdna.exe_55eb3002898e\Packages\Drivers\Audio\ACPAFDSVC\WT64A\amdacpafdcomp.inf","Windows Server 2016","14393","NotApplicableByBuild","NotApplicableByBuild","NOT_APPLICABLE","NotApplicable","InfWideConservative","STATIC_CANDIDATE","NotEstablished","","","0","0","","1.19","","","0"
"24.12.1","RDNA","Audio","d0_whql-amd-software-adrenalin-edition-24.12.1-win10-win11-dec-rdna.exe_55eb3002898e\Packages\Drivers\Audio\ACPAFDSVC\WT64A\amdacpafdcomp.inf","Windows Server 2019","17763","NativeApplicable","NativeApplicable","NATIVE_CANDIDATE","NativeCandidate","InfWideConservative","STATIC_CANDIDATE","NotEstablished","AMD.NTAMD64.10.0...16299","AMD.NTAMD64.10.0...16299","1","1","","1.27","1.27","","0"
"24.12.1","RDNA","Audio","d0_whql-amd-software-adrenalin-edition-24.12.1-win10-win11-dec-rdna.exe_55eb3002898e\Packages\Drivers\Audio\ACPAFDSVC\WT64A\amdacpafdcomp.inf","Windows Server 2022","20348","NativeApplicable","NativeApplicable","NATIVE_CANDIDATE","NativeCandidate","InfWideConservative","STATIC_CANDIDATE","NotEstablished","AMD.NTAMD64.10.0...16299","AMD.NTAMD64.10.0...16299","1","1","","1.33","","","0"
"24.12.1","RDNA","Audio","d0_whql-amd-software-adrenalin-edition-24.12.1-win10-win11-dec-rdna.exe_55eb3002898e\Packages\Drivers\Audio\ACPAFDSVC\WT64A\amdacpafdcomp.inf","Windows Server 2025","26100","NativeApplicable","NativeApplicable","NATIVE_CANDIDATE","NativeCandidate","InfWideConservative","STATIC_CANDIDATE","NotEstablished","AMD.NTAMD64.10.0...16299","AMD.NTAMD64.10.0...16299","1","1","","1.33","1.35","","0"
"24.12.1","RDNA","Audio","d0_whql-amd-software-adrenalin-edition-24.12.1-win10-win11-dec-rdna.exe_55eb3002898e\Packages\Drivers\Audio\ACPAFDSVC\WT64A\amdacpafdext.inf","Windows Server 2016","14393","NotApplicableByBuild","NotApplicableByBuild","NOT_APPLICABLE","NotApplicable","InfWideConservative","STATIC_CANDIDATE","NotEstablished","","","0","0","","1.19","","","1"
"24.12.1","RDNA","Audio","d0_whql-amd-software-adrenalin-edition-24.12.1-win10-win11-dec-rdna.exe_55eb3002898e\Packages\Drivers\Audio\ACPAFDSVC\WT64A\amdacpafdext.inf","Windows Server 2019","17763","NativeApplicable","NativeApplicable","NATIVE_CANDIDATE","NativeCandidate","InfWideConservative","STATIC_CANDIDATE","NotEstablished","AMD.NTAMD64.10.0...16299","AMD.NTAMD64.10.0...16299","1","1","","1.27","1.27","","1"
"24.12.1","RDNA","Audio","d0_whql-amd-software-adrenalin-edition-24.12.1-win10-win11-dec-rdna.exe_55eb3002898e\Packages\Drivers\Audio\ACPAFDSVC\WT64A\amdacpafdext.inf","Windows Server 2022","20348","NativeApplicable","NativeApplicable","NATIVE_CANDIDATE","NativeCandidate","InfWideConservative","STATIC_CANDIDATE","NotEstablished","AMD.NTAMD64.10.0...16299","AMD.NTAMD64.10.0...16299","1","1","","1.33","","","1"
"24.12.1","RDNA","Audio","d0_whql-amd-software-adrenalin-edition-24.12.1-win10-win11-dec-rdna.exe_55eb3002898e\Packages\Drivers\Audio\ACPAFDSVC\WT64A\amdacpafdext.inf","Windows Server 2025","26100","NativeApplicable","NativeApplicable","NATIVE_CANDIDATE","NativeCandidate","InfWideConservative","STATIC_CANDIDATE","NotEstablished","AMD.NTAMD64.10.0...16299","AMD.NTAMD64.10.0...16299","1","1","","1.33","1.35","","1"
"24.12.1","RDNA","Audio","d0_whql-amd-software-adrenalin-edition-24.12.1-win10-win11-dec-rdna.exe_55eb3002898e\Packages\Drivers\Audio\ACPBTACX\WT64A\amdacpbtacx.inf","Windows Server 2016","14393","NotApplicableByBuild","NotApplicableByBuild","NOT_APPLICABLE","NotApplicable","InfWideConservative","STATIC_CANDIDATE","NotEstablished","","","0","0","1.31","1.19","","","1"
"24.12.1","RDNA","Audio","d0_whql-amd-software-adrenalin-edition-24.12.1-win10-win11-dec-rdna.exe_55eb3002898e\Packages\Drivers\Audio\ACPBTACX\WT64A\amdacpbtacx.inf","Windows Server 2019","17763","NativeApplicable","NativeApplicable","REVIEW_REQUIRED","WdfRequirementReview","InfWideConservative","STATIC_CANDIDATE","NotEstablished","AMD.NTAMD64.10.0...16299","AMD.NTAMD64.10.0...16299","7","7","1.31","1.27","1.27","","1"
"24.12.1","RDNA","Audio","d0_whql-amd-software-adrenalin-edition-24.12.1-win10-win11-dec-rdna.exe_55eb3002898e\Packages\Drivers\Audio\ACPBTACX\WT64A\amdacpbtacx.inf","Windows Server 2022","20348","NativeApplicable","NativeApplicable","NATIVE_CANDIDATE","NativeCandidate","InfWideConservative","STATIC_CANDIDATE","NotEstablished","AMD.NTAMD64.10.0...16299","AMD.NTAMD64.10.0...16299","7","7","1.31","1.33","","","1"
"24.12.1","RDNA","Audio","d0_whql-amd-software-adrenalin-edition-24.12.1-win10-win11-dec-rdna.exe_55eb3002898e\Packages\Drivers\Audio\ACPBTACX\WT64A\amdacpbtacx.inf","Windows Server 2025","26100","NativeApplicable","NativeApplicable","NATIVE_CANDIDATE","NativeCandidate","InfWideConservative","STATIC_CANDIDATE","NotEstablished","AMD.NTAMD64.10.0...16299","AMD.NTAMD64.10.0...16299","7","7","1.31","1.33","1.35","","1"
"24.12.1","RDNA","Audio","d0_whql-amd-software-adrenalin-edition-24.12.1-win10-win11-dec-rdna.exe_55eb3002898e\Packages\Drivers\Audio\ACPBtAfd\WT64A\amdacpbt.inf","Windows Server 2016","14393","NotApplicableByBuild","NotApplicableByBuild","NOT_APPLICABLE","NotApplicable","InfWideConservative","STATIC_CANDIDATE","NotEstablished","","","0","0","1.15","1.19","","","1"
"24.12.1","RDNA","Audio","d0_whql-amd-software-adrenalin-edition-24.12.1-win10-win11-dec-rdna.exe_55eb3002898e\Packages\Drivers\Audio\ACPBtAfd\WT64A\amdacpbt.inf","Windows Server 2019","17763","NativeApplicable","NativeApplicable","NATIVE_CANDIDATE","NativeCandidate","InfWideConservative","STATIC_CANDIDATE","NotEstablished","AMD.NTAMD64.10.0...16299","AMD.NTAMD64.10.0...16299","1","1","1.15","1.27","1.27","","1"
"24.12.1","RDNA","Audio","d0_whql-amd-software-adrenalin-edition-24.12.1-win10-win11-dec-rdna.exe_55eb3002898e\Packages\Drivers\Audio\ACPBtAfd\WT64A\amdacpbt.inf","Windows Server 2022","20348","NativeApplicable","NativeApplicable","NATIVE_CANDIDATE","NativeCandidate","InfWideConservative","STATIC_CANDIDATE","NotEstablished","AMD.NTAMD64.10.0...16299","AMD.NTAMD64.10.0...16299","1","1","1.15","1.33","","","1"
"24.12.1","RDNA","Audio","d0_whql-amd-software-adrenalin-edition-24.12.1-win10-win11-dec-rdna.exe_55eb3002898e\Packages\Drivers\Audio\ACPBtAfd\WT64A\amdacpbt.inf","Windows Server 2025","26100","NativeApplicable","NativeApplicable","NATIVE_CANDIDATE","NativeCandidate","InfWideConservative","STATIC_CANDIDATE","NotEstablished","AMD.NTAMD64.10.0...16299","AMD.NTAMD64.10.0...16299","1","1","1.15","1.33","1.35","","1"
"24.12.1","RDNA","Audio","d0_whql-amd-software-adrenalin-edition-24.12.1-win10-win11-dec-rdna.exe_55eb3002898e\Packages\Drivers\Audio\ACPBtAfd\WT64A\amdacpbtscoext\amdacpbtscoext.inf","Windows Server 2016","14393","NotApplicableByBuild","NotApplicableByBuild","NOT_APPLICABLE","NotApplicable","InfWideConservative","STATIC_CANDIDATE","NotEstablished","","","0","0","","1.19","","","0"
"24.12.1","RDNA","Audio","d0_whql-amd-software-adrenalin-edition-24.12.1-win10-win11-dec-rdna.exe_55eb3002898e\Packages\Drivers\Audio\ACPBtAfd\WT64A\amdacpbtscoext\amdacpbtscoext.inf","Windows Server 2019","17763","NotApplicableByBuild","NotApplicableByBuild","NOT_APPLICABLE","NotApplicable","InfWideConservative","STATIC_CANDIDATE","NotEstablished","","","0","0","","1.27","1.27","","0"
"24.12.1","RDNA","Audio","d0_whql-amd-software-adrenalin-edition-24.12.1-win10-win11-dec-rdna.exe_55eb3002898e\Packages\Drivers\Audio\ACPBtAfd\WT64A\amdacpbtscoext\amdacpbtscoext.inf","Windows Server 2022","20348","NotApplicableByBuild","NotApplicableByBuild","NOT_APPLICABLE","NotApplicable","InfWideConservative","STATIC_CANDIDATE","NotEstablished","","","0","0","","1.33","","","0"
"24.12.1","RDNA","Audio","d0_whql-amd-software-adrenalin-edition-24.12.1-win10-win11-dec-rdna.exe_55eb3002898e\Packages\Drivers\Audio\ACPBtAfd\WT64A\amdacpbtscoext\amdacpbtscoext.inf","Windows Server 2025","26100","NativeApplicable","NativeApplicable","NATIVE_CANDIDATE","NativeCandidate","InfWideConservative","STATIC_CANDIDATE","NotEstablished","QCA.NTamd64.10.0...22000","QCA.NTamd64.10.0...22000","1","1","","1.33","1.35","","0"
"24.12.1","RDNA","Audio","d0_whql-amd-software-adrenalin-edition-24.12.1-win10-win11-dec-rdna.exe_55eb3002898e\Packages\Drivers\Audio\ACPBus\WT64A\amdacpbus.inf","Windows Server 2016","14393","NotApplicableByBuild","NotApplicableByBuild","NOT_APPLICABLE","NotApplicable","InfWideConservative","STATIC_CANDIDATE","NotEstablished","","","0","0","","1.19","","","1"
"24.12.1","RDNA","Audio","d0_whql-amd-software-adrenalin-edition-24.12.1-win10-win11-dec-rdna.exe_55eb3002898e\Packages\Drivers\Audio\ACPBus\WT64A\amdacpbus.inf","Windows Server 2019","17763","NativeApplicable","NativeApplicable","NATIVE_CANDIDATE","NativeCandidate","InfWideConservative","STATIC_CANDIDATE","NotEstablished","AMD.NTamd64.10.0...16299","AMD.NTamd64.10.0...16299","6","6","","1.27","1.27","","1"
"24.12.1","RDNA","Audio","d0_whql-amd-software-adrenalin-edition-24.12.1-win10-win11-dec-rdna.exe_55eb3002898e\Packages\Drivers\Audio\ACPBus\WT64A\amdacpbus.inf","Windows Server 2022","20348","NativeApplicable","NativeApplicable","NATIVE_CANDIDATE","NativeCandidate","InfWideConservative","STATIC_CANDIDATE","NotEstablished","AMD.NTamd64.10.0...16299","AMD.NTamd64.10.0...16299","6","6","","1.33","","","1"
"24.12.1","RDNA","Audio","d0_whql-amd-software-adrenalin-edition-24.12.1-win10-win11-dec-rdna.exe_55eb3002898e\Packages\Drivers\Audio\ACPBus\WT64A\amdacpbus.inf","Windows Server 2025","26100","NativeApplicable","NativeApplicable","NATIVE_CANDIDATE","NativeCandidate","InfWideConservative","STATIC_CANDIDATE","NotEstablished","AMD.NTamd64.10.0...16299","AMD.NTamd64.10.0...16299","6","6","","1.33","1.35","","1"
"24.12.1","RDNA","Audio","d0_whql-amd-software-adrenalin-edition-24.12.1-win10-win11-dec-rdna.exe_55eb3002898e\Packages\Drivers\Audio\ACPBus\WT64A\amdacpbusext\amdacpbusext.inf","Windows Server 2016","14393","NotApplicableByBuild","NotApplicableByBuild","NOT_APPLICABLE","NotApplicable","InfWideConservative","STATIC_CANDIDATE","NotEstablished","","","0","0","","1.19","","","0"
"24.12.1","RDNA","Audio","d0_whql-amd-software-adrenalin-edition-24.12.1-win10-win11-dec-rdna.exe_55eb3002898e\Packages\Drivers\Audio\ACPBus\WT64A\amdacpbusext\amdacpbusext.inf","Windows Server 2019","17763","NativeApplicable","NativeApplicable","NATIVE_CANDIDATE","NativeCandidate","InfWideConservative","STATIC_CANDIDATE","NotEstablished","AMD.NTamd64.10.0...16299","AMD.NTamd64.10.0...16299","4","4","","1.27","1.27","","0"
"24.12.1","RDNA","Audio","d0_whql-amd-software-adrenalin-edition-24.12.1-win10-win11-dec-rdna.exe_55eb3002898e\Packages\Drivers\Audio\ACPBus\WT64A\amdacpbusext\amdacpbusext.inf","Windows Server 2022","20348","NativeApplicable","NativeApplicable","NATIVE_CANDIDATE","NativeCandidate","InfWideConservative","STATIC_CANDIDATE","NotEstablished","AMD.NTamd64.10.0...16299","AMD.NTamd64.10.0...16299","4","4","","1.33","","","0"
"24.12.1","RDNA","Audio","d0_whql-amd-software-adrenalin-edition-24.12.1-win10-win11-dec-rdna.exe_55eb3002898e\Packages\Drivers\Audio\ACPBus\WT64A\amdacpbusext\amdacpbusext.inf","Windows Server 2025","26100","NativeApplicable","NativeApplicable","NATIVE_CANDIDATE","NativeCandidate","InfWideConservative","STATIC_CANDIDATE","NotEstablished","AMD.NTamd64.10.0...16299","AMD.NTamd64.10.0...16299","4","4","","1.33","1.35","","0"
"24.12.1","RDNA","Audio","d0_whql-amd-software-adrenalin-edition-24.12.1-win10-win11-dec-rdna.exe_55eb3002898e\Packages\Drivers\Audio\ACPBus2\WT64A\amdacpbus2.inf","Windows Server 2016","14393","NotApplicableByBuild","NotApplicableByBuild","NOT_APPLICABLE","NotApplicable","InfWideConservative","STATIC_CANDIDATE","NotEstablished","","","0","0","","1.19","","","1"
"24.12.1","RDNA","Audio","d0_whql-amd-software-adrenalin-edition-24.12.1-win10-win11-dec-rdna.exe_55eb3002898e\Packages\Drivers\Audio\ACPBus2\WT64A\amdacpbus2.inf","Windows Server 2019","17763","NativeApplicable","NativeApplicable","NATIVE_CANDIDATE","NativeCandidate","InfWideConservative","STATIC_CANDIDATE","NotEstablished","AMD.NTamd64.10.0...16299","AMD.NTamd64.10.0...16299","2","2","","1.27","1.27","","1"
"24.12.1","RDNA","Audio","d0_whql-amd-software-adrenalin-edition-24.12.1-win10-win11-dec-rdna.exe_55eb3002898e\Packages\Drivers\Audio\ACPBus2\WT64A\amdacpbus2.inf","Windows Server 2022","20348","NativeApplicable","NativeApplicable","NATIVE_CANDIDATE","NativeCandidate","InfWideConservative","STATIC_CANDIDATE","NotEstablished","AMD.NTamd64.10.0...16299","AMD.NTamd64.10.0...16299","2","2","","1.33","","","1"
"24.12.1","RDNA","Audio","d0_whql-amd-software-adrenalin-edition-24.12.1-win10-win11-dec-rdna.exe_55eb3002898e\Packages\Drivers\Audio\ACPBus2\WT64A\amdacpbus2.inf","Windows Server 2025","26100","NativeApplicable","NativeApplicable","NATIVE_CANDIDATE","NativeCandidate","InfWideConservative","STATIC_CANDIDATE","NotEstablished","AMD.NTamd64.10.0...16299","AMD.NTamd64.10.0...16299","2","2","","1.33","1.35","","1"
"24.12.1","RDNA","Audio","d0_whql-amd-software-adrenalin-edition-24.12.1-win10-win11-dec-rdna.exe_55eb3002898e\Packages\Drivers\Audio\ACPBus2\WT64A\amdacpbusext\amdacpbusext.inf","Windows Server 2016","14393","NotApplicableByBuild","NotApplicableByBuild","NOT_APPLICABLE","NotApplicable","InfWideConservative","STATIC_CANDIDATE","NotEstablished","","","0","0","","1.19","","","0"
"24.12.1","RDNA","Audio","d0_whql-amd-software-adrenalin-edition-24.12.1-win10-win11-dec-rdna.exe_55eb3002898e\Packages\Drivers\Audio\ACPBus2\WT64A\amdacpbusext\amdacpbusext.inf","Windows Server 2019","17763","NativeApplicable","NativeApplicable","NATIVE_CANDIDATE","NativeCandidate","InfWideConservative","STATIC_CANDIDATE","NotEstablished","AMD.NTamd64.10.0...16299","AMD.NTamd64.10.0...16299","4","4","","1.27","1.27","","0"
"24.12.1","RDNA","Audio","d0_whql-amd-software-adrenalin-edition-24.12.1-win10-win11-dec-rdna.exe_55eb3002898e\Packages\Drivers\Audio\ACPBus2\WT64A\amdacpbusext\amdacpbusext.inf","Windows Server 2022","20348","NativeApplicable","NativeApplicable","NATIVE_CANDIDATE","NativeCandidate","InfWideConservative","STATIC_CANDIDATE","NotEstablished","AMD.NTamd64.10.0...16299","AMD.NTamd64.10.0...16299","4","4","","1.33","","","0"
"24.12.1","RDNA","Audio","d0_whql-amd-software-adrenalin-edition-24.12.1-win10-win11-dec-rdna.exe_55eb3002898e\Packages\Drivers\Audio\ACPBus2\WT64A\amdacpbusext\amdacpbusext.inf","Windows Server 2025","26100","NativeApplicable","NativeApplicable","NATIVE_CANDIDATE","NativeCandidate","InfWideConservative","STATIC_CANDIDATE","NotEstablished","AMD.NTamd64.10.0...16299","AMD.NTamd64.10.0...16299","4","4","","1.33","1.35","","0"
"24.12.1","RDNA","Audio","d0_whql-amd-software-adrenalin-edition-24.12.1-win10-win11-dec-rdna.exe_55eb3002898e\Packages\Drivers\Audio\ACPBus2\WT64A\amdacprgmext\amdacprgmext.inf","Windows Server 2016","14393","NotApplicableByBuild","NotApplicableByBuild","NOT_APPLICABLE","NotApplicable","InfWideConservative","STATIC_CANDIDATE","NotEstablished","","","0","0","","1.19","","","0"
"24.12.1","RDNA","Audio","d0_whql-amd-software-adrenalin-edition-24.12.1-win10-win11-dec-rdna.exe_55eb3002898e\Packages\Drivers\Audio\ACPBus2\WT64A\amdacprgmext\amdacprgmext.inf","Windows Server 2019","17763","NotApplicableByBuild","NotApplicableByBuild","NOT_APPLICABLE","NotApplicable","InfWideConservative","STATIC_CANDIDATE","NotEstablished","","","0","0","","1.27","1.27","","0"
"24.12.1","RDNA","Audio","d0_whql-amd-software-adrenalin-edition-24.12.1-win10-win11-dec-rdna.exe_55eb3002898e\Packages\Drivers\Audio\ACPBus2\WT64A\amdacprgmext\amdacprgmext.inf","Windows Server 2022","20348","NotApplicableByBuild","NotApplicableByBuild","NOT_APPLICABLE","NotApplicable","InfWideConservative","STATIC_CANDIDATE","NotEstablished","","","0","0","","1.33","","","0"
"24.12.1","RDNA","Audio","d0_whql-amd-software-adrenalin-edition-24.12.1-win10-win11-dec-rdna.exe_55eb3002898e\Packages\Drivers\Audio\ACPBus2\WT64A\amdacprgmext\amdacprgmext.inf","Windows Server 2025","26100","NativeApplicable","NativeApplicable","NATIVE_CANDIDATE","NativeCandidate","InfWideConservative","STATIC_CANDIDATE","NotEstablished","DeviceExtensions.NTamd64.10.0...26100","DeviceExtensions.NTamd64.10.0...26100","3","3","","1.33","1.35","","0"
"24.12.1","RDNA","Audio","d0_whql-amd-software-adrenalin-edition-24.12.1-win10-win11-dec-rdna.exe_55eb3002898e\Packages\Drivers\Audio\ACPHpd\WT64A\amdacphpd.inf","Windows Server 2016","14393","NotApplicableByBuild","NotApplicableByBuild","NOT_APPLICABLE","NotApplicable","InfWideConservative","STATIC_CANDIDATE","NotEstablished","","","0","0","","1.19","","2.33.0","0"
"24.12.1","RDNA","Audio","d0_whql-amd-software-adrenalin-edition-24.12.1-win10-win11-dec-rdna.exe_55eb3002898e\Packages\Drivers\Audio\ACPHpd\WT64A\amdacphpd.inf","Windows Server 2019","17763","NotApplicableByBuild","NotApplicableByBuild","NOT_APPLICABLE","NotApplicable","InfWideConservative","STATIC_CANDIDATE","NotEstablished","","","0","0","","1.27","1.27","2.33.0","0"
"24.12.1","RDNA","Audio","d0_whql-amd-software-adrenalin-edition-24.12.1-win10-win11-dec-rdna.exe_55eb3002898e\Packages\Drivers\Audio\ACPHpd\WT64A\amdacphpd.inf","Windows Server 2022","20348","NotApplicableByBuild","NotApplicableByBuild","NOT_APPLICABLE","NotApplicable","InfWideConservative","STATIC_CANDIDATE","NotEstablished","","","0","0","","1.33","","2.33.0","0"
"24.12.1","RDNA","Audio","d0_whql-amd-software-adrenalin-edition-24.12.1-win10-win11-dec-rdna.exe_55eb3002898e\Packages\Drivers\Audio\ACPHpd\WT64A\amdacphpd.inf","Windows Server 2025","26100","NativeApplicable","NativeApplicable","REVIEW_REQUIRED","WdfRequirementReview","InfWideConservative","STATIC_CANDIDATE","NotEstablished","amdacphpd_Device.NTamd64.10.0...22000","amdacphpd_Device.NTamd64.10.0...22000","1","1","","1.33","1.35","2.33.0","0"
"24.12.1","RDNA","Audio","d0_whql-amd-software-adrenalin-edition-24.12.1-win10-win11-dec-rdna.exe_55eb3002898e\Packages\Drivers\Audio\ACPHpd\WT64A\amdacphpdcomp.inf","Windows Server 2016","14393","NotApplicableByBuild","NotApplicableByBuild","NOT_APPLICABLE","NotApplicable","InfWideConservative","STATIC_CANDIDATE","NotEstablished","","","0","0","","1.19","","","0"
"24.12.1","RDNA","Audio","d0_whql-amd-software-adrenalin-edition-24.12.1-win10-win11-dec-rdna.exe_55eb3002898e\Packages\Drivers\Audio\ACPHpd\WT64A\amdacphpdcomp.inf","Windows Server 2019","17763","NativeApplicable","NativeApplicable","NATIVE_CANDIDATE","NativeCandidate","InfWideConservative","STATIC_CANDIDATE","NotEstablished","AMD.NTamd64.10.0...17134","AMD.NTamd64.10.0...17134","1","1","","1.27","1.27","","0"
"24.12.1","RDNA","Audio","d0_whql-amd-software-adrenalin-edition-24.12.1-win10-win11-dec-rdna.exe_55eb3002898e\Packages\Drivers\Audio\ACPHpd\WT64A\amdacphpdcomp.inf","Windows Server 2022","20348","NativeApplicable","NativeApplicable","NATIVE_CANDIDATE","NativeCandidate","InfWideConservative","STATIC_CANDIDATE","NotEstablished","AMD.NTamd64.10.0...17134","AMD.NTamd64.10.0...17134","1","1","","1.33","","","0"
"24.12.1","RDNA","Audio","d0_whql-amd-software-adrenalin-edition-24.12.1-win10-win11-dec-rdna.exe_55eb3002898e\Packages\Drivers\Audio\ACPHpd\WT64A\amdacphpdcomp.inf","Windows Server 2025","26100","NativeApplicable","NativeApplicable","NATIVE_CANDIDATE","NativeCandidate","InfWideConservative","STATIC_CANDIDATE","NotEstablished","AMD.NTamd64.10.0...17134","AMD.NTamd64.10.0...17134","1","1","","1.33","1.35","","0"
"24.12.1","RDNA","Audio","d0_whql-amd-software-adrenalin-edition-24.12.1-win10-win11-dec-rdna.exe_55eb3002898e\Packages\Drivers\Audio\ACPHpd\WT64A\amdacphpdext.inf","Windows Server 2016","14393","NotApplicableByBuild","NotApplicableByBuild","NOT_APPLICABLE","NotApplicable","InfWideConservative","STATIC_CANDIDATE","NotEstablished","","","0","0","","1.19","","","2"
"24.12.1","RDNA","Audio","d0_whql-amd-software-adrenalin-edition-24.12.1-win10-win11-dec-rdna.exe_55eb3002898e\Packages\Drivers\Audio\ACPHpd\WT64A\amdacphpdext.inf","Windows Server 2019","17763","NativeApplicable","NativeApplicable","NATIVE_CANDIDATE","NativeCandidate","InfWideConservative","STATIC_CANDIDATE","NotEstablished","AMD.NTamd64.10.0...17134","AMD.NTamd64.10.0...17134","4","4","","1.27","1.27","","2"
"24.12.1","RDNA","Audio","d0_whql-amd-software-adrenalin-edition-24.12.1-win10-win11-dec-rdna.exe_55eb3002898e\Packages\Drivers\Audio\ACPHpd\WT64A\amdacphpdext.inf","Windows Server 2022","20348","NativeApplicable","NativeApplicable","NATIVE_CANDIDATE","NativeCandidate","InfWideConservative","STATIC_CANDIDATE","NotEstablished","AMD.NTamd64.10.0...17134","AMD.NTamd64.10.0...17134","4","4","","1.33","","","2"
"24.12.1","RDNA","Audio","d0_whql-amd-software-adrenalin-edition-24.12.1-win10-win11-dec-rdna.exe_55eb3002898e\Packages\Drivers\Audio\ACPHpd\WT64A\amdacphpdext.inf","Windows Server 2025","26100","NativeApplicable","NativeApplicable","NATIVE_CANDIDATE","NativeCandidate","InfWideConservative","STATIC_CANDIDATE","NotEstablished","AMD.NTamd64.10.0...17134","AMD.NTamd64.10.0...17134","4","4","","1.33","1.35","","2"
"24.12.1","RDNA","Audio","d0_whql-amd-software-adrenalin-edition-24.12.1-win10-win11-dec-rdna.exe_55eb3002898e\Packages\Drivers\Audio\ACPUsbAfd\WT64A\amdacpusb.inf","Windows Server 2016","14393","NotApplicableByBuild","NotApplicableByBuild","NOT_APPLICABLE","NotApplicable","InfWideConservative","STATIC_CANDIDATE","NotEstablished","","","0","0","1.15","1.19","","","1"
"24.12.1","RDNA","Audio","d0_whql-amd-software-adrenalin-edition-24.12.1-win10-win11-dec-rdna.exe_55eb3002898e\Packages\Drivers\Audio\ACPUsbAfd\WT64A\amdacpusb.inf","Windows Server 2019","17763","NativeApplicable","NativeApplicable","NATIVE_CANDIDATE","NativeCandidate","InfWideConservative","STATIC_CANDIDATE","NotEstablished","AMD.NTAMD64.10.0...16299","AMD.NTAMD64.10.0...16299","1","1","1.15","1.27","1.27","","1"
"24.12.1","RDNA","Audio","d0_whql-amd-software-adrenalin-edition-24.12.1-win10-win11-dec-rdna.exe_55eb3002898e\Packages\Drivers\Audio\ACPUsbAfd\WT64A\amdacpusb.inf","Windows Server 2022","20348","NativeApplicable","NativeApplicable","NATIVE_CANDIDATE","NativeCandidate","InfWideConservative","STATIC_CANDIDATE","NotEstablished","AMD.NTAMD64.10.0...16299","AMD.NTAMD64.10.0...16299","1","1","1.15","1.33","","","1"
"24.12.1","RDNA","Audio","d0_whql-amd-software-adrenalin-edition-24.12.1-win10-win11-dec-rdna.exe_55eb3002898e\Packages\Drivers\Audio\ACPUsbAfd\WT64A\amdacpusb.inf","Windows Server 2025","26100","NativeApplicable","NativeApplicable","NATIVE_CANDIDATE","NativeCandidate","InfWideConservative","STATIC_CANDIDATE","NotEstablished","AMD.NTAMD64.10.0...16299","AMD.NTAMD64.10.0...16299","1","1","1.15","1.33","1.35","","1"
"24.12.1","RDNA","Audio","d0_whql-amd-software-adrenalin-edition-24.12.1-win10-win11-dec-rdna.exe_55eb3002898e\Packages\Drivers\Audio\HDABus\WT64A\amdhdaudbus.inf","Windows Server 2016","14393","NativeApplicable","NativeApplicable","NATIVE_CANDIDATE","NativeCandidate","InfWideConservative","STATIC_CANDIDATE","NotEstablished","AMD.NTAMD64","AMD.NTAMD64","1","1","1.15","1.19","","","1"
"24.12.1","RDNA","Audio","d0_whql-amd-software-adrenalin-edition-24.12.1-win10-win11-dec-rdna.exe_55eb3002898e\Packages\Drivers\Audio\HDABus\WT64A\amdhdaudbus.inf","Windows Server 2019","17763","NativeApplicable","NativeApplicable","NATIVE_CANDIDATE","NativeCandidate","InfWideConservative","STATIC_CANDIDATE","NotEstablished","AMD.NTAMD64","AMD.NTAMD64","1","1","1.15","1.27","1.27","","1"
"24.12.1","RDNA","Audio","d0_whql-amd-software-adrenalin-edition-24.12.1-win10-win11-dec-rdna.exe_55eb3002898e\Packages\Drivers\Audio\HDABus\WT64A\amdhdaudbus.inf","Windows Server 2022","20348","NativeApplicable","NativeApplicable","NATIVE_CANDIDATE","NativeCandidate","InfWideConservative","STATIC_CANDIDATE","NotEstablished","AMD.NTAMD64","AMD.NTAMD64","1","1","1.15","1.33","","","1"
"24.12.1","RDNA","Audio","d0_whql-amd-software-adrenalin-edition-24.12.1-win10-win11-dec-rdna.exe_55eb3002898e\Packages\Drivers\Audio\HDABus\WT64A\amdhdaudbus.inf","Windows Server 2025","26100","NativeApplicable","NativeApplicable","NATIVE_CANDIDATE","NativeCandidate","InfWideConservative","STATIC_CANDIDATE","NotEstablished","AMD.NTAMD64","AMD.NTAMD64","1","1","1.15","1.33","1.35","","1"
"24.12.1","RDNA","Audio","d0_whql-amd-software-adrenalin-edition-24.12.1-win10-win11-dec-rdna.exe_55eb3002898e\Packages\Drivers\Audio\HDMI\WT64A\AtihdWT6.inf","Windows Server 2016","14393","NativeApplicable","NativeApplicable","NATIVE_CANDIDATE","NativeCandidate","InfWideConservative","STATIC_CANDIDATE","NotEstablished","AMD.NTamd64.10.0;AMD.NTamd64.6.0;AMD.NTamd64.6.1;AMD.NTamd64.6.2;AMD.NTamd64.6.3","AMD.NTamd64.10.0;AMD.NTamd64.6.0;AMD.NTamd64.6.1;AMD.NTamd64.6.2;AMD.NTamd64.6.3","8","8","","1.19","","","1"
"24.12.1","RDNA","Audio","d0_whql-amd-software-adrenalin-edition-24.12.1-win10-win11-dec-rdna.exe_55eb3002898e\Packages\Drivers\Audio\HDMI\WT64A\AtihdWT6.inf","Windows Server 2019","17763","NativeApplicable","NativeApplicable","NATIVE_CANDIDATE","NativeCandidate","InfWideConservative","STATIC_CANDIDATE","NotEstablished","AMD.NTamd64.10.0...16299","AMD.NTamd64.10.0...16299","8","8","","1.27","1.27","","1"
"24.12.1","RDNA","Audio","d0_whql-amd-software-adrenalin-edition-24.12.1-win10-win11-dec-rdna.exe_55eb3002898e\Packages\Drivers\Audio\HDMI\WT64A\AtihdWT6.inf","Windows Server 2022","20348","NativeApplicable","NativeApplicable","NATIVE_CANDIDATE","NativeCandidate","InfWideConservative","STATIC_CANDIDATE","NotEstablished","AMD.NTamd64.10.0...16299","AMD.NTamd64.10.0...16299","8","8","","1.33","","","1"
"24.12.1","RDNA","Audio","d0_whql-amd-software-adrenalin-edition-24.12.1-win10-win11-dec-rdna.exe_55eb3002898e\Packages\Drivers\Audio\HDMI\WT64A\AtihdWT6.inf","Windows Server 2025","26100","NativeApplicable","NativeApplicable","NATIVE_CANDIDATE","NativeCandidate","InfWideConservative","STATIC_CANDIDATE","NotEstablished","AMD.NTamd64.10.0...22621","AMD.NTamd64.10.0...22621","8","8","","1.33","1.35","","1"
"24.12.1","RDNA","Audio","d0_whql-amd-software-adrenalin-edition-24.12.1-win10-win11-dec-rdna.exe_55eb3002898e\Packages\Drivers\Audio\SAFD\WT64A\amdsafd.inf","Windows Server 2016","14393","NotApplicableByBuild","NotApplicableByBuild","NOT_APPLICABLE","NotApplicable","InfWideConservative","STATIC_CANDIDATE","NotEstablished","","","0","0","1.15","1.19","","","1"
"24.12.1","RDNA","Audio","d0_whql-amd-software-adrenalin-edition-24.12.1-win10-win11-dec-rdna.exe_55eb3002898e\Packages\Drivers\Audio\SAFD\WT64A\amdsafd.inf","Windows Server 2019","17763","NativeApplicable","NativeApplicable","NATIVE_CANDIDATE","NativeCandidate","InfWideConservative","STATIC_CANDIDATE","NotEstablished","AMD.NTAMD64.10.0...16299","AMD.NTAMD64.10.0...16299","2","2","1.15","1.27","1.27","","1"
"24.12.1","RDNA","Audio","d0_whql-amd-software-adrenalin-edition-24.12.1-win10-win11-dec-rdna.exe_55eb3002898e\Packages\Drivers\Audio\SAFD\WT64A\amdsafd.inf","Windows Server 2022","20348","NativeApplicable","NativeApplicable","NATIVE_CANDIDATE","NativeCandidate","InfWideConservative","STATIC_CANDIDATE","NotEstablished","AMD.NTAMD64.10.0...16299","AMD.NTAMD64.10.0...16299","2","2","1.15","1.33","","","1"
"24.12.1","RDNA","Audio","d0_whql-amd-software-adrenalin-edition-24.12.1-win10-win11-dec-rdna.exe_55eb3002898e\Packages\Drivers\Audio\SAFD\WT64A\amdsafd.inf","Windows Server 2025","26100","NativeApplicable","NativeApplicable","NATIVE_CANDIDATE","NativeCandidate","InfWideConservative","STATIC_CANDIDATE","NotEstablished","AMD.NTAMD64.10.0...16299","AMD.NTAMD64.10.0...16299","2","2","1.15","1.33","1.35","","1"
"24.12.1","RDNA","Audio","d0_whql-amd-software-adrenalin-edition-24.12.1-win10-win11-dec-rdna.exe_55eb3002898e\Packages\Drivers\Audio\SDWC\WT64A\amdsdwc.inf","Windows Server 2016","14393","NotApplicableByBuild","NotApplicableByBuild","NOT_APPLICABLE","NotApplicable","InfWideConservative","STATIC_CANDIDATE","NotEstablished","","","0","0","1.31","1.19","","","1"
"24.12.1","RDNA","Audio","d0_whql-amd-software-adrenalin-edition-24.12.1-win10-win11-dec-rdna.exe_55eb3002898e\Packages\Drivers\Audio\SDWC\WT64A\amdsdwc.inf","Windows Server 2019","17763","NativeApplicable","NativeApplicable","REVIEW_REQUIRED","WdfRequirementReview","InfWideConservative","STATIC_CANDIDATE","NotEstablished","AMD.NTAMD64.10.0...16299","AMD.NTAMD64.10.0...16299","1","1","1.31","1.27","1.27","","1"
"24.12.1","RDNA","Audio","d0_whql-amd-software-adrenalin-edition-24.12.1-win10-win11-dec-rdna.exe_55eb3002898e\Packages\Drivers\Audio\SDWC\WT64A\amdsdwc.inf","Windows Server 2022","20348","NativeApplicable","NativeApplicable","NATIVE_CANDIDATE","NativeCandidate","InfWideConservative","STATIC_CANDIDATE","NotEstablished","AMD.NTAMD64.10.0...16299","AMD.NTAMD64.10.0...16299","1","1","1.31","1.33","","","1"
"24.12.1","RDNA","Audio","d0_whql-amd-software-adrenalin-edition-24.12.1-win10-win11-dec-rdna.exe_55eb3002898e\Packages\Drivers\Audio\SDWC\WT64A\amdsdwc.inf","Windows Server 2025","26100","NativeApplicable","NativeApplicable","NATIVE_CANDIDATE","NativeCandidate","InfWideConservative","STATIC_CANDIDATE","NotEstablished","AMD.NTAMD64.10.0...16299","AMD.NTAMD64.10.0...16299","1","1","1.31","1.33","1.35","","1"
"24.12.1","RDNA","Audio","d0_whql-amd-software-adrenalin-edition-24.12.1-win10-win11-dec-rdna.exe_55eb3002898e\Packages\Drivers\Audio\SDWS\WT64A\amdsdws.inf","Windows Server 2016","14393","NotApplicableByBuild","NotApplicableByBuild","NOT_APPLICABLE","NotApplicable","InfWideConservative","STATIC_CANDIDATE","NotEstablished","","","0","0","1.31","1.19","","","1"
"24.12.1","RDNA","Audio","d0_whql-amd-software-adrenalin-edition-24.12.1-win10-win11-dec-rdna.exe_55eb3002898e\Packages\Drivers\Audio\SDWS\WT64A\amdsdws.inf","Windows Server 2019","17763","NativeApplicable","NativeApplicable","REVIEW_REQUIRED","WdfRequirementReview","InfWideConservative","STATIC_CANDIDATE","NotEstablished","AMD.NTAMD64.10.0...16299","AMD.NTAMD64.10.0...16299","5","5","1.31","1.27","1.27","","1"
"24.12.1","RDNA","Audio","d0_whql-amd-software-adrenalin-edition-24.12.1-win10-win11-dec-rdna.exe_55eb3002898e\Packages\Drivers\Audio\SDWS\WT64A\amdsdws.inf","Windows Server 2022","20348","NativeApplicable","NativeApplicable","NATIVE_CANDIDATE","NativeCandidate","InfWideConservative","STATIC_CANDIDATE","NotEstablished","AMD.NTAMD64.10.0...16299","AMD.NTAMD64.10.0...16299","5","5","1.31","1.33","","","1"
"24.12.1","RDNA","Audio","d0_whql-amd-software-adrenalin-edition-24.12.1-win10-win11-dec-rdna.exe_55eb3002898e\Packages\Drivers\Audio\SDWS\WT64A\amdsdws.inf","Windows Server 2025","26100","NativeApplicable","NativeApplicable","NATIVE_CANDIDATE","NativeCandidate","InfWideConservative","STATIC_CANDIDATE","NotEstablished","AMD.NTAMD64.10.0...16299","AMD.NTAMD64.10.0...16299","5","5","1.31","1.33","1.35","","1"
"24.12.1","RDNA","Audio","d0_whql-amd-software-adrenalin-edition-24.12.1-win10-win11-dec-rdna.exe_55eb3002898e\Packages\Drivers\Audio\SDWS\WT64A\amdsdwsext\amdsdwsext.inf","Windows Server 2016","14393","NotApplicableByBuild","NotApplicableByBuild","NOT_APPLICABLE","NotApplicable","InfWideConservative","STATIC_CANDIDATE","NotEstablished","","","0","0","","1.19","","","0"
"24.12.1","RDNA","Audio","d0_whql-amd-software-adrenalin-edition-24.12.1-win10-win11-dec-rdna.exe_55eb3002898e\Packages\Drivers\Audio\SDWS\WT64A\amdsdwsext\amdsdwsext.inf","Windows Server 2019","17763","NativeApplicable","NativeApplicable","NATIVE_CANDIDATE","NativeCandidate","InfWideConservative","STATIC_CANDIDATE","NotEstablished","AmdDeviceExtensions.NTamd64.10.0...16299","AmdDeviceExtensions.NTamd64.10.0...16299","4","4","","1.27","1.27","","0"
"24.12.1","RDNA","Audio","d0_whql-amd-software-adrenalin-edition-24.12.1-win10-win11-dec-rdna.exe_55eb3002898e\Packages\Drivers\Audio\SDWS\WT64A\amdsdwsext\amdsdwsext.inf","Windows Server 2022","20348","NativeApplicable","NativeApplicable","NATIVE_CANDIDATE","NativeCandidate","InfWideConservative","STATIC_CANDIDATE","NotEstablished","AmdDeviceExtensions.NTamd64.10.0...16299","AmdDeviceExtensions.NTamd64.10.0...16299","4","4","","1.33","","","0"
"24.12.1","RDNA","Audio","d0_whql-amd-software-adrenalin-edition-24.12.1-win10-win11-dec-rdna.exe_55eb3002898e\Packages\Drivers\Audio\SDWS\WT64A\amdsdwsext\amdsdwsext.inf","Windows Server 2025","26100","NativeApplicable","NativeApplicable","NATIVE_CANDIDATE","NativeCandidate","InfWideConservative","STATIC_CANDIDATE","NotEstablished","AmdDeviceExtensions.NTamd64.10.0...16299","AmdDeviceExtensions.NTamd64.10.0...16299","4","4","","1.33","1.35","","0"
"24.12.1","RDNA","Display","d0_whql-amd-software-adrenalin-edition-24.12.1-win10-win11-dec-rdna.exe_55eb3002898e\Packages\Drivers\Display\WT6A_INF\u0410212.inf","Windows Server 2016","14393","NotApplicableByBuild","ExplicitlyExcluded","NOT_APPLICABLE","NotApplicable","InfWideConservative","STATIC_CANDIDATE","NotEstablished","","ATI.Mfg.NTamd64.10.0.1;ATI.Mfg.NTamd64.6.0.1;ATI.Mfg.NTamd64.6.1.1;ATI.Mfg.NTamd64.6.2.1;ATI.Mfg.NTamd64.6.3.1","0","0","","1.19","","","1"
"24.12.1","RDNA","Display","d0_whql-amd-software-adrenalin-edition-24.12.1-win10-win11-dec-rdna.exe_55eb3002898e\Packages\Drivers\Display\WT6A_INF\u0410212.inf","Windows Server 2019","17763","NotApplicableByProductType","ProjectionCandidate","PATCH_CANDIDATE","ProjectionCandidate","InfWideConservative","STATIC_CANDIDATE","NotEstablished","","ATI.Mfg.NTamd64.10.0.1..16299","0","4485","","1.27","1.27","","1"
"24.12.1","RDNA","Display","d0_whql-amd-software-adrenalin-edition-24.12.1-win10-win11-dec-rdna.exe_55eb3002898e\Packages\Drivers\Display\WT6A_INF\u0410212.inf","Windows Server 2022","20348","NotApplicableByProductType","ProjectionCandidate","PATCH_CANDIDATE","ProjectionCandidate","InfWideConservative","STATIC_CANDIDATE","NotEstablished","","ATI.Mfg.NTamd64.10.0.1..16299","0","4485","","1.33","","","1"
"24.12.1","RDNA","Display","d0_whql-amd-software-adrenalin-edition-24.12.1-win10-win11-dec-rdna.exe_55eb3002898e\Packages\Drivers\Display\WT6A_INF\u0410212.inf","Windows Server 2025","26100","NotApplicableByProductType","ProjectionCandidate","PATCH_CANDIDATE","ProjectionCandidate","InfWideConservative","STATIC_CANDIDATE","NotEstablished","","ATI.Mfg.NTamd64.10.0.1..16299","0","4485","","1.33","1.35","","1"
"24.12.1","RDNA","Display","d0_whql-amd-software-adrenalin-edition-24.12.1-win10-win11-dec-rdna.exe_55eb3002898e\Packages\Drivers\Display\WT6A_INF\amdfdans\AMDFDANS.inf","Windows Server 2016","14393","NotApplicableByBuild","NotApplicableByBuild","NOT_APPLICABLE","NotApplicable","InfWideConservative","STATIC_CANDIDATE","NotEstablished","","","0","0","","1.19","","","0"
"24.12.1","RDNA","Display","d0_whql-amd-software-adrenalin-edition-24.12.1-win10-win11-dec-rdna.exe_55eb3002898e\Packages\Drivers\Display\WT6A_INF\amdfdans\AMDFDANS.inf","Windows Server 2019","17763","NativeApplicable","NativeApplicable","NATIVE_CANDIDATE","NativeCandidate","InfWideConservative","STATIC_CANDIDATE","NotEstablished","AMD.Mfg.NTamd64.10.0...16299","AMD.Mfg.NTamd64.10.0...16299","1","1","","1.27","1.27","","0"
"24.12.1","RDNA","Display","d0_whql-amd-software-adrenalin-edition-24.12.1-win10-win11-dec-rdna.exe_55eb3002898e\Packages\Drivers\Display\WT6A_INF\amdfdans\AMDFDANS.inf","Windows Server 2022","20348","NativeApplicable","NativeApplicable","NATIVE_CANDIDATE","NativeCandidate","InfWideConservative","STATIC_CANDIDATE","NotEstablished","AMD.Mfg.NTamd64.10.0...16299","AMD.Mfg.NTamd64.10.0...16299","1","1","","1.33","","","0"
"24.12.1","RDNA","Display","d0_whql-amd-software-adrenalin-edition-24.12.1-win10-win11-dec-rdna.exe_55eb3002898e\Packages\Drivers\Display\WT6A_INF\amdfdans\AMDFDANS.inf","Windows Server 2025","26100","NativeApplicable","NativeApplicable","NATIVE_CANDIDATE","NativeCandidate","InfWideConservative","STATIC_CANDIDATE","NotEstablished","AMD.Mfg.NTamd64.10.0...16299","AMD.Mfg.NTamd64.10.0...16299","1","1","","1.33","1.35","","0"
"24.12.1","RDNA","Display","d0_whql-amd-software-adrenalin-edition-24.12.1-win10-win11-dec-rdna.exe_55eb3002898e\Packages\Drivers\Display\WT6A_INF\amdfendr\amdfendr.inf","Windows Server 2016","14393","NotApplicableByBuild","NotApplicableByBuild","NOT_APPLICABLE","NotApplicable","InfWideConservative","STATIC_CANDIDATE","NotEstablished","","","0","0","1.15","1.19","","","0"
"24.12.1","RDNA","Display","d0_whql-amd-software-adrenalin-edition-24.12.1-win10-win11-dec-rdna.exe_55eb3002898e\Packages\Drivers\Display\WT6A_INF\amdfendr\amdfendr.inf","Windows Server 2019","17763","NativeApplicable","NativeApplicable","NATIVE_CANDIDATE","NativeCandidate","InfWideConservative","STATIC_CANDIDATE","NotEstablished","AMDFENDR_KM.NTAMD64.10.0...16299","AMDFENDR_KM.NTAMD64.10.0...16299","1","1","1.15","1.27","1.27","","0"
"24.12.1","RDNA","Display","d0_whql-amd-software-adrenalin-edition-24.12.1-win10-win11-dec-rdna.exe_55eb3002898e\Packages\Drivers\Display\WT6A_INF\amdfendr\amdfendr.inf","Windows Server 2022","20348","NativeApplicable","NativeApplicable","NATIVE_CANDIDATE","NativeCandidate","InfWideConservative","STATIC_CANDIDATE","NotEstablished","AMDFENDR_KM.NTAMD64.10.0...16299","AMDFENDR_KM.NTAMD64.10.0...16299","1","1","1.15","1.33","","","0"
"24.12.1","RDNA","Display","d0_whql-amd-software-adrenalin-edition-24.12.1-win10-win11-dec-rdna.exe_55eb3002898e\Packages\Drivers\Display\WT6A_INF\amdfendr\amdfendr.inf","Windows Server 2025","26100","NativeApplicable","NativeApplicable","NATIVE_CANDIDATE","NativeCandidate","InfWideConservative","STATIC_CANDIDATE","NotEstablished","AMDFENDR_KM.NTAMD64.10.0...16299","AMDFENDR_KM.NTAMD64.10.0...16299","1","1","1.15","1.33","1.35","","0"
"24.12.1","RDNA","Display","d0_whql-amd-software-adrenalin-edition-24.12.1-win10-win11-dec-rdna.exe_55eb3002898e\Packages\Drivers\Display\WT6A_INF\amdocl\amdocl.inf","Windows Server 2016","14393","NotApplicableByBuild","NotApplicableByBuild","NOT_APPLICABLE","NotApplicable","InfWideConservative","STATIC_CANDIDATE","NotEstablished","","","0","0","","1.19","","","0"
"24.12.1","RDNA","Display","d0_whql-amd-software-adrenalin-edition-24.12.1-win10-win11-dec-rdna.exe_55eb3002898e\Packages\Drivers\Display\WT6A_INF\amdocl\amdocl.inf","Windows Server 2019","17763","NativeApplicable","NativeApplicable","NATIVE_CANDIDATE","NativeCandidate","InfWideConservative","STATIC_CANDIDATE","NotEstablished","AMD.Mfg.NTamd64.10.0...16299","AMD.Mfg.NTamd64.10.0...16299","1","1","","1.27","1.27","","0"
"24.12.1","RDNA","Display","d0_whql-amd-software-adrenalin-edition-24.12.1-win10-win11-dec-rdna.exe_55eb3002898e\Packages\Drivers\Display\WT6A_INF\amdocl\amdocl.inf","Windows Server 2022","20348","NativeApplicable","NativeApplicable","NATIVE_CANDIDATE","NativeCandidate","InfWideConservative","STATIC_CANDIDATE","NotEstablished","AMD.Mfg.NTamd64.10.0...16299","AMD.Mfg.NTamd64.10.0...16299","1","1","","1.33","","","0"
"24.12.1","RDNA","Display","d0_whql-amd-software-adrenalin-edition-24.12.1-win10-win11-dec-rdna.exe_55eb3002898e\Packages\Drivers\Display\WT6A_INF\amdocl\amdocl.inf","Windows Server 2025","26100","NativeApplicable","NativeApplicable","NATIVE_CANDIDATE","NativeCandidate","InfWideConservative","STATIC_CANDIDATE","NotEstablished","AMD.Mfg.NTamd64.10.0...16299","AMD.Mfg.NTamd64.10.0...16299","1","1","","1.33","1.35","","0"
"24.12.1","RDNA","Display","d0_whql-amd-software-adrenalin-edition-24.12.1-win10-win11-dec-rdna.exe_55eb3002898e\Packages\Drivers\Display\WT6A_INF\amdpcibridge\amdpcibridgeextension.inf","Windows Server 2016","14393","NativeApplicable","NativeApplicable","NATIVE_CANDIDATE","NativeCandidate","InfWideConservative","STATIC_CANDIDATE","NotEstablished","DeviceExtensions.NTamd64","DeviceExtensions.NTamd64","2","2","","1.19","","","0"
"24.12.1","RDNA","Display","d0_whql-amd-software-adrenalin-edition-24.12.1-win10-win11-dec-rdna.exe_55eb3002898e\Packages\Drivers\Display\WT6A_INF\amdpcibridge\amdpcibridgeextension.inf","Windows Server 2019","17763","NativeApplicable","NativeApplicable","NATIVE_CANDIDATE","NativeCandidate","InfWideConservative","STATIC_CANDIDATE","NotEstablished","DeviceExtensions.NTamd64","DeviceExtensions.NTamd64","2","2","","1.27","1.27","","0"
"24.12.1","RDNA","Display","d0_whql-amd-software-adrenalin-edition-24.12.1-win10-win11-dec-rdna.exe_55eb3002898e\Packages\Drivers\Display\WT6A_INF\amdpcibridge\amdpcibridgeextension.inf","Windows Server 2022","20348","NativeApplicable","NativeApplicable","NATIVE_CANDIDATE","NativeCandidate","InfWideConservative","STATIC_CANDIDATE","NotEstablished","DeviceExtensions.NTamd64","DeviceExtensions.NTamd64","2","2","","1.33","","","0"
"24.12.1","RDNA","Display","d0_whql-amd-software-adrenalin-edition-24.12.1-win10-win11-dec-rdna.exe_55eb3002898e\Packages\Drivers\Display\WT6A_INF\amdpcibridge\amdpcibridgeextension.inf","Windows Server 2025","26100","NativeApplicable","NativeApplicable","NATIVE_CANDIDATE","NativeCandidate","InfWideConservative","STATIC_CANDIDATE","NotEstablished","DeviceExtensions.NTamd64","DeviceExtensions.NTamd64","2","2","","1.33","1.35","","0"
"24.12.1","RDNA","Display","d0_whql-amd-software-adrenalin-edition-24.12.1-win10-win11-dec-rdna.exe_55eb3002898e\Packages\Drivers\Display\WT6A_INF\amdwin\amdwin-u0410212.inf","Windows Server 2016","14393","NativeApplicable","NativeApplicable","NATIVE_CANDIDATE","NativeCandidate","InfWideConservative","STATIC_CANDIDATE","NotEstablished","AMD.Mfg.NTamd64.10.0","AMD.Mfg.NTamd64.10.0","1","1","","1.19","","","0"
"24.12.1","RDNA","Display","d0_whql-amd-software-adrenalin-edition-24.12.1-win10-win11-dec-rdna.exe_55eb3002898e\Packages\Drivers\Display\WT6A_INF\amdwin\amdwin-u0410212.inf","Windows Server 2019","17763","NativeApplicable","NativeApplicable","NATIVE_CANDIDATE","NativeCandidate","InfWideConservative","STATIC_CANDIDATE","NotEstablished","AMD.Mfg.NTamd64.10.0","AMD.Mfg.NTamd64.10.0","1","1","","1.27","1.27","","0"
"24.12.1","RDNA","Display","d0_whql-amd-software-adrenalin-edition-24.12.1-win10-win11-dec-rdna.exe_55eb3002898e\Packages\Drivers\Display\WT6A_INF\amdwin\amdwin-u0410212.inf","Windows Server 2022","20348","NativeApplicable","NativeApplicable","NATIVE_CANDIDATE","NativeCandidate","InfWideConservative","STATIC_CANDIDATE","NotEstablished","AMD.Mfg.NTamd64.10.0","AMD.Mfg.NTamd64.10.0","1","1","","1.33","","","0"
"24.12.1","RDNA","Display","d0_whql-amd-software-adrenalin-edition-24.12.1-win10-win11-dec-rdna.exe_55eb3002898e\Packages\Drivers\Display\WT6A_INF\amdwin\amdwin-u0410212.inf","Windows Server 2025","26100","NativeApplicable","NativeApplicable","NATIVE_CANDIDATE","NativeCandidate","InfWideConservative","STATIC_CANDIDATE","NotEstablished","AMD.Mfg.NTamd64.10.0","AMD.Mfg.NTamd64.10.0","1","1","","1.33","1.35","","0"
"24.12.1","RDNA","Display","d0_whql-amd-software-adrenalin-edition-24.12.1-win10-win11-dec-rdna.exe_55eb3002898e\Packages\Drivers\Display\WT6A_INF\amdxe\amdxe.inf","Windows Server 2016","14393","NativeApplicable","NativeApplicable","NATIVE_CANDIDATE","NativeCandidate","InfWideConservative","STATIC_CANDIDATE","NotEstablished","Standard.NTamd64","Standard.NTamd64","1","1","1.15","1.19","","","0"
"24.12.1","RDNA","Display","d0_whql-amd-software-adrenalin-edition-24.12.1-win10-win11-dec-rdna.exe_55eb3002898e\Packages\Drivers\Display\WT6A_INF\amdxe\amdxe.inf","Windows Server 2019","17763","NativeApplicable","NativeApplicable","NATIVE_CANDIDATE","NativeCandidate","InfWideConservative","STATIC_CANDIDATE","NotEstablished","Standard.NTamd64","Standard.NTamd64","1","1","1.15","1.27","1.27","","0"
"24.12.1","RDNA","Display","d0_whql-amd-software-adrenalin-edition-24.12.1-win10-win11-dec-rdna.exe_55eb3002898e\Packages\Drivers\Display\WT6A_INF\amdxe\amdxe.inf","Windows Server 2022","20348","NativeApplicable","NativeApplicable","NATIVE_CANDIDATE","NativeCandidate","InfWideConservative","STATIC_CANDIDATE","NotEstablished","Standard.NTamd64","Standard.NTamd64","1","1","1.15","1.33","","","0"
"24.12.1","RDNA","Display","d0_whql-amd-software-adrenalin-edition-24.12.1-win10-win11-dec-rdna.exe_55eb3002898e\Packages\Drivers\Display\WT6A_INF\amdxe\amdxe.inf","Windows Server 2025","26100","NativeApplicable","NativeApplicable","NATIVE_CANDIDATE","NativeCandidate","InfWideConservative","STATIC_CANDIDATE","NotEstablished","Standard.NTamd64","Standard.NTamd64","1","1","1.15","1.33","1.35","","0"
"24.12.1","RDNA","RadeonLED","d0_whql-amd-software-adrenalin-edition-24.12.1-win10-win11-dec-rdna.exe_55eb3002898e\Packages\Drivers\RadeonLED\WT64A\amdusbledfd.inf","Windows Server 2016","14393","NativeApplicable","NativeApplicable","NATIVE_CANDIDATE","NativeCandidate","InfWideConservative","STATIC_CANDIDATE","NotEstablished","AMD_USBLEDFD.NTamd64","AMD_USBLEDFD.NTamd64","6","6","","1.19","","","1"
"24.12.1","RDNA","RadeonLED","d0_whql-amd-software-adrenalin-edition-24.12.1-win10-win11-dec-rdna.exe_55eb3002898e\Packages\Drivers\RadeonLED\WT64A\amdusbledfd.inf","Windows Server 2019","17763","NativeApplicable","NativeApplicable","NATIVE_CANDIDATE","NativeCandidate","InfWideConservative","STATIC_CANDIDATE","NotEstablished","AMD_USBLEDFD.NTamd64","AMD_USBLEDFD.NTamd64","6","6","","1.27","1.27","","1"
"24.12.1","RDNA","RadeonLED","d0_whql-amd-software-adrenalin-edition-24.12.1-win10-win11-dec-rdna.exe_55eb3002898e\Packages\Drivers\RadeonLED\WT64A\amdusbledfd.inf","Windows Server 2022","20348","NativeApplicable","NativeApplicable","NATIVE_CANDIDATE","NativeCandidate","InfWideConservative","STATIC_CANDIDATE","NotEstablished","AMD_USBLEDFD.NTamd64","AMD_USBLEDFD.NTamd64","6","6","","1.33","","","1"
"24.12.1","RDNA","RadeonLED","d0_whql-amd-software-adrenalin-edition-24.12.1-win10-win11-dec-rdna.exe_55eb3002898e\Packages\Drivers\RadeonLED\WT64A\amdusbledfd.inf","Windows Server 2025","26100","NativeApplicable","NativeApplicable","NATIVE_CANDIDATE","NativeCandidate","InfWideConservative","STATIC_CANDIDATE","NotEstablished","AMD_USBLEDFD.NTamd64","AMD_USBLEDFD.NTamd64","6","6","","1.33","1.35","","1"
"24.12.1","RDNA","SBDrv","d0_whql-amd-software-adrenalin-edition-24.12.1-win10-win11-dec-rdna.exe_55eb3002898e\Packages\Drivers\SBDrv\AMDUCSI\WT64A\amducsi.inf","Windows Server 2016","14393","NativeApplicable","NativeApplicable","NATIVE_CANDIDATE","NativeCandidate","InfWideConservative","STATIC_CANDIDATE","NotEstablished","AMD.NTamd64","AMD.NTamd64","5","5","1.15","1.19","","","1"
"24.12.1","RDNA","SBDrv","d0_whql-amd-software-adrenalin-edition-24.12.1-win10-win11-dec-rdna.exe_55eb3002898e\Packages\Drivers\SBDrv\AMDUCSI\WT64A\amducsi.inf","Windows Server 2019","17763","NativeApplicable","NativeApplicable","NATIVE_CANDIDATE","NativeCandidate","InfWideConservative","STATIC_CANDIDATE","NotEstablished","AMD.NTamd64","AMD.NTamd64","5","5","1.15","1.27","1.27","","1"
"24.12.1","RDNA","SBDrv","d0_whql-amd-software-adrenalin-edition-24.12.1-win10-win11-dec-rdna.exe_55eb3002898e\Packages\Drivers\SBDrv\AMDUCSI\WT64A\amducsi.inf","Windows Server 2022","20348","NativeApplicable","NativeApplicable","NATIVE_CANDIDATE","NativeCandidate","InfWideConservative","STATIC_CANDIDATE","NotEstablished","AMD.NTamd64","AMD.NTamd64","5","5","1.15","1.33","","","1"
"24.12.1","RDNA","SBDrv","d0_whql-amd-software-adrenalin-edition-24.12.1-win10-win11-dec-rdna.exe_55eb3002898e\Packages\Drivers\SBDrv\AMDUCSI\WT64A\amducsi.inf","Windows Server 2025","26100","NativeApplicable","NativeApplicable","NATIVE_CANDIDATE","NativeCandidate","InfWideConservative","STATIC_CANDIDATE","NotEstablished","AMD.NTamd64","AMD.NTamd64","5","5","1.15","1.33","1.35","","1"
"26.Q1","RDNA","AMDISP","d0_amd-software-pro-edition-26.q1-win11-rdna.exe_12482d7df129\Packages\Drivers\AMDISP\AMDCAMERA\WT64A\amdcamera.inf","Windows Server 2016","14393","NativeApplicable","NativeApplicable","NATIVE_CANDIDATE","NativeCandidate","InfWideConservative","STATIC_CANDIDATE","NotEstablished","AMD.NTamd64","AMD.NTamd64","1","1","","1.19","","","1"
"26.Q1","RDNA","AMDISP","d0_amd-software-pro-edition-26.q1-win11-rdna.exe_12482d7df129\Packages\Drivers\AMDISP\AMDCAMERA\WT64A\amdcamera.inf","Windows Server 2019","17763","NativeApplicable","NativeApplicable","NATIVE_CANDIDATE","NativeCandidate","InfWideConservative","STATIC_CANDIDATE","NotEstablished","AMD.NTamd64","AMD.NTamd64","1","1","","1.27","1.27","","1"
"26.Q1","RDNA","AMDISP","d0_amd-software-pro-edition-26.q1-win11-rdna.exe_12482d7df129\Packages\Drivers\AMDISP\AMDCAMERA\WT64A\amdcamera.inf","Windows Server 2022","20348","NativeApplicable","NativeApplicable","NATIVE_CANDIDATE","NativeCandidate","InfWideConservative","STATIC_CANDIDATE","NotEstablished","AMD.NTamd64","AMD.NTamd64","1","1","","1.33","","","1"
"26.Q1","RDNA","AMDISP","d0_amd-software-pro-edition-26.q1-win11-rdna.exe_12482d7df129\Packages\Drivers\AMDISP\AMDCAMERA\WT64A\amdcamera.inf","Windows Server 2025","26100","NativeApplicable","NativeApplicable","NATIVE_CANDIDATE","NativeCandidate","InfWideConservative","STATIC_CANDIDATE","NotEstablished","AMD.NTamd64","AMD.NTamd64","1","1","","1.33","1.35","","1"
"26.Q1","RDNA","AMDISP","d0_amd-software-pro-edition-26.q1-win11-rdna.exe_12482d7df129\Packages\Drivers\AMDISP\AMDISP\WT64A\amdisp.inf","Windows Server 2016","14393","NativeApplicable","NativeApplicable","REVIEW_REQUIRED","WdfRequirementReview","InfWideConservative","STATIC_CANDIDATE","NotEstablished","AMD.NTamd64;AMD_SRX.NTamd64","AMD.NTamd64;AMD_SRX.NTamd64","2","2","1.23.0","1.19","","2.23.0","1"
"26.Q1","RDNA","AMDISP","d0_amd-software-pro-edition-26.q1-win11-rdna.exe_12482d7df129\Packages\Drivers\AMDISP\AMDISP\WT64A\amdisp.inf","Windows Server 2019","17763","NativeApplicable","NativeApplicable","NATIVE_CANDIDATE","NativeCandidate","InfWideConservative","STATIC_CANDIDATE","NotEstablished","AMD.NTamd64;AMD_SRX.NTamd64","AMD.NTamd64;AMD_SRX.NTamd64","2","2","1.23.0","1.27","1.27","2.23.0","1"
"26.Q1","RDNA","AMDISP","d0_amd-software-pro-edition-26.q1-win11-rdna.exe_12482d7df129\Packages\Drivers\AMDISP\AMDISP\WT64A\amdisp.inf","Windows Server 2022","20348","NativeApplicable","NativeApplicable","NATIVE_CANDIDATE","NativeCandidate","InfWideConservative","STATIC_CANDIDATE","NotEstablished","AMD.NTamd64;AMD_SRX.NTamd64","AMD.NTamd64;AMD_SRX.NTamd64","2","2","1.23.0","1.33","","2.23.0","1"
"26.Q1","RDNA","AMDISP","d0_amd-software-pro-edition-26.q1-win11-rdna.exe_12482d7df129\Packages\Drivers\AMDISP\AMDISP\WT64A\amdisp.inf","Windows Server 2025","26100","NativeApplicable","NativeApplicable","NATIVE_CANDIDATE","NativeCandidate","InfWideConservative","STATIC_CANDIDATE","NotEstablished","AMD.NTamd64;AMD_SRX.NTamd64","AMD.NTamd64;AMD_SRX.NTamd64","2","2","1.23.0","1.33","1.35","2.23.0","1"
"26.Q1","RDNA","AMDISP","d0_amd-software-pro-edition-26.q1-win11-rdna.exe_12482d7df129\Packages\Drivers\AMDISP\GC1029\WT64A\sensorGC1029.inf","Windows Server 2016","14393","NativeApplicable","NativeApplicable","NATIVE_CANDIDATE","NativeCandidate","InfWideConservative","STATIC_CANDIDATE","NotEstablished","Standard.NTamd64","Standard.NTamd64","1","1","1.15","1.19","","","1"
"26.Q1","RDNA","AMDISP","d0_amd-software-pro-edition-26.q1-win11-rdna.exe_12482d7df129\Packages\Drivers\AMDISP\GC1029\WT64A\sensorGC1029.inf","Windows Server 2019","17763","NativeApplicable","NativeApplicable","NATIVE_CANDIDATE","NativeCandidate","InfWideConservative","STATIC_CANDIDATE","NotEstablished","Standard.NTamd64","Standard.NTamd64","1","1","1.15","1.27","1.27","","1"
"26.Q1","RDNA","AMDISP","d0_amd-software-pro-edition-26.q1-win11-rdna.exe_12482d7df129\Packages\Drivers\AMDISP\GC1029\WT64A\sensorGC1029.inf","Windows Server 2022","20348","NativeApplicable","NativeApplicable","NATIVE_CANDIDATE","NativeCandidate","InfWideConservative","STATIC_CANDIDATE","NotEstablished","Standard.NTamd64","Standard.NTamd64","1","1","1.15","1.33","","","1"
"26.Q1","RDNA","AMDISP","d0_amd-software-pro-edition-26.q1-win11-rdna.exe_12482d7df129\Packages\Drivers\AMDISP\GC1029\WT64A\sensorGC1029.inf","Windows Server 2025","26100","NativeApplicable","NativeApplicable","NATIVE_CANDIDATE","NativeCandidate","InfWideConservative","STATIC_CANDIDATE","NotEstablished","Standard.NTamd64","Standard.NTamd64","1","1","1.15","1.33","1.35","","1"
"26.Q1","RDNA","AMDISP","d0_amd-software-pro-edition-26.q1-win11-rdna.exe_12482d7df129\Packages\Drivers\AMDISP\HM1092\WT64A\sensorHM1092.inf","Windows Server 2016","14393","NativeApplicable","NativeApplicable","NATIVE_CANDIDATE","NativeCandidate","InfWideConservative","STATIC_CANDIDATE","NotEstablished","Standard.NTamd64","Standard.NTamd64","1","1","1.15","1.19","","","1"
"26.Q1","RDNA","AMDISP","d0_amd-software-pro-edition-26.q1-win11-rdna.exe_12482d7df129\Packages\Drivers\AMDISP\HM1092\WT64A\sensorHM1092.inf","Windows Server 2019","17763","NativeApplicable","NativeApplicable","NATIVE_CANDIDATE","NativeCandidate","InfWideConservative","STATIC_CANDIDATE","NotEstablished","Standard.NTamd64","Standard.NTamd64","1","1","1.15","1.27","1.27","","1"
"26.Q1","RDNA","AMDISP","d0_amd-software-pro-edition-26.q1-win11-rdna.exe_12482d7df129\Packages\Drivers\AMDISP\HM1092\WT64A\sensorHM1092.inf","Windows Server 2022","20348","NativeApplicable","NativeApplicable","NATIVE_CANDIDATE","NativeCandidate","InfWideConservative","STATIC_CANDIDATE","NotEstablished","Standard.NTamd64","Standard.NTamd64","1","1","1.15","1.33","","","1"
"26.Q1","RDNA","AMDISP","d0_amd-software-pro-edition-26.q1-win11-rdna.exe_12482d7df129\Packages\Drivers\AMDISP\HM1092\WT64A\sensorHM1092.inf","Windows Server 2025","26100","NativeApplicable","NativeApplicable","NATIVE_CANDIDATE","NativeCandidate","InfWideConservative","STATIC_CANDIDATE","NotEstablished","Standard.NTamd64","Standard.NTamd64","1","1","1.15","1.33","1.35","","1"
"26.Q1","RDNA","AMDISP","d0_amd-software-pro-edition-26.q1-win11-rdna.exe_12482d7df129\Packages\Drivers\AMDISP\OV05C\WT64A\sensorOV05C.inf","Windows Server 2016","14393","NativeApplicable","NativeApplicable","NATIVE_CANDIDATE","NativeCandidate","InfWideConservative","STATIC_CANDIDATE","NotEstablished","Standard.NTamd64","Standard.NTamd64","1","1","1.15","1.19","","","1"
"26.Q1","RDNA","AMDISP","d0_amd-software-pro-edition-26.q1-win11-rdna.exe_12482d7df129\Packages\Drivers\AMDISP\OV05C\WT64A\sensorOV05C.inf","Windows Server 2019","17763","NativeApplicable","NativeApplicable","NATIVE_CANDIDATE","NativeCandidate","InfWideConservative","STATIC_CANDIDATE","NotEstablished","Standard.NTamd64","Standard.NTamd64","1","1","1.15","1.27","1.27","","1"
"26.Q1","RDNA","AMDISP","d0_amd-software-pro-edition-26.q1-win11-rdna.exe_12482d7df129\Packages\Drivers\AMDISP\OV05C\WT64A\sensorOV05C.inf","Windows Server 2022","20348","NativeApplicable","NativeApplicable","NATIVE_CANDIDATE","NativeCandidate","InfWideConservative","STATIC_CANDIDATE","NotEstablished","Standard.NTamd64","Standard.NTamd64","1","1","1.15","1.33","","","1"
"26.Q1","RDNA","AMDISP","d0_amd-software-pro-edition-26.q1-win11-rdna.exe_12482d7df129\Packages\Drivers\AMDISP\OV05C\WT64A\sensorOV05C.inf","Windows Server 2025","26100","NativeApplicable","NativeApplicable","NATIVE_CANDIDATE","NativeCandidate","InfWideConservative","STATIC_CANDIDATE","NotEstablished","Standard.NTamd64","Standard.NTamd64","1","1","1.15","1.33","1.35","","1"
"26.Q1","RDNA","AMDISP","d0_amd-software-pro-edition-26.q1-win11-rdna.exe_12482d7df129\Packages\Drivers\AMDISP\OV08X\WT64A\sensorOV08X.inf","Windows Server 2016","14393","NativeApplicable","NativeApplicable","NATIVE_CANDIDATE","NativeCandidate","InfWideConservative","STATIC_CANDIDATE","NotEstablished","Standard.NTamd64","Standard.NTamd64","2","2","1.15","1.19","","","1"
"26.Q1","RDNA","AMDISP","d0_amd-software-pro-edition-26.q1-win11-rdna.exe_12482d7df129\Packages\Drivers\AMDISP\OV08X\WT64A\sensorOV08X.inf","Windows Server 2019","17763","NativeApplicable","NativeApplicable","NATIVE_CANDIDATE","NativeCandidate","InfWideConservative","STATIC_CANDIDATE","NotEstablished","Standard.NTamd64","Standard.NTamd64","2","2","1.15","1.27","1.27","","1"
"26.Q1","RDNA","AMDISP","d0_amd-software-pro-edition-26.q1-win11-rdna.exe_12482d7df129\Packages\Drivers\AMDISP\OV08X\WT64A\sensorOV08X.inf","Windows Server 2022","20348","NativeApplicable","NativeApplicable","NATIVE_CANDIDATE","NativeCandidate","InfWideConservative","STATIC_CANDIDATE","NotEstablished","Standard.NTamd64","Standard.NTamd64","2","2","1.15","1.33","","","1"
"26.Q1","RDNA","AMDISP","d0_amd-software-pro-edition-26.q1-win11-rdna.exe_12482d7df129\Packages\Drivers\AMDISP\OV08X\WT64A\sensorOV08X.inf","Windows Server 2025","26100","NativeApplicable","NativeApplicable","NATIVE_CANDIDATE","NativeCandidate","InfWideConservative","STATIC_CANDIDATE","NotEstablished","Standard.NTamd64","Standard.NTamd64","2","2","1.15","1.33","1.35","","1"
"26.Q1","RDNA","AMDISP","d0_amd-software-pro-edition-26.q1-win11-rdna.exe_12482d7df129\Packages\Drivers\AMDISP\OV13B\WT64A\sensorOV13B.inf","Windows Server 2016","14393","NativeApplicable","NativeApplicable","NATIVE_CANDIDATE","NativeCandidate","InfWideConservative","STATIC_CANDIDATE","NotEstablished","Standard.NTamd64","Standard.NTamd64","1","1","1.15","1.19","","","1"
"26.Q1","RDNA","AMDISP","d0_amd-software-pro-edition-26.q1-win11-rdna.exe_12482d7df129\Packages\Drivers\AMDISP\OV13B\WT64A\sensorOV13B.inf","Windows Server 2019","17763","NativeApplicable","NativeApplicable","NATIVE_CANDIDATE","NativeCandidate","InfWideConservative","STATIC_CANDIDATE","NotEstablished","Standard.NTamd64","Standard.NTamd64","1","1","1.15","1.27","1.27","","1"
"26.Q1","RDNA","AMDISP","d0_amd-software-pro-edition-26.q1-win11-rdna.exe_12482d7df129\Packages\Drivers\AMDISP\OV13B\WT64A\sensorOV13B.inf","Windows Server 2022","20348","NativeApplicable","NativeApplicable","NATIVE_CANDIDATE","NativeCandidate","InfWideConservative","STATIC_CANDIDATE","NotEstablished","Standard.NTamd64","Standard.NTamd64","1","1","1.15","1.33","","","1"
"26.Q1","RDNA","AMDISP","d0_amd-software-pro-edition-26.q1-win11-rdna.exe_12482d7df129\Packages\Drivers\AMDISP\OV13B\WT64A\sensorOV13B.inf","Windows Server 2025","26100","NativeApplicable","NativeApplicable","NATIVE_CANDIDATE","NativeCandidate","InfWideConservative","STATIC_CANDIDATE","NotEstablished","Standard.NTamd64","Standard.NTamd64","1","1","1.15","1.33","1.35","","1"
"26.Q1","RDNA","AMDNPUMCDM","d0_amd-software-pro-edition-26.q1-win11-rdna.exe_12482d7df129\Packages\Drivers\AMDNPUMCDM\WT64A\kipudrv.inf","Windows Server 2016","14393","NotApplicableByBuild","NotApplicableByBuild","NOT_APPLICABLE","NotApplicable","InfWideConservative","STATIC_CANDIDATE","NotEstablished","","","0","0","","1.19","","","4"
"26.Q1","RDNA","AMDNPUMCDM","d0_amd-software-pro-edition-26.q1-win11-rdna.exe_12482d7df129\Packages\Drivers\AMDNPUMCDM\WT64A\kipudrv.inf","Windows Server 2019","17763","NotApplicableByBuild","NotApplicableByBuild","NOT_APPLICABLE","NotApplicable","InfWideConservative","STATIC_CANDIDATE","NotEstablished","","","0","0","","1.27","1.27","","4"
"26.Q1","RDNA","AMDNPUMCDM","d0_amd-software-pro-edition-26.q1-win11-rdna.exe_12482d7df129\Packages\Drivers\AMDNPUMCDM\WT64A\kipudrv.inf","Windows Server 2022","20348","NotApplicableByBuild","NotApplicableByBuild","NOT_APPLICABLE","NotApplicable","InfWideConservative","STATIC_CANDIDATE","NotEstablished","","","0","0","","1.33","","","4"
"26.Q1","RDNA","AMDNPUMCDM","d0_amd-software-pro-edition-26.q1-win11-rdna.exe_12482d7df129\Packages\Drivers\AMDNPUMCDM\WT64A\kipudrv.inf","Windows Server 2025","26100","NativeApplicable","NativeApplicable","NATIVE_CANDIDATE","NativeCandidate","InfWideConservative","STATIC_CANDIDATE","NotEstablished","IpuMcdmDriver.Mfg.NTamd64.10.0...22000","IpuMcdmDriver.Mfg.NTamd64.10.0...22000","2","2","","1.33","1.35","","4"
"26.Q1","RDNA","AMDNPUWDF","d0_amd-software-pro-edition-26.q1-win11-rdna.exe_12482d7df129\Packages\Drivers\AMDNPUWDF\WT64A\kipudrv.inf","Windows Server 2016","14393","NativeApplicable","NativeApplicable","NATIVE_CANDIDATE","NativeCandidate","InfWideConservative","STATIC_CANDIDATE","NotEstablished","AMD.NTamd64.10.0...14393","AMD.NTamd64.10.0...14393","2","2","1.15","1.19","","","4"
"26.Q1","RDNA","AMDNPUWDF","d0_amd-software-pro-edition-26.q1-win11-rdna.exe_12482d7df129\Packages\Drivers\AMDNPUWDF\WT64A\kipudrv.inf","Windows Server 2019","17763","NativeApplicable","NativeApplicable","NATIVE_CANDIDATE","NativeCandidate","InfWideConservative","STATIC_CANDIDATE","NotEstablished","AMD.NTamd64.10.0...14393","AMD.NTamd64.10.0...14393","2","2","1.15","1.27","1.27","","4"
"26.Q1","RDNA","AMDNPUWDF","d0_amd-software-pro-edition-26.q1-win11-rdna.exe_12482d7df129\Packages\Drivers\AMDNPUWDF\WT64A\kipudrv.inf","Windows Server 2022","20348","NativeApplicable","NativeApplicable","NATIVE_CANDIDATE","NativeCandidate","InfWideConservative","STATIC_CANDIDATE","NotEstablished","AMD.NTamd64.10.0...14393","AMD.NTamd64.10.0...14393","2","2","1.15","1.33","","","4"
"26.Q1","RDNA","AMDNPUWDF","d0_amd-software-pro-edition-26.q1-win11-rdna.exe_12482d7df129\Packages\Drivers\AMDNPUWDF\WT64A\kipudrv.inf","Windows Server 2025","26100","NativeApplicable","NativeApplicable","NATIVE_CANDIDATE","NativeCandidate","InfWideConservative","STATIC_CANDIDATE","NotEstablished","AMD.NTamd64.10.0...22000","AMD.NTamd64.10.0...22000","2","2","1.15","1.33","1.35","","4"
"26.Q1","RDNA","Audio","d0_amd-software-pro-edition-26.q1-win11-rdna.exe_12482d7df129\Packages\Drivers\Audio\ACPAfd\WT64A\amdacpafd.inf","Windows Server 2016","14393","NotApplicableByBuild","NotApplicableByBuild","NOT_APPLICABLE","NotApplicable","InfWideConservative","STATIC_CANDIDATE","NotEstablished","","","0","0","1.15","1.19","","","1"
"26.Q1","RDNA","Audio","d0_amd-software-pro-edition-26.q1-win11-rdna.exe_12482d7df129\Packages\Drivers\Audio\ACPAfd\WT64A\amdacpafd.inf","Windows Server 2019","17763","NativeApplicable","NativeApplicable","NATIVE_CANDIDATE","NativeCandidate","InfWideConservative","STATIC_CANDIDATE","NotEstablished","AMD.NTAMD64.10.0...16299","AMD.NTAMD64.10.0...16299","13","13","1.15","1.27","1.27","","1"
"26.Q1","RDNA","Audio","d0_amd-software-pro-edition-26.q1-win11-rdna.exe_12482d7df129\Packages\Drivers\Audio\ACPAfd\WT64A\amdacpafd.inf","Windows Server 2022","20348","NativeApplicable","NativeApplicable","NATIVE_CANDIDATE","NativeCandidate","InfWideConservative","STATIC_CANDIDATE","NotEstablished","AMD.NTAMD64.10.0...16299","AMD.NTAMD64.10.0...16299","13","13","1.15","1.33","","","1"
"26.Q1","RDNA","Audio","d0_amd-software-pro-edition-26.q1-win11-rdna.exe_12482d7df129\Packages\Drivers\Audio\ACPAfd\WT64A\amdacpafd.inf","Windows Server 2025","26100","NativeApplicable","NativeApplicable","NATIVE_CANDIDATE","NativeCandidate","InfWideConservative","STATIC_CANDIDATE","NotEstablished","AMD.NTAMD64.10.0...16299","AMD.NTAMD64.10.0...16299","13","13","1.15","1.33","1.35","","1"
"26.Q1","RDNA","Audio","d0_amd-software-pro-edition-26.q1-win11-rdna.exe_12482d7df129\Packages\Drivers\Audio\ACPAFDSVC\WT64A\amdacpafdcomp.inf","Windows Server 2016","14393","NotApplicableByBuild","NotApplicableByBuild","NOT_APPLICABLE","NotApplicable","InfWideConservative","STATIC_CANDIDATE","NotEstablished","","","0","0","","1.19","","","0"
"26.Q1","RDNA","Audio","d0_amd-software-pro-edition-26.q1-win11-rdna.exe_12482d7df129\Packages\Drivers\Audio\ACPAFDSVC\WT64A\amdacpafdcomp.inf","Windows Server 2019","17763","NativeApplicable","NativeApplicable","NATIVE_CANDIDATE","NativeCandidate","InfWideConservative","STATIC_CANDIDATE","NotEstablished","AMD.NTAMD64.10.0...16299","AMD.NTAMD64.10.0...16299","1","1","","1.27","1.27","","0"
"26.Q1","RDNA","Audio","d0_amd-software-pro-edition-26.q1-win11-rdna.exe_12482d7df129\Packages\Drivers\Audio\ACPAFDSVC\WT64A\amdacpafdcomp.inf","Windows Server 2022","20348","NativeApplicable","NativeApplicable","NATIVE_CANDIDATE","NativeCandidate","InfWideConservative","STATIC_CANDIDATE","NotEstablished","AMD.NTAMD64.10.0...16299","AMD.NTAMD64.10.0...16299","1","1","","1.33","","","0"
"26.Q1","RDNA","Audio","d0_amd-software-pro-edition-26.q1-win11-rdna.exe_12482d7df129\Packages\Drivers\Audio\ACPAFDSVC\WT64A\amdacpafdcomp.inf","Windows Server 2025","26100","NativeApplicable","NativeApplicable","NATIVE_CANDIDATE","NativeCandidate","InfWideConservative","STATIC_CANDIDATE","NotEstablished","AMD.NTAMD64.10.0...16299","AMD.NTAMD64.10.0...16299","1","1","","1.33","1.35","","0"
"26.Q1","RDNA","Audio","d0_amd-software-pro-edition-26.q1-win11-rdna.exe_12482d7df129\Packages\Drivers\Audio\ACPAFDSVC\WT64A\amdacpafdext.inf","Windows Server 2016","14393","NotApplicableByBuild","NotApplicableByBuild","NOT_APPLICABLE","NotApplicable","InfWideConservative","STATIC_CANDIDATE","NotEstablished","","","0","0","","1.19","","","1"
"26.Q1","RDNA","Audio","d0_amd-software-pro-edition-26.q1-win11-rdna.exe_12482d7df129\Packages\Drivers\Audio\ACPAFDSVC\WT64A\amdacpafdext.inf","Windows Server 2019","17763","NativeApplicable","NativeApplicable","NATIVE_CANDIDATE","NativeCandidate","InfWideConservative","STATIC_CANDIDATE","NotEstablished","AMD.NTAMD64.10.0...16299","AMD.NTAMD64.10.0...16299","1","1","","1.27","1.27","","1"
"26.Q1","RDNA","Audio","d0_amd-software-pro-edition-26.q1-win11-rdna.exe_12482d7df129\Packages\Drivers\Audio\ACPAFDSVC\WT64A\amdacpafdext.inf","Windows Server 2022","20348","NativeApplicable","NativeApplicable","NATIVE_CANDIDATE","NativeCandidate","InfWideConservative","STATIC_CANDIDATE","NotEstablished","AMD.NTAMD64.10.0...16299","AMD.NTAMD64.10.0...16299","1","1","","1.33","","","1"
"26.Q1","RDNA","Audio","d0_amd-software-pro-edition-26.q1-win11-rdna.exe_12482d7df129\Packages\Drivers\Audio\ACPAFDSVC\WT64A\amdacpafdext.inf","Windows Server 2025","26100","NativeApplicable","NativeApplicable","NATIVE_CANDIDATE","NativeCandidate","InfWideConservative","STATIC_CANDIDATE","NotEstablished","AMD.NTAMD64.10.0...16299","AMD.NTAMD64.10.0...16299","1","1","","1.33","1.35","","1"
"26.Q1","RDNA","Audio","d0_amd-software-pro-edition-26.q1-win11-rdna.exe_12482d7df129\Packages\Drivers\Audio\ACPBTACX\WT64A\amdacpbtacx.inf","Windows Server 2016","14393","NotApplicableByBuild","NotApplicableByBuild","NOT_APPLICABLE","NotApplicable","InfWideConservative","STATIC_CANDIDATE","NotEstablished","","","0","0","1.31","1.19","","","1"
"26.Q1","RDNA","Audio","d0_amd-software-pro-edition-26.q1-win11-rdna.exe_12482d7df129\Packages\Drivers\Audio\ACPBTACX\WT64A\amdacpbtacx.inf","Windows Server 2019","17763","NativeApplicable","NativeApplicable","REVIEW_REQUIRED","WdfRequirementReview","InfWideConservative","STATIC_CANDIDATE","NotEstablished","AMD.NTAMD64.10.0...16299","AMD.NTAMD64.10.0...16299","10","10","1.31","1.27","1.27","","1"
"26.Q1","RDNA","Audio","d0_amd-software-pro-edition-26.q1-win11-rdna.exe_12482d7df129\Packages\Drivers\Audio\ACPBTACX\WT64A\amdacpbtacx.inf","Windows Server 2022","20348","NativeApplicable","NativeApplicable","NATIVE_CANDIDATE","NativeCandidate","InfWideConservative","STATIC_CANDIDATE","NotEstablished","AMD.NTAMD64.10.0...16299","AMD.NTAMD64.10.0...16299","10","10","1.31","1.33","","","1"
"26.Q1","RDNA","Audio","d0_amd-software-pro-edition-26.q1-win11-rdna.exe_12482d7df129\Packages\Drivers\Audio\ACPBTACX\WT64A\amdacpbtacx.inf","Windows Server 2025","26100","NativeApplicable","NativeApplicable","NATIVE_CANDIDATE","NativeCandidate","InfWideConservative","STATIC_CANDIDATE","NotEstablished","AMD.NTAMD64.10.0...16299","AMD.NTAMD64.10.0...16299","10","10","1.31","1.33","1.35","","1"
"26.Q1","RDNA","Audio","d0_amd-software-pro-edition-26.q1-win11-rdna.exe_12482d7df129\Packages\Drivers\Audio\ACPBtAfd\WT64A\amdacpbt.inf","Windows Server 2016","14393","NotApplicableByBuild","NotApplicableByBuild","NOT_APPLICABLE","NotApplicable","InfWideConservative","STATIC_CANDIDATE","NotEstablished","","","0","0","1.15","1.19","","","1"
"26.Q1","RDNA","Audio","d0_amd-software-pro-edition-26.q1-win11-rdna.exe_12482d7df129\Packages\Drivers\Audio\ACPBtAfd\WT64A\amdacpbt.inf","Windows Server 2019","17763","NativeApplicable","NativeApplicable","NATIVE_CANDIDATE","NativeCandidate","InfWideConservative","STATIC_CANDIDATE","NotEstablished","AMD.NTAMD64.10.0...16299","AMD.NTAMD64.10.0...16299","3","3","1.15","1.27","1.27","","1"
"26.Q1","RDNA","Audio","d0_amd-software-pro-edition-26.q1-win11-rdna.exe_12482d7df129\Packages\Drivers\Audio\ACPBtAfd\WT64A\amdacpbt.inf","Windows Server 2022","20348","NativeApplicable","NativeApplicable","NATIVE_CANDIDATE","NativeCandidate","InfWideConservative","STATIC_CANDIDATE","NotEstablished","AMD.NTAMD64.10.0...16299","AMD.NTAMD64.10.0...16299","3","3","1.15","1.33","","","1"
"26.Q1","RDNA","Audio","d0_amd-software-pro-edition-26.q1-win11-rdna.exe_12482d7df129\Packages\Drivers\Audio\ACPBtAfd\WT64A\amdacpbt.inf","Windows Server 2025","26100","NativeApplicable","NativeApplicable","NATIVE_CANDIDATE","NativeCandidate","InfWideConservative","STATIC_CANDIDATE","NotEstablished","AMD.NTAMD64.10.0...16299","AMD.NTAMD64.10.0...16299","3","3","1.15","1.33","1.35","","1"
"26.Q1","RDNA","Audio","d0_amd-software-pro-edition-26.q1-win11-rdna.exe_12482d7df129\Packages\Drivers\Audio\ACPBtAfd\WT64A\amdacpbtscoext\amdacpbtscoext.inf","Windows Server 2016","14393","NotApplicableByBuild","NotApplicableByBuild","NOT_APPLICABLE","NotApplicable","InfWideConservative","STATIC_CANDIDATE","NotEstablished","","","0","0","","1.19","","","0"
"26.Q1","RDNA","Audio","d0_amd-software-pro-edition-26.q1-win11-rdna.exe_12482d7df129\Packages\Drivers\Audio\ACPBtAfd\WT64A\amdacpbtscoext\amdacpbtscoext.inf","Windows Server 2019","17763","NotApplicableByBuild","NotApplicableByBuild","NOT_APPLICABLE","NotApplicable","InfWideConservative","STATIC_CANDIDATE","NotEstablished","","","0","0","","1.27","1.27","","0"
"26.Q1","RDNA","Audio","d0_amd-software-pro-edition-26.q1-win11-rdna.exe_12482d7df129\Packages\Drivers\Audio\ACPBtAfd\WT64A\amdacpbtscoext\amdacpbtscoext.inf","Windows Server 2022","20348","NotApplicableByBuild","NotApplicableByBuild","NOT_APPLICABLE","NotApplicable","InfWideConservative","STATIC_CANDIDATE","NotEstablished","","","0","0","","1.33","","","0"
"26.Q1","RDNA","Audio","d0_amd-software-pro-edition-26.q1-win11-rdna.exe_12482d7df129\Packages\Drivers\Audio\ACPBtAfd\WT64A\amdacpbtscoext\amdacpbtscoext.inf","Windows Server 2025","26100","NativeApplicable","NativeApplicable","NATIVE_CANDIDATE","NativeCandidate","InfWideConservative","STATIC_CANDIDATE","NotEstablished","QCA.NTamd64.10.0...22000","QCA.NTamd64.10.0...22000","1","1","","1.33","1.35","","0"
"26.Q1","RDNA","Audio","d0_amd-software-pro-edition-26.q1-win11-rdna.exe_12482d7df129\Packages\Drivers\Audio\acpbus\wt64a\amdacpbus.inf","Windows Server 2016","14393","NotApplicableByBuild","NotApplicableByBuild","NOT_APPLICABLE","NotApplicable","InfWideConservative","STATIC_CANDIDATE","NotEstablished","","","0","0","","1.19","","","1"
"26.Q1","RDNA","Audio","d0_amd-software-pro-edition-26.q1-win11-rdna.exe_12482d7df129\Packages\Drivers\Audio\acpbus\wt64a\amdacpbus.inf","Windows Server 2019","17763","NativeApplicable","NativeApplicable","NATIVE_CANDIDATE","NativeCandidate","InfWideConservative","STATIC_CANDIDATE","NotEstablished","AMD.NTamd64.10.0...16299","AMD.NTamd64.10.0...16299","6","6","","1.27","1.27","","1"
"26.Q1","RDNA","Audio","d0_amd-software-pro-edition-26.q1-win11-rdna.exe_12482d7df129\Packages\Drivers\Audio\acpbus\wt64a\amdacpbus.inf","Windows Server 2022","20348","NativeApplicable","NativeApplicable","NATIVE_CANDIDATE","NativeCandidate","InfWideConservative","STATIC_CANDIDATE","NotEstablished","AMD.NTamd64.10.0...16299","AMD.NTamd64.10.0...16299","6","6","","1.33","","","1"
"26.Q1","RDNA","Audio","d0_amd-software-pro-edition-26.q1-win11-rdna.exe_12482d7df129\Packages\Drivers\Audio\acpbus\wt64a\amdacpbus.inf","Windows Server 2025","26100","NativeApplicable","NativeApplicable","NATIVE_CANDIDATE","NativeCandidate","InfWideConservative","STATIC_CANDIDATE","NotEstablished","AMD.NTamd64.10.0...16299","AMD.NTamd64.10.0...16299","6","6","","1.33","1.35","","1"
"26.Q1","RDNA","Audio","d0_amd-software-pro-edition-26.q1-win11-rdna.exe_12482d7df129\Packages\Drivers\Audio\acpbus\wt64a\amdacpbusext\amdacpbusext.inf","Windows Server 2016","14393","NotApplicableByBuild","NotApplicableByBuild","NOT_APPLICABLE","NotApplicable","InfWideConservative","STATIC_CANDIDATE","NotEstablished","","","0","0","","1.19","","","0"
"26.Q1","RDNA","Audio","d0_amd-software-pro-edition-26.q1-win11-rdna.exe_12482d7df129\Packages\Drivers\Audio\acpbus\wt64a\amdacpbusext\amdacpbusext.inf","Windows Server 2019","17763","NativeApplicable","NativeApplicable","NATIVE_CANDIDATE","NativeCandidate","InfWideConservative","STATIC_CANDIDATE","NotEstablished","AMD.NTamd64.10.0...16299","AMD.NTamd64.10.0...16299","4","4","","1.27","1.27","","0"
"26.Q1","RDNA","Audio","d0_amd-software-pro-edition-26.q1-win11-rdna.exe_12482d7df129\Packages\Drivers\Audio\acpbus\wt64a\amdacpbusext\amdacpbusext.inf","Windows Server 2022","20348","NativeApplicable","NativeApplicable","NATIVE_CANDIDATE","NativeCandidate","InfWideConservative","STATIC_CANDIDATE","NotEstablished","AMD.NTamd64.10.0...16299","AMD.NTamd64.10.0...16299","4","4","","1.33","","","0"
"26.Q1","RDNA","Audio","d0_amd-software-pro-edition-26.q1-win11-rdna.exe_12482d7df129\Packages\Drivers\Audio\acpbus\wt64a\amdacpbusext\amdacpbusext.inf","Windows Server 2025","26100","NativeApplicable","NativeApplicable","NATIVE_CANDIDATE","NativeCandidate","InfWideConservative","STATIC_CANDIDATE","NotEstablished","AMD.NTamd64.10.0...16299","AMD.NTamd64.10.0...16299","4","4","","1.33","1.35","","0"
"26.Q1","RDNA","Audio","d0_amd-software-pro-edition-26.q1-win11-rdna.exe_12482d7df129\Packages\Drivers\Audio\acpbus2\wt64a\amdacpbus2.inf","Windows Server 2016","14393","NotApplicableByBuild","NotApplicableByBuild","NOT_APPLICABLE","NotApplicable","InfWideConservative","STATIC_CANDIDATE","NotEstablished","","","0","0","","1.19","","","1"
"26.Q1","RDNA","Audio","d0_amd-software-pro-edition-26.q1-win11-rdna.exe_12482d7df129\Packages\Drivers\Audio\acpbus2\wt64a\amdacpbus2.inf","Windows Server 2019","17763","NativeApplicable","NativeApplicable","NATIVE_CANDIDATE","NativeCandidate","InfWideConservative","STATIC_CANDIDATE","NotEstablished","AMD.NTamd64.10.0...16299","AMD.NTamd64.10.0...16299","3","3","","1.27","1.27","","1"
"26.Q1","RDNA","Audio","d0_amd-software-pro-edition-26.q1-win11-rdna.exe_12482d7df129\Packages\Drivers\Audio\acpbus2\wt64a\amdacpbus2.inf","Windows Server 2022","20348","NativeApplicable","NativeApplicable","NATIVE_CANDIDATE","NativeCandidate","InfWideConservative","STATIC_CANDIDATE","NotEstablished","AMD.NTamd64.10.0...16299","AMD.NTamd64.10.0...16299","3","3","","1.33","","","1"
"26.Q1","RDNA","Audio","d0_amd-software-pro-edition-26.q1-win11-rdna.exe_12482d7df129\Packages\Drivers\Audio\acpbus2\wt64a\amdacpbus2.inf","Windows Server 2025","26100","NativeApplicable","NativeApplicable","NATIVE_CANDIDATE","NativeCandidate","InfWideConservative","STATIC_CANDIDATE","NotEstablished","AMD.NTamd64.10.0...16299","AMD.NTamd64.10.0...16299","3","3","","1.33","1.35","","1"
"26.Q1","RDNA","Audio","d0_amd-software-pro-edition-26.q1-win11-rdna.exe_12482d7df129\Packages\Drivers\Audio\acpbus2\wt64a\amdacpbusext\amdacpbusext.inf","Windows Server 2016","14393","NotApplicableByBuild","NotApplicableByBuild","NOT_APPLICABLE","NotApplicable","InfWideConservative","STATIC_CANDIDATE","NotEstablished","","","0","0","","1.19","","","0"
"26.Q1","RDNA","Audio","d0_amd-software-pro-edition-26.q1-win11-rdna.exe_12482d7df129\Packages\Drivers\Audio\acpbus2\wt64a\amdacpbusext\amdacpbusext.inf","Windows Server 2019","17763","NativeApplicable","NativeApplicable","NATIVE_CANDIDATE","NativeCandidate","InfWideConservative","STATIC_CANDIDATE","NotEstablished","AMD.NTamd64.10.0...16299","AMD.NTamd64.10.0...16299","4","4","","1.27","1.27","","0"
"26.Q1","RDNA","Audio","d0_amd-software-pro-edition-26.q1-win11-rdna.exe_12482d7df129\Packages\Drivers\Audio\acpbus2\wt64a\amdacpbusext\amdacpbusext.inf","Windows Server 2022","20348","NativeApplicable","NativeApplicable","NATIVE_CANDIDATE","NativeCandidate","InfWideConservative","STATIC_CANDIDATE","NotEstablished","AMD.NTamd64.10.0...16299","AMD.NTamd64.10.0...16299","4","4","","1.33","","","0"
"26.Q1","RDNA","Audio","d0_amd-software-pro-edition-26.q1-win11-rdna.exe_12482d7df129\Packages\Drivers\Audio\acpbus2\wt64a\amdacpbusext\amdacpbusext.inf","Windows Server 2025","26100","NativeApplicable","NativeApplicable","NATIVE_CANDIDATE","NativeCandidate","InfWideConservative","STATIC_CANDIDATE","NotEstablished","AMD.NTamd64.10.0...16299","AMD.NTamd64.10.0...16299","4","4","","1.33","1.35","","0"
"26.Q1","RDNA","Audio","d0_amd-software-pro-edition-26.q1-win11-rdna.exe_12482d7df129\Packages\Drivers\Audio\acpbus2\wt64a\amdacprgmext\amdacprgmext.inf","Windows Server 2016","14393","NotApplicableByBuild","NotApplicableByBuild","NOT_APPLICABLE","NotApplicable","InfWideConservative","STATIC_CANDIDATE","NotEstablished","","","0","0","","1.19","","","0"
"26.Q1","RDNA","Audio","d0_amd-software-pro-edition-26.q1-win11-rdna.exe_12482d7df129\Packages\Drivers\Audio\acpbus2\wt64a\amdacprgmext\amdacprgmext.inf","Windows Server 2019","17763","NotApplicableByBuild","NotApplicableByBuild","NOT_APPLICABLE","NotApplicable","InfWideConservative","STATIC_CANDIDATE","NotEstablished","","","0","0","","1.27","1.27","","0"
"26.Q1","RDNA","Audio","d0_amd-software-pro-edition-26.q1-win11-rdna.exe_12482d7df129\Packages\Drivers\Audio\acpbus2\wt64a\amdacprgmext\amdacprgmext.inf","Windows Server 2022","20348","NotApplicableByBuild","NotApplicableByBuild","NOT_APPLICABLE","NotApplicable","InfWideConservative","STATIC_CANDIDATE","NotEstablished","","","0","0","","1.33","","","0"
"26.Q1","RDNA","Audio","d0_amd-software-pro-edition-26.q1-win11-rdna.exe_12482d7df129\Packages\Drivers\Audio\acpbus2\wt64a\amdacprgmext\amdacprgmext.inf","Windows Server 2025","26100","NativeApplicable","NativeApplicable","NATIVE_CANDIDATE","NativeCandidate","InfWideConservative","STATIC_CANDIDATE","NotEstablished","DeviceExtensions.NTamd64.10.0...26100","DeviceExtensions.NTamd64.10.0...26100","3","3","","1.33","1.35","","0"
"26.Q1","RDNA","Audio","d0_amd-software-pro-edition-26.q1-win11-rdna.exe_12482d7df129\Packages\Drivers\Audio\ACPHPd\WT64A\amdacphpd.inf","Windows Server 2016","14393","NotApplicableByBuild","NotApplicableByBuild","NOT_APPLICABLE","NotApplicable","InfWideConservative","STATIC_CANDIDATE","NotEstablished","","","0","0","","1.19","","2.33.0","0"
"26.Q1","RDNA","Audio","d0_amd-software-pro-edition-26.q1-win11-rdna.exe_12482d7df129\Packages\Drivers\Audio\ACPHPd\WT64A\amdacphpd.inf","Windows Server 2019","17763","NotApplicableByBuild","NotApplicableByBuild","NOT_APPLICABLE","NotApplicable","InfWideConservative","STATIC_CANDIDATE","NotEstablished","","","0","0","","1.27","1.27","2.33.0","0"
"26.Q1","RDNA","Audio","d0_amd-software-pro-edition-26.q1-win11-rdna.exe_12482d7df129\Packages\Drivers\Audio\ACPHPd\WT64A\amdacphpd.inf","Windows Server 2022","20348","NotApplicableByBuild","NotApplicableByBuild","NOT_APPLICABLE","NotApplicable","InfWideConservative","STATIC_CANDIDATE","NotEstablished","","","0","0","","1.33","","2.33.0","0"
"26.Q1","RDNA","Audio","d0_amd-software-pro-edition-26.q1-win11-rdna.exe_12482d7df129\Packages\Drivers\Audio\ACPHPd\WT64A\amdacphpd.inf","Windows Server 2025","26100","NativeApplicable","NativeApplicable","REVIEW_REQUIRED","WdfRequirementReview","InfWideConservative","STATIC_CANDIDATE","NotEstablished","amdacphpd_Device.NTamd64.10.0...22000","amdacphpd_Device.NTamd64.10.0...22000","1","1","","1.33","1.35","2.33.0","0"
"26.Q1","RDNA","Audio","d0_amd-software-pro-edition-26.q1-win11-rdna.exe_12482d7df129\Packages\Drivers\Audio\ACPHPd\WT64A\amdacphpdcomp.inf","Windows Server 2016","14393","NotApplicableByBuild","NotApplicableByBuild","NOT_APPLICABLE","NotApplicable","InfWideConservative","STATIC_CANDIDATE","NotEstablished","","","0","0","","1.19","","","0"
"26.Q1","RDNA","Audio","d0_amd-software-pro-edition-26.q1-win11-rdna.exe_12482d7df129\Packages\Drivers\Audio\ACPHPd\WT64A\amdacphpdcomp.inf","Windows Server 2019","17763","NativeApplicable","NativeApplicable","NATIVE_CANDIDATE","NativeCandidate","InfWideConservative","STATIC_CANDIDATE","NotEstablished","AMD.NTamd64.10.0...17134","AMD.NTamd64.10.0...17134","1","1","","1.27","1.27","","0"
"26.Q1","RDNA","Audio","d0_amd-software-pro-edition-26.q1-win11-rdna.exe_12482d7df129\Packages\Drivers\Audio\ACPHPd\WT64A\amdacphpdcomp.inf","Windows Server 2022","20348","NativeApplicable","NativeApplicable","NATIVE_CANDIDATE","NativeCandidate","InfWideConservative","STATIC_CANDIDATE","NotEstablished","AMD.NTamd64.10.0...17134","AMD.NTamd64.10.0...17134","1","1","","1.33","","","0"
"26.Q1","RDNA","Audio","d0_amd-software-pro-edition-26.q1-win11-rdna.exe_12482d7df129\Packages\Drivers\Audio\ACPHPd\WT64A\amdacphpdcomp.inf","Windows Server 2025","26100","NativeApplicable","NativeApplicable","NATIVE_CANDIDATE","NativeCandidate","InfWideConservative","STATIC_CANDIDATE","NotEstablished","AMD.NTamd64.10.0...17134","AMD.NTamd64.10.0...17134","1","1","","1.33","1.35","","0"
"26.Q1","RDNA","Audio","d0_amd-software-pro-edition-26.q1-win11-rdna.exe_12482d7df129\Packages\Drivers\Audio\ACPHPd\WT64A\amdacphpdext.inf","Windows Server 2016","14393","NotApplicableByBuild","NotApplicableByBuild","NOT_APPLICABLE","NotApplicable","InfWideConservative","STATIC_CANDIDATE","NotEstablished","","","0","0","","1.19","","","1"
"26.Q1","RDNA","Audio","d0_amd-software-pro-edition-26.q1-win11-rdna.exe_12482d7df129\Packages\Drivers\Audio\ACPHPd\WT64A\amdacphpdext.inf","Windows Server 2019","17763","NativeApplicable","NativeApplicable","NATIVE_CANDIDATE","NativeCandidate","InfWideConservative","STATIC_CANDIDATE","NotEstablished","AMD.NTamd64.10.0...17134","AMD.NTamd64.10.0...17134","6","6","","1.27","1.27","","1"
"26.Q1","RDNA","Audio","d0_amd-software-pro-edition-26.q1-win11-rdna.exe_12482d7df129\Packages\Drivers\Audio\ACPHPd\WT64A\amdacphpdext.inf","Windows Server 2022","20348","NativeApplicable","NativeApplicable","NATIVE_CANDIDATE","NativeCandidate","InfWideConservative","STATIC_CANDIDATE","NotEstablished","AMD.NTamd64.10.0...17134","AMD.NTamd64.10.0...17134","6","6","","1.33","","","1"
"26.Q1","RDNA","Audio","d0_amd-software-pro-edition-26.q1-win11-rdna.exe_12482d7df129\Packages\Drivers\Audio\ACPHPd\WT64A\amdacphpdext.inf","Windows Server 2025","26100","NativeApplicable","NativeApplicable","NATIVE_CANDIDATE","NativeCandidate","InfWideConservative","STATIC_CANDIDATE","NotEstablished","AMD.NTamd64.10.0...17134","AMD.NTamd64.10.0...17134","6","6","","1.33","1.35","","1"
"26.Q1","RDNA","Audio","d0_amd-software-pro-edition-26.q1-win11-rdna.exe_12482d7df129\Packages\Drivers\Audio\ACPUsbAfd\WT64A\amdacpusb.inf","Windows Server 2016","14393","NotApplicableByBuild","NotApplicableByBuild","NOT_APPLICABLE","NotApplicable","InfWideConservative","STATIC_CANDIDATE","NotEstablished","","","0","0","1.15","1.19","","","1"
"26.Q1","RDNA","Audio","d0_amd-software-pro-edition-26.q1-win11-rdna.exe_12482d7df129\Packages\Drivers\Audio\ACPUsbAfd\WT64A\amdacpusb.inf","Windows Server 2019","17763","NativeApplicable","NativeApplicable","NATIVE_CANDIDATE","NativeCandidate","InfWideConservative","STATIC_CANDIDATE","NotEstablished","AMD.NTAMD64.10.0...16299","AMD.NTAMD64.10.0...16299","4","4","1.15","1.27","1.27","","1"
"26.Q1","RDNA","Audio","d0_amd-software-pro-edition-26.q1-win11-rdna.exe_12482d7df129\Packages\Drivers\Audio\ACPUsbAfd\WT64A\amdacpusb.inf","Windows Server 2022","20348","NativeApplicable","NativeApplicable","NATIVE_CANDIDATE","NativeCandidate","InfWideConservative","STATIC_CANDIDATE","NotEstablished","AMD.NTAMD64.10.0...16299","AMD.NTAMD64.10.0...16299","4","4","1.15","1.33","","","1"
"26.Q1","RDNA","Audio","d0_amd-software-pro-edition-26.q1-win11-rdna.exe_12482d7df129\Packages\Drivers\Audio\ACPUsbAfd\WT64A\amdacpusb.inf","Windows Server 2025","26100","NativeApplicable","NativeApplicable","NATIVE_CANDIDATE","NativeCandidate","InfWideConservative","STATIC_CANDIDATE","NotEstablished","AMD.NTAMD64.10.0...16299","AMD.NTAMD64.10.0...16299","4","4","1.15","1.33","1.35","","1"
"26.Q1","RDNA","Audio","d0_amd-software-pro-edition-26.q1-win11-rdna.exe_12482d7df129\Packages\Drivers\Audio\HDABus\WT64A\amdhdaudbus.inf","Windows Server 2016","14393","NativeApplicable","NativeApplicable","NATIVE_CANDIDATE","NativeCandidate","InfWideConservative","STATIC_CANDIDATE","NotEstablished","AMD.NTAMD64","AMD.NTAMD64","1","1","1.15","1.19","","","1"
"26.Q1","RDNA","Audio","d0_amd-software-pro-edition-26.q1-win11-rdna.exe_12482d7df129\Packages\Drivers\Audio\HDABus\WT64A\amdhdaudbus.inf","Windows Server 2019","17763","NativeApplicable","NativeApplicable","NATIVE_CANDIDATE","NativeCandidate","InfWideConservative","STATIC_CANDIDATE","NotEstablished","AMD.NTAMD64","AMD.NTAMD64","1","1","1.15","1.27","1.27","","1"
"26.Q1","RDNA","Audio","d0_amd-software-pro-edition-26.q1-win11-rdna.exe_12482d7df129\Packages\Drivers\Audio\HDABus\WT64A\amdhdaudbus.inf","Windows Server 2022","20348","NativeApplicable","NativeApplicable","NATIVE_CANDIDATE","NativeCandidate","InfWideConservative","STATIC_CANDIDATE","NotEstablished","AMD.NTAMD64","AMD.NTAMD64","1","1","1.15","1.33","","","1"
"26.Q1","RDNA","Audio","d0_amd-software-pro-edition-26.q1-win11-rdna.exe_12482d7df129\Packages\Drivers\Audio\HDABus\WT64A\amdhdaudbus.inf","Windows Server 2025","26100","NativeApplicable","NativeApplicable","NATIVE_CANDIDATE","NativeCandidate","InfWideConservative","STATIC_CANDIDATE","NotEstablished","AMD.NTAMD64","AMD.NTAMD64","1","1","1.15","1.33","1.35","","1"
"26.Q1","RDNA","Audio","d0_amd-software-pro-edition-26.q1-win11-rdna.exe_12482d7df129\Packages\Drivers\Audio\HDMI\WT64A\AtihdWT6.inf","Windows Server 2016","14393","NotApplicableByBuild","ProjectionCandidate","PATCH_CANDIDATE","ProjectionCandidate","InfWideConservative","STATIC_CANDIDATE","NotEstablished","","AMD.NTamd64.10.0.1;AMD.NTamd64.6.0.1;AMD.NTamd64.6.1.1;AMD.NTamd64.6.2.1;AMD.NTamd64.6.3.1","0","8","","1.19","","","1"
"26.Q1","RDNA","Audio","d0_amd-software-pro-edition-26.q1-win11-rdna.exe_12482d7df129\Packages\Drivers\Audio\HDMI\WT64A\AtihdWT6.inf","Windows Server 2019","17763","NotApplicableByBuild","ProjectionCandidate","PATCH_CANDIDATE","ProjectionCandidate","InfWideConservative","STATIC_CANDIDATE","NotEstablished","","AMD.NTamd64.10.0.1..16299","0","8","","1.27","1.27","","1"
"26.Q1","RDNA","Audio","d0_amd-software-pro-edition-26.q1-win11-rdna.exe_12482d7df129\Packages\Drivers\Audio\HDMI\WT64A\AtihdWT6.inf","Windows Server 2022","20348","NotApplicableByBuild","ProjectionCandidate","PATCH_CANDIDATE","ProjectionCandidate","InfWideConservative","STATIC_CANDIDATE","NotEstablished","","AMD.NTamd64.10.0.1..16299","0","8","","1.33","","","1"
"26.Q1","RDNA","Audio","d0_amd-software-pro-edition-26.q1-win11-rdna.exe_12482d7df129\Packages\Drivers\Audio\HDMI\WT64A\AtihdWT6.inf","Windows Server 2025","26100","NotApplicableByProductType","ProjectionCandidate","PATCH_CANDIDATE","ProjectionCandidate","InfWideConservative","STATIC_CANDIDATE","NotEstablished","","AMD.NTamd64.10.0.1..22621","0","8","","1.33","1.35","","1"
"26.Q1","RDNA","Audio","d0_amd-software-pro-edition-26.q1-win11-rdna.exe_12482d7df129\Packages\Drivers\Audio\SAFD\WT64A\amdsafd.inf","Windows Server 2016","14393","NotApplicableByBuild","NotApplicableByBuild","NOT_APPLICABLE","NotApplicable","InfWideConservative","STATIC_CANDIDATE","NotEstablished","","","0","0","1.15","1.19","","","1"
"26.Q1","RDNA","Audio","d0_amd-software-pro-edition-26.q1-win11-rdna.exe_12482d7df129\Packages\Drivers\Audio\SAFD\WT64A\amdsafd.inf","Windows Server 2019","17763","NativeApplicable","NativeApplicable","NATIVE_CANDIDATE","NativeCandidate","InfWideConservative","STATIC_CANDIDATE","NotEstablished","AMD.NTAMD64.10.0...16299","AMD.NTAMD64.10.0...16299","2","2","1.15","1.27","1.27","","1"
"26.Q1","RDNA","Audio","d0_amd-software-pro-edition-26.q1-win11-rdna.exe_12482d7df129\Packages\Drivers\Audio\SAFD\WT64A\amdsafd.inf","Windows Server 2022","20348","NativeApplicable","NativeApplicable","NATIVE_CANDIDATE","NativeCandidate","InfWideConservative","STATIC_CANDIDATE","NotEstablished","AMD.NTAMD64.10.0...16299","AMD.NTAMD64.10.0...16299","2","2","1.15","1.33","","","1"
"26.Q1","RDNA","Audio","d0_amd-software-pro-edition-26.q1-win11-rdna.exe_12482d7df129\Packages\Drivers\Audio\SAFD\WT64A\amdsafd.inf","Windows Server 2025","26100","NativeApplicable","NativeApplicable","NATIVE_CANDIDATE","NativeCandidate","InfWideConservative","STATIC_CANDIDATE","NotEstablished","AMD.NTAMD64.10.0...16299","AMD.NTAMD64.10.0...16299","2","2","1.15","1.33","1.35","","1"
"26.Q1","RDNA","Audio","d0_amd-software-pro-edition-26.q1-win11-rdna.exe_12482d7df129\Packages\Drivers\Audio\SDWC\WT64A\amdsdwc.inf","Windows Server 2016","14393","NotApplicableByBuild","NotApplicableByBuild","NOT_APPLICABLE","NotApplicable","InfWideConservative","STATIC_CANDIDATE","NotEstablished","","","0","0","1.31","1.19","","","1"
"26.Q1","RDNA","Audio","d0_amd-software-pro-edition-26.q1-win11-rdna.exe_12482d7df129\Packages\Drivers\Audio\SDWC\WT64A\amdsdwc.inf","Windows Server 2019","17763","NativeApplicable","NativeApplicable","REVIEW_REQUIRED","WdfRequirementReview","InfWideConservative","STATIC_CANDIDATE","NotEstablished","AMD.NTAMD64.10.0...16299","AMD.NTAMD64.10.0...16299","7","7","1.31","1.27","1.27","","1"
"26.Q1","RDNA","Audio","d0_amd-software-pro-edition-26.q1-win11-rdna.exe_12482d7df129\Packages\Drivers\Audio\SDWC\WT64A\amdsdwc.inf","Windows Server 2022","20348","NativeApplicable","NativeApplicable","NATIVE_CANDIDATE","NativeCandidate","InfWideConservative","STATIC_CANDIDATE","NotEstablished","AMD.NTAMD64.10.0...16299","AMD.NTAMD64.10.0...16299","7","7","1.31","1.33","","","1"
"26.Q1","RDNA","Audio","d0_amd-software-pro-edition-26.q1-win11-rdna.exe_12482d7df129\Packages\Drivers\Audio\SDWC\WT64A\amdsdwc.inf","Windows Server 2025","26100","NativeApplicable","NativeApplicable","NATIVE_CANDIDATE","NativeCandidate","InfWideConservative","STATIC_CANDIDATE","NotEstablished","AMD.NTAMD64.10.0...16299","AMD.NTAMD64.10.0...16299","7","7","1.31","1.33","1.35","","1"
"26.Q1","RDNA","Audio","d0_amd-software-pro-edition-26.q1-win11-rdna.exe_12482d7df129\Packages\Drivers\Audio\SDWS\WT64A\amdsdws.inf","Windows Server 2016","14393","NotApplicableByBuild","NotApplicableByBuild","NOT_APPLICABLE","NotApplicable","InfWideConservative","STATIC_CANDIDATE","NotEstablished","","","0","0","1.31","1.19","","","1"
"26.Q1","RDNA","Audio","d0_amd-software-pro-edition-26.q1-win11-rdna.exe_12482d7df129\Packages\Drivers\Audio\SDWS\WT64A\amdsdws.inf","Windows Server 2019","17763","NativeApplicable","NativeApplicable","REVIEW_REQUIRED","WdfRequirementReview","InfWideConservative","STATIC_CANDIDATE","NotEstablished","AMD.NTAMD64.10.0...16299","AMD.NTAMD64.10.0...16299","11","11","1.31","1.27","1.27","","1"
"26.Q1","RDNA","Audio","d0_amd-software-pro-edition-26.q1-win11-rdna.exe_12482d7df129\Packages\Drivers\Audio\SDWS\WT64A\amdsdws.inf","Windows Server 2022","20348","NativeApplicable","NativeApplicable","NATIVE_CANDIDATE","NativeCandidate","InfWideConservative","STATIC_CANDIDATE","NotEstablished","AMD.NTAMD64.10.0...16299","AMD.NTAMD64.10.0...16299","11","11","1.31","1.33","","","1"
"26.Q1","RDNA","Audio","d0_amd-software-pro-edition-26.q1-win11-rdna.exe_12482d7df129\Packages\Drivers\Audio\SDWS\WT64A\amdsdws.inf","Windows Server 2025","26100","NativeApplicable","NativeApplicable","NATIVE_CANDIDATE","NativeCandidate","InfWideConservative","STATIC_CANDIDATE","NotEstablished","AMD.NTAMD64.10.0...16299","AMD.NTAMD64.10.0...16299","11","11","1.31","1.33","1.35","","1"
"26.Q1","RDNA","Audio","d0_amd-software-pro-edition-26.q1-win11-rdna.exe_12482d7df129\Packages\Drivers\Audio\SDWS\WT64A\amdsdwsext\amdsdwsext.inf","Windows Server 2016","14393","NotApplicableByBuild","NotApplicableByBuild","NOT_APPLICABLE","NotApplicable","InfWideConservative","STATIC_CANDIDATE","NotEstablished","","","0","0","","1.19","","","0"
"26.Q1","RDNA","Audio","d0_amd-software-pro-edition-26.q1-win11-rdna.exe_12482d7df129\Packages\Drivers\Audio\SDWS\WT64A\amdsdwsext\amdsdwsext.inf","Windows Server 2019","17763","NativeApplicable","NativeApplicable","NATIVE_CANDIDATE","NativeCandidate","InfWideConservative","STATIC_CANDIDATE","NotEstablished","AmdDeviceExtensions.NTamd64.10.0...16299","AmdDeviceExtensions.NTamd64.10.0...16299","4","4","","1.27","1.27","","0"
"26.Q1","RDNA","Audio","d0_amd-software-pro-edition-26.q1-win11-rdna.exe_12482d7df129\Packages\Drivers\Audio\SDWS\WT64A\amdsdwsext\amdsdwsext.inf","Windows Server 2022","20348","NativeApplicable","NativeApplicable","NATIVE_CANDIDATE","NativeCandidate","InfWideConservative","STATIC_CANDIDATE","NotEstablished","AmdDeviceExtensions.NTamd64.10.0...16299","AmdDeviceExtensions.NTamd64.10.0...16299","4","4","","1.33","","","0"
"26.Q1","RDNA","Audio","d0_amd-software-pro-edition-26.q1-win11-rdna.exe_12482d7df129\Packages\Drivers\Audio\SDWS\WT64A\amdsdwsext\amdsdwsext.inf","Windows Server 2025","26100","NativeApplicable","NativeApplicable","NATIVE_CANDIDATE","NativeCandidate","InfWideConservative","STATIC_CANDIDATE","NotEstablished","AmdDeviceExtensions.NTamd64.10.0...16299","AmdDeviceExtensions.NTamd64.10.0...16299","4","4","","1.33","1.35","","0"
"26.Q1","RDNA","Display","d0_amd-software-pro-edition-26.q1-win11-rdna.exe_12482d7df129\Packages\Drivers\Display\WT6A_INF\u0200269.inf","Windows Server 2016","14393","NotApplicableByBuild","ExplicitlyExcluded","NOT_APPLICABLE","NotApplicable","InfWideConservative","STATIC_CANDIDATE","NotEstablished","","ATI.Mfg.NTamd64.10.0.1;ATI.Mfg.NTamd64.6.0.1;ATI.Mfg.NTamd64.6.1.1;ATI.Mfg.NTamd64.6.2.1;ATI.Mfg.NTamd64.6.3.1","0","0","","1.19","","","1"
"26.Q1","RDNA","Display","d0_amd-software-pro-edition-26.q1-win11-rdna.exe_12482d7df129\Packages\Drivers\Display\WT6A_INF\u0200269.inf","Windows Server 2019","17763","NotApplicableByBuild","ExplicitlyExcluded","NOT_APPLICABLE","NotApplicable","InfWideConservative","STATIC_CANDIDATE","NotEstablished","","ATI.Mfg.NTamd64.10.0.1;ATI.Mfg.NTamd64.6.0.1;ATI.Mfg.NTamd64.6.1.1;ATI.Mfg.NTamd64.6.2.1;ATI.Mfg.NTamd64.6.3.1","0","0","","1.27","1.27","","1"
"26.Q1","RDNA","Display","d0_amd-software-pro-edition-26.q1-win11-rdna.exe_12482d7df129\Packages\Drivers\Display\WT6A_INF\u0200269.inf","Windows Server 2022","20348","NotApplicableByProductType","ProjectionCandidate","PATCH_CANDIDATE","ProjectionCandidate","InfWideConservative","STATIC_CANDIDATE","NotEstablished","","ATI.Mfg.NTamd64.10.0.1..19044","0","321","","1.33","","","1"
"26.Q1","RDNA","Display","d0_amd-software-pro-edition-26.q1-win11-rdna.exe_12482d7df129\Packages\Drivers\Display\WT6A_INF\u0200269.inf","Windows Server 2025","26100","NotApplicableByProductType","ProjectionCandidate","PATCH_CANDIDATE","ProjectionCandidate","InfWideConservative","STATIC_CANDIDATE","NotEstablished","","ATI.Mfg.NTamd64.10.0.1..19044","0","321","","1.33","1.35","","1"
"26.Q1","RDNA","Display","d0_amd-software-pro-edition-26.q1-win11-rdna.exe_12482d7df129\Packages\Drivers\Display\WT6A_INF\amdafd\amdafd.inf","Windows Server 2016","14393","NativeApplicable","NativeApplicable","NATIVE_CANDIDATE","NativeCandidate","InfWideConservative","STATIC_CANDIDATE","NotEstablished","AMD_KMAFD.NTAMD64","AMD_KMAFD.NTAMD64","2","2","","1.19","","","0"
"26.Q1","RDNA","Display","d0_amd-software-pro-edition-26.q1-win11-rdna.exe_12482d7df129\Packages\Drivers\Display\WT6A_INF\amdafd\amdafd.inf","Windows Server 2019","17763","NativeApplicable","NativeApplicable","NATIVE_CANDIDATE","NativeCandidate","InfWideConservative","STATIC_CANDIDATE","NotEstablished","AMD_KMAFD.NTAMD64","AMD_KMAFD.NTAMD64","2","2","","1.27","1.27","","0"
"26.Q1","RDNA","Display","d0_amd-software-pro-edition-26.q1-win11-rdna.exe_12482d7df129\Packages\Drivers\Display\WT6A_INF\amdafd\amdafd.inf","Windows Server 2022","20348","NativeApplicable","NativeApplicable","NATIVE_CANDIDATE","NativeCandidate","InfWideConservative","STATIC_CANDIDATE","NotEstablished","AMD_KMAFD.NTAMD64","AMD_KMAFD.NTAMD64","2","2","","1.33","","","0"
"26.Q1","RDNA","Display","d0_amd-software-pro-edition-26.q1-win11-rdna.exe_12482d7df129\Packages\Drivers\Display\WT6A_INF\amdafd\amdafd.inf","Windows Server 2025","26100","NativeApplicable","NativeApplicable","NATIVE_CANDIDATE","NativeCandidate","InfWideConservative","STATIC_CANDIDATE","NotEstablished","AMD_KMAFD.NTAMD64","AMD_KMAFD.NTAMD64","2","2","","1.33","1.35","","0"
"26.Q1","RDNA","Display","d0_amd-software-pro-edition-26.q1-win11-rdna.exe_12482d7df129\Packages\Drivers\Display\WT6A_INF\amdfdans\AMDFDANS.inf","Windows Server 2016","14393","NativeApplicable","NativeApplicable","NATIVE_CANDIDATE","NativeCandidate","InfWideConservative","STATIC_CANDIDATE","NotEstablished","AMD.Mfg.NTamd64.10.0","AMD.Mfg.NTamd64.10.0","1","1","","1.19","","","0"
"26.Q1","RDNA","Display","d0_amd-software-pro-edition-26.q1-win11-rdna.exe_12482d7df129\Packages\Drivers\Display\WT6A_INF\amdfdans\AMDFDANS.inf","Windows Server 2019","17763","NativeApplicable","NativeApplicable","NATIVE_CANDIDATE","NativeCandidate","InfWideConservative","STATIC_CANDIDATE","NotEstablished","AMD.Mfg.NTamd64.10.0","AMD.Mfg.NTamd64.10.0","1","1","","1.27","1.27","","0"
"26.Q1","RDNA","Display","d0_amd-software-pro-edition-26.q1-win11-rdna.exe_12482d7df129\Packages\Drivers\Display\WT6A_INF\amdfdans\AMDFDANS.inf","Windows Server 2022","20348","NativeApplicable","NativeApplicable","NATIVE_CANDIDATE","NativeCandidate","InfWideConservative","STATIC_CANDIDATE","NotEstablished","AMD.Mfg.NTamd64.10.0","AMD.Mfg.NTamd64.10.0","1","1","","1.33","","","0"
"26.Q1","RDNA","Display","d0_amd-software-pro-edition-26.q1-win11-rdna.exe_12482d7df129\Packages\Drivers\Display\WT6A_INF\amdfdans\AMDFDANS.inf","Windows Server 2025","26100","NativeApplicable","NativeApplicable","NATIVE_CANDIDATE","NativeCandidate","InfWideConservative","STATIC_CANDIDATE","NotEstablished","AMD.Mfg.NTamd64.10.0","AMD.Mfg.NTamd64.10.0","1","1","","1.33","1.35","","0"
"26.Q1","RDNA","Display","d0_amd-software-pro-edition-26.q1-win11-rdna.exe_12482d7df129\Packages\Drivers\Display\WT6A_INF\amdfendr\amdfendr.inf","Windows Server 2016","14393","NotApplicableByBuild","NotApplicableByBuild","NOT_APPLICABLE","NotApplicable","InfWideConservative","STATIC_CANDIDATE","NotEstablished","","","0","0","1.15","1.19","","","0"
"26.Q1","RDNA","Display","d0_amd-software-pro-edition-26.q1-win11-rdna.exe_12482d7df129\Packages\Drivers\Display\WT6A_INF\amdfendr\amdfendr.inf","Windows Server 2019","17763","NativeApplicable","NativeApplicable","NATIVE_CANDIDATE","NativeCandidate","InfWideConservative","STATIC_CANDIDATE","NotEstablished","AMDFENDR_KM.NTAMD64.10.0...16299","AMDFENDR_KM.NTAMD64.10.0...16299","1","1","1.15","1.27","1.27","","0"
"26.Q1","RDNA","Display","d0_amd-software-pro-edition-26.q1-win11-rdna.exe_12482d7df129\Packages\Drivers\Display\WT6A_INF\amdfendr\amdfendr.inf","Windows Server 2022","20348","NativeApplicable","NativeApplicable","NATIVE_CANDIDATE","NativeCandidate","InfWideConservative","STATIC_CANDIDATE","NotEstablished","AMDFENDR_KM.NTAMD64.10.0...16299","AMDFENDR_KM.NTAMD64.10.0...16299","1","1","1.15","1.33","","","0"
"26.Q1","RDNA","Display","d0_amd-software-pro-edition-26.q1-win11-rdna.exe_12482d7df129\Packages\Drivers\Display\WT6A_INF\amdfendr\amdfendr.inf","Windows Server 2025","26100","NativeApplicable","NativeApplicable","NATIVE_CANDIDATE","NativeCandidate","InfWideConservative","STATIC_CANDIDATE","NotEstablished","AMDFENDR_KM.NTAMD64.10.0...16299","AMDFENDR_KM.NTAMD64.10.0...16299","1","1","1.15","1.33","1.35","","0"
"26.Q1","RDNA","Display","d0_amd-software-pro-edition-26.q1-win11-rdna.exe_12482d7df129\Packages\Drivers\Display\WT6A_INF\amdocl\amdocl.inf","Windows Server 2016","14393","NotApplicableByBuild","NotApplicableByBuild","NOT_APPLICABLE","NotApplicable","InfWideConservative","STATIC_CANDIDATE","NotEstablished","","","0","0","","1.19","","","0"
"26.Q1","RDNA","Display","d0_amd-software-pro-edition-26.q1-win11-rdna.exe_12482d7df129\Packages\Drivers\Display\WT6A_INF\amdocl\amdocl.inf","Windows Server 2019","17763","NativeApplicable","NativeApplicable","NATIVE_CANDIDATE","NativeCandidate","InfWideConservative","STATIC_CANDIDATE","NotEstablished","AMD.Mfg.NTamd64.10.0...16299","AMD.Mfg.NTamd64.10.0...16299","1","1","","1.27","1.27","","0"
"26.Q1","RDNA","Display","d0_amd-software-pro-edition-26.q1-win11-rdna.exe_12482d7df129\Packages\Drivers\Display\WT6A_INF\amdocl\amdocl.inf","Windows Server 2022","20348","NativeApplicable","NativeApplicable","NATIVE_CANDIDATE","NativeCandidate","InfWideConservative","STATIC_CANDIDATE","NotEstablished","AMD.Mfg.NTamd64.10.0...16299","AMD.Mfg.NTamd64.10.0...16299","1","1","","1.33","","","0"
"26.Q1","RDNA","Display","d0_amd-software-pro-edition-26.q1-win11-rdna.exe_12482d7df129\Packages\Drivers\Display\WT6A_INF\amdocl\amdocl.inf","Windows Server 2025","26100","NativeApplicable","NativeApplicable","NATIVE_CANDIDATE","NativeCandidate","InfWideConservative","STATIC_CANDIDATE","NotEstablished","AMD.Mfg.NTamd64.10.0...16299","AMD.Mfg.NTamd64.10.0...16299","1","1","","1.33","1.35","","0"
"26.Q1","RDNA","Display","d0_amd-software-pro-edition-26.q1-win11-rdna.exe_12482d7df129\Packages\Drivers\Display\WT6A_INF\amdpcibridge\amdpcibridgeextension.inf","Windows Server 2016","14393","NativeApplicable","NativeApplicable","NATIVE_CANDIDATE","NativeCandidate","InfWideConservative","STATIC_CANDIDATE","NotEstablished","DeviceExtensions.NTamd64","DeviceExtensions.NTamd64","2","2","","1.19","","","0"
"26.Q1","RDNA","Display","d0_amd-software-pro-edition-26.q1-win11-rdna.exe_12482d7df129\Packages\Drivers\Display\WT6A_INF\amdpcibridge\amdpcibridgeextension.inf","Windows Server 2019","17763","NativeApplicable","NativeApplicable","NATIVE_CANDIDATE","NativeCandidate","InfWideConservative","STATIC_CANDIDATE","NotEstablished","DeviceExtensions.NTamd64","DeviceExtensions.NTamd64","2","2","","1.27","1.27","","0"
"26.Q1","RDNA","Display","d0_amd-software-pro-edition-26.q1-win11-rdna.exe_12482d7df129\Packages\Drivers\Display\WT6A_INF\amdpcibridge\amdpcibridgeextension.inf","Windows Server 2022","20348","NativeApplicable","NativeApplicable","NATIVE_CANDIDATE","NativeCandidate","InfWideConservative","STATIC_CANDIDATE","NotEstablished","DeviceExtensions.NTamd64","DeviceExtensions.NTamd64","2","2","","1.33","","","0"
"26.Q1","RDNA","Display","d0_amd-software-pro-edition-26.q1-win11-rdna.exe_12482d7df129\Packages\Drivers\Display\WT6A_INF\amdpcibridge\amdpcibridgeextension.inf","Windows Server 2025","26100","NativeApplicable","NativeApplicable","NATIVE_CANDIDATE","NativeCandidate","InfWideConservative","STATIC_CANDIDATE","NotEstablished","DeviceExtensions.NTamd64","DeviceExtensions.NTamd64","2","2","","1.33","1.35","","0"
"26.Q1","RDNA","Display","d0_amd-software-pro-edition-26.q1-win11-rdna.exe_12482d7df129\Packages\Drivers\Display\WT6A_INF\amdwin\amdwin-u0200269.inf","Windows Server 2016","14393","NativeApplicable","NativeApplicable","NATIVE_CANDIDATE","NativeCandidate","InfWideConservative","STATIC_CANDIDATE","NotEstablished","AMD.Mfg.NTamd64.10.0","AMD.Mfg.NTamd64.10.0","1","1","","1.19","","","0"
"26.Q1","RDNA","Display","d0_amd-software-pro-edition-26.q1-win11-rdna.exe_12482d7df129\Packages\Drivers\Display\WT6A_INF\amdwin\amdwin-u0200269.inf","Windows Server 2019","17763","NativeApplicable","NativeApplicable","NATIVE_CANDIDATE","NativeCandidate","InfWideConservative","STATIC_CANDIDATE","NotEstablished","AMD.Mfg.NTamd64.10.0","AMD.Mfg.NTamd64.10.0","1","1","","1.27","1.27","","0"
"26.Q1","RDNA","Display","d0_amd-software-pro-edition-26.q1-win11-rdna.exe_12482d7df129\Packages\Drivers\Display\WT6A_INF\amdwin\amdwin-u0200269.inf","Windows Server 2022","20348","NativeApplicable","NativeApplicable","NATIVE_CANDIDATE","NativeCandidate","InfWideConservative","STATIC_CANDIDATE","NotEstablished","AMD.Mfg.NTamd64.10.0","AMD.Mfg.NTamd64.10.0","1","1","","1.33","","","0"
"26.Q1","RDNA","Display","d0_amd-software-pro-edition-26.q1-win11-rdna.exe_12482d7df129\Packages\Drivers\Display\WT6A_INF\amdwin\amdwin-u0200269.inf","Windows Server 2025","26100","NativeApplicable","NativeApplicable","NATIVE_CANDIDATE","NativeCandidate","InfWideConservative","STATIC_CANDIDATE","NotEstablished","AMD.Mfg.NTamd64.10.0","AMD.Mfg.NTamd64.10.0","1","1","","1.33","1.35","","0"
"26.Q1","RDNA","RadeonLED","d0_amd-software-pro-edition-26.q1-win11-rdna.exe_12482d7df129\Packages\Drivers\RadeonLED\WT64A\amdusbledfd.inf","Windows Server 2016","14393","NativeApplicable","NativeApplicable","NATIVE_CANDIDATE","NativeCandidate","InfWideConservative","STATIC_CANDIDATE","NotEstablished","AMD_USBLEDFD.NTamd64","AMD_USBLEDFD.NTamd64","6","6","","1.19","","","1"
"26.Q1","RDNA","RadeonLED","d0_amd-software-pro-edition-26.q1-win11-rdna.exe_12482d7df129\Packages\Drivers\RadeonLED\WT64A\amdusbledfd.inf","Windows Server 2019","17763","NativeApplicable","NativeApplicable","NATIVE_CANDIDATE","NativeCandidate","InfWideConservative","STATIC_CANDIDATE","NotEstablished","AMD_USBLEDFD.NTamd64","AMD_USBLEDFD.NTamd64","6","6","","1.27","1.27","","1"
"26.Q1","RDNA","RadeonLED","d0_amd-software-pro-edition-26.q1-win11-rdna.exe_12482d7df129\Packages\Drivers\RadeonLED\WT64A\amdusbledfd.inf","Windows Server 2022","20348","NativeApplicable","NativeApplicable","NATIVE_CANDIDATE","NativeCandidate","InfWideConservative","STATIC_CANDIDATE","NotEstablished","AMD_USBLEDFD.NTamd64","AMD_USBLEDFD.NTamd64","6","6","","1.33","","","1"
"26.Q1","RDNA","RadeonLED","d0_amd-software-pro-edition-26.q1-win11-rdna.exe_12482d7df129\Packages\Drivers\RadeonLED\WT64A\amdusbledfd.inf","Windows Server 2025","26100","NativeApplicable","NativeApplicable","NATIVE_CANDIDATE","NativeCandidate","InfWideConservative","STATIC_CANDIDATE","NotEstablished","AMD_USBLEDFD.NTamd64","AMD_USBLEDFD.NTamd64","6","6","","1.33","1.35","","1"
"26.Q1","RDNA","SBDrv","d0_amd-software-pro-edition-26.q1-win11-rdna.exe_12482d7df129\Packages\Drivers\SBDrv\AMDUCSI\WT64A\amducsi.inf","Windows Server 2016","14393","NativeApplicable","NativeApplicable","NATIVE_CANDIDATE","NativeCandidate","InfWideConservative","STATIC_CANDIDATE","NotEstablished","AMD.NTamd64","AMD.NTamd64","5","5","1.15","1.19","","","1"
"26.Q1","RDNA","SBDrv","d0_amd-software-pro-edition-26.q1-win11-rdna.exe_12482d7df129\Packages\Drivers\SBDrv\AMDUCSI\WT64A\amducsi.inf","Windows Server 2019","17763","NativeApplicable","NativeApplicable","NATIVE_CANDIDATE","NativeCandidate","InfWideConservative","STATIC_CANDIDATE","NotEstablished","AMD.NTamd64","AMD.NTamd64","5","5","1.15","1.27","1.27","","1"
"26.Q1","RDNA","SBDrv","d0_amd-software-pro-edition-26.q1-win11-rdna.exe_12482d7df129\Packages\Drivers\SBDrv\AMDUCSI\WT64A\amducsi.inf","Windows Server 2022","20348","NativeApplicable","NativeApplicable","NATIVE_CANDIDATE","NativeCandidate","InfWideConservative","STATIC_CANDIDATE","NotEstablished","AMD.NTamd64","AMD.NTamd64","5","5","1.15","1.33","","","1"
"26.Q1","RDNA","SBDrv","d0_amd-software-pro-edition-26.q1-win11-rdna.exe_12482d7df129\Packages\Drivers\SBDrv\AMDUCSI\WT64A\amducsi.inf","Windows Server 2025","26100","NativeApplicable","NativeApplicable","NATIVE_CANDIDATE","NativeCandidate","InfWideConservative","STATIC_CANDIDATE","NotEstablished","AMD.NTamd64","AMD.NTamd64","5","5","1.15","1.33","1.35","","1"
"25.Q4","Unspecified","AMDISP","d0_amd-software-pro-edition-25.q4-win11-c.exe_997eeb2a3d40\Packages\Drivers\AMDISP\AMDCAMERA\WT64A\amdcamera.inf","Windows Server 2016","14393","NativeApplicable","NativeApplicable","NATIVE_CANDIDATE","NativeCandidate","InfWideConservative","STATIC_CANDIDATE","NotEstablished","AMD.NTamd64","AMD.NTamd64","1","1","","1.19","","","1"
"25.Q4","Unspecified","AMDISP","d0_amd-software-pro-edition-25.q4-win11-c.exe_997eeb2a3d40\Packages\Drivers\AMDISP\AMDCAMERA\WT64A\amdcamera.inf","Windows Server 2019","17763","NativeApplicable","NativeApplicable","NATIVE_CANDIDATE","NativeCandidate","InfWideConservative","STATIC_CANDIDATE","NotEstablished","AMD.NTamd64","AMD.NTamd64","1","1","","1.27","1.27","","1"
"25.Q4","Unspecified","AMDISP","d0_amd-software-pro-edition-25.q4-win11-c.exe_997eeb2a3d40\Packages\Drivers\AMDISP\AMDCAMERA\WT64A\amdcamera.inf","Windows Server 2022","20348","NativeApplicable","NativeApplicable","NATIVE_CANDIDATE","NativeCandidate","InfWideConservative","STATIC_CANDIDATE","NotEstablished","AMD.NTamd64","AMD.NTamd64","1","1","","1.33","","","1"
"25.Q4","Unspecified","AMDISP","d0_amd-software-pro-edition-25.q4-win11-c.exe_997eeb2a3d40\Packages\Drivers\AMDISP\AMDCAMERA\WT64A\amdcamera.inf","Windows Server 2025","26100","NativeApplicable","NativeApplicable","NATIVE_CANDIDATE","NativeCandidate","InfWideConservative","STATIC_CANDIDATE","NotEstablished","AMD.NTamd64","AMD.NTamd64","1","1","","1.33","1.35","","1"
"25.Q4","Unspecified","AMDISP","d0_amd-software-pro-edition-25.q4-win11-c.exe_997eeb2a3d40\Packages\Drivers\AMDISP\AMDISP\WT64A\amdisp.inf","Windows Server 2016","14393","NativeApplicable","NativeApplicable","REVIEW_REQUIRED","WdfRequirementReview","InfWideConservative","STATIC_CANDIDATE","NotEstablished","AMD.NTamd64;AMD_SRX.NTamd64","AMD.NTamd64;AMD_SRX.NTamd64","2","2","1.23.0","1.19","","2.23.0","1"
"25.Q4","Unspecified","AMDISP","d0_amd-software-pro-edition-25.q4-win11-c.exe_997eeb2a3d40\Packages\Drivers\AMDISP\AMDISP\WT64A\amdisp.inf","Windows Server 2019","17763","NativeApplicable","NativeApplicable","NATIVE_CANDIDATE","NativeCandidate","InfWideConservative","STATIC_CANDIDATE","NotEstablished","AMD.NTamd64;AMD_SRX.NTamd64","AMD.NTamd64;AMD_SRX.NTamd64","2","2","1.23.0","1.27","1.27","2.23.0","1"
"25.Q4","Unspecified","AMDISP","d0_amd-software-pro-edition-25.q4-win11-c.exe_997eeb2a3d40\Packages\Drivers\AMDISP\AMDISP\WT64A\amdisp.inf","Windows Server 2022","20348","NativeApplicable","NativeApplicable","NATIVE_CANDIDATE","NativeCandidate","InfWideConservative","STATIC_CANDIDATE","NotEstablished","AMD.NTamd64;AMD_SRX.NTamd64","AMD.NTamd64;AMD_SRX.NTamd64","2","2","1.23.0","1.33","","2.23.0","1"
"25.Q4","Unspecified","AMDISP","d0_amd-software-pro-edition-25.q4-win11-c.exe_997eeb2a3d40\Packages\Drivers\AMDISP\AMDISP\WT64A\amdisp.inf","Windows Server 2025","26100","NativeApplicable","NativeApplicable","NATIVE_CANDIDATE","NativeCandidate","InfWideConservative","STATIC_CANDIDATE","NotEstablished","AMD.NTamd64;AMD_SRX.NTamd64","AMD.NTamd64;AMD_SRX.NTamd64","2","2","1.23.0","1.33","1.35","2.23.0","1"
"25.Q4","Unspecified","AMDISP","d0_amd-software-pro-edition-25.q4-win11-c.exe_997eeb2a3d40\Packages\Drivers\AMDISP\GC1029\WT64A\sensorGC1029.inf","Windows Server 2016","14393","NativeApplicable","NativeApplicable","NATIVE_CANDIDATE","NativeCandidate","InfWideConservative","STATIC_CANDIDATE","NotEstablished","Standard.NTamd64","Standard.NTamd64","1","1","1.15","1.19","","","1"
"25.Q4","Unspecified","AMDISP","d0_amd-software-pro-edition-25.q4-win11-c.exe_997eeb2a3d40\Packages\Drivers\AMDISP\GC1029\WT64A\sensorGC1029.inf","Windows Server 2019","17763","NativeApplicable","NativeApplicable","NATIVE_CANDIDATE","NativeCandidate","InfWideConservative","STATIC_CANDIDATE","NotEstablished","Standard.NTamd64","Standard.NTamd64","1","1","1.15","1.27","1.27","","1"
"25.Q4","Unspecified","AMDISP","d0_amd-software-pro-edition-25.q4-win11-c.exe_997eeb2a3d40\Packages\Drivers\AMDISP\GC1029\WT64A\sensorGC1029.inf","Windows Server 2022","20348","NativeApplicable","NativeApplicable","NATIVE_CANDIDATE","NativeCandidate","InfWideConservative","STATIC_CANDIDATE","NotEstablished","Standard.NTamd64","Standard.NTamd64","1","1","1.15","1.33","","","1"
"25.Q4","Unspecified","AMDISP","d0_amd-software-pro-edition-25.q4-win11-c.exe_997eeb2a3d40\Packages\Drivers\AMDISP\GC1029\WT64A\sensorGC1029.inf","Windows Server 2025","26100","NativeApplicable","NativeApplicable","NATIVE_CANDIDATE","NativeCandidate","InfWideConservative","STATIC_CANDIDATE","NotEstablished","Standard.NTamd64","Standard.NTamd64","1","1","1.15","1.33","1.35","","1"
"25.Q4","Unspecified","AMDISP","d0_amd-software-pro-edition-25.q4-win11-c.exe_997eeb2a3d40\Packages\Drivers\AMDISP\HM1092\WT64A\sensorHM1092.inf","Windows Server 2016","14393","NativeApplicable","NativeApplicable","NATIVE_CANDIDATE","NativeCandidate","InfWideConservative","STATIC_CANDIDATE","NotEstablished","Standard.NTamd64","Standard.NTamd64","1","1","1.15","1.19","","","1"
"25.Q4","Unspecified","AMDISP","d0_amd-software-pro-edition-25.q4-win11-c.exe_997eeb2a3d40\Packages\Drivers\AMDISP\HM1092\WT64A\sensorHM1092.inf","Windows Server 2019","17763","NativeApplicable","NativeApplicable","NATIVE_CANDIDATE","NativeCandidate","InfWideConservative","STATIC_CANDIDATE","NotEstablished","Standard.NTamd64","Standard.NTamd64","1","1","1.15","1.27","1.27","","1"
"25.Q4","Unspecified","AMDISP","d0_amd-software-pro-edition-25.q4-win11-c.exe_997eeb2a3d40\Packages\Drivers\AMDISP\HM1092\WT64A\sensorHM1092.inf","Windows Server 2022","20348","NativeApplicable","NativeApplicable","NATIVE_CANDIDATE","NativeCandidate","InfWideConservative","STATIC_CANDIDATE","NotEstablished","Standard.NTamd64","Standard.NTamd64","1","1","1.15","1.33","","","1"
"25.Q4","Unspecified","AMDISP","d0_amd-software-pro-edition-25.q4-win11-c.exe_997eeb2a3d40\Packages\Drivers\AMDISP\HM1092\WT64A\sensorHM1092.inf","Windows Server 2025","26100","NativeApplicable","NativeApplicable","NATIVE_CANDIDATE","NativeCandidate","InfWideConservative","STATIC_CANDIDATE","NotEstablished","Standard.NTamd64","Standard.NTamd64","1","1","1.15","1.33","1.35","","1"
"25.Q4","Unspecified","AMDISP","d0_amd-software-pro-edition-25.q4-win11-c.exe_997eeb2a3d40\Packages\Drivers\AMDISP\OV05C\WT64A\sensorOV05C.inf","Windows Server 2016","14393","NativeApplicable","NativeApplicable","NATIVE_CANDIDATE","NativeCandidate","InfWideConservative","STATIC_CANDIDATE","NotEstablished","Standard.NTamd64","Standard.NTamd64","1","1","1.15","1.19","","","1"
"25.Q4","Unspecified","AMDISP","d0_amd-software-pro-edition-25.q4-win11-c.exe_997eeb2a3d40\Packages\Drivers\AMDISP\OV05C\WT64A\sensorOV05C.inf","Windows Server 2019","17763","NativeApplicable","NativeApplicable","NATIVE_CANDIDATE","NativeCandidate","InfWideConservative","STATIC_CANDIDATE","NotEstablished","Standard.NTamd64","Standard.NTamd64","1","1","1.15","1.27","1.27","","1"
"25.Q4","Unspecified","AMDISP","d0_amd-software-pro-edition-25.q4-win11-c.exe_997eeb2a3d40\Packages\Drivers\AMDISP\OV05C\WT64A\sensorOV05C.inf","Windows Server 2022","20348","NativeApplicable","NativeApplicable","NATIVE_CANDIDATE","NativeCandidate","InfWideConservative","STATIC_CANDIDATE","NotEstablished","Standard.NTamd64","Standard.NTamd64","1","1","1.15","1.33","","","1"
"25.Q4","Unspecified","AMDISP","d0_amd-software-pro-edition-25.q4-win11-c.exe_997eeb2a3d40\Packages\Drivers\AMDISP\OV05C\WT64A\sensorOV05C.inf","Windows Server 2025","26100","NativeApplicable","NativeApplicable","NATIVE_CANDIDATE","NativeCandidate","InfWideConservative","STATIC_CANDIDATE","NotEstablished","Standard.NTamd64","Standard.NTamd64","1","1","1.15","1.33","1.35","","1"
"25.Q4","Unspecified","AMDISP","d0_amd-software-pro-edition-25.q4-win11-c.exe_997eeb2a3d40\Packages\Drivers\AMDISP\OV08X\WT64A\sensorOV08X.inf","Windows Server 2016","14393","NativeApplicable","NativeApplicable","NATIVE_CANDIDATE","NativeCandidate","InfWideConservative","STATIC_CANDIDATE","NotEstablished","Standard.NTamd64","Standard.NTamd64","2","2","1.15","1.19","","","1"
"25.Q4","Unspecified","AMDISP","d0_amd-software-pro-edition-25.q4-win11-c.exe_997eeb2a3d40\Packages\Drivers\AMDISP\OV08X\WT64A\sensorOV08X.inf","Windows Server 2019","17763","NativeApplicable","NativeApplicable","NATIVE_CANDIDATE","NativeCandidate","InfWideConservative","STATIC_CANDIDATE","NotEstablished","Standard.NTamd64","Standard.NTamd64","2","2","1.15","1.27","1.27","","1"
"25.Q4","Unspecified","AMDISP","d0_amd-software-pro-edition-25.q4-win11-c.exe_997eeb2a3d40\Packages\Drivers\AMDISP\OV08X\WT64A\sensorOV08X.inf","Windows Server 2022","20348","NativeApplicable","NativeApplicable","NATIVE_CANDIDATE","NativeCandidate","InfWideConservative","STATIC_CANDIDATE","NotEstablished","Standard.NTamd64","Standard.NTamd64","2","2","1.15","1.33","","","1"
"25.Q4","Unspecified","AMDISP","d0_amd-software-pro-edition-25.q4-win11-c.exe_997eeb2a3d40\Packages\Drivers\AMDISP\OV08X\WT64A\sensorOV08X.inf","Windows Server 2025","26100","NativeApplicable","NativeApplicable","NATIVE_CANDIDATE","NativeCandidate","InfWideConservative","STATIC_CANDIDATE","NotEstablished","Standard.NTamd64","Standard.NTamd64","2","2","1.15","1.33","1.35","","1"
"25.Q4","Unspecified","AMDISP","d0_amd-software-pro-edition-25.q4-win11-c.exe_997eeb2a3d40\Packages\Drivers\AMDISP\OV13B\WT64A\sensorOV13B.inf","Windows Server 2016","14393","NativeApplicable","NativeApplicable","NATIVE_CANDIDATE","NativeCandidate","InfWideConservative","STATIC_CANDIDATE","NotEstablished","Standard.NTamd64","Standard.NTamd64","1","1","1.15","1.19","","","1"
"25.Q4","Unspecified","AMDISP","d0_amd-software-pro-edition-25.q4-win11-c.exe_997eeb2a3d40\Packages\Drivers\AMDISP\OV13B\WT64A\sensorOV13B.inf","Windows Server 2019","17763","NativeApplicable","NativeApplicable","NATIVE_CANDIDATE","NativeCandidate","InfWideConservative","STATIC_CANDIDATE","NotEstablished","Standard.NTamd64","Standard.NTamd64","1","1","1.15","1.27","1.27","","1"
"25.Q4","Unspecified","AMDISP","d0_amd-software-pro-edition-25.q4-win11-c.exe_997eeb2a3d40\Packages\Drivers\AMDISP\OV13B\WT64A\sensorOV13B.inf","Windows Server 2022","20348","NativeApplicable","NativeApplicable","NATIVE_CANDIDATE","NativeCandidate","InfWideConservative","STATIC_CANDIDATE","NotEstablished","Standard.NTamd64","Standard.NTamd64","1","1","1.15","1.33","","","1"
"25.Q4","Unspecified","AMDISP","d0_amd-software-pro-edition-25.q4-win11-c.exe_997eeb2a3d40\Packages\Drivers\AMDISP\OV13B\WT64A\sensorOV13B.inf","Windows Server 2025","26100","NativeApplicable","NativeApplicable","NATIVE_CANDIDATE","NativeCandidate","InfWideConservative","STATIC_CANDIDATE","NotEstablished","Standard.NTamd64","Standard.NTamd64","1","1","1.15","1.33","1.35","","1"
"25.Q4","Unspecified","AMDNPUMCDM","d0_amd-software-pro-edition-25.q4-win11-c.exe_997eeb2a3d40\Packages\Drivers\AMDNPUMCDM\WT64A\kipudrv.inf","Windows Server 2016","14393","NotApplicableByBuild","NotApplicableByBuild","NOT_APPLICABLE","NotApplicable","InfWideConservative","STATIC_CANDIDATE","NotEstablished","","","0","0","","1.19","","","4"
"25.Q4","Unspecified","AMDNPUMCDM","d0_amd-software-pro-edition-25.q4-win11-c.exe_997eeb2a3d40\Packages\Drivers\AMDNPUMCDM\WT64A\kipudrv.inf","Windows Server 2019","17763","NotApplicableByBuild","NotApplicableByBuild","NOT_APPLICABLE","NotApplicable","InfWideConservative","STATIC_CANDIDATE","NotEstablished","","","0","0","","1.27","1.27","","4"
"25.Q4","Unspecified","AMDNPUMCDM","d0_amd-software-pro-edition-25.q4-win11-c.exe_997eeb2a3d40\Packages\Drivers\AMDNPUMCDM\WT64A\kipudrv.inf","Windows Server 2022","20348","NotApplicableByBuild","NotApplicableByBuild","NOT_APPLICABLE","NotApplicable","InfWideConservative","STATIC_CANDIDATE","NotEstablished","","","0","0","","1.33","","","4"
"25.Q4","Unspecified","AMDNPUMCDM","d0_amd-software-pro-edition-25.q4-win11-c.exe_997eeb2a3d40\Packages\Drivers\AMDNPUMCDM\WT64A\kipudrv.inf","Windows Server 2025","26100","NativeApplicable","NativeApplicable","NATIVE_CANDIDATE","NativeCandidate","InfWideConservative","STATIC_CANDIDATE","NotEstablished","IpuMcdmDriver.Mfg.NTamd64.10.0...22000","IpuMcdmDriver.Mfg.NTamd64.10.0...22000","2","2","","1.33","1.35","","4"
"25.Q4","Unspecified","AMDNPUWDF","d0_amd-software-pro-edition-25.q4-win11-c.exe_997eeb2a3d40\Packages\Drivers\AMDNPUWDF\WT64A\kipudrv.inf","Windows Server 2016","14393","NativeApplicable","NativeApplicable","NATIVE_CANDIDATE","NativeCandidate","InfWideConservative","STATIC_CANDIDATE","NotEstablished","AMD.NTamd64.10.0...14393","AMD.NTamd64.10.0...14393","2","2","1.15","1.19","","","4"
"25.Q4","Unspecified","AMDNPUWDF","d0_amd-software-pro-edition-25.q4-win11-c.exe_997eeb2a3d40\Packages\Drivers\AMDNPUWDF\WT64A\kipudrv.inf","Windows Server 2019","17763","NativeApplicable","NativeApplicable","NATIVE_CANDIDATE","NativeCandidate","InfWideConservative","STATIC_CANDIDATE","NotEstablished","AMD.NTamd64.10.0...14393","AMD.NTamd64.10.0...14393","2","2","1.15","1.27","1.27","","4"
"25.Q4","Unspecified","AMDNPUWDF","d0_amd-software-pro-edition-25.q4-win11-c.exe_997eeb2a3d40\Packages\Drivers\AMDNPUWDF\WT64A\kipudrv.inf","Windows Server 2022","20348","NativeApplicable","NativeApplicable","NATIVE_CANDIDATE","NativeCandidate","InfWideConservative","STATIC_CANDIDATE","NotEstablished","AMD.NTamd64.10.0...14393","AMD.NTamd64.10.0...14393","2","2","1.15","1.33","","","4"
"25.Q4","Unspecified","AMDNPUWDF","d0_amd-software-pro-edition-25.q4-win11-c.exe_997eeb2a3d40\Packages\Drivers\AMDNPUWDF\WT64A\kipudrv.inf","Windows Server 2025","26100","NativeApplicable","NativeApplicable","NATIVE_CANDIDATE","NativeCandidate","InfWideConservative","STATIC_CANDIDATE","NotEstablished","AMD.NTamd64.10.0...22000","AMD.NTamd64.10.0...22000","2","2","1.15","1.33","1.35","","4"
"25.Q4","Unspecified","Audio","d0_amd-software-pro-edition-25.q4-win11-c.exe_997eeb2a3d40\Packages\Drivers\Audio\ACPAfd\WT64A\amdacpafd.inf","Windows Server 2016","14393","NotApplicableByBuild","NotApplicableByBuild","NOT_APPLICABLE","NotApplicable","InfWideConservative","STATIC_CANDIDATE","NotEstablished","","","0","0","1.15","1.19","","","1"
"25.Q4","Unspecified","Audio","d0_amd-software-pro-edition-25.q4-win11-c.exe_997eeb2a3d40\Packages\Drivers\Audio\ACPAfd\WT64A\amdacpafd.inf","Windows Server 2019","17763","NativeApplicable","NativeApplicable","NATIVE_CANDIDATE","NativeCandidate","InfWideConservative","STATIC_CANDIDATE","NotEstablished","AMD.NTAMD64.10.0...16299","AMD.NTAMD64.10.0...16299","13","13","1.15","1.27","1.27","","1"
"25.Q4","Unspecified","Audio","d0_amd-software-pro-edition-25.q4-win11-c.exe_997eeb2a3d40\Packages\Drivers\Audio\ACPAfd\WT64A\amdacpafd.inf","Windows Server 2022","20348","NativeApplicable","NativeApplicable","NATIVE_CANDIDATE","NativeCandidate","InfWideConservative","STATIC_CANDIDATE","NotEstablished","AMD.NTAMD64.10.0...16299","AMD.NTAMD64.10.0...16299","13","13","1.15","1.33","","","1"
"25.Q4","Unspecified","Audio","d0_amd-software-pro-edition-25.q4-win11-c.exe_997eeb2a3d40\Packages\Drivers\Audio\ACPAfd\WT64A\amdacpafd.inf","Windows Server 2025","26100","NativeApplicable","NativeApplicable","NATIVE_CANDIDATE","NativeCandidate","InfWideConservative","STATIC_CANDIDATE","NotEstablished","AMD.NTAMD64.10.0...16299","AMD.NTAMD64.10.0...16299","13","13","1.15","1.33","1.35","","1"
"25.Q4","Unspecified","Audio","d0_amd-software-pro-edition-25.q4-win11-c.exe_997eeb2a3d40\Packages\Drivers\Audio\ACPAFDSVC\WT64A\amdacpafdcomp.inf","Windows Server 2016","14393","NotApplicableByBuild","NotApplicableByBuild","NOT_APPLICABLE","NotApplicable","InfWideConservative","STATIC_CANDIDATE","NotEstablished","","","0","0","","1.19","","","0"
"25.Q4","Unspecified","Audio","d0_amd-software-pro-edition-25.q4-win11-c.exe_997eeb2a3d40\Packages\Drivers\Audio\ACPAFDSVC\WT64A\amdacpafdcomp.inf","Windows Server 2019","17763","NativeApplicable","NativeApplicable","NATIVE_CANDIDATE","NativeCandidate","InfWideConservative","STATIC_CANDIDATE","NotEstablished","AMD.NTAMD64.10.0...16299","AMD.NTAMD64.10.0...16299","1","1","","1.27","1.27","","0"
"25.Q4","Unspecified","Audio","d0_amd-software-pro-edition-25.q4-win11-c.exe_997eeb2a3d40\Packages\Drivers\Audio\ACPAFDSVC\WT64A\amdacpafdcomp.inf","Windows Server 2022","20348","NativeApplicable","NativeApplicable","NATIVE_CANDIDATE","NativeCandidate","InfWideConservative","STATIC_CANDIDATE","NotEstablished","AMD.NTAMD64.10.0...16299","AMD.NTAMD64.10.0...16299","1","1","","1.33","","","0"
"25.Q4","Unspecified","Audio","d0_amd-software-pro-edition-25.q4-win11-c.exe_997eeb2a3d40\Packages\Drivers\Audio\ACPAFDSVC\WT64A\amdacpafdcomp.inf","Windows Server 2025","26100","NativeApplicable","NativeApplicable","NATIVE_CANDIDATE","NativeCandidate","InfWideConservative","STATIC_CANDIDATE","NotEstablished","AMD.NTAMD64.10.0...16299","AMD.NTAMD64.10.0...16299","1","1","","1.33","1.35","","0"
"25.Q4","Unspecified","Audio","d0_amd-software-pro-edition-25.q4-win11-c.exe_997eeb2a3d40\Packages\Drivers\Audio\ACPAFDSVC\WT64A\amdacpafdext.inf","Windows Server 2016","14393","NotApplicableByBuild","NotApplicableByBuild","NOT_APPLICABLE","NotApplicable","InfWideConservative","STATIC_CANDIDATE","NotEstablished","","","0","0","","1.19","","","1"
"25.Q4","Unspecified","Audio","d0_amd-software-pro-edition-25.q4-win11-c.exe_997eeb2a3d40\Packages\Drivers\Audio\ACPAFDSVC\WT64A\amdacpafdext.inf","Windows Server 2019","17763","NativeApplicable","NativeApplicable","NATIVE_CANDIDATE","NativeCandidate","InfWideConservative","STATIC_CANDIDATE","NotEstablished","AMD.NTAMD64.10.0...16299","AMD.NTAMD64.10.0...16299","1","1","","1.27","1.27","","1"
"25.Q4","Unspecified","Audio","d0_amd-software-pro-edition-25.q4-win11-c.exe_997eeb2a3d40\Packages\Drivers\Audio\ACPAFDSVC\WT64A\amdacpafdext.inf","Windows Server 2022","20348","NativeApplicable","NativeApplicable","NATIVE_CANDIDATE","NativeCandidate","InfWideConservative","STATIC_CANDIDATE","NotEstablished","AMD.NTAMD64.10.0...16299","AMD.NTAMD64.10.0...16299","1","1","","1.33","","","1"
"25.Q4","Unspecified","Audio","d0_amd-software-pro-edition-25.q4-win11-c.exe_997eeb2a3d40\Packages\Drivers\Audio\ACPAFDSVC\WT64A\amdacpafdext.inf","Windows Server 2025","26100","NativeApplicable","NativeApplicable","NATIVE_CANDIDATE","NativeCandidate","InfWideConservative","STATIC_CANDIDATE","NotEstablished","AMD.NTAMD64.10.0...16299","AMD.NTAMD64.10.0...16299","1","1","","1.33","1.35","","1"
"25.Q4","Unspecified","Audio","d0_amd-software-pro-edition-25.q4-win11-c.exe_997eeb2a3d40\Packages\Drivers\Audio\ACPBTACX\WT64A\amdacpbtacx.inf","Windows Server 2016","14393","NotApplicableByBuild","NotApplicableByBuild","NOT_APPLICABLE","NotApplicable","InfWideConservative","STATIC_CANDIDATE","NotEstablished","","","0","0","1.31","1.19","","","1"
"25.Q4","Unspecified","Audio","d0_amd-software-pro-edition-25.q4-win11-c.exe_997eeb2a3d40\Packages\Drivers\Audio\ACPBTACX\WT64A\amdacpbtacx.inf","Windows Server 2019","17763","NativeApplicable","NativeApplicable","REVIEW_REQUIRED","WdfRequirementReview","InfWideConservative","STATIC_CANDIDATE","NotEstablished","AMD.NTAMD64.10.0...16299","AMD.NTAMD64.10.0...16299","10","10","1.31","1.27","1.27","","1"
"25.Q4","Unspecified","Audio","d0_amd-software-pro-edition-25.q4-win11-c.exe_997eeb2a3d40\Packages\Drivers\Audio\ACPBTACX\WT64A\amdacpbtacx.inf","Windows Server 2022","20348","NativeApplicable","NativeApplicable","NATIVE_CANDIDATE","NativeCandidate","InfWideConservative","STATIC_CANDIDATE","NotEstablished","AMD.NTAMD64.10.0...16299","AMD.NTAMD64.10.0...16299","10","10","1.31","1.33","","","1"
"25.Q4","Unspecified","Audio","d0_amd-software-pro-edition-25.q4-win11-c.exe_997eeb2a3d40\Packages\Drivers\Audio\ACPBTACX\WT64A\amdacpbtacx.inf","Windows Server 2025","26100","NativeApplicable","NativeApplicable","NATIVE_CANDIDATE","NativeCandidate","InfWideConservative","STATIC_CANDIDATE","NotEstablished","AMD.NTAMD64.10.0...16299","AMD.NTAMD64.10.0...16299","10","10","1.31","1.33","1.35","","1"
"25.Q4","Unspecified","Audio","d0_amd-software-pro-edition-25.q4-win11-c.exe_997eeb2a3d40\Packages\Drivers\Audio\ACPBtAfd\WT64A\amdacpbt.inf","Windows Server 2016","14393","NotApplicableByBuild","NotApplicableByBuild","NOT_APPLICABLE","NotApplicable","InfWideConservative","STATIC_CANDIDATE","NotEstablished","","","0","0","1.15","1.19","","","1"
"25.Q4","Unspecified","Audio","d0_amd-software-pro-edition-25.q4-win11-c.exe_997eeb2a3d40\Packages\Drivers\Audio\ACPBtAfd\WT64A\amdacpbt.inf","Windows Server 2019","17763","NativeApplicable","NativeApplicable","NATIVE_CANDIDATE","NativeCandidate","InfWideConservative","STATIC_CANDIDATE","NotEstablished","AMD.NTAMD64.10.0...16299","AMD.NTAMD64.10.0...16299","3","3","1.15","1.27","1.27","","1"
"25.Q4","Unspecified","Audio","d0_amd-software-pro-edition-25.q4-win11-c.exe_997eeb2a3d40\Packages\Drivers\Audio\ACPBtAfd\WT64A\amdacpbt.inf","Windows Server 2022","20348","NativeApplicable","NativeApplicable","NATIVE_CANDIDATE","NativeCandidate","InfWideConservative","STATIC_CANDIDATE","NotEstablished","AMD.NTAMD64.10.0...16299","AMD.NTAMD64.10.0...16299","3","3","1.15","1.33","","","1"
"25.Q4","Unspecified","Audio","d0_amd-software-pro-edition-25.q4-win11-c.exe_997eeb2a3d40\Packages\Drivers\Audio\ACPBtAfd\WT64A\amdacpbt.inf","Windows Server 2025","26100","NativeApplicable","NativeApplicable","NATIVE_CANDIDATE","NativeCandidate","InfWideConservative","STATIC_CANDIDATE","NotEstablished","AMD.NTAMD64.10.0...16299","AMD.NTAMD64.10.0...16299","3","3","1.15","1.33","1.35","","1"
"25.Q4","Unspecified","Audio","d0_amd-software-pro-edition-25.q4-win11-c.exe_997eeb2a3d40\Packages\Drivers\Audio\ACPBtAfd\WT64A\amdacpbtscoext\amdacpbtscoext.inf","Windows Server 2016","14393","NotApplicableByBuild","NotApplicableByBuild","NOT_APPLICABLE","NotApplicable","InfWideConservative","STATIC_CANDIDATE","NotEstablished","","","0","0","","1.19","","","0"
"25.Q4","Unspecified","Audio","d0_amd-software-pro-edition-25.q4-win11-c.exe_997eeb2a3d40\Packages\Drivers\Audio\ACPBtAfd\WT64A\amdacpbtscoext\amdacpbtscoext.inf","Windows Server 2019","17763","NotApplicableByBuild","NotApplicableByBuild","NOT_APPLICABLE","NotApplicable","InfWideConservative","STATIC_CANDIDATE","NotEstablished","","","0","0","","1.27","1.27","","0"
"25.Q4","Unspecified","Audio","d0_amd-software-pro-edition-25.q4-win11-c.exe_997eeb2a3d40\Packages\Drivers\Audio\ACPBtAfd\WT64A\amdacpbtscoext\amdacpbtscoext.inf","Windows Server 2022","20348","NotApplicableByBuild","NotApplicableByBuild","NOT_APPLICABLE","NotApplicable","InfWideConservative","STATIC_CANDIDATE","NotEstablished","","","0","0","","1.33","","","0"
"25.Q4","Unspecified","Audio","d0_amd-software-pro-edition-25.q4-win11-c.exe_997eeb2a3d40\Packages\Drivers\Audio\ACPBtAfd\WT64A\amdacpbtscoext\amdacpbtscoext.inf","Windows Server 2025","26100","NativeApplicable","NativeApplicable","NATIVE_CANDIDATE","NativeCandidate","InfWideConservative","STATIC_CANDIDATE","NotEstablished","QCA.NTamd64.10.0...22000","QCA.NTamd64.10.0...22000","1","1","","1.33","1.35","","0"
"25.Q4","Unspecified","Audio","d0_amd-software-pro-edition-25.q4-win11-c.exe_997eeb2a3d40\Packages\Drivers\Audio\ACPBus\WT64A\amdacpbus.inf","Windows Server 2016","14393","NotApplicableByBuild","NotApplicableByBuild","NOT_APPLICABLE","NotApplicable","InfWideConservative","STATIC_CANDIDATE","NotEstablished","","","0","0","","1.19","","","1"
"25.Q4","Unspecified","Audio","d0_amd-software-pro-edition-25.q4-win11-c.exe_997eeb2a3d40\Packages\Drivers\Audio\ACPBus\WT64A\amdacpbus.inf","Windows Server 2019","17763","NativeApplicable","NativeApplicable","NATIVE_CANDIDATE","NativeCandidate","InfWideConservative","STATIC_CANDIDATE","NotEstablished","AMD.NTamd64.10.0...16299","AMD.NTamd64.10.0...16299","6","6","","1.27","1.27","","1"
"25.Q4","Unspecified","Audio","d0_amd-software-pro-edition-25.q4-win11-c.exe_997eeb2a3d40\Packages\Drivers\Audio\ACPBus\WT64A\amdacpbus.inf","Windows Server 2022","20348","NativeApplicable","NativeApplicable","NATIVE_CANDIDATE","NativeCandidate","InfWideConservative","STATIC_CANDIDATE","NotEstablished","AMD.NTamd64.10.0...16299","AMD.NTamd64.10.0...16299","6","6","","1.33","","","1"
"25.Q4","Unspecified","Audio","d0_amd-software-pro-edition-25.q4-win11-c.exe_997eeb2a3d40\Packages\Drivers\Audio\ACPBus\WT64A\amdacpbus.inf","Windows Server 2025","26100","NativeApplicable","NativeApplicable","NATIVE_CANDIDATE","NativeCandidate","InfWideConservative","STATIC_CANDIDATE","NotEstablished","AMD.NTamd64.10.0...16299","AMD.NTamd64.10.0...16299","6","6","","1.33","1.35","","1"
"25.Q4","Unspecified","Audio","d0_amd-software-pro-edition-25.q4-win11-c.exe_997eeb2a3d40\Packages\Drivers\Audio\ACPBus2\WT64A\amdacpbus2.inf","Windows Server 2016","14393","NotApplicableByBuild","NotApplicableByBuild","NOT_APPLICABLE","NotApplicable","InfWideConservative","STATIC_CANDIDATE","NotEstablished","","","0","0","","1.19","","","1"
"25.Q4","Unspecified","Audio","d0_amd-software-pro-edition-25.q4-win11-c.exe_997eeb2a3d40\Packages\Drivers\Audio\ACPBus2\WT64A\amdacpbus2.inf","Windows Server 2019","17763","NativeApplicable","NativeApplicable","NATIVE_CANDIDATE","NativeCandidate","InfWideConservative","STATIC_CANDIDATE","NotEstablished","AMD.NTamd64.10.0...16299","AMD.NTamd64.10.0...16299","3","3","","1.27","1.27","","1"
"25.Q4","Unspecified","Audio","d0_amd-software-pro-edition-25.q4-win11-c.exe_997eeb2a3d40\Packages\Drivers\Audio\ACPBus2\WT64A\amdacpbus2.inf","Windows Server 2022","20348","NativeApplicable","NativeApplicable","NATIVE_CANDIDATE","NativeCandidate","InfWideConservative","STATIC_CANDIDATE","NotEstablished","AMD.NTamd64.10.0...16299","AMD.NTamd64.10.0...16299","3","3","","1.33","","","1"
"25.Q4","Unspecified","Audio","d0_amd-software-pro-edition-25.q4-win11-c.exe_997eeb2a3d40\Packages\Drivers\Audio\ACPBus2\WT64A\amdacpbus2.inf","Windows Server 2025","26100","NativeApplicable","NativeApplicable","NATIVE_CANDIDATE","NativeCandidate","InfWideConservative","STATIC_CANDIDATE","NotEstablished","AMD.NTamd64.10.0...16299","AMD.NTamd64.10.0...16299","3","3","","1.33","1.35","","1"
"25.Q4","Unspecified","Audio","d0_amd-software-pro-edition-25.q4-win11-c.exe_997eeb2a3d40\Packages\Drivers\Audio\ACPBus2\WT64A\amdacpbusext\amdacpbusext.inf","Windows Server 2016","14393","NotApplicableByBuild","NotApplicableByBuild","NOT_APPLICABLE","NotApplicable","InfWideConservative","STATIC_CANDIDATE","NotEstablished","","","0","0","","1.19","","","0"
"25.Q4","Unspecified","Audio","d0_amd-software-pro-edition-25.q4-win11-c.exe_997eeb2a3d40\Packages\Drivers\Audio\ACPBus2\WT64A\amdacpbusext\amdacpbusext.inf","Windows Server 2019","17763","NativeApplicable","NativeApplicable","NATIVE_CANDIDATE","NativeCandidate","InfWideConservative","STATIC_CANDIDATE","NotEstablished","AMD.NTamd64.10.0...16299","AMD.NTamd64.10.0...16299","4","4","","1.27","1.27","","0"
"25.Q4","Unspecified","Audio","d0_amd-software-pro-edition-25.q4-win11-c.exe_997eeb2a3d40\Packages\Drivers\Audio\ACPBus2\WT64A\amdacpbusext\amdacpbusext.inf","Windows Server 2022","20348","NativeApplicable","NativeApplicable","NATIVE_CANDIDATE","NativeCandidate","InfWideConservative","STATIC_CANDIDATE","NotEstablished","AMD.NTamd64.10.0...16299","AMD.NTamd64.10.0...16299","4","4","","1.33","","","0"
"25.Q4","Unspecified","Audio","d0_amd-software-pro-edition-25.q4-win11-c.exe_997eeb2a3d40\Packages\Drivers\Audio\ACPBus2\WT64A\amdacpbusext\amdacpbusext.inf","Windows Server 2025","26100","NativeApplicable","NativeApplicable","NATIVE_CANDIDATE","NativeCandidate","InfWideConservative","STATIC_CANDIDATE","NotEstablished","AMD.NTamd64.10.0...16299","AMD.NTamd64.10.0...16299","4","4","","1.33","1.35","","0"
"25.Q4","Unspecified","Audio","d0_amd-software-pro-edition-25.q4-win11-c.exe_997eeb2a3d40\Packages\Drivers\Audio\ACPBus2\WT64A\amdacprgmext\amdacprgmext.inf","Windows Server 2016","14393","NotApplicableByBuild","NotApplicableByBuild","NOT_APPLICABLE","NotApplicable","InfWideConservative","STATIC_CANDIDATE","NotEstablished","","","0","0","","1.19","","","0"
"25.Q4","Unspecified","Audio","d0_amd-software-pro-edition-25.q4-win11-c.exe_997eeb2a3d40\Packages\Drivers\Audio\ACPBus2\WT64A\amdacprgmext\amdacprgmext.inf","Windows Server 2019","17763","NotApplicableByBuild","NotApplicableByBuild","NOT_APPLICABLE","NotApplicable","InfWideConservative","STATIC_CANDIDATE","NotEstablished","","","0","0","","1.27","1.27","","0"
"25.Q4","Unspecified","Audio","d0_amd-software-pro-edition-25.q4-win11-c.exe_997eeb2a3d40\Packages\Drivers\Audio\ACPBus2\WT64A\amdacprgmext\amdacprgmext.inf","Windows Server 2022","20348","NotApplicableByBuild","NotApplicableByBuild","NOT_APPLICABLE","NotApplicable","InfWideConservative","STATIC_CANDIDATE","NotEstablished","","","0","0","","1.33","","","0"
"25.Q4","Unspecified","Audio","d0_amd-software-pro-edition-25.q4-win11-c.exe_997eeb2a3d40\Packages\Drivers\Audio\ACPBus2\WT64A\amdacprgmext\amdacprgmext.inf","Windows Server 2025","26100","NativeApplicable","NativeApplicable","NATIVE_CANDIDATE","NativeCandidate","InfWideConservative","STATIC_CANDIDATE","NotEstablished","DeviceExtensions.NTamd64.10.0...26100","DeviceExtensions.NTamd64.10.0...26100","3","3","","1.33","1.35","","0"
"25.Q4","Unspecified","Audio","d0_amd-software-pro-edition-25.q4-win11-c.exe_997eeb2a3d40\Packages\Drivers\Audio\ACPHPd\WT64A\amdacphpd.inf","Windows Server 2016","14393","NotApplicableByBuild","NotApplicableByBuild","NOT_APPLICABLE","NotApplicable","InfWideConservative","STATIC_CANDIDATE","NotEstablished","","","0","0","","1.19","","2.33.0","0"
"25.Q4","Unspecified","Audio","d0_amd-software-pro-edition-25.q4-win11-c.exe_997eeb2a3d40\Packages\Drivers\Audio\ACPHPd\WT64A\amdacphpd.inf","Windows Server 2019","17763","NotApplicableByBuild","NotApplicableByBuild","NOT_APPLICABLE","NotApplicable","InfWideConservative","STATIC_CANDIDATE","NotEstablished","","","0","0","","1.27","1.27","2.33.0","0"
"25.Q4","Unspecified","Audio","d0_amd-software-pro-edition-25.q4-win11-c.exe_997eeb2a3d40\Packages\Drivers\Audio\ACPHPd\WT64A\amdacphpd.inf","Windows Server 2022","20348","NotApplicableByBuild","NotApplicableByBuild","NOT_APPLICABLE","NotApplicable","InfWideConservative","STATIC_CANDIDATE","NotEstablished","","","0","0","","1.33","","2.33.0","0"
"25.Q4","Unspecified","Audio","d0_amd-software-pro-edition-25.q4-win11-c.exe_997eeb2a3d40\Packages\Drivers\Audio\ACPHPd\WT64A\amdacphpd.inf","Windows Server 2025","26100","NativeApplicable","NativeApplicable","REVIEW_REQUIRED","WdfRequirementReview","InfWideConservative","STATIC_CANDIDATE","NotEstablished","amdacphpd_Device.NTamd64.10.0...22000","amdacphpd_Device.NTamd64.10.0...22000","1","1","","1.33","1.35","2.33.0","0"
"25.Q4","Unspecified","Audio","d0_amd-software-pro-edition-25.q4-win11-c.exe_997eeb2a3d40\Packages\Drivers\Audio\ACPHPd\WT64A\amdacphpdcomp.inf","Windows Server 2016","14393","NotApplicableByBuild","NotApplicableByBuild","NOT_APPLICABLE","NotApplicable","InfWideConservative","STATIC_CANDIDATE","NotEstablished","","","0","0","","1.19","","","0"
"25.Q4","Unspecified","Audio","d0_amd-software-pro-edition-25.q4-win11-c.exe_997eeb2a3d40\Packages\Drivers\Audio\ACPHPd\WT64A\amdacphpdcomp.inf","Windows Server 2019","17763","NativeApplicable","NativeApplicable","NATIVE_CANDIDATE","NativeCandidate","InfWideConservative","STATIC_CANDIDATE","NotEstablished","AMD.NTamd64.10.0...17134","AMD.NTamd64.10.0...17134","1","1","","1.27","1.27","","0"
"25.Q4","Unspecified","Audio","d0_amd-software-pro-edition-25.q4-win11-c.exe_997eeb2a3d40\Packages\Drivers\Audio\ACPHPd\WT64A\amdacphpdcomp.inf","Windows Server 2022","20348","NativeApplicable","NativeApplicable","NATIVE_CANDIDATE","NativeCandidate","InfWideConservative","STATIC_CANDIDATE","NotEstablished","AMD.NTamd64.10.0...17134","AMD.NTamd64.10.0...17134","1","1","","1.33","","","0"
"25.Q4","Unspecified","Audio","d0_amd-software-pro-edition-25.q4-win11-c.exe_997eeb2a3d40\Packages\Drivers\Audio\ACPHPd\WT64A\amdacphpdcomp.inf","Windows Server 2025","26100","NativeApplicable","NativeApplicable","NATIVE_CANDIDATE","NativeCandidate","InfWideConservative","STATIC_CANDIDATE","NotEstablished","AMD.NTamd64.10.0...17134","AMD.NTamd64.10.0...17134","1","1","","1.33","1.35","","0"
"25.Q4","Unspecified","Audio","d0_amd-software-pro-edition-25.q4-win11-c.exe_997eeb2a3d40\Packages\Drivers\Audio\ACPHPd\WT64A\amdacphpdext.inf","Windows Server 2016","14393","NotApplicableByBuild","NotApplicableByBuild","NOT_APPLICABLE","NotApplicable","InfWideConservative","STATIC_CANDIDATE","NotEstablished","","","0","0","","1.19","","","1"
"25.Q4","Unspecified","Audio","d0_amd-software-pro-edition-25.q4-win11-c.exe_997eeb2a3d40\Packages\Drivers\Audio\ACPHPd\WT64A\amdacphpdext.inf","Windows Server 2019","17763","NativeApplicable","NativeApplicable","NATIVE_CANDIDATE","NativeCandidate","InfWideConservative","STATIC_CANDIDATE","NotEstablished","AMD.NTamd64.10.0...17134","AMD.NTamd64.10.0...17134","6","6","","1.27","1.27","","1"
"25.Q4","Unspecified","Audio","d0_amd-software-pro-edition-25.q4-win11-c.exe_997eeb2a3d40\Packages\Drivers\Audio\ACPHPd\WT64A\amdacphpdext.inf","Windows Server 2022","20348","NativeApplicable","NativeApplicable","NATIVE_CANDIDATE","NativeCandidate","InfWideConservative","STATIC_CANDIDATE","NotEstablished","AMD.NTamd64.10.0...17134","AMD.NTamd64.10.0...17134","6","6","","1.33","","","1"
"25.Q4","Unspecified","Audio","d0_amd-software-pro-edition-25.q4-win11-c.exe_997eeb2a3d40\Packages\Drivers\Audio\ACPHPd\WT64A\amdacphpdext.inf","Windows Server 2025","26100","NativeApplicable","NativeApplicable","NATIVE_CANDIDATE","NativeCandidate","InfWideConservative","STATIC_CANDIDATE","NotEstablished","AMD.NTamd64.10.0...17134","AMD.NTamd64.10.0...17134","6","6","","1.33","1.35","","1"
"25.Q4","Unspecified","Audio","d0_amd-software-pro-edition-25.q4-win11-c.exe_997eeb2a3d40\Packages\Drivers\Audio\ACPUsbAfd\WT64A\amdacpusb.inf","Windows Server 2016","14393","NotApplicableByBuild","NotApplicableByBuild","NOT_APPLICABLE","NotApplicable","InfWideConservative","STATIC_CANDIDATE","NotEstablished","","","0","0","1.15","1.19","","","1"
"25.Q4","Unspecified","Audio","d0_amd-software-pro-edition-25.q4-win11-c.exe_997eeb2a3d40\Packages\Drivers\Audio\ACPUsbAfd\WT64A\amdacpusb.inf","Windows Server 2019","17763","NativeApplicable","NativeApplicable","NATIVE_CANDIDATE","NativeCandidate","InfWideConservative","STATIC_CANDIDATE","NotEstablished","AMD.NTAMD64.10.0...16299","AMD.NTAMD64.10.0...16299","4","4","1.15","1.27","1.27","","1"
"25.Q4","Unspecified","Audio","d0_amd-software-pro-edition-25.q4-win11-c.exe_997eeb2a3d40\Packages\Drivers\Audio\ACPUsbAfd\WT64A\amdacpusb.inf","Windows Server 2022","20348","NativeApplicable","NativeApplicable","NATIVE_CANDIDATE","NativeCandidate","InfWideConservative","STATIC_CANDIDATE","NotEstablished","AMD.NTAMD64.10.0...16299","AMD.NTAMD64.10.0...16299","4","4","1.15","1.33","","","1"
"25.Q4","Unspecified","Audio","d0_amd-software-pro-edition-25.q4-win11-c.exe_997eeb2a3d40\Packages\Drivers\Audio\ACPUsbAfd\WT64A\amdacpusb.inf","Windows Server 2025","26100","NativeApplicable","NativeApplicable","NATIVE_CANDIDATE","NativeCandidate","InfWideConservative","STATIC_CANDIDATE","NotEstablished","AMD.NTAMD64.10.0...16299","AMD.NTAMD64.10.0...16299","4","4","1.15","1.33","1.35","","1"
"25.Q4","Unspecified","Audio","d0_amd-software-pro-edition-25.q4-win11-c.exe_997eeb2a3d40\Packages\Drivers\Audio\HDABus\WT64A\amdhdaudbus.inf","Windows Server 2016","14393","NativeApplicable","NativeApplicable","NATIVE_CANDIDATE","NativeCandidate","InfWideConservative","STATIC_CANDIDATE","NotEstablished","AMD.NTAMD64","AMD.NTAMD64","1","1","1.15","1.19","","","1"
"25.Q4","Unspecified","Audio","d0_amd-software-pro-edition-25.q4-win11-c.exe_997eeb2a3d40\Packages\Drivers\Audio\HDABus\WT64A\amdhdaudbus.inf","Windows Server 2019","17763","NativeApplicable","NativeApplicable","NATIVE_CANDIDATE","NativeCandidate","InfWideConservative","STATIC_CANDIDATE","NotEstablished","AMD.NTAMD64","AMD.NTAMD64","1","1","1.15","1.27","1.27","","1"
"25.Q4","Unspecified","Audio","d0_amd-software-pro-edition-25.q4-win11-c.exe_997eeb2a3d40\Packages\Drivers\Audio\HDABus\WT64A\amdhdaudbus.inf","Windows Server 2022","20348","NativeApplicable","NativeApplicable","NATIVE_CANDIDATE","NativeCandidate","InfWideConservative","STATIC_CANDIDATE","NotEstablished","AMD.NTAMD64","AMD.NTAMD64","1","1","1.15","1.33","","","1"
"25.Q4","Unspecified","Audio","d0_amd-software-pro-edition-25.q4-win11-c.exe_997eeb2a3d40\Packages\Drivers\Audio\HDABus\WT64A\amdhdaudbus.inf","Windows Server 2025","26100","NativeApplicable","NativeApplicable","NATIVE_CANDIDATE","NativeCandidate","InfWideConservative","STATIC_CANDIDATE","NotEstablished","AMD.NTAMD64","AMD.NTAMD64","1","1","1.15","1.33","1.35","","1"
"25.Q4","Unspecified","Audio","d0_amd-software-pro-edition-25.q4-win11-c.exe_997eeb2a3d40\Packages\Drivers\Audio\HDMI\WT64A\AtihdWT6.inf","Windows Server 2016","14393","NotApplicableByBuild","ProjectionCandidate","PATCH_CANDIDATE","ProjectionCandidate","InfWideConservative","STATIC_CANDIDATE","NotEstablished","","AMD.NTamd64.10.0.1;AMD.NTamd64.6.0.1;AMD.NTamd64.6.1.1;AMD.NTamd64.6.2.1;AMD.NTamd64.6.3.1","0","8","","1.19","","","1"
"25.Q4","Unspecified","Audio","d0_amd-software-pro-edition-25.q4-win11-c.exe_997eeb2a3d40\Packages\Drivers\Audio\HDMI\WT64A\AtihdWT6.inf","Windows Server 2019","17763","NotApplicableByBuild","ProjectionCandidate","PATCH_CANDIDATE","ProjectionCandidate","InfWideConservative","STATIC_CANDIDATE","NotEstablished","","AMD.NTamd64.10.0.1..16299","0","8","","1.27","1.27","","1"
"25.Q4","Unspecified","Audio","d0_amd-software-pro-edition-25.q4-win11-c.exe_997eeb2a3d40\Packages\Drivers\Audio\HDMI\WT64A\AtihdWT6.inf","Windows Server 2022","20348","NotApplicableByBuild","ProjectionCandidate","PATCH_CANDIDATE","ProjectionCandidate","InfWideConservative","STATIC_CANDIDATE","NotEstablished","","AMD.NTamd64.10.0.1..16299","0","8","","1.33","","","1"
"25.Q4","Unspecified","Audio","d0_amd-software-pro-edition-25.q4-win11-c.exe_997eeb2a3d40\Packages\Drivers\Audio\HDMI\WT64A\AtihdWT6.inf","Windows Server 2025","26100","NotApplicableByProductType","ProjectionCandidate","PATCH_CANDIDATE","ProjectionCandidate","InfWideConservative","STATIC_CANDIDATE","NotEstablished","","AMD.NTamd64.10.0.1..22621","0","8","","1.33","1.35","","1"
"25.Q4","Unspecified","Audio","d0_amd-software-pro-edition-25.q4-win11-c.exe_997eeb2a3d40\Packages\Drivers\Audio\SAFD\WT64A\amdsafd.inf","Windows Server 2016","14393","NotApplicableByBuild","NotApplicableByBuild","NOT_APPLICABLE","NotApplicable","InfWideConservative","STATIC_CANDIDATE","NotEstablished","","","0","0","1.15","1.19","","","1"
"25.Q4","Unspecified","Audio","d0_amd-software-pro-edition-25.q4-win11-c.exe_997eeb2a3d40\Packages\Drivers\Audio\SAFD\WT64A\amdsafd.inf","Windows Server 2019","17763","NativeApplicable","NativeApplicable","NATIVE_CANDIDATE","NativeCandidate","InfWideConservative","STATIC_CANDIDATE","NotEstablished","AMD.NTAMD64.10.0...16299","AMD.NTAMD64.10.0...16299","2","2","1.15","1.27","1.27","","1"
"25.Q4","Unspecified","Audio","d0_amd-software-pro-edition-25.q4-win11-c.exe_997eeb2a3d40\Packages\Drivers\Audio\SAFD\WT64A\amdsafd.inf","Windows Server 2022","20348","NativeApplicable","NativeApplicable","NATIVE_CANDIDATE","NativeCandidate","InfWideConservative","STATIC_CANDIDATE","NotEstablished","AMD.NTAMD64.10.0...16299","AMD.NTAMD64.10.0...16299","2","2","1.15","1.33","","","1"
"25.Q4","Unspecified","Audio","d0_amd-software-pro-edition-25.q4-win11-c.exe_997eeb2a3d40\Packages\Drivers\Audio\SAFD\WT64A\amdsafd.inf","Windows Server 2025","26100","NativeApplicable","NativeApplicable","NATIVE_CANDIDATE","NativeCandidate","InfWideConservative","STATIC_CANDIDATE","NotEstablished","AMD.NTAMD64.10.0...16299","AMD.NTAMD64.10.0...16299","2","2","1.15","1.33","1.35","","1"
"25.Q4","Unspecified","Audio","d0_amd-software-pro-edition-25.q4-win11-c.exe_997eeb2a3d40\Packages\Drivers\Audio\SDWC\WT64A\amdsdwc.inf","Windows Server 2016","14393","NotApplicableByBuild","NotApplicableByBuild","NOT_APPLICABLE","NotApplicable","InfWideConservative","STATIC_CANDIDATE","NotEstablished","","","0","0","1.31","1.19","","","1"
"25.Q4","Unspecified","Audio","d0_amd-software-pro-edition-25.q4-win11-c.exe_997eeb2a3d40\Packages\Drivers\Audio\SDWC\WT64A\amdsdwc.inf","Windows Server 2019","17763","NativeApplicable","NativeApplicable","REVIEW_REQUIRED","WdfRequirementReview","InfWideConservative","STATIC_CANDIDATE","NotEstablished","AMD.NTAMD64.10.0...16299","AMD.NTAMD64.10.0...16299","7","7","1.31","1.27","1.27","","1"
"25.Q4","Unspecified","Audio","d0_amd-software-pro-edition-25.q4-win11-c.exe_997eeb2a3d40\Packages\Drivers\Audio\SDWC\WT64A\amdsdwc.inf","Windows Server 2022","20348","NativeApplicable","NativeApplicable","NATIVE_CANDIDATE","NativeCandidate","InfWideConservative","STATIC_CANDIDATE","NotEstablished","AMD.NTAMD64.10.0...16299","AMD.NTAMD64.10.0...16299","7","7","1.31","1.33","","","1"
"25.Q4","Unspecified","Audio","d0_amd-software-pro-edition-25.q4-win11-c.exe_997eeb2a3d40\Packages\Drivers\Audio\SDWC\WT64A\amdsdwc.inf","Windows Server 2025","26100","NativeApplicable","NativeApplicable","NATIVE_CANDIDATE","NativeCandidate","InfWideConservative","STATIC_CANDIDATE","NotEstablished","AMD.NTAMD64.10.0...16299","AMD.NTAMD64.10.0...16299","7","7","1.31","1.33","1.35","","1"
"25.Q4","Unspecified","Audio","d0_amd-software-pro-edition-25.q4-win11-c.exe_997eeb2a3d40\Packages\Drivers\Audio\SDWS\WT64A\amdsdws.inf","Windows Server 2016","14393","NotApplicableByBuild","NotApplicableByBuild","NOT_APPLICABLE","NotApplicable","InfWideConservative","STATIC_CANDIDATE","NotEstablished","","","0","0","1.31","1.19","","","1"
"25.Q4","Unspecified","Audio","d0_amd-software-pro-edition-25.q4-win11-c.exe_997eeb2a3d40\Packages\Drivers\Audio\SDWS\WT64A\amdsdws.inf","Windows Server 2019","17763","NativeApplicable","NativeApplicable","REVIEW_REQUIRED","WdfRequirementReview","InfWideConservative","STATIC_CANDIDATE","NotEstablished","AMD.NTAMD64.10.0...16299","AMD.NTAMD64.10.0...16299","11","11","1.31","1.27","1.27","","1"
"25.Q4","Unspecified","Audio","d0_amd-software-pro-edition-25.q4-win11-c.exe_997eeb2a3d40\Packages\Drivers\Audio\SDWS\WT64A\amdsdws.inf","Windows Server 2022","20348","NativeApplicable","NativeApplicable","NATIVE_CANDIDATE","NativeCandidate","InfWideConservative","STATIC_CANDIDATE","NotEstablished","AMD.NTAMD64.10.0...16299","AMD.NTAMD64.10.0...16299","11","11","1.31","1.33","","","1"
"25.Q4","Unspecified","Audio","d0_amd-software-pro-edition-25.q4-win11-c.exe_997eeb2a3d40\Packages\Drivers\Audio\SDWS\WT64A\amdsdws.inf","Windows Server 2025","26100","NativeApplicable","NativeApplicable","NATIVE_CANDIDATE","NativeCandidate","InfWideConservative","STATIC_CANDIDATE","NotEstablished","AMD.NTAMD64.10.0...16299","AMD.NTAMD64.10.0...16299","11","11","1.31","1.33","1.35","","1"
"25.Q4","Unspecified","Audio","d0_amd-software-pro-edition-25.q4-win11-c.exe_997eeb2a3d40\Packages\Drivers\Audio\SDWS\WT64A\amdsdwsext\amdsdwsext.inf","Windows Server 2016","14393","NotApplicableByBuild","NotApplicableByBuild","NOT_APPLICABLE","NotApplicable","InfWideConservative","STATIC_CANDIDATE","NotEstablished","","","0","0","","1.19","","","0"
"25.Q4","Unspecified","Audio","d0_amd-software-pro-edition-25.q4-win11-c.exe_997eeb2a3d40\Packages\Drivers\Audio\SDWS\WT64A\amdsdwsext\amdsdwsext.inf","Windows Server 2019","17763","NativeApplicable","NativeApplicable","NATIVE_CANDIDATE","NativeCandidate","InfWideConservative","STATIC_CANDIDATE","NotEstablished","AmdDeviceExtensions.NTamd64.10.0...16299","AmdDeviceExtensions.NTamd64.10.0...16299","4","4","","1.27","1.27","","0"
"25.Q4","Unspecified","Audio","d0_amd-software-pro-edition-25.q4-win11-c.exe_997eeb2a3d40\Packages\Drivers\Audio\SDWS\WT64A\amdsdwsext\amdsdwsext.inf","Windows Server 2022","20348","NativeApplicable","NativeApplicable","NATIVE_CANDIDATE","NativeCandidate","InfWideConservative","STATIC_CANDIDATE","NotEstablished","AmdDeviceExtensions.NTamd64.10.0...16299","AmdDeviceExtensions.NTamd64.10.0...16299","4","4","","1.33","","","0"
"25.Q4","Unspecified","Audio","d0_amd-software-pro-edition-25.q4-win11-c.exe_997eeb2a3d40\Packages\Drivers\Audio\SDWS\WT64A\amdsdwsext\amdsdwsext.inf","Windows Server 2025","26100","NativeApplicable","NativeApplicable","NATIVE_CANDIDATE","NativeCandidate","InfWideConservative","STATIC_CANDIDATE","NotEstablished","AmdDeviceExtensions.NTamd64.10.0...16299","AmdDeviceExtensions.NTamd64.10.0...16299","4","4","","1.33","1.35","","0"
"25.Q4","Unspecified","Display","d0_amd-software-pro-edition-25.q4-win11-c.exe_997eeb2a3d40\Packages\Drivers\Display\WT6A_INF\u0196663.inf","Windows Server 2016","14393","NotApplicableByBuild","ExplicitlyExcluded","NOT_APPLICABLE","NotApplicable","InfWideConservative","STATIC_CANDIDATE","NotEstablished","","ATI.Mfg.NTamd64.10.0.1;ATI.Mfg.NTamd64.6.0.1;ATI.Mfg.NTamd64.6.1.1;ATI.Mfg.NTamd64.6.2.1;ATI.Mfg.NTamd64.6.3.1","0","0","","1.19","","","1"
"25.Q4","Unspecified","Display","d0_amd-software-pro-edition-25.q4-win11-c.exe_997eeb2a3d40\Packages\Drivers\Display\WT6A_INF\u0196663.inf","Windows Server 2019","17763","NotApplicableByProductType","ProjectionCandidate","PATCH_CANDIDATE","ProjectionCandidate","InfWideConservative","STATIC_CANDIDATE","NotEstablished","","ATI.Mfg.NTamd64.10.0.1..16299","0","318","","1.27","1.27","","1"
"25.Q4","Unspecified","Display","d0_amd-software-pro-edition-25.q4-win11-c.exe_997eeb2a3d40\Packages\Drivers\Display\WT6A_INF\u0196663.inf","Windows Server 2022","20348","NotApplicableByProductType","ProjectionCandidate","PATCH_CANDIDATE","ProjectionCandidate","InfWideConservative","STATIC_CANDIDATE","NotEstablished","","ATI.Mfg.NTamd64.10.0.1..16299","0","318","","1.33","","","1"
"25.Q4","Unspecified","Display","d0_amd-software-pro-edition-25.q4-win11-c.exe_997eeb2a3d40\Packages\Drivers\Display\WT6A_INF\u0196663.inf","Windows Server 2025","26100","NotApplicableByProductType","ProjectionCandidate","PATCH_CANDIDATE","ProjectionCandidate","InfWideConservative","STATIC_CANDIDATE","NotEstablished","","ATI.Mfg.NTamd64.10.0.1..16299","0","318","","1.33","1.35","","1"
"25.Q4","Unspecified","Display","d0_amd-software-pro-edition-25.q4-win11-c.exe_997eeb2a3d40\Packages\Drivers\Display\WT6A_INF\amdfdans\AMDFDANS.inf","Windows Server 2016","14393","NativeApplicable","NativeApplicable","NATIVE_CANDIDATE","NativeCandidate","InfWideConservative","STATIC_CANDIDATE","NotEstablished","AMD.Mfg.NTamd64.10.0","AMD.Mfg.NTamd64.10.0","1","1","","1.19","","","0"
"25.Q4","Unspecified","Display","d0_amd-software-pro-edition-25.q4-win11-c.exe_997eeb2a3d40\Packages\Drivers\Display\WT6A_INF\amdfdans\AMDFDANS.inf","Windows Server 2019","17763","NativeApplicable","NativeApplicable","NATIVE_CANDIDATE","NativeCandidate","InfWideConservative","STATIC_CANDIDATE","NotEstablished","AMD.Mfg.NTamd64.10.0","AMD.Mfg.NTamd64.10.0","1","1","","1.27","1.27","","0"
"25.Q4","Unspecified","Display","d0_amd-software-pro-edition-25.q4-win11-c.exe_997eeb2a3d40\Packages\Drivers\Display\WT6A_INF\amdfdans\AMDFDANS.inf","Windows Server 2022","20348","NativeApplicable","NativeApplicable","NATIVE_CANDIDATE","NativeCandidate","InfWideConservative","STATIC_CANDIDATE","NotEstablished","AMD.Mfg.NTamd64.10.0","AMD.Mfg.NTamd64.10.0","1","1","","1.33","","","0"
"25.Q4","Unspecified","Display","d0_amd-software-pro-edition-25.q4-win11-c.exe_997eeb2a3d40\Packages\Drivers\Display\WT6A_INF\amdfdans\AMDFDANS.inf","Windows Server 2025","26100","NativeApplicable","NativeApplicable","NATIVE_CANDIDATE","NativeCandidate","InfWideConservative","STATIC_CANDIDATE","NotEstablished","AMD.Mfg.NTamd64.10.0","AMD.Mfg.NTamd64.10.0","1","1","","1.33","1.35","","0"
"25.Q4","Unspecified","Display","d0_amd-software-pro-edition-25.q4-win11-c.exe_997eeb2a3d40\Packages\Drivers\Display\WT6A_INF\amdfendr\amdfendr.inf","Windows Server 2016","14393","NotApplicableByBuild","NotApplicableByBuild","NOT_APPLICABLE","NotApplicable","InfWideConservative","STATIC_CANDIDATE","NotEstablished","","","0","0","1.15","1.19","","","0"
"25.Q4","Unspecified","Display","d0_amd-software-pro-edition-25.q4-win11-c.exe_997eeb2a3d40\Packages\Drivers\Display\WT6A_INF\amdfendr\amdfendr.inf","Windows Server 2019","17763","NativeApplicable","NativeApplicable","NATIVE_CANDIDATE","NativeCandidate","InfWideConservative","STATIC_CANDIDATE","NotEstablished","AMDFENDR_KM.NTAMD64.10.0...16299","AMDFENDR_KM.NTAMD64.10.0...16299","1","1","1.15","1.27","1.27","","0"
"25.Q4","Unspecified","Display","d0_amd-software-pro-edition-25.q4-win11-c.exe_997eeb2a3d40\Packages\Drivers\Display\WT6A_INF\amdfendr\amdfendr.inf","Windows Server 2022","20348","NativeApplicable","NativeApplicable","NATIVE_CANDIDATE","NativeCandidate","InfWideConservative","STATIC_CANDIDATE","NotEstablished","AMDFENDR_KM.NTAMD64.10.0...16299","AMDFENDR_KM.NTAMD64.10.0...16299","1","1","1.15","1.33","","","0"
"25.Q4","Unspecified","Display","d0_amd-software-pro-edition-25.q4-win11-c.exe_997eeb2a3d40\Packages\Drivers\Display\WT6A_INF\amdfendr\amdfendr.inf","Windows Server 2025","26100","NativeApplicable","NativeApplicable","NATIVE_CANDIDATE","NativeCandidate","InfWideConservative","STATIC_CANDIDATE","NotEstablished","AMDFENDR_KM.NTAMD64.10.0...16299","AMDFENDR_KM.NTAMD64.10.0...16299","1","1","1.15","1.33","1.35","","0"
"25.Q4","Unspecified","Display","d0_amd-software-pro-edition-25.q4-win11-c.exe_997eeb2a3d40\Packages\Drivers\Display\WT6A_INF\amdocl\amdocl.inf","Windows Server 2016","14393","NotApplicableByBuild","NotApplicableByBuild","NOT_APPLICABLE","NotApplicable","InfWideConservative","STATIC_CANDIDATE","NotEstablished","","","0","0","","1.19","","","0"
"25.Q4","Unspecified","Display","d0_amd-software-pro-edition-25.q4-win11-c.exe_997eeb2a3d40\Packages\Drivers\Display\WT6A_INF\amdocl\amdocl.inf","Windows Server 2019","17763","NativeApplicable","NativeApplicable","NATIVE_CANDIDATE","NativeCandidate","InfWideConservative","STATIC_CANDIDATE","NotEstablished","AMD.Mfg.NTamd64.10.0...16299","AMD.Mfg.NTamd64.10.0...16299","1","1","","1.27","1.27","","0"
"25.Q4","Unspecified","Display","d0_amd-software-pro-edition-25.q4-win11-c.exe_997eeb2a3d40\Packages\Drivers\Display\WT6A_INF\amdocl\amdocl.inf","Windows Server 2022","20348","NativeApplicable","NativeApplicable","NATIVE_CANDIDATE","NativeCandidate","InfWideConservative","STATIC_CANDIDATE","NotEstablished","AMD.Mfg.NTamd64.10.0...16299","AMD.Mfg.NTamd64.10.0...16299","1","1","","1.33","","","0"
"25.Q4","Unspecified","Display","d0_amd-software-pro-edition-25.q4-win11-c.exe_997eeb2a3d40\Packages\Drivers\Display\WT6A_INF\amdocl\amdocl.inf","Windows Server 2025","26100","NativeApplicable","NativeApplicable","NATIVE_CANDIDATE","NativeCandidate","InfWideConservative","STATIC_CANDIDATE","NotEstablished","AMD.Mfg.NTamd64.10.0...16299","AMD.Mfg.NTamd64.10.0...16299","1","1","","1.33","1.35","","0"
"25.Q4","Unspecified","Display","d0_amd-software-pro-edition-25.q4-win11-c.exe_997eeb2a3d40\Packages\Drivers\Display\WT6A_INF\amdpcibridge\amdpcibridgeextension.inf","Windows Server 2016","14393","NativeApplicable","NativeApplicable","NATIVE_CANDIDATE","NativeCandidate","InfWideConservative","STATIC_CANDIDATE","NotEstablished","DeviceExtensions.NTamd64","DeviceExtensions.NTamd64","2","2","","1.19","","","0"
"25.Q4","Unspecified","Display","d0_amd-software-pro-edition-25.q4-win11-c.exe_997eeb2a3d40\Packages\Drivers\Display\WT6A_INF\amdpcibridge\amdpcibridgeextension.inf","Windows Server 2019","17763","NativeApplicable","NativeApplicable","NATIVE_CANDIDATE","NativeCandidate","InfWideConservative","STATIC_CANDIDATE","NotEstablished","DeviceExtensions.NTamd64","DeviceExtensions.NTamd64","2","2","","1.27","1.27","","0"
"25.Q4","Unspecified","Display","d0_amd-software-pro-edition-25.q4-win11-c.exe_997eeb2a3d40\Packages\Drivers\Display\WT6A_INF\amdpcibridge\amdpcibridgeextension.inf","Windows Server 2022","20348","NativeApplicable","NativeApplicable","NATIVE_CANDIDATE","NativeCandidate","InfWideConservative","STATIC_CANDIDATE","NotEstablished","DeviceExtensions.NTamd64","DeviceExtensions.NTamd64","2","2","","1.33","","","0"
"25.Q4","Unspecified","Display","d0_amd-software-pro-edition-25.q4-win11-c.exe_997eeb2a3d40\Packages\Drivers\Display\WT6A_INF\amdpcibridge\amdpcibridgeextension.inf","Windows Server 2025","26100","NativeApplicable","NativeApplicable","NATIVE_CANDIDATE","NativeCandidate","InfWideConservative","STATIC_CANDIDATE","NotEstablished","DeviceExtensions.NTamd64","DeviceExtensions.NTamd64","2","2","","1.33","1.35","","0"
"25.Q4","Unspecified","Display","d0_amd-software-pro-edition-25.q4-win11-c.exe_997eeb2a3d40\Packages\Drivers\Display\WT6A_INF\amdwin\amdwin-u0196663.inf","Windows Server 2016","14393","NativeApplicable","NativeApplicable","NATIVE_CANDIDATE","NativeCandidate","InfWideConservative","STATIC_CANDIDATE","NotEstablished","AMD.Mfg.NTamd64.10.0","AMD.Mfg.NTamd64.10.0","1","1","","1.19","","","0"
"25.Q4","Unspecified","Display","d0_amd-software-pro-edition-25.q4-win11-c.exe_997eeb2a3d40\Packages\Drivers\Display\WT6A_INF\amdwin\amdwin-u0196663.inf","Windows Server 2019","17763","NativeApplicable","NativeApplicable","NATIVE_CANDIDATE","NativeCandidate","InfWideConservative","STATIC_CANDIDATE","NotEstablished","AMD.Mfg.NTamd64.10.0","AMD.Mfg.NTamd64.10.0","1","1","","1.27","1.27","","0"
"25.Q4","Unspecified","Display","d0_amd-software-pro-edition-25.q4-win11-c.exe_997eeb2a3d40\Packages\Drivers\Display\WT6A_INF\amdwin\amdwin-u0196663.inf","Windows Server 2022","20348","NativeApplicable","NativeApplicable","NATIVE_CANDIDATE","NativeCandidate","InfWideConservative","STATIC_CANDIDATE","NotEstablished","AMD.Mfg.NTamd64.10.0","AMD.Mfg.NTamd64.10.0","1","1","","1.33","","","0"
"25.Q4","Unspecified","Display","d0_amd-software-pro-edition-25.q4-win11-c.exe_997eeb2a3d40\Packages\Drivers\Display\WT6A_INF\amdwin\amdwin-u0196663.inf","Windows Server 2025","26100","NativeApplicable","NativeApplicable","NATIVE_CANDIDATE","NativeCandidate","InfWideConservative","STATIC_CANDIDATE","NotEstablished","AMD.Mfg.NTamd64.10.0","AMD.Mfg.NTamd64.10.0","1","1","","1.33","1.35","","0"
"25.Q4","Unspecified","Display2","d0_amd-software-pro-edition-25.q4-win11-c.exe_997eeb2a3d40\Packages\Drivers\Display2\WT6A_INF\u0196625.inf","Windows Server 2016","14393","NotApplicableByBuild","ExplicitlyExcluded","NOT_APPLICABLE","NotApplicable","InfWideConservative","STATIC_CANDIDATE","NotEstablished","","ATI.Mfg.NTamd64.10.0.1;ATI.Mfg.NTamd64.6.0.1;ATI.Mfg.NTamd64.6.1.1;ATI.Mfg.NTamd64.6.2.1;ATI.Mfg.NTamd64.6.3.1","0","0","","1.19","","","1"
"25.Q4","Unspecified","Display2","d0_amd-software-pro-edition-25.q4-win11-c.exe_997eeb2a3d40\Packages\Drivers\Display2\WT6A_INF\u0196625.inf","Windows Server 2019","17763","NotApplicableByProductType","ProjectionCandidate","PATCH_CANDIDATE","ProjectionCandidate","InfWideConservative","STATIC_CANDIDATE","NotEstablished","","ATI.Mfg.NTamd64.10.0.1..16299","0","343","","1.27","1.27","","1"
"25.Q4","Unspecified","Display2","d0_amd-software-pro-edition-25.q4-win11-c.exe_997eeb2a3d40\Packages\Drivers\Display2\WT6A_INF\u0196625.inf","Windows Server 2022","20348","NotApplicableByProductType","ProjectionCandidate","PATCH_CANDIDATE","ProjectionCandidate","InfWideConservative","STATIC_CANDIDATE","NotEstablished","","ATI.Mfg.NTamd64.10.0.1..16299","0","343","","1.33","","","1"
"25.Q4","Unspecified","Display2","d0_amd-software-pro-edition-25.q4-win11-c.exe_997eeb2a3d40\Packages\Drivers\Display2\WT6A_INF\u0196625.inf","Windows Server 2025","26100","NotApplicableByProductType","ProjectionCandidate","PATCH_CANDIDATE","ProjectionCandidate","InfWideConservative","STATIC_CANDIDATE","NotEstablished","","ATI.Mfg.NTamd64.10.0.1..16299","0","343","","1.33","1.35","","1"
"25.Q4","Unspecified","Display2","d0_amd-software-pro-edition-25.q4-win11-c.exe_997eeb2a3d40\Packages\Drivers\Display2\WT6A_INF\amdafd\amdafd.inf","Windows Server 2016","14393","NativeApplicable","NativeApplicable","NATIVE_CANDIDATE","NativeCandidate","InfWideConservative","STATIC_CANDIDATE","NotEstablished","AMD_KMAFD.NTAMD64","AMD_KMAFD.NTAMD64","2","2","","1.19","","","0"
"25.Q4","Unspecified","Display2","d0_amd-software-pro-edition-25.q4-win11-c.exe_997eeb2a3d40\Packages\Drivers\Display2\WT6A_INF\amdafd\amdafd.inf","Windows Server 2019","17763","NativeApplicable","NativeApplicable","NATIVE_CANDIDATE","NativeCandidate","InfWideConservative","STATIC_CANDIDATE","NotEstablished","AMD_KMAFD.NTAMD64","AMD_KMAFD.NTAMD64","2","2","","1.27","1.27","","0"
"25.Q4","Unspecified","Display2","d0_amd-software-pro-edition-25.q4-win11-c.exe_997eeb2a3d40\Packages\Drivers\Display2\WT6A_INF\amdafd\amdafd.inf","Windows Server 2022","20348","NativeApplicable","NativeApplicable","NATIVE_CANDIDATE","NativeCandidate","InfWideConservative","STATIC_CANDIDATE","NotEstablished","AMD_KMAFD.NTAMD64","AMD_KMAFD.NTAMD64","2","2","","1.33","","","0"
"25.Q4","Unspecified","Display2","d0_amd-software-pro-edition-25.q4-win11-c.exe_997eeb2a3d40\Packages\Drivers\Display2\WT6A_INF\amdafd\amdafd.inf","Windows Server 2025","26100","NativeApplicable","NativeApplicable","NATIVE_CANDIDATE","NativeCandidate","InfWideConservative","STATIC_CANDIDATE","NotEstablished","AMD_KMAFD.NTAMD64","AMD_KMAFD.NTAMD64","2","2","","1.33","1.35","","0"
"25.Q4","Unspecified","Display2","d0_amd-software-pro-edition-25.q4-win11-c.exe_997eeb2a3d40\Packages\Drivers\Display2\WT6A_INF\amdfdans\AMDFDANS.inf","Windows Server 2016","14393","NativeApplicable","NativeApplicable","NATIVE_CANDIDATE","NativeCandidate","InfWideConservative","STATIC_CANDIDATE","NotEstablished","AMD.Mfg.NTamd64.10.0","AMD.Mfg.NTamd64.10.0","1","1","","1.19","","","0"
"25.Q4","Unspecified","Display2","d0_amd-software-pro-edition-25.q4-win11-c.exe_997eeb2a3d40\Packages\Drivers\Display2\WT6A_INF\amdfdans\AMDFDANS.inf","Windows Server 2019","17763","NativeApplicable","NativeApplicable","NATIVE_CANDIDATE","NativeCandidate","InfWideConservative","STATIC_CANDIDATE","NotEstablished","AMD.Mfg.NTamd64.10.0","AMD.Mfg.NTamd64.10.0","1","1","","1.27","1.27","","0"
"25.Q4","Unspecified","Display2","d0_amd-software-pro-edition-25.q4-win11-c.exe_997eeb2a3d40\Packages\Drivers\Display2\WT6A_INF\amdfdans\AMDFDANS.inf","Windows Server 2022","20348","NativeApplicable","NativeApplicable","NATIVE_CANDIDATE","NativeCandidate","InfWideConservative","STATIC_CANDIDATE","NotEstablished","AMD.Mfg.NTamd64.10.0","AMD.Mfg.NTamd64.10.0","1","1","","1.33","","","0"
"25.Q4","Unspecified","Display2","d0_amd-software-pro-edition-25.q4-win11-c.exe_997eeb2a3d40\Packages\Drivers\Display2\WT6A_INF\amdfdans\AMDFDANS.inf","Windows Server 2025","26100","NativeApplicable","NativeApplicable","NATIVE_CANDIDATE","NativeCandidate","InfWideConservative","STATIC_CANDIDATE","NotEstablished","AMD.Mfg.NTamd64.10.0","AMD.Mfg.NTamd64.10.0","1","1","","1.33","1.35","","0"
"25.Q4","Unspecified","Display2","d0_amd-software-pro-edition-25.q4-win11-c.exe_997eeb2a3d40\Packages\Drivers\Display2\WT6A_INF\amdfendr\amdfendr.inf","Windows Server 2016","14393","NotApplicableByBuild","NotApplicableByBuild","NOT_APPLICABLE","NotApplicable","InfWideConservative","STATIC_CANDIDATE","NotEstablished","","","0","0","1.15","1.19","","","0"
"25.Q4","Unspecified","Display2","d0_amd-software-pro-edition-25.q4-win11-c.exe_997eeb2a3d40\Packages\Drivers\Display2\WT6A_INF\amdfendr\amdfendr.inf","Windows Server 2019","17763","NativeApplicable","NativeApplicable","NATIVE_CANDIDATE","NativeCandidate","InfWideConservative","STATIC_CANDIDATE","NotEstablished","AMDFENDR_KM.NTAMD64.10.0...16299","AMDFENDR_KM.NTAMD64.10.0...16299","1","1","1.15","1.27","1.27","","0"
"25.Q4","Unspecified","Display2","d0_amd-software-pro-edition-25.q4-win11-c.exe_997eeb2a3d40\Packages\Drivers\Display2\WT6A_INF\amdfendr\amdfendr.inf","Windows Server 2022","20348","NativeApplicable","NativeApplicable","NATIVE_CANDIDATE","NativeCandidate","InfWideConservative","STATIC_CANDIDATE","NotEstablished","AMDFENDR_KM.NTAMD64.10.0...16299","AMDFENDR_KM.NTAMD64.10.0...16299","1","1","1.15","1.33","","","0"
"25.Q4","Unspecified","Display2","d0_amd-software-pro-edition-25.q4-win11-c.exe_997eeb2a3d40\Packages\Drivers\Display2\WT6A_INF\amdfendr\amdfendr.inf","Windows Server 2025","26100","NativeApplicable","NativeApplicable","NATIVE_CANDIDATE","NativeCandidate","InfWideConservative","STATIC_CANDIDATE","NotEstablished","AMDFENDR_KM.NTAMD64.10.0...16299","AMDFENDR_KM.NTAMD64.10.0...16299","1","1","1.15","1.33","1.35","","0"
"25.Q4","Unspecified","Display2","d0_amd-software-pro-edition-25.q4-win11-c.exe_997eeb2a3d40\Packages\Drivers\Display2\WT6A_INF\amdocl\amdocl.inf","Windows Server 2016","14393","NotApplicableByBuild","NotApplicableByBuild","NOT_APPLICABLE","NotApplicable","InfWideConservative","STATIC_CANDIDATE","NotEstablished","","","0","0","","1.19","","","0"
"25.Q4","Unspecified","Display2","d0_amd-software-pro-edition-25.q4-win11-c.exe_997eeb2a3d40\Packages\Drivers\Display2\WT6A_INF\amdocl\amdocl.inf","Windows Server 2019","17763","NativeApplicable","NativeApplicable","NATIVE_CANDIDATE","NativeCandidate","InfWideConservative","STATIC_CANDIDATE","NotEstablished","AMD.Mfg.NTamd64.10.0...16299","AMD.Mfg.NTamd64.10.0...16299","1","1","","1.27","1.27","","0"
"25.Q4","Unspecified","Display2","d0_amd-software-pro-edition-25.q4-win11-c.exe_997eeb2a3d40\Packages\Drivers\Display2\WT6A_INF\amdocl\amdocl.inf","Windows Server 2022","20348","NativeApplicable","NativeApplicable","NATIVE_CANDIDATE","NativeCandidate","InfWideConservative","STATIC_CANDIDATE","NotEstablished","AMD.Mfg.NTamd64.10.0...16299","AMD.Mfg.NTamd64.10.0...16299","1","1","","1.33","","","0"
"25.Q4","Unspecified","Display2","d0_amd-software-pro-edition-25.q4-win11-c.exe_997eeb2a3d40\Packages\Drivers\Display2\WT6A_INF\amdocl\amdocl.inf","Windows Server 2025","26100","NativeApplicable","NativeApplicable","NATIVE_CANDIDATE","NativeCandidate","InfWideConservative","STATIC_CANDIDATE","NotEstablished","AMD.Mfg.NTamd64.10.0...16299","AMD.Mfg.NTamd64.10.0...16299","1","1","","1.33","1.35","","0"
"25.Q4","Unspecified","Display2","d0_amd-software-pro-edition-25.q4-win11-c.exe_997eeb2a3d40\Packages\Drivers\Display2\WT6A_INF\amdpcibridge\amdpcibridgeextension.inf","Windows Server 2016","14393","NativeApplicable","NativeApplicable","NATIVE_CANDIDATE","NativeCandidate","InfWideConservative","STATIC_CANDIDATE","NotEstablished","DeviceExtensions.NTamd64","DeviceExtensions.NTamd64","2","2","","1.19","","","0"
"25.Q4","Unspecified","Display2","d0_amd-software-pro-edition-25.q4-win11-c.exe_997eeb2a3d40\Packages\Drivers\Display2\WT6A_INF\amdpcibridge\amdpcibridgeextension.inf","Windows Server 2019","17763","NativeApplicable","NativeApplicable","NATIVE_CANDIDATE","NativeCandidate","InfWideConservative","STATIC_CANDIDATE","NotEstablished","DeviceExtensions.NTamd64","DeviceExtensions.NTamd64","2","2","","1.27","1.27","","0"
"25.Q4","Unspecified","Display2","d0_amd-software-pro-edition-25.q4-win11-c.exe_997eeb2a3d40\Packages\Drivers\Display2\WT6A_INF\amdpcibridge\amdpcibridgeextension.inf","Windows Server 2022","20348","NativeApplicable","NativeApplicable","NATIVE_CANDIDATE","NativeCandidate","InfWideConservative","STATIC_CANDIDATE","NotEstablished","DeviceExtensions.NTamd64","DeviceExtensions.NTamd64","2","2","","1.33","","","0"
"25.Q4","Unspecified","Display2","d0_amd-software-pro-edition-25.q4-win11-c.exe_997eeb2a3d40\Packages\Drivers\Display2\WT6A_INF\amdpcibridge\amdpcibridgeextension.inf","Windows Server 2025","26100","NativeApplicable","NativeApplicable","NATIVE_CANDIDATE","NativeCandidate","InfWideConservative","STATIC_CANDIDATE","NotEstablished","DeviceExtensions.NTamd64","DeviceExtensions.NTamd64","2","2","","1.33","1.35","","0"
"25.Q4","Unspecified","Display2","d0_amd-software-pro-edition-25.q4-win11-c.exe_997eeb2a3d40\Packages\Drivers\Display2\WT6A_INF\amdwin\amdwin-u0196625.inf","Windows Server 2016","14393","NativeApplicable","NativeApplicable","NATIVE_CANDIDATE","NativeCandidate","InfWideConservative","STATIC_CANDIDATE","NotEstablished","AMD.Mfg.NTamd64.10.0","AMD.Mfg.NTamd64.10.0","1","1","","1.19","","","0"
"25.Q4","Unspecified","Display2","d0_amd-software-pro-edition-25.q4-win11-c.exe_997eeb2a3d40\Packages\Drivers\Display2\WT6A_INF\amdwin\amdwin-u0196625.inf","Windows Server 2019","17763","NativeApplicable","NativeApplicable","NATIVE_CANDIDATE","NativeCandidate","InfWideConservative","STATIC_CANDIDATE","NotEstablished","AMD.Mfg.NTamd64.10.0","AMD.Mfg.NTamd64.10.0","1","1","","1.27","1.27","","0"
"25.Q4","Unspecified","Display2","d0_amd-software-pro-edition-25.q4-win11-c.exe_997eeb2a3d40\Packages\Drivers\Display2\WT6A_INF\amdwin\amdwin-u0196625.inf","Windows Server 2022","20348","NativeApplicable","NativeApplicable","NATIVE_CANDIDATE","NativeCandidate","InfWideConservative","STATIC_CANDIDATE","NotEstablished","AMD.Mfg.NTamd64.10.0","AMD.Mfg.NTamd64.10.0","1","1","","1.33","","","0"
"25.Q4","Unspecified","Display2","d0_amd-software-pro-edition-25.q4-win11-c.exe_997eeb2a3d40\Packages\Drivers\Display2\WT6A_INF\amdwin\amdwin-u0196625.inf","Windows Server 2025","26100","NativeApplicable","NativeApplicable","NATIVE_CANDIDATE","NativeCandidate","InfWideConservative","STATIC_CANDIDATE","NotEstablished","AMD.Mfg.NTamd64.10.0","AMD.Mfg.NTamd64.10.0","1","1","","1.33","1.35","","0"
"25.Q4","Unspecified","RadeonLED","d0_amd-software-pro-edition-25.q4-win11-c.exe_997eeb2a3d40\Packages\Drivers\RadeonLED\WT64A\amdusbledfd.inf","Windows Server 2016","14393","NativeApplicable","NativeApplicable","NATIVE_CANDIDATE","NativeCandidate","InfWideConservative","STATIC_CANDIDATE","NotEstablished","AMD_USBLEDFD.NTamd64","AMD_USBLEDFD.NTamd64","6","6","","1.19","","","1"
"25.Q4","Unspecified","RadeonLED","d0_amd-software-pro-edition-25.q4-win11-c.exe_997eeb2a3d40\Packages\Drivers\RadeonLED\WT64A\amdusbledfd.inf","Windows Server 2019","17763","NativeApplicable","NativeApplicable","NATIVE_CANDIDATE","NativeCandidate","InfWideConservative","STATIC_CANDIDATE","NotEstablished","AMD_USBLEDFD.NTamd64","AMD_USBLEDFD.NTamd64","6","6","","1.27","1.27","","1"
"25.Q4","Unspecified","RadeonLED","d0_amd-software-pro-edition-25.q4-win11-c.exe_997eeb2a3d40\Packages\Drivers\RadeonLED\WT64A\amdusbledfd.inf","Windows Server 2022","20348","NativeApplicable","NativeApplicable","NATIVE_CANDIDATE","NativeCandidate","InfWideConservative","STATIC_CANDIDATE","NotEstablished","AMD_USBLEDFD.NTamd64","AMD_USBLEDFD.NTamd64","6","6","","1.33","","","1"
"25.Q4","Unspecified","RadeonLED","d0_amd-software-pro-edition-25.q4-win11-c.exe_997eeb2a3d40\Packages\Drivers\RadeonLED\WT64A\amdusbledfd.inf","Windows Server 2025","26100","NativeApplicable","NativeApplicable","NATIVE_CANDIDATE","NativeCandidate","InfWideConservative","STATIC_CANDIDATE","NotEstablished","AMD_USBLEDFD.NTamd64","AMD_USBLEDFD.NTamd64","6","6","","1.33","1.35","","1"
"25.Q4","Unspecified","SBDrv","d0_amd-software-pro-edition-25.q4-win11-c.exe_997eeb2a3d40\Packages\Drivers\SBDrv\AMDUCSI\WT64A\amducsi.inf","Windows Server 2016","14393","NativeApplicable","NativeApplicable","NATIVE_CANDIDATE","NativeCandidate","InfWideConservative","STATIC_CANDIDATE","NotEstablished","AMD.NTamd64","AMD.NTamd64","5","5","1.15","1.19","","","1"
"25.Q4","Unspecified","SBDrv","d0_amd-software-pro-edition-25.q4-win11-c.exe_997eeb2a3d40\Packages\Drivers\SBDrv\AMDUCSI\WT64A\amducsi.inf","Windows Server 2019","17763","NativeApplicable","NativeApplicable","NATIVE_CANDIDATE","NativeCandidate","InfWideConservative","STATIC_CANDIDATE","NotEstablished","AMD.NTamd64","AMD.NTamd64","5","5","1.15","1.27","1.27","","1"
"25.Q4","Unspecified","SBDrv","d0_amd-software-pro-edition-25.q4-win11-c.exe_997eeb2a3d40\Packages\Drivers\SBDrv\AMDUCSI\WT64A\amducsi.inf","Windows Server 2022","20348","NativeApplicable","NativeApplicable","NATIVE_CANDIDATE","NativeCandidate","InfWideConservative","STATIC_CANDIDATE","NotEstablished","AMD.NTamd64","AMD.NTamd64","5","5","1.15","1.33","","","1"
"25.Q4","Unspecified","SBDrv","d0_amd-software-pro-edition-25.q4-win11-c.exe_997eeb2a3d40\Packages\Drivers\SBDrv\AMDUCSI\WT64A\amducsi.inf","Windows Server 2025","26100","NativeApplicable","NativeApplicable","NATIVE_CANDIDATE","NativeCandidate","InfWideConservative","STATIC_CANDIDATE","NotEstablished","AMD.NTamd64","AMD.NTamd64","5","5","1.15","1.33","1.35","","1"
"24.Q4","RDNACombined","AMDNPUMCDM","d0_amd-software-pro-edition-24.q4-win10-win11-nov-rdna-combined.exe_cec8cd3ea04a\Packages\Drivers\AMDNPUMCDM\WT64A\kipudrv.inf","Windows Server 2016","14393","NotApplicableByBuild","NotApplicableByBuild","NOT_APPLICABLE","NotApplicable","InfWideConservative","STATIC_CANDIDATE","NotEstablished","","","0","0","","1.19","","","4"
"24.Q4","RDNACombined","AMDNPUMCDM","d0_amd-software-pro-edition-24.q4-win10-win11-nov-rdna-combined.exe_cec8cd3ea04a\Packages\Drivers\AMDNPUMCDM\WT64A\kipudrv.inf","Windows Server 2019","17763","NotApplicableByBuild","NotApplicableByBuild","NOT_APPLICABLE","NotApplicable","InfWideConservative","STATIC_CANDIDATE","NotEstablished","","","0","0","","1.27","1.27","","4"
"24.Q4","RDNACombined","AMDNPUMCDM","d0_amd-software-pro-edition-24.q4-win10-win11-nov-rdna-combined.exe_cec8cd3ea04a\Packages\Drivers\AMDNPUMCDM\WT64A\kipudrv.inf","Windows Server 2022","20348","NotApplicableByBuild","NotApplicableByBuild","NOT_APPLICABLE","NotApplicable","InfWideConservative","STATIC_CANDIDATE","NotEstablished","","","0","0","","1.33","","","4"
"24.Q4","RDNACombined","AMDNPUMCDM","d0_amd-software-pro-edition-24.q4-win10-win11-nov-rdna-combined.exe_cec8cd3ea04a\Packages\Drivers\AMDNPUMCDM\WT64A\kipudrv.inf","Windows Server 2025","26100","NativeApplicable","NativeApplicable","NATIVE_CANDIDATE","NativeCandidate","InfWideConservative","STATIC_CANDIDATE","NotEstablished","IpuMcdmDriver.Mfg.NTamd64.10.0...22000","IpuMcdmDriver.Mfg.NTamd64.10.0...22000","2","2","","1.33","1.35","","4"
"24.Q4","RDNACombined","AMDNPUWDF","d0_amd-software-pro-edition-24.q4-win10-win11-nov-rdna-combined.exe_cec8cd3ea04a\Packages\Drivers\AMDNPUWDF\WT64A\kipudrv.inf","Windows Server 2016","14393","NativeApplicable","NativeApplicable","NATIVE_CANDIDATE","NativeCandidate","InfWideConservative","STATIC_CANDIDATE","NotEstablished","AMD.NTamd64.10.0...14393","AMD.NTamd64.10.0...14393","2","2","1.15","1.19","","","4"
"24.Q4","RDNACombined","AMDNPUWDF","d0_amd-software-pro-edition-24.q4-win10-win11-nov-rdna-combined.exe_cec8cd3ea04a\Packages\Drivers\AMDNPUWDF\WT64A\kipudrv.inf","Windows Server 2019","17763","NativeApplicable","NativeApplicable","NATIVE_CANDIDATE","NativeCandidate","InfWideConservative","STATIC_CANDIDATE","NotEstablished","AMD.NTamd64.10.0...14393","AMD.NTamd64.10.0...14393","2","2","1.15","1.27","1.27","","4"
"24.Q4","RDNACombined","AMDNPUWDF","d0_amd-software-pro-edition-24.q4-win10-win11-nov-rdna-combined.exe_cec8cd3ea04a\Packages\Drivers\AMDNPUWDF\WT64A\kipudrv.inf","Windows Server 2022","20348","NativeApplicable","NativeApplicable","NATIVE_CANDIDATE","NativeCandidate","InfWideConservative","STATIC_CANDIDATE","NotEstablished","AMD.NTamd64.10.0...14393","AMD.NTamd64.10.0...14393","2","2","1.15","1.33","","","4"
"24.Q4","RDNACombined","AMDNPUWDF","d0_amd-software-pro-edition-24.q4-win10-win11-nov-rdna-combined.exe_cec8cd3ea04a\Packages\Drivers\AMDNPUWDF\WT64A\kipudrv.inf","Windows Server 2025","26100","NativeApplicable","NativeApplicable","NATIVE_CANDIDATE","NativeCandidate","InfWideConservative","STATIC_CANDIDATE","NotEstablished","AMD.NTamd64.10.0...22000","AMD.NTamd64.10.0...22000","2","2","1.15","1.33","1.35","","4"
"24.Q4","RDNACombined","Audio","d0_amd-software-pro-edition-24.q4-win10-win11-nov-rdna-combined.exe_cec8cd3ea04a\Packages\Drivers\Audio\ACPAfd\WT64A\amdacpafd.inf","Windows Server 2016","14393","NotApplicableByBuild","NotApplicableByBuild","NOT_APPLICABLE","NotApplicable","InfWideConservative","STATIC_CANDIDATE","NotEstablished","","","0","0","1.15","1.19","","","1"
"24.Q4","RDNACombined","Audio","d0_amd-software-pro-edition-24.q4-win10-win11-nov-rdna-combined.exe_cec8cd3ea04a\Packages\Drivers\Audio\ACPAfd\WT64A\amdacpafd.inf","Windows Server 2019","17763","NativeApplicable","NativeApplicable","NATIVE_CANDIDATE","NativeCandidate","InfWideConservative","STATIC_CANDIDATE","NotEstablished","AMD.NTAMD64.10.0...16299","AMD.NTAMD64.10.0...16299","4","4","1.15","1.27","1.27","","1"
"24.Q4","RDNACombined","Audio","d0_amd-software-pro-edition-24.q4-win10-win11-nov-rdna-combined.exe_cec8cd3ea04a\Packages\Drivers\Audio\ACPAfd\WT64A\amdacpafd.inf","Windows Server 2022","20348","NativeApplicable","NativeApplicable","NATIVE_CANDIDATE","NativeCandidate","InfWideConservative","STATIC_CANDIDATE","NotEstablished","AMD.NTAMD64.10.0...16299","AMD.NTAMD64.10.0...16299","4","4","1.15","1.33","","","1"
"24.Q4","RDNACombined","Audio","d0_amd-software-pro-edition-24.q4-win10-win11-nov-rdna-combined.exe_cec8cd3ea04a\Packages\Drivers\Audio\ACPAfd\WT64A\amdacpafd.inf","Windows Server 2025","26100","NativeApplicable","NativeApplicable","NATIVE_CANDIDATE","NativeCandidate","InfWideConservative","STATIC_CANDIDATE","NotEstablished","AMD.NTAMD64.10.0...16299","AMD.NTAMD64.10.0...16299","4","4","1.15","1.33","1.35","","1"
"24.Q4","RDNACombined","Audio","d0_amd-software-pro-edition-24.q4-win10-win11-nov-rdna-combined.exe_cec8cd3ea04a\Packages\Drivers\Audio\ACPAFDSVC\WT64A\amdacpafdcomp.inf","Windows Server 2016","14393","NotApplicableByBuild","NotApplicableByBuild","NOT_APPLICABLE","NotApplicable","InfWideConservative","STATIC_CANDIDATE","NotEstablished","","","0","0","","1.19","","","0"
"24.Q4","RDNACombined","Audio","d0_amd-software-pro-edition-24.q4-win10-win11-nov-rdna-combined.exe_cec8cd3ea04a\Packages\Drivers\Audio\ACPAFDSVC\WT64A\amdacpafdcomp.inf","Windows Server 2019","17763","NativeApplicable","NativeApplicable","NATIVE_CANDIDATE","NativeCandidate","InfWideConservative","STATIC_CANDIDATE","NotEstablished","AMD.NTAMD64.10.0...16299","AMD.NTAMD64.10.0...16299","1","1","","1.27","1.27","","0"
"24.Q4","RDNACombined","Audio","d0_amd-software-pro-edition-24.q4-win10-win11-nov-rdna-combined.exe_cec8cd3ea04a\Packages\Drivers\Audio\ACPAFDSVC\WT64A\amdacpafdcomp.inf","Windows Server 2022","20348","NativeApplicable","NativeApplicable","NATIVE_CANDIDATE","NativeCandidate","InfWideConservative","STATIC_CANDIDATE","NotEstablished","AMD.NTAMD64.10.0...16299","AMD.NTAMD64.10.0...16299","1","1","","1.33","","","0"
"24.Q4","RDNACombined","Audio","d0_amd-software-pro-edition-24.q4-win10-win11-nov-rdna-combined.exe_cec8cd3ea04a\Packages\Drivers\Audio\ACPAFDSVC\WT64A\amdacpafdcomp.inf","Windows Server 2025","26100","NativeApplicable","NativeApplicable","NATIVE_CANDIDATE","NativeCandidate","InfWideConservative","STATIC_CANDIDATE","NotEstablished","AMD.NTAMD64.10.0...16299","AMD.NTAMD64.10.0...16299","1","1","","1.33","1.35","","0"
"24.Q4","RDNACombined","Audio","d0_amd-software-pro-edition-24.q4-win10-win11-nov-rdna-combined.exe_cec8cd3ea04a\Packages\Drivers\Audio\ACPAFDSVC\WT64A\amdacpafdext.inf","Windows Server 2016","14393","NotApplicableByBuild","NotApplicableByBuild","NOT_APPLICABLE","NotApplicable","InfWideConservative","STATIC_CANDIDATE","NotEstablished","","","0","0","","1.19","","","1"
"24.Q4","RDNACombined","Audio","d0_amd-software-pro-edition-24.q4-win10-win11-nov-rdna-combined.exe_cec8cd3ea04a\Packages\Drivers\Audio\ACPAFDSVC\WT64A\amdacpafdext.inf","Windows Server 2019","17763","NativeApplicable","NativeApplicable","NATIVE_CANDIDATE","NativeCandidate","InfWideConservative","STATIC_CANDIDATE","NotEstablished","AMD.NTAMD64.10.0...16299","AMD.NTAMD64.10.0...16299","1","1","","1.27","1.27","","1"
"24.Q4","RDNACombined","Audio","d0_amd-software-pro-edition-24.q4-win10-win11-nov-rdna-combined.exe_cec8cd3ea04a\Packages\Drivers\Audio\ACPAFDSVC\WT64A\amdacpafdext.inf","Windows Server 2022","20348","NativeApplicable","NativeApplicable","NATIVE_CANDIDATE","NativeCandidate","InfWideConservative","STATIC_CANDIDATE","NotEstablished","AMD.NTAMD64.10.0...16299","AMD.NTAMD64.10.0...16299","1","1","","1.33","","","1"
"24.Q4","RDNACombined","Audio","d0_amd-software-pro-edition-24.q4-win10-win11-nov-rdna-combined.exe_cec8cd3ea04a\Packages\Drivers\Audio\ACPAFDSVC\WT64A\amdacpafdext.inf","Windows Server 2025","26100","NativeApplicable","NativeApplicable","NATIVE_CANDIDATE","NativeCandidate","InfWideConservative","STATIC_CANDIDATE","NotEstablished","AMD.NTAMD64.10.0...16299","AMD.NTAMD64.10.0...16299","1","1","","1.33","1.35","","1"
"24.Q4","RDNACombined","Audio","d0_amd-software-pro-edition-24.q4-win10-win11-nov-rdna-combined.exe_cec8cd3ea04a\Packages\Drivers\Audio\ACPBTACX\WT64A\amdacpbtacx.inf","Windows Server 2016","14393","NotApplicableByBuild","NotApplicableByBuild","NOT_APPLICABLE","NotApplicable","InfWideConservative","STATIC_CANDIDATE","NotEstablished","","","0","0","1.31","1.19","","","1"
"24.Q4","RDNACombined","Audio","d0_amd-software-pro-edition-24.q4-win10-win11-nov-rdna-combined.exe_cec8cd3ea04a\Packages\Drivers\Audio\ACPBTACX\WT64A\amdacpbtacx.inf","Windows Server 2019","17763","NativeApplicable","NativeApplicable","REVIEW_REQUIRED","WdfRequirementReview","InfWideConservative","STATIC_CANDIDATE","NotEstablished","AMD.NTAMD64.10.0...16299","AMD.NTAMD64.10.0...16299","7","7","1.31","1.27","1.27","","1"
"24.Q4","RDNACombined","Audio","d0_amd-software-pro-edition-24.q4-win10-win11-nov-rdna-combined.exe_cec8cd3ea04a\Packages\Drivers\Audio\ACPBTACX\WT64A\amdacpbtacx.inf","Windows Server 2022","20348","NativeApplicable","NativeApplicable","NATIVE_CANDIDATE","NativeCandidate","InfWideConservative","STATIC_CANDIDATE","NotEstablished","AMD.NTAMD64.10.0...16299","AMD.NTAMD64.10.0...16299","7","7","1.31","1.33","","","1"
"24.Q4","RDNACombined","Audio","d0_amd-software-pro-edition-24.q4-win10-win11-nov-rdna-combined.exe_cec8cd3ea04a\Packages\Drivers\Audio\ACPBTACX\WT64A\amdacpbtacx.inf","Windows Server 2025","26100","NativeApplicable","NativeApplicable","NATIVE_CANDIDATE","NativeCandidate","InfWideConservative","STATIC_CANDIDATE","NotEstablished","AMD.NTAMD64.10.0...16299","AMD.NTAMD64.10.0...16299","7","7","1.31","1.33","1.35","","1"
"24.Q4","RDNACombined","Audio","d0_amd-software-pro-edition-24.q4-win10-win11-nov-rdna-combined.exe_cec8cd3ea04a\Packages\Drivers\Audio\ACPBtAfd\WT64A\amdacpbt.inf","Windows Server 2016","14393","NotApplicableByBuild","NotApplicableByBuild","NOT_APPLICABLE","NotApplicable","InfWideConservative","STATIC_CANDIDATE","NotEstablished","","","0","0","1.15","1.19","","","1"
"24.Q4","RDNACombined","Audio","d0_amd-software-pro-edition-24.q4-win10-win11-nov-rdna-combined.exe_cec8cd3ea04a\Packages\Drivers\Audio\ACPBtAfd\WT64A\amdacpbt.inf","Windows Server 2019","17763","NativeApplicable","NativeApplicable","NATIVE_CANDIDATE","NativeCandidate","InfWideConservative","STATIC_CANDIDATE","NotEstablished","AMD.NTAMD64.10.0...16299","AMD.NTAMD64.10.0...16299","1","1","1.15","1.27","1.27","","1"
"24.Q4","RDNACombined","Audio","d0_amd-software-pro-edition-24.q4-win10-win11-nov-rdna-combined.exe_cec8cd3ea04a\Packages\Drivers\Audio\ACPBtAfd\WT64A\amdacpbt.inf","Windows Server 2022","20348","NativeApplicable","NativeApplicable","NATIVE_CANDIDATE","NativeCandidate","InfWideConservative","STATIC_CANDIDATE","NotEstablished","AMD.NTAMD64.10.0...16299","AMD.NTAMD64.10.0...16299","1","1","1.15","1.33","","","1"
"24.Q4","RDNACombined","Audio","d0_amd-software-pro-edition-24.q4-win10-win11-nov-rdna-combined.exe_cec8cd3ea04a\Packages\Drivers\Audio\ACPBtAfd\WT64A\amdacpbt.inf","Windows Server 2025","26100","NativeApplicable","NativeApplicable","NATIVE_CANDIDATE","NativeCandidate","InfWideConservative","STATIC_CANDIDATE","NotEstablished","AMD.NTAMD64.10.0...16299","AMD.NTAMD64.10.0...16299","1","1","1.15","1.33","1.35","","1"
"24.Q4","RDNACombined","Audio","d0_amd-software-pro-edition-24.q4-win10-win11-nov-rdna-combined.exe_cec8cd3ea04a\Packages\Drivers\Audio\ACPBtAfd\WT64A\amdacpbtscoext\amdacpbtscoext.inf","Windows Server 2016","14393","NotApplicableByBuild","NotApplicableByBuild","NOT_APPLICABLE","NotApplicable","InfWideConservative","STATIC_CANDIDATE","NotEstablished","","","0","0","","1.19","","","0"
"24.Q4","RDNACombined","Audio","d0_amd-software-pro-edition-24.q4-win10-win11-nov-rdna-combined.exe_cec8cd3ea04a\Packages\Drivers\Audio\ACPBtAfd\WT64A\amdacpbtscoext\amdacpbtscoext.inf","Windows Server 2019","17763","NotApplicableByBuild","NotApplicableByBuild","NOT_APPLICABLE","NotApplicable","InfWideConservative","STATIC_CANDIDATE","NotEstablished","","","0","0","","1.27","1.27","","0"
"24.Q4","RDNACombined","Audio","d0_amd-software-pro-edition-24.q4-win10-win11-nov-rdna-combined.exe_cec8cd3ea04a\Packages\Drivers\Audio\ACPBtAfd\WT64A\amdacpbtscoext\amdacpbtscoext.inf","Windows Server 2022","20348","NotApplicableByBuild","NotApplicableByBuild","NOT_APPLICABLE","NotApplicable","InfWideConservative","STATIC_CANDIDATE","NotEstablished","","","0","0","","1.33","","","0"
"24.Q4","RDNACombined","Audio","d0_amd-software-pro-edition-24.q4-win10-win11-nov-rdna-combined.exe_cec8cd3ea04a\Packages\Drivers\Audio\ACPBtAfd\WT64A\amdacpbtscoext\amdacpbtscoext.inf","Windows Server 2025","26100","NativeApplicable","NativeApplicable","NATIVE_CANDIDATE","NativeCandidate","InfWideConservative","STATIC_CANDIDATE","NotEstablished","QCA.NTamd64.10.0...22000","QCA.NTamd64.10.0...22000","1","1","","1.33","1.35","","0"
"24.Q4","RDNACombined","Audio","d0_amd-software-pro-edition-24.q4-win10-win11-nov-rdna-combined.exe_cec8cd3ea04a\Packages\Drivers\Audio\ACPBus\WT64A\amdacpbus.inf","Windows Server 2016","14393","NotApplicableByBuild","NotApplicableByBuild","NOT_APPLICABLE","NotApplicable","InfWideConservative","STATIC_CANDIDATE","NotEstablished","","","0","0","","1.19","","","1"
"24.Q4","RDNACombined","Audio","d0_amd-software-pro-edition-24.q4-win10-win11-nov-rdna-combined.exe_cec8cd3ea04a\Packages\Drivers\Audio\ACPBus\WT64A\amdacpbus.inf","Windows Server 2019","17763","NativeApplicable","NativeApplicable","NATIVE_CANDIDATE","NativeCandidate","InfWideConservative","STATIC_CANDIDATE","NotEstablished","AMD.NTamd64.10.0...16299","AMD.NTamd64.10.0...16299","6","6","","1.27","1.27","","1"
"24.Q4","RDNACombined","Audio","d0_amd-software-pro-edition-24.q4-win10-win11-nov-rdna-combined.exe_cec8cd3ea04a\Packages\Drivers\Audio\ACPBus\WT64A\amdacpbus.inf","Windows Server 2022","20348","NativeApplicable","NativeApplicable","NATIVE_CANDIDATE","NativeCandidate","InfWideConservative","STATIC_CANDIDATE","NotEstablished","AMD.NTamd64.10.0...16299","AMD.NTamd64.10.0...16299","6","6","","1.33","","","1"
"24.Q4","RDNACombined","Audio","d0_amd-software-pro-edition-24.q4-win10-win11-nov-rdna-combined.exe_cec8cd3ea04a\Packages\Drivers\Audio\ACPBus\WT64A\amdacpbus.inf","Windows Server 2025","26100","NativeApplicable","NativeApplicable","NATIVE_CANDIDATE","NativeCandidate","InfWideConservative","STATIC_CANDIDATE","NotEstablished","AMD.NTamd64.10.0...16299","AMD.NTamd64.10.0...16299","6","6","","1.33","1.35","","1"
"24.Q4","RDNACombined","Audio","d0_amd-software-pro-edition-24.q4-win10-win11-nov-rdna-combined.exe_cec8cd3ea04a\Packages\Drivers\Audio\ACPBus\WT64A\amdacpbusext\amdacpbusext.inf","Windows Server 2016","14393","NativeApplicable","NativeApplicable","NATIVE_CANDIDATE","NativeCandidate","InfWideConservative","STATIC_CANDIDATE","NotEstablished","AMD.NTamd64","AMD.NTamd64","4","4","","1.19","","","0"
"24.Q4","RDNACombined","Audio","d0_amd-software-pro-edition-24.q4-win10-win11-nov-rdna-combined.exe_cec8cd3ea04a\Packages\Drivers\Audio\ACPBus\WT64A\amdacpbusext\amdacpbusext.inf","Windows Server 2019","17763","NativeApplicable","NativeApplicable","NATIVE_CANDIDATE","NativeCandidate","InfWideConservative","STATIC_CANDIDATE","NotEstablished","AMD.NTamd64","AMD.NTamd64","4","4","","1.27","1.27","","0"
"24.Q4","RDNACombined","Audio","d0_amd-software-pro-edition-24.q4-win10-win11-nov-rdna-combined.exe_cec8cd3ea04a\Packages\Drivers\Audio\ACPBus\WT64A\amdacpbusext\amdacpbusext.inf","Windows Server 2022","20348","NativeApplicable","NativeApplicable","NATIVE_CANDIDATE","NativeCandidate","InfWideConservative","STATIC_CANDIDATE","NotEstablished","AMD.NTamd64","AMD.NTamd64","4","4","","1.33","","","0"
"24.Q4","RDNACombined","Audio","d0_amd-software-pro-edition-24.q4-win10-win11-nov-rdna-combined.exe_cec8cd3ea04a\Packages\Drivers\Audio\ACPBus\WT64A\amdacpbusext\amdacpbusext.inf","Windows Server 2025","26100","NativeApplicable","NativeApplicable","NATIVE_CANDIDATE","NativeCandidate","InfWideConservative","STATIC_CANDIDATE","NotEstablished","AMD.NTamd64","AMD.NTamd64","4","4","","1.33","1.35","","0"
"24.Q4","RDNACombined","Audio","d0_amd-software-pro-edition-24.q4-win10-win11-nov-rdna-combined.exe_cec8cd3ea04a\Packages\Drivers\Audio\ACPBus2\WT64A\amdacpbus2.inf","Windows Server 2016","14393","NotApplicableByBuild","NotApplicableByBuild","NOT_APPLICABLE","NotApplicable","InfWideConservative","STATIC_CANDIDATE","NotEstablished","","","0","0","","1.19","","","1"
"24.Q4","RDNACombined","Audio","d0_amd-software-pro-edition-24.q4-win10-win11-nov-rdna-combined.exe_cec8cd3ea04a\Packages\Drivers\Audio\ACPBus2\WT64A\amdacpbus2.inf","Windows Server 2019","17763","NativeApplicable","NativeApplicable","NATIVE_CANDIDATE","NativeCandidate","InfWideConservative","STATIC_CANDIDATE","NotEstablished","AMD.NTamd64.10.0...16299","AMD.NTamd64.10.0...16299","2","2","","1.27","1.27","","1"
"24.Q4","RDNACombined","Audio","d0_amd-software-pro-edition-24.q4-win10-win11-nov-rdna-combined.exe_cec8cd3ea04a\Packages\Drivers\Audio\ACPBus2\WT64A\amdacpbus2.inf","Windows Server 2022","20348","NativeApplicable","NativeApplicable","NATIVE_CANDIDATE","NativeCandidate","InfWideConservative","STATIC_CANDIDATE","NotEstablished","AMD.NTamd64.10.0...16299","AMD.NTamd64.10.0...16299","2","2","","1.33","","","1"
"24.Q4","RDNACombined","Audio","d0_amd-software-pro-edition-24.q4-win10-win11-nov-rdna-combined.exe_cec8cd3ea04a\Packages\Drivers\Audio\ACPBus2\WT64A\amdacpbus2.inf","Windows Server 2025","26100","NativeApplicable","NativeApplicable","NATIVE_CANDIDATE","NativeCandidate","InfWideConservative","STATIC_CANDIDATE","NotEstablished","AMD.NTamd64.10.0...16299","AMD.NTamd64.10.0...16299","2","2","","1.33","1.35","","1"
"24.Q4","RDNACombined","Audio","d0_amd-software-pro-edition-24.q4-win10-win11-nov-rdna-combined.exe_cec8cd3ea04a\Packages\Drivers\Audio\ACPBus2\WT64A\amdacpbusext\amdacpbusext.inf","Windows Server 2016","14393","NativeApplicable","NativeApplicable","NATIVE_CANDIDATE","NativeCandidate","InfWideConservative","STATIC_CANDIDATE","NotEstablished","AMD.NTamd64","AMD.NTamd64","4","4","","1.19","","","0"
"24.Q4","RDNACombined","Audio","d0_amd-software-pro-edition-24.q4-win10-win11-nov-rdna-combined.exe_cec8cd3ea04a\Packages\Drivers\Audio\ACPBus2\WT64A\amdacpbusext\amdacpbusext.inf","Windows Server 2019","17763","NativeApplicable","NativeApplicable","NATIVE_CANDIDATE","NativeCandidate","InfWideConservative","STATIC_CANDIDATE","NotEstablished","AMD.NTamd64","AMD.NTamd64","4","4","","1.27","1.27","","0"
"24.Q4","RDNACombined","Audio","d0_amd-software-pro-edition-24.q4-win10-win11-nov-rdna-combined.exe_cec8cd3ea04a\Packages\Drivers\Audio\ACPBus2\WT64A\amdacpbusext\amdacpbusext.inf","Windows Server 2022","20348","NativeApplicable","NativeApplicable","NATIVE_CANDIDATE","NativeCandidate","InfWideConservative","STATIC_CANDIDATE","NotEstablished","AMD.NTamd64","AMD.NTamd64","4","4","","1.33","","","0"
"24.Q4","RDNACombined","Audio","d0_amd-software-pro-edition-24.q4-win10-win11-nov-rdna-combined.exe_cec8cd3ea04a\Packages\Drivers\Audio\ACPBus2\WT64A\amdacpbusext\amdacpbusext.inf","Windows Server 2025","26100","NativeApplicable","NativeApplicable","NATIVE_CANDIDATE","NativeCandidate","InfWideConservative","STATIC_CANDIDATE","NotEstablished","AMD.NTamd64","AMD.NTamd64","4","4","","1.33","1.35","","0"
"24.Q4","RDNACombined","Audio","d0_amd-software-pro-edition-24.q4-win10-win11-nov-rdna-combined.exe_cec8cd3ea04a\Packages\Drivers\Audio\ACPBus2\WT64A\amdacprgmext\amdacprgmext.inf","Windows Server 2016","14393","NotApplicableByBuild","NotApplicableByBuild","NOT_APPLICABLE","NotApplicable","InfWideConservative","STATIC_CANDIDATE","NotEstablished","","","0","0","","1.19","","","0"
"24.Q4","RDNACombined","Audio","d0_amd-software-pro-edition-24.q4-win10-win11-nov-rdna-combined.exe_cec8cd3ea04a\Packages\Drivers\Audio\ACPBus2\WT64A\amdacprgmext\amdacprgmext.inf","Windows Server 2019","17763","NotApplicableByBuild","NotApplicableByBuild","NOT_APPLICABLE","NotApplicable","InfWideConservative","STATIC_CANDIDATE","NotEstablished","","","0","0","","1.27","1.27","","0"
"24.Q4","RDNACombined","Audio","d0_amd-software-pro-edition-24.q4-win10-win11-nov-rdna-combined.exe_cec8cd3ea04a\Packages\Drivers\Audio\ACPBus2\WT64A\amdacprgmext\amdacprgmext.inf","Windows Server 2022","20348","NotApplicableByBuild","NotApplicableByBuild","NOT_APPLICABLE","NotApplicable","InfWideConservative","STATIC_CANDIDATE","NotEstablished","","","0","0","","1.33","","","0"
"24.Q4","RDNACombined","Audio","d0_amd-software-pro-edition-24.q4-win10-win11-nov-rdna-combined.exe_cec8cd3ea04a\Packages\Drivers\Audio\ACPBus2\WT64A\amdacprgmext\amdacprgmext.inf","Windows Server 2025","26100","NativeApplicable","NativeApplicable","NATIVE_CANDIDATE","NativeCandidate","InfWideConservative","STATIC_CANDIDATE","NotEstablished","DeviceExtensions.NTamd64.10.0...26100","DeviceExtensions.NTamd64.10.0...26100","3","3","","1.33","1.35","","0"
"24.Q4","RDNACombined","Audio","d0_amd-software-pro-edition-24.q4-win10-win11-nov-rdna-combined.exe_cec8cd3ea04a\Packages\Drivers\Audio\ACPHPd\WT64A\amdacphpd.inf","Windows Server 2016","14393","NotApplicableByBuild","NotApplicableByBuild","NOT_APPLICABLE","NotApplicable","InfWideConservative","STATIC_CANDIDATE","NotEstablished","","","0","0","","1.19","","2.33.0","0"
"24.Q4","RDNACombined","Audio","d0_amd-software-pro-edition-24.q4-win10-win11-nov-rdna-combined.exe_cec8cd3ea04a\Packages\Drivers\Audio\ACPHPd\WT64A\amdacphpd.inf","Windows Server 2019","17763","NotApplicableByBuild","NotApplicableByBuild","NOT_APPLICABLE","NotApplicable","InfWideConservative","STATIC_CANDIDATE","NotEstablished","","","0","0","","1.27","1.27","2.33.0","0"
"24.Q4","RDNACombined","Audio","d0_amd-software-pro-edition-24.q4-win10-win11-nov-rdna-combined.exe_cec8cd3ea04a\Packages\Drivers\Audio\ACPHPd\WT64A\amdacphpd.inf","Windows Server 2022","20348","NotApplicableByBuild","NotApplicableByBuild","NOT_APPLICABLE","NotApplicable","InfWideConservative","STATIC_CANDIDATE","NotEstablished","","","0","0","","1.33","","2.33.0","0"
"24.Q4","RDNACombined","Audio","d0_amd-software-pro-edition-24.q4-win10-win11-nov-rdna-combined.exe_cec8cd3ea04a\Packages\Drivers\Audio\ACPHPd\WT64A\amdacphpd.inf","Windows Server 2025","26100","NativeApplicable","NativeApplicable","REVIEW_REQUIRED","WdfRequirementReview","InfWideConservative","STATIC_CANDIDATE","NotEstablished","amdacphpd_Device.NTamd64.10.0...22000","amdacphpd_Device.NTamd64.10.0...22000","1","1","","1.33","1.35","2.33.0","0"
"24.Q4","RDNACombined","Audio","d0_amd-software-pro-edition-24.q4-win10-win11-nov-rdna-combined.exe_cec8cd3ea04a\Packages\Drivers\Audio\ACPHPd\WT64A\amdacphpdcomp.inf","Windows Server 2016","14393","NotApplicableByBuild","NotApplicableByBuild","NOT_APPLICABLE","NotApplicable","InfWideConservative","STATIC_CANDIDATE","NotEstablished","","","0","0","","1.19","","","0"
"24.Q4","RDNACombined","Audio","d0_amd-software-pro-edition-24.q4-win10-win11-nov-rdna-combined.exe_cec8cd3ea04a\Packages\Drivers\Audio\ACPHPd\WT64A\amdacphpdcomp.inf","Windows Server 2019","17763","NativeApplicable","NativeApplicable","NATIVE_CANDIDATE","NativeCandidate","InfWideConservative","STATIC_CANDIDATE","NotEstablished","AMD.NTamd64.10.0...17134","AMD.NTamd64.10.0...17134","1","1","","1.27","1.27","","0"
"24.Q4","RDNACombined","Audio","d0_amd-software-pro-edition-24.q4-win10-win11-nov-rdna-combined.exe_cec8cd3ea04a\Packages\Drivers\Audio\ACPHPd\WT64A\amdacphpdcomp.inf","Windows Server 2022","20348","NativeApplicable","NativeApplicable","NATIVE_CANDIDATE","NativeCandidate","InfWideConservative","STATIC_CANDIDATE","NotEstablished","AMD.NTamd64.10.0...17134","AMD.NTamd64.10.0...17134","1","1","","1.33","","","0"
"24.Q4","RDNACombined","Audio","d0_amd-software-pro-edition-24.q4-win10-win11-nov-rdna-combined.exe_cec8cd3ea04a\Packages\Drivers\Audio\ACPHPd\WT64A\amdacphpdcomp.inf","Windows Server 2025","26100","NativeApplicable","NativeApplicable","NATIVE_CANDIDATE","NativeCandidate","InfWideConservative","STATIC_CANDIDATE","NotEstablished","AMD.NTamd64.10.0...17134","AMD.NTamd64.10.0...17134","1","1","","1.33","1.35","","0"
"24.Q4","RDNACombined","Audio","d0_amd-software-pro-edition-24.q4-win10-win11-nov-rdna-combined.exe_cec8cd3ea04a\Packages\Drivers\Audio\ACPHPd\WT64A\amdacphpdext.inf","Windows Server 2016","14393","NotApplicableByBuild","NotApplicableByBuild","NOT_APPLICABLE","NotApplicable","InfWideConservative","STATIC_CANDIDATE","NotEstablished","","","0","0","","1.19","","","2"
"24.Q4","RDNACombined","Audio","d0_amd-software-pro-edition-24.q4-win10-win11-nov-rdna-combined.exe_cec8cd3ea04a\Packages\Drivers\Audio\ACPHPd\WT64A\amdacphpdext.inf","Windows Server 2019","17763","NativeApplicable","NativeApplicable","NATIVE_CANDIDATE","NativeCandidate","InfWideConservative","STATIC_CANDIDATE","NotEstablished","AMD.NTamd64.10.0...17134","AMD.NTamd64.10.0...17134","4","4","","1.27","1.27","","2"
"24.Q4","RDNACombined","Audio","d0_amd-software-pro-edition-24.q4-win10-win11-nov-rdna-combined.exe_cec8cd3ea04a\Packages\Drivers\Audio\ACPHPd\WT64A\amdacphpdext.inf","Windows Server 2022","20348","NativeApplicable","NativeApplicable","NATIVE_CANDIDATE","NativeCandidate","InfWideConservative","STATIC_CANDIDATE","NotEstablished","AMD.NTamd64.10.0...17134","AMD.NTamd64.10.0...17134","4","4","","1.33","","","2"
"24.Q4","RDNACombined","Audio","d0_amd-software-pro-edition-24.q4-win10-win11-nov-rdna-combined.exe_cec8cd3ea04a\Packages\Drivers\Audio\ACPHPd\WT64A\amdacphpdext.inf","Windows Server 2025","26100","NativeApplicable","NativeApplicable","NATIVE_CANDIDATE","NativeCandidate","InfWideConservative","STATIC_CANDIDATE","NotEstablished","AMD.NTamd64.10.0...17134","AMD.NTamd64.10.0...17134","4","4","","1.33","1.35","","2"
"24.Q4","RDNACombined","Audio","d0_amd-software-pro-edition-24.q4-win10-win11-nov-rdna-combined.exe_cec8cd3ea04a\Packages\Drivers\Audio\ACPUsbAfd\WT64A\amdacpusb.inf","Windows Server 2016","14393","NotApplicableByBuild","NotApplicableByBuild","NOT_APPLICABLE","NotApplicable","InfWideConservative","STATIC_CANDIDATE","NotEstablished","","","0","0","1.15","1.19","","","1"
"24.Q4","RDNACombined","Audio","d0_amd-software-pro-edition-24.q4-win10-win11-nov-rdna-combined.exe_cec8cd3ea04a\Packages\Drivers\Audio\ACPUsbAfd\WT64A\amdacpusb.inf","Windows Server 2019","17763","NativeApplicable","NativeApplicable","NATIVE_CANDIDATE","NativeCandidate","InfWideConservative","STATIC_CANDIDATE","NotEstablished","AMD.NTAMD64.10.0...16299","AMD.NTAMD64.10.0...16299","1","1","1.15","1.27","1.27","","1"
"24.Q4","RDNACombined","Audio","d0_amd-software-pro-edition-24.q4-win10-win11-nov-rdna-combined.exe_cec8cd3ea04a\Packages\Drivers\Audio\ACPUsbAfd\WT64A\amdacpusb.inf","Windows Server 2022","20348","NativeApplicable","NativeApplicable","NATIVE_CANDIDATE","NativeCandidate","InfWideConservative","STATIC_CANDIDATE","NotEstablished","AMD.NTAMD64.10.0...16299","AMD.NTAMD64.10.0...16299","1","1","1.15","1.33","","","1"
"24.Q4","RDNACombined","Audio","d0_amd-software-pro-edition-24.q4-win10-win11-nov-rdna-combined.exe_cec8cd3ea04a\Packages\Drivers\Audio\ACPUsbAfd\WT64A\amdacpusb.inf","Windows Server 2025","26100","NativeApplicable","NativeApplicable","NATIVE_CANDIDATE","NativeCandidate","InfWideConservative","STATIC_CANDIDATE","NotEstablished","AMD.NTAMD64.10.0...16299","AMD.NTAMD64.10.0...16299","1","1","1.15","1.33","1.35","","1"
"24.Q4","RDNACombined","Audio","d0_amd-software-pro-edition-24.q4-win10-win11-nov-rdna-combined.exe_cec8cd3ea04a\Packages\Drivers\Audio\HDABus\WT64A\amdhdaudbus.inf","Windows Server 2016","14393","NativeApplicable","NativeApplicable","NATIVE_CANDIDATE","NativeCandidate","InfWideConservative","STATIC_CANDIDATE","NotEstablished","AMD.NTAMD64","AMD.NTAMD64","1","1","1.15","1.19","","","1"
"24.Q4","RDNACombined","Audio","d0_amd-software-pro-edition-24.q4-win10-win11-nov-rdna-combined.exe_cec8cd3ea04a\Packages\Drivers\Audio\HDABus\WT64A\amdhdaudbus.inf","Windows Server 2019","17763","NativeApplicable","NativeApplicable","NATIVE_CANDIDATE","NativeCandidate","InfWideConservative","STATIC_CANDIDATE","NotEstablished","AMD.NTAMD64","AMD.NTAMD64","1","1","1.15","1.27","1.27","","1"
"24.Q4","RDNACombined","Audio","d0_amd-software-pro-edition-24.q4-win10-win11-nov-rdna-combined.exe_cec8cd3ea04a\Packages\Drivers\Audio\HDABus\WT64A\amdhdaudbus.inf","Windows Server 2022","20348","NativeApplicable","NativeApplicable","NATIVE_CANDIDATE","NativeCandidate","InfWideConservative","STATIC_CANDIDATE","NotEstablished","AMD.NTAMD64","AMD.NTAMD64","1","1","1.15","1.33","","","1"
"24.Q4","RDNACombined","Audio","d0_amd-software-pro-edition-24.q4-win10-win11-nov-rdna-combined.exe_cec8cd3ea04a\Packages\Drivers\Audio\HDABus\WT64A\amdhdaudbus.inf","Windows Server 2025","26100","NativeApplicable","NativeApplicable","NATIVE_CANDIDATE","NativeCandidate","InfWideConservative","STATIC_CANDIDATE","NotEstablished","AMD.NTAMD64","AMD.NTAMD64","1","1","1.15","1.33","1.35","","1"
"24.Q4","RDNACombined","Audio","d0_amd-software-pro-edition-24.q4-win10-win11-nov-rdna-combined.exe_cec8cd3ea04a\Packages\Drivers\Audio\HDMI\WT64A\AtihdWT6.inf","Windows Server 2016","14393","NativeApplicable","NativeApplicable","NATIVE_CANDIDATE","NativeCandidate","InfWideConservative","STATIC_CANDIDATE","NotEstablished","AMD.NTamd64.10.0;AMD.NTamd64.6.0;AMD.NTamd64.6.1;AMD.NTamd64.6.2;AMD.NTamd64.6.3","AMD.NTamd64.10.0;AMD.NTamd64.6.0;AMD.NTamd64.6.1;AMD.NTamd64.6.2;AMD.NTamd64.6.3","8","8","","1.19","","","1"
"24.Q4","RDNACombined","Audio","d0_amd-software-pro-edition-24.q4-win10-win11-nov-rdna-combined.exe_cec8cd3ea04a\Packages\Drivers\Audio\HDMI\WT64A\AtihdWT6.inf","Windows Server 2019","17763","NativeApplicable","NativeApplicable","NATIVE_CANDIDATE","NativeCandidate","InfWideConservative","STATIC_CANDIDATE","NotEstablished","AMD.NTamd64.10.0...16299","AMD.NTamd64.10.0...16299","8","8","","1.27","1.27","","1"
"24.Q4","RDNACombined","Audio","d0_amd-software-pro-edition-24.q4-win10-win11-nov-rdna-combined.exe_cec8cd3ea04a\Packages\Drivers\Audio\HDMI\WT64A\AtihdWT6.inf","Windows Server 2022","20348","NativeApplicable","NativeApplicable","NATIVE_CANDIDATE","NativeCandidate","InfWideConservative","STATIC_CANDIDATE","NotEstablished","AMD.NTamd64.10.0...16299","AMD.NTamd64.10.0...16299","8","8","","1.33","","","1"
"24.Q4","RDNACombined","Audio","d0_amd-software-pro-edition-24.q4-win10-win11-nov-rdna-combined.exe_cec8cd3ea04a\Packages\Drivers\Audio\HDMI\WT64A\AtihdWT6.inf","Windows Server 2025","26100","NativeApplicable","NativeApplicable","NATIVE_CANDIDATE","NativeCandidate","InfWideConservative","STATIC_CANDIDATE","NotEstablished","AMD.NTamd64.10.0...22621","AMD.NTamd64.10.0...22621","8","8","","1.33","1.35","","1"
"24.Q4","RDNACombined","Audio","d0_amd-software-pro-edition-24.q4-win10-win11-nov-rdna-combined.exe_cec8cd3ea04a\Packages\Drivers\Audio\SAFD\WT64A\amdsafd.inf","Windows Server 2016","14393","NotApplicableByBuild","NotApplicableByBuild","NOT_APPLICABLE","NotApplicable","InfWideConservative","STATIC_CANDIDATE","NotEstablished","","","0","0","1.15","1.19","","","1"
"24.Q4","RDNACombined","Audio","d0_amd-software-pro-edition-24.q4-win10-win11-nov-rdna-combined.exe_cec8cd3ea04a\Packages\Drivers\Audio\SAFD\WT64A\amdsafd.inf","Windows Server 2019","17763","NativeApplicable","NativeApplicable","NATIVE_CANDIDATE","NativeCandidate","InfWideConservative","STATIC_CANDIDATE","NotEstablished","AMD.NTAMD64.10.0...16299","AMD.NTAMD64.10.0...16299","2","2","1.15","1.27","1.27","","1"
"24.Q4","RDNACombined","Audio","d0_amd-software-pro-edition-24.q4-win10-win11-nov-rdna-combined.exe_cec8cd3ea04a\Packages\Drivers\Audio\SAFD\WT64A\amdsafd.inf","Windows Server 2022","20348","NativeApplicable","NativeApplicable","NATIVE_CANDIDATE","NativeCandidate","InfWideConservative","STATIC_CANDIDATE","NotEstablished","AMD.NTAMD64.10.0...16299","AMD.NTAMD64.10.0...16299","2","2","1.15","1.33","","","1"
"24.Q4","RDNACombined","Audio","d0_amd-software-pro-edition-24.q4-win10-win11-nov-rdna-combined.exe_cec8cd3ea04a\Packages\Drivers\Audio\SAFD\WT64A\amdsafd.inf","Windows Server 2025","26100","NativeApplicable","NativeApplicable","NATIVE_CANDIDATE","NativeCandidate","InfWideConservative","STATIC_CANDIDATE","NotEstablished","AMD.NTAMD64.10.0...16299","AMD.NTAMD64.10.0...16299","2","2","1.15","1.33","1.35","","1"
"24.Q4","RDNACombined","Audio","d0_amd-software-pro-edition-24.q4-win10-win11-nov-rdna-combined.exe_cec8cd3ea04a\Packages\Drivers\Audio\SDWC\WT64A\amdsdwc.inf","Windows Server 2016","14393","NotApplicableByBuild","NotApplicableByBuild","NOT_APPLICABLE","NotApplicable","InfWideConservative","STATIC_CANDIDATE","NotEstablished","","","0","0","1.31","1.19","","","1"
"24.Q4","RDNACombined","Audio","d0_amd-software-pro-edition-24.q4-win10-win11-nov-rdna-combined.exe_cec8cd3ea04a\Packages\Drivers\Audio\SDWC\WT64A\amdsdwc.inf","Windows Server 2019","17763","NativeApplicable","NativeApplicable","REVIEW_REQUIRED","WdfRequirementReview","InfWideConservative","STATIC_CANDIDATE","NotEstablished","AMD.NTAMD64.10.0...16299","AMD.NTAMD64.10.0...16299","1","1","1.31","1.27","1.27","","1"
"24.Q4","RDNACombined","Audio","d0_amd-software-pro-edition-24.q4-win10-win11-nov-rdna-combined.exe_cec8cd3ea04a\Packages\Drivers\Audio\SDWC\WT64A\amdsdwc.inf","Windows Server 2022","20348","NativeApplicable","NativeApplicable","NATIVE_CANDIDATE","NativeCandidate","InfWideConservative","STATIC_CANDIDATE","NotEstablished","AMD.NTAMD64.10.0...16299","AMD.NTAMD64.10.0...16299","1","1","1.31","1.33","","","1"
"24.Q4","RDNACombined","Audio","d0_amd-software-pro-edition-24.q4-win10-win11-nov-rdna-combined.exe_cec8cd3ea04a\Packages\Drivers\Audio\SDWC\WT64A\amdsdwc.inf","Windows Server 2025","26100","NativeApplicable","NativeApplicable","NATIVE_CANDIDATE","NativeCandidate","InfWideConservative","STATIC_CANDIDATE","NotEstablished","AMD.NTAMD64.10.0...16299","AMD.NTAMD64.10.0...16299","1","1","1.31","1.33","1.35","","1"
"24.Q4","RDNACombined","Audio","d0_amd-software-pro-edition-24.q4-win10-win11-nov-rdna-combined.exe_cec8cd3ea04a\Packages\Drivers\Audio\SDWS\WT64A\amdsdws.inf","Windows Server 2016","14393","NotApplicableByBuild","NotApplicableByBuild","NOT_APPLICABLE","NotApplicable","InfWideConservative","STATIC_CANDIDATE","NotEstablished","","","0","0","1.31","1.19","","","1"
"24.Q4","RDNACombined","Audio","d0_amd-software-pro-edition-24.q4-win10-win11-nov-rdna-combined.exe_cec8cd3ea04a\Packages\Drivers\Audio\SDWS\WT64A\amdsdws.inf","Windows Server 2019","17763","NativeApplicable","NativeApplicable","REVIEW_REQUIRED","WdfRequirementReview","InfWideConservative","STATIC_CANDIDATE","NotEstablished","AMD.NTAMD64.10.0...16299","AMD.NTAMD64.10.0...16299","5","5","1.31","1.27","1.27","","1"
"24.Q4","RDNACombined","Audio","d0_amd-software-pro-edition-24.q4-win10-win11-nov-rdna-combined.exe_cec8cd3ea04a\Packages\Drivers\Audio\SDWS\WT64A\amdsdws.inf","Windows Server 2022","20348","NativeApplicable","NativeApplicable","NATIVE_CANDIDATE","NativeCandidate","InfWideConservative","STATIC_CANDIDATE","NotEstablished","AMD.NTAMD64.10.0...16299","AMD.NTAMD64.10.0...16299","5","5","1.31","1.33","","","1"
"24.Q4","RDNACombined","Audio","d0_amd-software-pro-edition-24.q4-win10-win11-nov-rdna-combined.exe_cec8cd3ea04a\Packages\Drivers\Audio\SDWS\WT64A\amdsdws.inf","Windows Server 2025","26100","NativeApplicable","NativeApplicable","NATIVE_CANDIDATE","NativeCandidate","InfWideConservative","STATIC_CANDIDATE","NotEstablished","AMD.NTAMD64.10.0...16299","AMD.NTAMD64.10.0...16299","5","5","1.31","1.33","1.35","","1"
"24.Q4","RDNACombined","Audio","d0_amd-software-pro-edition-24.q4-win10-win11-nov-rdna-combined.exe_cec8cd3ea04a\Packages\Drivers\Audio\SDWS\WT64A\amdsdwsext\amdsdwsext.inf","Windows Server 2016","14393","NotApplicableByBuild","NotApplicableByBuild","NOT_APPLICABLE","NotApplicable","InfWideConservative","STATIC_CANDIDATE","NotEstablished","","","0","0","","1.19","","","0"
"24.Q4","RDNACombined","Audio","d0_amd-software-pro-edition-24.q4-win10-win11-nov-rdna-combined.exe_cec8cd3ea04a\Packages\Drivers\Audio\SDWS\WT64A\amdsdwsext\amdsdwsext.inf","Windows Server 2019","17763","NativeApplicable","NativeApplicable","NATIVE_CANDIDATE","NativeCandidate","InfWideConservative","STATIC_CANDIDATE","NotEstablished","AmdDeviceExtensions.NTamd64.10.0...16299","AmdDeviceExtensions.NTamd64.10.0...16299","4","4","","1.27","1.27","","0"
"24.Q4","RDNACombined","Audio","d0_amd-software-pro-edition-24.q4-win10-win11-nov-rdna-combined.exe_cec8cd3ea04a\Packages\Drivers\Audio\SDWS\WT64A\amdsdwsext\amdsdwsext.inf","Windows Server 2022","20348","NativeApplicable","NativeApplicable","NATIVE_CANDIDATE","NativeCandidate","InfWideConservative","STATIC_CANDIDATE","NotEstablished","AmdDeviceExtensions.NTamd64.10.0...16299","AmdDeviceExtensions.NTamd64.10.0...16299","4","4","","1.33","","","0"
"24.Q4","RDNACombined","Audio","d0_amd-software-pro-edition-24.q4-win10-win11-nov-rdna-combined.exe_cec8cd3ea04a\Packages\Drivers\Audio\SDWS\WT64A\amdsdwsext\amdsdwsext.inf","Windows Server 2025","26100","NativeApplicable","NativeApplicable","NATIVE_CANDIDATE","NativeCandidate","InfWideConservative","STATIC_CANDIDATE","NotEstablished","AmdDeviceExtensions.NTamd64.10.0...16299","AmdDeviceExtensions.NTamd64.10.0...16299","4","4","","1.33","1.35","","0"
"24.Q4","RDNACombined","Display","d0_amd-software-pro-edition-24.q4-win10-win11-nov-rdna-combined.exe_cec8cd3ea04a\Packages\Drivers\Display\WT6A_INF\u0410304.inf","Windows Server 2016","14393","NotApplicableByBuild","ExplicitlyExcluded","NOT_APPLICABLE","NotApplicable","InfWideConservative","STATIC_CANDIDATE","NotEstablished","","ATI.Mfg.NTamd64.10.0.1;ATI.Mfg.NTamd64.6.0.1;ATI.Mfg.NTamd64.6.1.1;ATI.Mfg.NTamd64.6.2.1;ATI.Mfg.NTamd64.6.3.1","0","0","","1.19","","","1"
"24.Q4","RDNACombined","Display","d0_amd-software-pro-edition-24.q4-win10-win11-nov-rdna-combined.exe_cec8cd3ea04a\Packages\Drivers\Display\WT6A_INF\u0410304.inf","Windows Server 2019","17763","NotApplicableByProductType","ProjectionCandidate","PATCH_CANDIDATE","ProjectionCandidate","InfWideConservative","STATIC_CANDIDATE","NotEstablished","","ATI.Mfg.NTamd64.10.0.1..16299","0","4437","","1.27","1.27","","1"
"24.Q4","RDNACombined","Display","d0_amd-software-pro-edition-24.q4-win10-win11-nov-rdna-combined.exe_cec8cd3ea04a\Packages\Drivers\Display\WT6A_INF\u0410304.inf","Windows Server 2022","20348","NotApplicableByProductType","ProjectionCandidate","PATCH_CANDIDATE","ProjectionCandidate","InfWideConservative","STATIC_CANDIDATE","NotEstablished","","ATI.Mfg.NTamd64.10.0.1..16299","0","4437","","1.33","","","1"
"24.Q4","RDNACombined","Display","d0_amd-software-pro-edition-24.q4-win10-win11-nov-rdna-combined.exe_cec8cd3ea04a\Packages\Drivers\Display\WT6A_INF\u0410304.inf","Windows Server 2025","26100","NotApplicableByProductType","ProjectionCandidate","PATCH_CANDIDATE","ProjectionCandidate","InfWideConservative","STATIC_CANDIDATE","NotEstablished","","ATI.Mfg.NTamd64.10.0.1..16299","0","4437","","1.33","1.35","","1"
"24.Q4","RDNACombined","Display","d0_amd-software-pro-edition-24.q4-win10-win11-nov-rdna-combined.exe_cec8cd3ea04a\Packages\Drivers\Display\WT6A_INF\amdfdans\AMDFDANS.inf","Windows Server 2016","14393","NotApplicableByBuild","NotApplicableByBuild","NOT_APPLICABLE","NotApplicable","InfWideConservative","STATIC_CANDIDATE","NotEstablished","","","0","0","","1.19","","","0"
"24.Q4","RDNACombined","Display","d0_amd-software-pro-edition-24.q4-win10-win11-nov-rdna-combined.exe_cec8cd3ea04a\Packages\Drivers\Display\WT6A_INF\amdfdans\AMDFDANS.inf","Windows Server 2019","17763","NativeApplicable","NativeApplicable","NATIVE_CANDIDATE","NativeCandidate","InfWideConservative","STATIC_CANDIDATE","NotEstablished","AMD.Mfg.NTamd64.10.0...16299","AMD.Mfg.NTamd64.10.0...16299","1","1","","1.27","1.27","","0"
"24.Q4","RDNACombined","Display","d0_amd-software-pro-edition-24.q4-win10-win11-nov-rdna-combined.exe_cec8cd3ea04a\Packages\Drivers\Display\WT6A_INF\amdfdans\AMDFDANS.inf","Windows Server 2022","20348","NativeApplicable","NativeApplicable","NATIVE_CANDIDATE","NativeCandidate","InfWideConservative","STATIC_CANDIDATE","NotEstablished","AMD.Mfg.NTamd64.10.0...16299","AMD.Mfg.NTamd64.10.0...16299","1","1","","1.33","","","0"
"24.Q4","RDNACombined","Display","d0_amd-software-pro-edition-24.q4-win10-win11-nov-rdna-combined.exe_cec8cd3ea04a\Packages\Drivers\Display\WT6A_INF\amdfdans\AMDFDANS.inf","Windows Server 2025","26100","NativeApplicable","NativeApplicable","NATIVE_CANDIDATE","NativeCandidate","InfWideConservative","STATIC_CANDIDATE","NotEstablished","AMD.Mfg.NTamd64.10.0...16299","AMD.Mfg.NTamd64.10.0...16299","1","1","","1.33","1.35","","0"
"24.Q4","RDNACombined","Display","d0_amd-software-pro-edition-24.q4-win10-win11-nov-rdna-combined.exe_cec8cd3ea04a\Packages\Drivers\Display\WT6A_INF\amdfendr\amdfendr.inf","Windows Server 2016","14393","NotApplicableByBuild","NotApplicableByBuild","NOT_APPLICABLE","NotApplicable","InfWideConservative","STATIC_CANDIDATE","NotEstablished","","","0","0","1.15","1.19","","","0"
"24.Q4","RDNACombined","Display","d0_amd-software-pro-edition-24.q4-win10-win11-nov-rdna-combined.exe_cec8cd3ea04a\Packages\Drivers\Display\WT6A_INF\amdfendr\amdfendr.inf","Windows Server 2019","17763","NativeApplicable","NativeApplicable","NATIVE_CANDIDATE","NativeCandidate","InfWideConservative","STATIC_CANDIDATE","NotEstablished","AMDFENDR_KM.NTAMD64.10.0...16299","AMDFENDR_KM.NTAMD64.10.0...16299","1","1","1.15","1.27","1.27","","0"
"24.Q4","RDNACombined","Display","d0_amd-software-pro-edition-24.q4-win10-win11-nov-rdna-combined.exe_cec8cd3ea04a\Packages\Drivers\Display\WT6A_INF\amdfendr\amdfendr.inf","Windows Server 2022","20348","NativeApplicable","NativeApplicable","NATIVE_CANDIDATE","NativeCandidate","InfWideConservative","STATIC_CANDIDATE","NotEstablished","AMDFENDR_KM.NTAMD64.10.0...16299","AMDFENDR_KM.NTAMD64.10.0...16299","1","1","1.15","1.33","","","0"
"24.Q4","RDNACombined","Display","d0_amd-software-pro-edition-24.q4-win10-win11-nov-rdna-combined.exe_cec8cd3ea04a\Packages\Drivers\Display\WT6A_INF\amdfendr\amdfendr.inf","Windows Server 2025","26100","NativeApplicable","NativeApplicable","NATIVE_CANDIDATE","NativeCandidate","InfWideConservative","STATIC_CANDIDATE","NotEstablished","AMDFENDR_KM.NTAMD64.10.0...16299","AMDFENDR_KM.NTAMD64.10.0...16299","1","1","1.15","1.33","1.35","","0"
"24.Q4","RDNACombined","Display","d0_amd-software-pro-edition-24.q4-win10-win11-nov-rdna-combined.exe_cec8cd3ea04a\Packages\Drivers\Display\WT6A_INF\amdocl\amdocl.inf","Windows Server 2016","14393","NotApplicableByBuild","NotApplicableByBuild","NOT_APPLICABLE","NotApplicable","InfWideConservative","STATIC_CANDIDATE","NotEstablished","","","0","0","","1.19","","","0"
"24.Q4","RDNACombined","Display","d0_amd-software-pro-edition-24.q4-win10-win11-nov-rdna-combined.exe_cec8cd3ea04a\Packages\Drivers\Display\WT6A_INF\amdocl\amdocl.inf","Windows Server 2019","17763","NativeApplicable","NativeApplicable","NATIVE_CANDIDATE","NativeCandidate","InfWideConservative","STATIC_CANDIDATE","NotEstablished","AMD.Mfg.NTamd64.10.0...16299","AMD.Mfg.NTamd64.10.0...16299","1","1","","1.27","1.27","","0"
"24.Q4","RDNACombined","Display","d0_amd-software-pro-edition-24.q4-win10-win11-nov-rdna-combined.exe_cec8cd3ea04a\Packages\Drivers\Display\WT6A_INF\amdocl\amdocl.inf","Windows Server 2022","20348","NativeApplicable","NativeApplicable","NATIVE_CANDIDATE","NativeCandidate","InfWideConservative","STATIC_CANDIDATE","NotEstablished","AMD.Mfg.NTamd64.10.0...16299","AMD.Mfg.NTamd64.10.0...16299","1","1","","1.33","","","0"
"24.Q4","RDNACombined","Display","d0_amd-software-pro-edition-24.q4-win10-win11-nov-rdna-combined.exe_cec8cd3ea04a\Packages\Drivers\Display\WT6A_INF\amdocl\amdocl.inf","Windows Server 2025","26100","NativeApplicable","NativeApplicable","NATIVE_CANDIDATE","NativeCandidate","InfWideConservative","STATIC_CANDIDATE","NotEstablished","AMD.Mfg.NTamd64.10.0...16299","AMD.Mfg.NTamd64.10.0...16299","1","1","","1.33","1.35","","0"
"24.Q4","RDNACombined","Display","d0_amd-software-pro-edition-24.q4-win10-win11-nov-rdna-combined.exe_cec8cd3ea04a\Packages\Drivers\Display\WT6A_INF\amdpcibridge\amdpcibridgeextension.inf","Windows Server 2016","14393","NativeApplicable","NativeApplicable","NATIVE_CANDIDATE","NativeCandidate","InfWideConservative","STATIC_CANDIDATE","NotEstablished","DeviceExtensions.NTamd64","DeviceExtensions.NTamd64","2","2","","1.19","","","0"
"24.Q4","RDNACombined","Display","d0_amd-software-pro-edition-24.q4-win10-win11-nov-rdna-combined.exe_cec8cd3ea04a\Packages\Drivers\Display\WT6A_INF\amdpcibridge\amdpcibridgeextension.inf","Windows Server 2019","17763","NativeApplicable","NativeApplicable","NATIVE_CANDIDATE","NativeCandidate","InfWideConservative","STATIC_CANDIDATE","NotEstablished","DeviceExtensions.NTamd64","DeviceExtensions.NTamd64","2","2","","1.27","1.27","","0"
"24.Q4","RDNACombined","Display","d0_amd-software-pro-edition-24.q4-win10-win11-nov-rdna-combined.exe_cec8cd3ea04a\Packages\Drivers\Display\WT6A_INF\amdpcibridge\amdpcibridgeextension.inf","Windows Server 2022","20348","NativeApplicable","NativeApplicable","NATIVE_CANDIDATE","NativeCandidate","InfWideConservative","STATIC_CANDIDATE","NotEstablished","DeviceExtensions.NTamd64","DeviceExtensions.NTamd64","2","2","","1.33","","","0"
"24.Q4","RDNACombined","Display","d0_amd-software-pro-edition-24.q4-win10-win11-nov-rdna-combined.exe_cec8cd3ea04a\Packages\Drivers\Display\WT6A_INF\amdpcibridge\amdpcibridgeextension.inf","Windows Server 2025","26100","NativeApplicable","NativeApplicable","NATIVE_CANDIDATE","NativeCandidate","InfWideConservative","STATIC_CANDIDATE","NotEstablished","DeviceExtensions.NTamd64","DeviceExtensions.NTamd64","2","2","","1.33","1.35","","0"
"24.Q4","RDNACombined","Display","d0_amd-software-pro-edition-24.q4-win10-win11-nov-rdna-combined.exe_cec8cd3ea04a\Packages\Drivers\Display\WT6A_INF\amdwin\amdwin-u0410304.inf","Windows Server 2016","14393","NativeApplicable","NativeApplicable","NATIVE_CANDIDATE","NativeCandidate","InfWideConservative","STATIC_CANDIDATE","NotEstablished","AMD.Mfg.NTamd64.10.0","AMD.Mfg.NTamd64.10.0","1","1","","1.19","","","0"
"24.Q4","RDNACombined","Display","d0_amd-software-pro-edition-24.q4-win10-win11-nov-rdna-combined.exe_cec8cd3ea04a\Packages\Drivers\Display\WT6A_INF\amdwin\amdwin-u0410304.inf","Windows Server 2019","17763","NativeApplicable","NativeApplicable","NATIVE_CANDIDATE","NativeCandidate","InfWideConservative","STATIC_CANDIDATE","NotEstablished","AMD.Mfg.NTamd64.10.0","AMD.Mfg.NTamd64.10.0","1","1","","1.27","1.27","","0"
"24.Q4","RDNACombined","Display","d0_amd-software-pro-edition-24.q4-win10-win11-nov-rdna-combined.exe_cec8cd3ea04a\Packages\Drivers\Display\WT6A_INF\amdwin\amdwin-u0410304.inf","Windows Server 2022","20348","NativeApplicable","NativeApplicable","NATIVE_CANDIDATE","NativeCandidate","InfWideConservative","STATIC_CANDIDATE","NotEstablished","AMD.Mfg.NTamd64.10.0","AMD.Mfg.NTamd64.10.0","1","1","","1.33","","","0"
"24.Q4","RDNACombined","Display","d0_amd-software-pro-edition-24.q4-win10-win11-nov-rdna-combined.exe_cec8cd3ea04a\Packages\Drivers\Display\WT6A_INF\amdwin\amdwin-u0410304.inf","Windows Server 2025","26100","NativeApplicable","NativeApplicable","NATIVE_CANDIDATE","NativeCandidate","InfWideConservative","STATIC_CANDIDATE","NotEstablished","AMD.Mfg.NTamd64.10.0","AMD.Mfg.NTamd64.10.0","1","1","","1.33","1.35","","0"
"24.Q4","RDNACombined","Display2","d0_amd-software-pro-edition-24.q4-win10-win11-nov-rdna-combined.exe_cec8cd3ea04a\Packages\Drivers\Display2\WT6A_INF\u0409297.inf","Windows Server 2016","14393","NotApplicableByBuild","ExplicitlyExcluded","NOT_APPLICABLE","NotApplicable","InfWideConservative","STATIC_CANDIDATE","NotEstablished","","ATI.Mfg.NTamd64.10.0.1;ATI.Mfg.NTamd64.6.0.1;ATI.Mfg.NTamd64.6.1.1;ATI.Mfg.NTamd64.6.2.1;ATI.Mfg.NTamd64.6.3.1","0","0","","1.19","","","1"
"24.Q4","RDNACombined","Display2","d0_amd-software-pro-edition-24.q4-win10-win11-nov-rdna-combined.exe_cec8cd3ea04a\Packages\Drivers\Display2\WT6A_INF\u0409297.inf","Windows Server 2019","17763","NotApplicableByProductType","ProjectionCandidate","PATCH_CANDIDATE","ProjectionCandidate","InfWideConservative","STATIC_CANDIDATE","NotEstablished","","ATI.Mfg.NTamd64.10.0.1..16299","0","391","","1.27","1.27","","1"
"24.Q4","RDNACombined","Display2","d0_amd-software-pro-edition-24.q4-win10-win11-nov-rdna-combined.exe_cec8cd3ea04a\Packages\Drivers\Display2\WT6A_INF\u0409297.inf","Windows Server 2022","20348","NotApplicableByProductType","ProjectionCandidate","PATCH_CANDIDATE","ProjectionCandidate","InfWideConservative","STATIC_CANDIDATE","NotEstablished","","ATI.Mfg.NTamd64.10.0.1..16299","0","391","","1.33","","","1"
"24.Q4","RDNACombined","Display2","d0_amd-software-pro-edition-24.q4-win10-win11-nov-rdna-combined.exe_cec8cd3ea04a\Packages\Drivers\Display2\WT6A_INF\u0409297.inf","Windows Server 2025","26100","NotApplicableByProductType","ProjectionCandidate","PATCH_CANDIDATE","ProjectionCandidate","InfWideConservative","STATIC_CANDIDATE","NotEstablished","","ATI.Mfg.NTamd64.10.0.1..16299","0","391","","1.33","1.35","","1"
"24.Q4","RDNACombined","Display2","d0_amd-software-pro-edition-24.q4-win10-win11-nov-rdna-combined.exe_cec8cd3ea04a\Packages\Drivers\Display2\WT6A_INF\amdafd\amdafd.inf","Windows Server 2016","14393","NativeApplicable","NativeApplicable","NATIVE_CANDIDATE","NativeCandidate","InfWideConservative","STATIC_CANDIDATE","NotEstablished","AMD_KMAFD.NTAMD64","AMD_KMAFD.NTAMD64","2","2","","1.19","","","0"
"24.Q4","RDNACombined","Display2","d0_amd-software-pro-edition-24.q4-win10-win11-nov-rdna-combined.exe_cec8cd3ea04a\Packages\Drivers\Display2\WT6A_INF\amdafd\amdafd.inf","Windows Server 2019","17763","NativeApplicable","NativeApplicable","NATIVE_CANDIDATE","NativeCandidate","InfWideConservative","STATIC_CANDIDATE","NotEstablished","AMD_KMAFD.NTAMD64","AMD_KMAFD.NTAMD64","2","2","","1.27","1.27","","0"
"24.Q4","RDNACombined","Display2","d0_amd-software-pro-edition-24.q4-win10-win11-nov-rdna-combined.exe_cec8cd3ea04a\Packages\Drivers\Display2\WT6A_INF\amdafd\amdafd.inf","Windows Server 2022","20348","NativeApplicable","NativeApplicable","NATIVE_CANDIDATE","NativeCandidate","InfWideConservative","STATIC_CANDIDATE","NotEstablished","AMD_KMAFD.NTAMD64","AMD_KMAFD.NTAMD64","2","2","","1.33","","","0"
"24.Q4","RDNACombined","Display2","d0_amd-software-pro-edition-24.q4-win10-win11-nov-rdna-combined.exe_cec8cd3ea04a\Packages\Drivers\Display2\WT6A_INF\amdafd\amdafd.inf","Windows Server 2025","26100","NativeApplicable","NativeApplicable","NATIVE_CANDIDATE","NativeCandidate","InfWideConservative","STATIC_CANDIDATE","NotEstablished","AMD_KMAFD.NTAMD64","AMD_KMAFD.NTAMD64","2","2","","1.33","1.35","","0"
"24.Q4","RDNACombined","Display2","d0_amd-software-pro-edition-24.q4-win10-win11-nov-rdna-combined.exe_cec8cd3ea04a\Packages\Drivers\Display2\WT6A_INF\amdfdans\AMDFDANS.inf","Windows Server 2016","14393","NotApplicableByBuild","NotApplicableByBuild","NOT_APPLICABLE","NotApplicable","InfWideConservative","STATIC_CANDIDATE","NotEstablished","","","0","0","","1.19","","","0"
"24.Q4","RDNACombined","Display2","d0_amd-software-pro-edition-24.q4-win10-win11-nov-rdna-combined.exe_cec8cd3ea04a\Packages\Drivers\Display2\WT6A_INF\amdfdans\AMDFDANS.inf","Windows Server 2019","17763","NativeApplicable","NativeApplicable","NATIVE_CANDIDATE","NativeCandidate","InfWideConservative","STATIC_CANDIDATE","NotEstablished","AMD.Mfg.NTamd64.10.0...16299","AMD.Mfg.NTamd64.10.0...16299","1","1","","1.27","1.27","","0"
"24.Q4","RDNACombined","Display2","d0_amd-software-pro-edition-24.q4-win10-win11-nov-rdna-combined.exe_cec8cd3ea04a\Packages\Drivers\Display2\WT6A_INF\amdfdans\AMDFDANS.inf","Windows Server 2022","20348","NativeApplicable","NativeApplicable","NATIVE_CANDIDATE","NativeCandidate","InfWideConservative","STATIC_CANDIDATE","NotEstablished","AMD.Mfg.NTamd64.10.0...16299","AMD.Mfg.NTamd64.10.0...16299","1","1","","1.33","","","0"
"24.Q4","RDNACombined","Display2","d0_amd-software-pro-edition-24.q4-win10-win11-nov-rdna-combined.exe_cec8cd3ea04a\Packages\Drivers\Display2\WT6A_INF\amdfdans\AMDFDANS.inf","Windows Server 2025","26100","NativeApplicable","NativeApplicable","NATIVE_CANDIDATE","NativeCandidate","InfWideConservative","STATIC_CANDIDATE","NotEstablished","AMD.Mfg.NTamd64.10.0...16299","AMD.Mfg.NTamd64.10.0...16299","1","1","","1.33","1.35","","0"
"24.Q4","RDNACombined","Display2","d0_amd-software-pro-edition-24.q4-win10-win11-nov-rdna-combined.exe_cec8cd3ea04a\Packages\Drivers\Display2\WT6A_INF\amdfendr\amdfendr.inf","Windows Server 2016","14393","NotApplicableByBuild","NotApplicableByBuild","NOT_APPLICABLE","NotApplicable","InfWideConservative","STATIC_CANDIDATE","NotEstablished","","","0","0","1.15","1.19","","","0"
"24.Q4","RDNACombined","Display2","d0_amd-software-pro-edition-24.q4-win10-win11-nov-rdna-combined.exe_cec8cd3ea04a\Packages\Drivers\Display2\WT6A_INF\amdfendr\amdfendr.inf","Windows Server 2019","17763","NativeApplicable","NativeApplicable","NATIVE_CANDIDATE","NativeCandidate","InfWideConservative","STATIC_CANDIDATE","NotEstablished","AMDFENDR_KM.NTAMD64.10.0...16299","AMDFENDR_KM.NTAMD64.10.0...16299","1","1","1.15","1.27","1.27","","0"
"24.Q4","RDNACombined","Display2","d0_amd-software-pro-edition-24.q4-win10-win11-nov-rdna-combined.exe_cec8cd3ea04a\Packages\Drivers\Display2\WT6A_INF\amdfendr\amdfendr.inf","Windows Server 2022","20348","NativeApplicable","NativeApplicable","NATIVE_CANDIDATE","NativeCandidate","InfWideConservative","STATIC_CANDIDATE","NotEstablished","AMDFENDR_KM.NTAMD64.10.0...16299","AMDFENDR_KM.NTAMD64.10.0...16299","1","1","1.15","1.33","","","0"
"24.Q4","RDNACombined","Display2","d0_amd-software-pro-edition-24.q4-win10-win11-nov-rdna-combined.exe_cec8cd3ea04a\Packages\Drivers\Display2\WT6A_INF\amdfendr\amdfendr.inf","Windows Server 2025","26100","NativeApplicable","NativeApplicable","NATIVE_CANDIDATE","NativeCandidate","InfWideConservative","STATIC_CANDIDATE","NotEstablished","AMDFENDR_KM.NTAMD64.10.0...16299","AMDFENDR_KM.NTAMD64.10.0...16299","1","1","1.15","1.33","1.35","","0"
"24.Q4","RDNACombined","Display2","d0_amd-software-pro-edition-24.q4-win10-win11-nov-rdna-combined.exe_cec8cd3ea04a\Packages\Drivers\Display2\WT6A_INF\amdocl\amdocl.inf","Windows Server 2016","14393","NotApplicableByBuild","NotApplicableByBuild","NOT_APPLICABLE","NotApplicable","InfWideConservative","STATIC_CANDIDATE","NotEstablished","","","0","0","","1.19","","","0"
"24.Q4","RDNACombined","Display2","d0_amd-software-pro-edition-24.q4-win10-win11-nov-rdna-combined.exe_cec8cd3ea04a\Packages\Drivers\Display2\WT6A_INF\amdocl\amdocl.inf","Windows Server 2019","17763","NativeApplicable","NativeApplicable","NATIVE_CANDIDATE","NativeCandidate","InfWideConservative","STATIC_CANDIDATE","NotEstablished","AMD.Mfg.NTamd64.10.0...16299","AMD.Mfg.NTamd64.10.0...16299","1","1","","1.27","1.27","","0"
"24.Q4","RDNACombined","Display2","d0_amd-software-pro-edition-24.q4-win10-win11-nov-rdna-combined.exe_cec8cd3ea04a\Packages\Drivers\Display2\WT6A_INF\amdocl\amdocl.inf","Windows Server 2022","20348","NativeApplicable","NativeApplicable","NATIVE_CANDIDATE","NativeCandidate","InfWideConservative","STATIC_CANDIDATE","NotEstablished","AMD.Mfg.NTamd64.10.0...16299","AMD.Mfg.NTamd64.10.0...16299","1","1","","1.33","","","0"
"24.Q4","RDNACombined","Display2","d0_amd-software-pro-edition-24.q4-win10-win11-nov-rdna-combined.exe_cec8cd3ea04a\Packages\Drivers\Display2\WT6A_INF\amdocl\amdocl.inf","Windows Server 2025","26100","NativeApplicable","NativeApplicable","NATIVE_CANDIDATE","NativeCandidate","InfWideConservative","STATIC_CANDIDATE","NotEstablished","AMD.Mfg.NTamd64.10.0...16299","AMD.Mfg.NTamd64.10.0...16299","1","1","","1.33","1.35","","0"
"24.Q4","RDNACombined","Display2","d0_amd-software-pro-edition-24.q4-win10-win11-nov-rdna-combined.exe_cec8cd3ea04a\Packages\Drivers\Display2\WT6A_INF\amdpcibridge\amdpcibridgeextension.inf","Windows Server 2016","14393","NativeApplicable","NativeApplicable","NATIVE_CANDIDATE","NativeCandidate","InfWideConservative","STATIC_CANDIDATE","NotEstablished","DeviceExtensions.NTamd64","DeviceExtensions.NTamd64","2","2","","1.19","","","0"
"24.Q4","RDNACombined","Display2","d0_amd-software-pro-edition-24.q4-win10-win11-nov-rdna-combined.exe_cec8cd3ea04a\Packages\Drivers\Display2\WT6A_INF\amdpcibridge\amdpcibridgeextension.inf","Windows Server 2019","17763","NativeApplicable","NativeApplicable","NATIVE_CANDIDATE","NativeCandidate","InfWideConservative","STATIC_CANDIDATE","NotEstablished","DeviceExtensions.NTamd64","DeviceExtensions.NTamd64","2","2","","1.27","1.27","","0"
"24.Q4","RDNACombined","Display2","d0_amd-software-pro-edition-24.q4-win10-win11-nov-rdna-combined.exe_cec8cd3ea04a\Packages\Drivers\Display2\WT6A_INF\amdpcibridge\amdpcibridgeextension.inf","Windows Server 2022","20348","NativeApplicable","NativeApplicable","NATIVE_CANDIDATE","NativeCandidate","InfWideConservative","STATIC_CANDIDATE","NotEstablished","DeviceExtensions.NTamd64","DeviceExtensions.NTamd64","2","2","","1.33","","","0"
"24.Q4","RDNACombined","Display2","d0_amd-software-pro-edition-24.q4-win10-win11-nov-rdna-combined.exe_cec8cd3ea04a\Packages\Drivers\Display2\WT6A_INF\amdpcibridge\amdpcibridgeextension.inf","Windows Server 2025","26100","NativeApplicable","NativeApplicable","NATIVE_CANDIDATE","NativeCandidate","InfWideConservative","STATIC_CANDIDATE","NotEstablished","DeviceExtensions.NTamd64","DeviceExtensions.NTamd64","2","2","","1.33","1.35","","0"
"24.Q4","RDNACombined","Display2","d0_amd-software-pro-edition-24.q4-win10-win11-nov-rdna-combined.exe_cec8cd3ea04a\Packages\Drivers\Display2\WT6A_INF\amdwin\amdwin-u0409297.inf","Windows Server 2016","14393","NativeApplicable","NativeApplicable","NATIVE_CANDIDATE","NativeCandidate","InfWideConservative","STATIC_CANDIDATE","NotEstablished","AMD.Mfg.NTamd64.10.0","AMD.Mfg.NTamd64.10.0","1","1","","1.19","","","0"
"24.Q4","RDNACombined","Display2","d0_amd-software-pro-edition-24.q4-win10-win11-nov-rdna-combined.exe_cec8cd3ea04a\Packages\Drivers\Display2\WT6A_INF\amdwin\amdwin-u0409297.inf","Windows Server 2019","17763","NativeApplicable","NativeApplicable","NATIVE_CANDIDATE","NativeCandidate","InfWideConservative","STATIC_CANDIDATE","NotEstablished","AMD.Mfg.NTamd64.10.0","AMD.Mfg.NTamd64.10.0","1","1","","1.27","1.27","","0"
"24.Q4","RDNACombined","Display2","d0_amd-software-pro-edition-24.q4-win10-win11-nov-rdna-combined.exe_cec8cd3ea04a\Packages\Drivers\Display2\WT6A_INF\amdwin\amdwin-u0409297.inf","Windows Server 2022","20348","NativeApplicable","NativeApplicable","NATIVE_CANDIDATE","NativeCandidate","InfWideConservative","STATIC_CANDIDATE","NotEstablished","AMD.Mfg.NTamd64.10.0","AMD.Mfg.NTamd64.10.0","1","1","","1.33","","","0"
"24.Q4","RDNACombined","Display2","d0_amd-software-pro-edition-24.q4-win10-win11-nov-rdna-combined.exe_cec8cd3ea04a\Packages\Drivers\Display2\WT6A_INF\amdwin\amdwin-u0409297.inf","Windows Server 2025","26100","NativeApplicable","NativeApplicable","NATIVE_CANDIDATE","NativeCandidate","InfWideConservative","STATIC_CANDIDATE","NotEstablished","AMD.Mfg.NTamd64.10.0","AMD.Mfg.NTamd64.10.0","1","1","","1.33","1.35","","0"
"24.Q4","RDNACombined","RadeonLED","d0_amd-software-pro-edition-24.q4-win10-win11-nov-rdna-combined.exe_cec8cd3ea04a\Packages\Drivers\RadeonLED\WT64A\amdusbledfd.inf","Windows Server 2016","14393","NativeApplicable","NativeApplicable","NATIVE_CANDIDATE","NativeCandidate","InfWideConservative","STATIC_CANDIDATE","NotEstablished","AMD_USBLEDFD.NTamd64","AMD_USBLEDFD.NTamd64","6","6","","1.19","","","1"
"24.Q4","RDNACombined","RadeonLED","d0_amd-software-pro-edition-24.q4-win10-win11-nov-rdna-combined.exe_cec8cd3ea04a\Packages\Drivers\RadeonLED\WT64A\amdusbledfd.inf","Windows Server 2019","17763","NativeApplicable","NativeApplicable","NATIVE_CANDIDATE","NativeCandidate","InfWideConservative","STATIC_CANDIDATE","NotEstablished","AMD_USBLEDFD.NTamd64","AMD_USBLEDFD.NTamd64","6","6","","1.27","1.27","","1"
"24.Q4","RDNACombined","RadeonLED","d0_amd-software-pro-edition-24.q4-win10-win11-nov-rdna-combined.exe_cec8cd3ea04a\Packages\Drivers\RadeonLED\WT64A\amdusbledfd.inf","Windows Server 2022","20348","NativeApplicable","NativeApplicable","NATIVE_CANDIDATE","NativeCandidate","InfWideConservative","STATIC_CANDIDATE","NotEstablished","AMD_USBLEDFD.NTamd64","AMD_USBLEDFD.NTamd64","6","6","","1.33","","","1"
"24.Q4","RDNACombined","RadeonLED","d0_amd-software-pro-edition-24.q4-win10-win11-nov-rdna-combined.exe_cec8cd3ea04a\Packages\Drivers\RadeonLED\WT64A\amdusbledfd.inf","Windows Server 2025","26100","NativeApplicable","NativeApplicable","NATIVE_CANDIDATE","NativeCandidate","InfWideConservative","STATIC_CANDIDATE","NotEstablished","AMD_USBLEDFD.NTamd64","AMD_USBLEDFD.NTamd64","6","6","","1.33","1.35","","1"
"24.Q4","RDNACombined","SBDrv","d0_amd-software-pro-edition-24.q4-win10-win11-nov-rdna-combined.exe_cec8cd3ea04a\Packages\Drivers\SBDrv\AMDUCSI\WT64A\amducsi.inf","Windows Server 2016","14393","NativeApplicable","NativeApplicable","NATIVE_CANDIDATE","NativeCandidate","InfWideConservative","STATIC_CANDIDATE","NotEstablished","AMD.NTamd64","AMD.NTamd64","5","5","1.15","1.19","","","1"
"24.Q4","RDNACombined","SBDrv","d0_amd-software-pro-edition-24.q4-win10-win11-nov-rdna-combined.exe_cec8cd3ea04a\Packages\Drivers\SBDrv\AMDUCSI\WT64A\amducsi.inf","Windows Server 2019","17763","NativeApplicable","NativeApplicable","NATIVE_CANDIDATE","NativeCandidate","InfWideConservative","STATIC_CANDIDATE","NotEstablished","AMD.NTamd64","AMD.NTamd64","5","5","1.15","1.27","1.27","","1"
"24.Q4","RDNACombined","SBDrv","d0_amd-software-pro-edition-24.q4-win10-win11-nov-rdna-combined.exe_cec8cd3ea04a\Packages\Drivers\SBDrv\AMDUCSI\WT64A\amducsi.inf","Windows Server 2022","20348","NativeApplicable","NativeApplicable","NATIVE_CANDIDATE","NativeCandidate","InfWideConservative","STATIC_CANDIDATE","NotEstablished","AMD.NTamd64","AMD.NTamd64","5","5","1.15","1.33","","","1"
"24.Q4","RDNACombined","SBDrv","d0_amd-software-pro-edition-24.q4-win10-win11-nov-rdna-combined.exe_cec8cd3ea04a\Packages\Drivers\SBDrv\AMDUCSI\WT64A\amducsi.inf","Windows Server 2025","26100","NativeApplicable","NativeApplicable","NATIVE_CANDIDATE","NativeCandidate","InfWideConservative","STATIC_CANDIDATE","NotEstablished","AMD.NTamd64","AMD.NTamd64","5","5","1.15","1.33","1.35","","1"
"24.Q4","RDNACombined","Display","d0_amd-software-pro-edition-24.q4-winsvr2019-nov-rdna-combined.exe_deba65ba3546\Packages\Drivers\Display\WT6A_INF\u9410270.inf","Windows Server 2016","14393","ExplicitlyExcluded","ExplicitlyExcluded","NOT_APPLICABLE","NotApplicable","InfWideConservative","STATIC_CANDIDATE","NotEstablished","ATI.Mfg.NTamd64.10.0.3;ATI.Mfg.NTamd64.6.0.3;ATI.Mfg.NTamd64.6.1.3;ATI.Mfg.NTamd64.6.2.3;ATI.Mfg.NTamd64.6.3.3","ATI.Mfg.NTamd64.10.0.3;ATI.Mfg.NTamd64.6.0.3;ATI.Mfg.NTamd64.6.1.3;ATI.Mfg.NTamd64.6.2.3;ATI.Mfg.NTamd64.6.3.3","0","0","","1.19","","","1"
"24.Q4","RDNACombined","Display","d0_amd-software-pro-edition-24.q4-winsvr2019-nov-rdna-combined.exe_deba65ba3546\Packages\Drivers\Display\WT6A_INF\u9410270.inf","Windows Server 2019","17763","NativeApplicable","NativeApplicable","NATIVE_CANDIDATE","NativeCandidate","InfWideConservative","STATIC_CANDIDATE","NotEstablished","ATI.Mfg.NTamd64.10.0.3..17763","ATI.Mfg.NTamd64.10.0.3..17763","270","270","","1.27","1.27","","1"
"24.Q4","RDNACombined","Display","d0_amd-software-pro-edition-24.q4-winsvr2019-nov-rdna-combined.exe_deba65ba3546\Packages\Drivers\Display\WT6A_INF\u9410270.inf","Windows Server 2022","20348","NativeApplicable","NativeApplicable","NATIVE_CANDIDATE","NativeCandidate","InfWideConservative","STATIC_CANDIDATE","NotEstablished","ATI.Mfg.NTamd64.10.0.3..17763","ATI.Mfg.NTamd64.10.0.3..17763","270","270","","1.33","","","1"
"24.Q4","RDNACombined","Display","d0_amd-software-pro-edition-24.q4-winsvr2019-nov-rdna-combined.exe_deba65ba3546\Packages\Drivers\Display\WT6A_INF\u9410270.inf","Windows Server 2025","26100","NativeApplicable","NativeApplicable","NATIVE_CANDIDATE","NativeCandidate","InfWideConservative","STATIC_CANDIDATE","NotEstablished","ATI.Mfg.NTamd64.10.0.3..17763","ATI.Mfg.NTamd64.10.0.3..17763","270","270","","1.33","1.35","","1"
"24.Q4","RDNACombined","Display","d0_amd-software-pro-edition-24.q4-winsvr2019-nov-rdna-combined.exe_deba65ba3546\Packages\Drivers\Display\WT6A_INF\amdfendr\amdfendr.inf","Windows Server 2016","14393","NotApplicableByBuild","NotApplicableByBuild","NOT_APPLICABLE","NotApplicable","InfWideConservative","STATIC_CANDIDATE","NotEstablished","","","0","0","1.15","1.19","","","0"
"24.Q4","RDNACombined","Display","d0_amd-software-pro-edition-24.q4-winsvr2019-nov-rdna-combined.exe_deba65ba3546\Packages\Drivers\Display\WT6A_INF\amdfendr\amdfendr.inf","Windows Server 2019","17763","NativeApplicable","NativeApplicable","NATIVE_CANDIDATE","NativeCandidate","InfWideConservative","STATIC_CANDIDATE","NotEstablished","AMDFENDR_KM.NTAMD64.10.0...16299","AMDFENDR_KM.NTAMD64.10.0...16299","1","1","1.15","1.27","1.27","","0"
"24.Q4","RDNACombined","Display","d0_amd-software-pro-edition-24.q4-winsvr2019-nov-rdna-combined.exe_deba65ba3546\Packages\Drivers\Display\WT6A_INF\amdfendr\amdfendr.inf","Windows Server 2022","20348","NativeApplicable","NativeApplicable","NATIVE_CANDIDATE","NativeCandidate","InfWideConservative","STATIC_CANDIDATE","NotEstablished","AMDFENDR_KM.NTAMD64.10.0...16299","AMDFENDR_KM.NTAMD64.10.0...16299","1","1","1.15","1.33","","","0"
"24.Q4","RDNACombined","Display","d0_amd-software-pro-edition-24.q4-winsvr2019-nov-rdna-combined.exe_deba65ba3546\Packages\Drivers\Display\WT6A_INF\amdfendr\amdfendr.inf","Windows Server 2025","26100","NativeApplicable","NativeApplicable","NATIVE_CANDIDATE","NativeCandidate","InfWideConservative","STATIC_CANDIDATE","NotEstablished","AMDFENDR_KM.NTAMD64.10.0...16299","AMDFENDR_KM.NTAMD64.10.0...16299","1","1","1.15","1.33","1.35","","0"
"24.Q4","RDNACombined","Display","d0_amd-software-pro-edition-24.q4-winsvr2019-nov-rdna-combined.exe_deba65ba3546\Packages\Drivers\Display\WT6A_INF\amdocl\amdocl.inf","Windows Server 2016","14393","NotApplicableByBuild","NotApplicableByBuild","NOT_APPLICABLE","NotApplicable","InfWideConservative","STATIC_CANDIDATE","NotEstablished","","","0","0","","1.19","","","0"
"24.Q4","RDNACombined","Display","d0_amd-software-pro-edition-24.q4-winsvr2019-nov-rdna-combined.exe_deba65ba3546\Packages\Drivers\Display\WT6A_INF\amdocl\amdocl.inf","Windows Server 2019","17763","NativeApplicable","NativeApplicable","NATIVE_CANDIDATE","NativeCandidate","InfWideConservative","STATIC_CANDIDATE","NotEstablished","AMD.Mfg.NTamd64.10.0...16299","AMD.Mfg.NTamd64.10.0...16299","1","1","","1.27","1.27","","0"
"24.Q4","RDNACombined","Display","d0_amd-software-pro-edition-24.q4-winsvr2019-nov-rdna-combined.exe_deba65ba3546\Packages\Drivers\Display\WT6A_INF\amdocl\amdocl.inf","Windows Server 2022","20348","NativeApplicable","NativeApplicable","NATIVE_CANDIDATE","NativeCandidate","InfWideConservative","STATIC_CANDIDATE","NotEstablished","AMD.Mfg.NTamd64.10.0...16299","AMD.Mfg.NTamd64.10.0...16299","1","1","","1.33","","","0"
"24.Q4","RDNACombined","Display","d0_amd-software-pro-edition-24.q4-winsvr2019-nov-rdna-combined.exe_deba65ba3546\Packages\Drivers\Display\WT6A_INF\amdocl\amdocl.inf","Windows Server 2025","26100","NativeApplicable","NativeApplicable","NATIVE_CANDIDATE","NativeCandidate","InfWideConservative","STATIC_CANDIDATE","NotEstablished","AMD.Mfg.NTamd64.10.0...16299","AMD.Mfg.NTamd64.10.0...16299","1","1","","1.33","1.35","","0"
"24.Q4","RDNACombined","Display","d0_amd-software-pro-edition-24.q4-winsvr2019-nov-rdna-combined.exe_deba65ba3546\Packages\Drivers\Display\WT6A_INF\amdwin\amdwin-u9410270.inf","Windows Server 2016","14393","NativeApplicable","NativeApplicable","NATIVE_CANDIDATE","NativeCandidate","InfWideConservative","STATIC_CANDIDATE","NotEstablished","AMD.Mfg.NTamd64.10.0","AMD.Mfg.NTamd64.10.0","1","1","","1.19","","","0"
"24.Q4","RDNACombined","Display","d0_amd-software-pro-edition-24.q4-winsvr2019-nov-rdna-combined.exe_deba65ba3546\Packages\Drivers\Display\WT6A_INF\amdwin\amdwin-u9410270.inf","Windows Server 2019","17763","NativeApplicable","NativeApplicable","NATIVE_CANDIDATE","NativeCandidate","InfWideConservative","STATIC_CANDIDATE","NotEstablished","AMD.Mfg.NTamd64.10.0","AMD.Mfg.NTamd64.10.0","1","1","","1.27","1.27","","0"
"24.Q4","RDNACombined","Display","d0_amd-software-pro-edition-24.q4-winsvr2019-nov-rdna-combined.exe_deba65ba3546\Packages\Drivers\Display\WT6A_INF\amdwin\amdwin-u9410270.inf","Windows Server 2022","20348","NativeApplicable","NativeApplicable","NATIVE_CANDIDATE","NativeCandidate","InfWideConservative","STATIC_CANDIDATE","NotEstablished","AMD.Mfg.NTamd64.10.0","AMD.Mfg.NTamd64.10.0","1","1","","1.33","","","0"
"24.Q4","RDNACombined","Display","d0_amd-software-pro-edition-24.q4-winsvr2019-nov-rdna-combined.exe_deba65ba3546\Packages\Drivers\Display\WT6A_INF\amdwin\amdwin-u9410270.inf","Windows Server 2025","26100","NativeApplicable","NativeApplicable","NATIVE_CANDIDATE","NativeCandidate","InfWideConservative","STATIC_CANDIDATE","NotEstablished","AMD.Mfg.NTamd64.10.0","AMD.Mfg.NTamd64.10.0","1","1","","1.33","1.35","","0"
"24.Q4","RDNACombined","Display2","d0_amd-software-pro-edition-24.q4-winsvr2019-nov-rdna-combined.exe_deba65ba3546\Packages\Drivers\Display2\WT6A_INF\u9410271.inf","Windows Server 2016","14393","ExplicitlyExcluded","ExplicitlyExcluded","NOT_APPLICABLE","NotApplicable","InfWideConservative","STATIC_CANDIDATE","NotEstablished","ATI.Mfg.NTamd64.10.0.3;ATI.Mfg.NTamd64.6.0.3;ATI.Mfg.NTamd64.6.1.3;ATI.Mfg.NTamd64.6.2.3;ATI.Mfg.NTamd64.6.3.3","ATI.Mfg.NTamd64.10.0.3;ATI.Mfg.NTamd64.6.0.3;ATI.Mfg.NTamd64.6.1.3;ATI.Mfg.NTamd64.6.2.3;ATI.Mfg.NTamd64.6.3.3","0","0","","1.19","","","1"
"24.Q4","RDNACombined","Display2","d0_amd-software-pro-edition-24.q4-winsvr2019-nov-rdna-combined.exe_deba65ba3546\Packages\Drivers\Display2\WT6A_INF\u9410271.inf","Windows Server 2019","17763","NativeApplicable","NativeApplicable","NATIVE_CANDIDATE","NativeCandidate","InfWideConservative","STATIC_CANDIDATE","NotEstablished","ATI.Mfg.NTamd64.10.0.3..17763","ATI.Mfg.NTamd64.10.0.3..17763","314","314","","1.27","1.27","","1"
"24.Q4","RDNACombined","Display2","d0_amd-software-pro-edition-24.q4-winsvr2019-nov-rdna-combined.exe_deba65ba3546\Packages\Drivers\Display2\WT6A_INF\u9410271.inf","Windows Server 2022","20348","NativeApplicable","NativeApplicable","NATIVE_CANDIDATE","NativeCandidate","InfWideConservative","STATIC_CANDIDATE","NotEstablished","ATI.Mfg.NTamd64.10.0.3..17763","ATI.Mfg.NTamd64.10.0.3..17763","314","314","","1.33","","","1"
"24.Q4","RDNACombined","Display2","d0_amd-software-pro-edition-24.q4-winsvr2019-nov-rdna-combined.exe_deba65ba3546\Packages\Drivers\Display2\WT6A_INF\u9410271.inf","Windows Server 2025","26100","NativeApplicable","NativeApplicable","NATIVE_CANDIDATE","NativeCandidate","InfWideConservative","STATIC_CANDIDATE","NotEstablished","ATI.Mfg.NTamd64.10.0.3..17763","ATI.Mfg.NTamd64.10.0.3..17763","314","314","","1.33","1.35","","1"
"24.Q4","RDNACombined","Display2","d0_amd-software-pro-edition-24.q4-winsvr2019-nov-rdna-combined.exe_deba65ba3546\Packages\Drivers\Display2\WT6A_INF\amdafd\amdafd.inf","Windows Server 2016","14393","NativeApplicable","NativeApplicable","NATIVE_CANDIDATE","NativeCandidate","InfWideConservative","STATIC_CANDIDATE","NotEstablished","AMD_KMAFD.NTAMD64","AMD_KMAFD.NTAMD64","2","2","","1.19","","","0"
"24.Q4","RDNACombined","Display2","d0_amd-software-pro-edition-24.q4-winsvr2019-nov-rdna-combined.exe_deba65ba3546\Packages\Drivers\Display2\WT6A_INF\amdafd\amdafd.inf","Windows Server 2019","17763","NativeApplicable","NativeApplicable","NATIVE_CANDIDATE","NativeCandidate","InfWideConservative","STATIC_CANDIDATE","NotEstablished","AMD_KMAFD.NTAMD64","AMD_KMAFD.NTAMD64","2","2","","1.27","1.27","","0"
"24.Q4","RDNACombined","Display2","d0_amd-software-pro-edition-24.q4-winsvr2019-nov-rdna-combined.exe_deba65ba3546\Packages\Drivers\Display2\WT6A_INF\amdafd\amdafd.inf","Windows Server 2022","20348","NativeApplicable","NativeApplicable","NATIVE_CANDIDATE","NativeCandidate","InfWideConservative","STATIC_CANDIDATE","NotEstablished","AMD_KMAFD.NTAMD64","AMD_KMAFD.NTAMD64","2","2","","1.33","","","0"
"24.Q4","RDNACombined","Display2","d0_amd-software-pro-edition-24.q4-winsvr2019-nov-rdna-combined.exe_deba65ba3546\Packages\Drivers\Display2\WT6A_INF\amdafd\amdafd.inf","Windows Server 2025","26100","NativeApplicable","NativeApplicable","NATIVE_CANDIDATE","NativeCandidate","InfWideConservative","STATIC_CANDIDATE","NotEstablished","AMD_KMAFD.NTAMD64","AMD_KMAFD.NTAMD64","2","2","","1.33","1.35","","0"
"24.Q4","RDNACombined","Display2","d0_amd-software-pro-edition-24.q4-winsvr2019-nov-rdna-combined.exe_deba65ba3546\Packages\Drivers\Display2\WT6A_INF\amdfendr\amdfendr.inf","Windows Server 2016","14393","NotApplicableByBuild","NotApplicableByBuild","NOT_APPLICABLE","NotApplicable","InfWideConservative","STATIC_CANDIDATE","NotEstablished","","","0","0","1.15","1.19","","","0"
"24.Q4","RDNACombined","Display2","d0_amd-software-pro-edition-24.q4-winsvr2019-nov-rdna-combined.exe_deba65ba3546\Packages\Drivers\Display2\WT6A_INF\amdfendr\amdfendr.inf","Windows Server 2019","17763","NativeApplicable","NativeApplicable","NATIVE_CANDIDATE","NativeCandidate","InfWideConservative","STATIC_CANDIDATE","NotEstablished","AMDFENDR_KM.NTAMD64.10.0...16299","AMDFENDR_KM.NTAMD64.10.0...16299","1","1","1.15","1.27","1.27","","0"
"24.Q4","RDNACombined","Display2","d0_amd-software-pro-edition-24.q4-winsvr2019-nov-rdna-combined.exe_deba65ba3546\Packages\Drivers\Display2\WT6A_INF\amdfendr\amdfendr.inf","Windows Server 2022","20348","NativeApplicable","NativeApplicable","NATIVE_CANDIDATE","NativeCandidate","InfWideConservative","STATIC_CANDIDATE","NotEstablished","AMDFENDR_KM.NTAMD64.10.0...16299","AMDFENDR_KM.NTAMD64.10.0...16299","1","1","1.15","1.33","","","0"
"24.Q4","RDNACombined","Display2","d0_amd-software-pro-edition-24.q4-winsvr2019-nov-rdna-combined.exe_deba65ba3546\Packages\Drivers\Display2\WT6A_INF\amdfendr\amdfendr.inf","Windows Server 2025","26100","NativeApplicable","NativeApplicable","NATIVE_CANDIDATE","NativeCandidate","InfWideConservative","STATIC_CANDIDATE","NotEstablished","AMDFENDR_KM.NTAMD64.10.0...16299","AMDFENDR_KM.NTAMD64.10.0...16299","1","1","1.15","1.33","1.35","","0"
"24.Q4","RDNACombined","Display2","d0_amd-software-pro-edition-24.q4-winsvr2019-nov-rdna-combined.exe_deba65ba3546\Packages\Drivers\Display2\WT6A_INF\amdocl\amdocl.inf","Windows Server 2016","14393","NotApplicableByBuild","NotApplicableByBuild","NOT_APPLICABLE","NotApplicable","InfWideConservative","STATIC_CANDIDATE","NotEstablished","","","0","0","","1.19","","","0"
"24.Q4","RDNACombined","Display2","d0_amd-software-pro-edition-24.q4-winsvr2019-nov-rdna-combined.exe_deba65ba3546\Packages\Drivers\Display2\WT6A_INF\amdocl\amdocl.inf","Windows Server 2019","17763","NativeApplicable","NativeApplicable","NATIVE_CANDIDATE","NativeCandidate","InfWideConservative","STATIC_CANDIDATE","NotEstablished","AMD.Mfg.NTamd64.10.0...16299","AMD.Mfg.NTamd64.10.0...16299","1","1","","1.27","1.27","","0"
"24.Q4","RDNACombined","Display2","d0_amd-software-pro-edition-24.q4-winsvr2019-nov-rdna-combined.exe_deba65ba3546\Packages\Drivers\Display2\WT6A_INF\amdocl\amdocl.inf","Windows Server 2022","20348","NativeApplicable","NativeApplicable","NATIVE_CANDIDATE","NativeCandidate","InfWideConservative","STATIC_CANDIDATE","NotEstablished","AMD.Mfg.NTamd64.10.0...16299","AMD.Mfg.NTamd64.10.0...16299","1","1","","1.33","","","0"
"24.Q4","RDNACombined","Display2","d0_amd-software-pro-edition-24.q4-winsvr2019-nov-rdna-combined.exe_deba65ba3546\Packages\Drivers\Display2\WT6A_INF\amdocl\amdocl.inf","Windows Server 2025","26100","NativeApplicable","NativeApplicable","NATIVE_CANDIDATE","NativeCandidate","InfWideConservative","STATIC_CANDIDATE","NotEstablished","AMD.Mfg.NTamd64.10.0...16299","AMD.Mfg.NTamd64.10.0...16299","1","1","","1.33","1.35","","0"
"24.Q4","RDNACombined","Display2","d0_amd-software-pro-edition-24.q4-winsvr2019-nov-rdna-combined.exe_deba65ba3546\Packages\Drivers\Display2\WT6A_INF\amdwin\amdwin-u9410271.inf","Windows Server 2016","14393","NativeApplicable","NativeApplicable","NATIVE_CANDIDATE","NativeCandidate","InfWideConservative","STATIC_CANDIDATE","NotEstablished","AMD.Mfg.NTamd64.10.0","AMD.Mfg.NTamd64.10.0","1","1","","1.19","","","0"
"24.Q4","RDNACombined","Display2","d0_amd-software-pro-edition-24.q4-winsvr2019-nov-rdna-combined.exe_deba65ba3546\Packages\Drivers\Display2\WT6A_INF\amdwin\amdwin-u9410271.inf","Windows Server 2019","17763","NativeApplicable","NativeApplicable","NATIVE_CANDIDATE","NativeCandidate","InfWideConservative","STATIC_CANDIDATE","NotEstablished","AMD.Mfg.NTamd64.10.0","AMD.Mfg.NTamd64.10.0","1","1","","1.27","1.27","","0"
"24.Q4","RDNACombined","Display2","d0_amd-software-pro-edition-24.q4-winsvr2019-nov-rdna-combined.exe_deba65ba3546\Packages\Drivers\Display2\WT6A_INF\amdwin\amdwin-u9410271.inf","Windows Server 2022","20348","NativeApplicable","NativeApplicable","NATIVE_CANDIDATE","NativeCandidate","InfWideConservative","STATIC_CANDIDATE","NotEstablished","AMD.Mfg.NTamd64.10.0","AMD.Mfg.NTamd64.10.0","1","1","","1.33","","","0"
"24.Q4","RDNACombined","Display2","d0_amd-software-pro-edition-24.q4-winsvr2019-nov-rdna-combined.exe_deba65ba3546\Packages\Drivers\Display2\WT6A_INF\amdwin\amdwin-u9410271.inf","Windows Server 2025","26100","NativeApplicable","NativeApplicable","NATIVE_CANDIDATE","NativeCandidate","InfWideConservative","STATIC_CANDIDATE","NotEstablished","AMD.Mfg.NTamd64.10.0","AMD.Mfg.NTamd64.10.0","1","1","","1.33","1.35","","0"
"24.Q4","RDNACombined","Display","d0_amd-software-pro-edition-24.q4-winsvr2022-nov-rdna-combined.exe_0d63d31de750\Packages\Drivers\Display\WT6A_INF\u2410268.inf","Windows Server 2016","14393","ExplicitlyExcluded","ExplicitlyExcluded","NOT_APPLICABLE","NotApplicable","InfWideConservative","STATIC_CANDIDATE","NotEstablished","ATI.Mfg.NTamd64.10.0.3;ATI.Mfg.NTamd64.6.0.3;ATI.Mfg.NTamd64.6.1.3;ATI.Mfg.NTamd64.6.2.3;ATI.Mfg.NTamd64.6.3.3","ATI.Mfg.NTamd64.10.0.3;ATI.Mfg.NTamd64.6.0.3;ATI.Mfg.NTamd64.6.1.3;ATI.Mfg.NTamd64.6.2.3;ATI.Mfg.NTamd64.6.3.3","0","0","","1.19","","","1"
"24.Q4","RDNACombined","Display","d0_amd-software-pro-edition-24.q4-winsvr2022-nov-rdna-combined.exe_0d63d31de750\Packages\Drivers\Display\WT6A_INF\u2410268.inf","Windows Server 2019","17763","ExplicitlyExcluded","ExplicitlyExcluded","NOT_APPLICABLE","NotApplicable","InfWideConservative","STATIC_CANDIDATE","NotEstablished","ATI.Mfg.NTamd64.10.0.3;ATI.Mfg.NTamd64.6.0.3;ATI.Mfg.NTamd64.6.1.3;ATI.Mfg.NTamd64.6.2.3;ATI.Mfg.NTamd64.6.3.3","ATI.Mfg.NTamd64.10.0.3;ATI.Mfg.NTamd64.6.0.3;ATI.Mfg.NTamd64.6.1.3;ATI.Mfg.NTamd64.6.2.3;ATI.Mfg.NTamd64.6.3.3","0","0","","1.27","1.27","","1"
"24.Q4","RDNACombined","Display","d0_amd-software-pro-edition-24.q4-winsvr2022-nov-rdna-combined.exe_0d63d31de750\Packages\Drivers\Display\WT6A_INF\u2410268.inf","Windows Server 2022","20348","NativeApplicable","NativeApplicable","NATIVE_CANDIDATE","NativeCandidate","InfWideConservative","STATIC_CANDIDATE","NotEstablished","ATI.Mfg.NTamd64.10.0.3..20348","ATI.Mfg.NTamd64.10.0.3..20348","379","379","","1.33","","","1"
"24.Q4","RDNACombined","Display","d0_amd-software-pro-edition-24.q4-winsvr2022-nov-rdna-combined.exe_0d63d31de750\Packages\Drivers\Display\WT6A_INF\u2410268.inf","Windows Server 2025","26100","NativeApplicable","NativeApplicable","NATIVE_CANDIDATE","NativeCandidate","InfWideConservative","STATIC_CANDIDATE","NotEstablished","ATI.Mfg.NTamd64.10.0.3..20348","ATI.Mfg.NTamd64.10.0.3..20348","379","379","","1.33","1.35","","1"
"24.Q4","RDNACombined","Display","d0_amd-software-pro-edition-24.q4-winsvr2022-nov-rdna-combined.exe_0d63d31de750\Packages\Drivers\Display\WT6A_INF\amdfendr\amdfendr.inf","Windows Server 2016","14393","NotApplicableByBuild","NotApplicableByBuild","NOT_APPLICABLE","NotApplicable","InfWideConservative","STATIC_CANDIDATE","NotEstablished","","","0","0","1.15","1.19","","","0"
"24.Q4","RDNACombined","Display","d0_amd-software-pro-edition-24.q4-winsvr2022-nov-rdna-combined.exe_0d63d31de750\Packages\Drivers\Display\WT6A_INF\amdfendr\amdfendr.inf","Windows Server 2019","17763","NativeApplicable","NativeApplicable","NATIVE_CANDIDATE","NativeCandidate","InfWideConservative","STATIC_CANDIDATE","NotEstablished","AMDFENDR_KM.NTAMD64.10.0...16299","AMDFENDR_KM.NTAMD64.10.0...16299","1","1","1.15","1.27","1.27","","0"
"24.Q4","RDNACombined","Display","d0_amd-software-pro-edition-24.q4-winsvr2022-nov-rdna-combined.exe_0d63d31de750\Packages\Drivers\Display\WT6A_INF\amdfendr\amdfendr.inf","Windows Server 2022","20348","NativeApplicable","NativeApplicable","NATIVE_CANDIDATE","NativeCandidate","InfWideConservative","STATIC_CANDIDATE","NotEstablished","AMDFENDR_KM.NTAMD64.10.0...16299","AMDFENDR_KM.NTAMD64.10.0...16299","1","1","1.15","1.33","","","0"
"24.Q4","RDNACombined","Display","d0_amd-software-pro-edition-24.q4-winsvr2022-nov-rdna-combined.exe_0d63d31de750\Packages\Drivers\Display\WT6A_INF\amdfendr\amdfendr.inf","Windows Server 2025","26100","NativeApplicable","NativeApplicable","NATIVE_CANDIDATE","NativeCandidate","InfWideConservative","STATIC_CANDIDATE","NotEstablished","AMDFENDR_KM.NTAMD64.10.0...16299","AMDFENDR_KM.NTAMD64.10.0...16299","1","1","1.15","1.33","1.35","","0"
"24.Q4","RDNACombined","Display","d0_amd-software-pro-edition-24.q4-winsvr2022-nov-rdna-combined.exe_0d63d31de750\Packages\Drivers\Display\WT6A_INF\amdocl\amdocl.inf","Windows Server 2016","14393","NotApplicableByBuild","NotApplicableByBuild","NOT_APPLICABLE","NotApplicable","InfWideConservative","STATIC_CANDIDATE","NotEstablished","","","0","0","","1.19","","","0"
"24.Q4","RDNACombined","Display","d0_amd-software-pro-edition-24.q4-winsvr2022-nov-rdna-combined.exe_0d63d31de750\Packages\Drivers\Display\WT6A_INF\amdocl\amdocl.inf","Windows Server 2019","17763","NativeApplicable","NativeApplicable","NATIVE_CANDIDATE","NativeCandidate","InfWideConservative","STATIC_CANDIDATE","NotEstablished","AMD.Mfg.NTamd64.10.0...16299","AMD.Mfg.NTamd64.10.0...16299","1","1","","1.27","1.27","","0"
"24.Q4","RDNACombined","Display","d0_amd-software-pro-edition-24.q4-winsvr2022-nov-rdna-combined.exe_0d63d31de750\Packages\Drivers\Display\WT6A_INF\amdocl\amdocl.inf","Windows Server 2022","20348","NativeApplicable","NativeApplicable","NATIVE_CANDIDATE","NativeCandidate","InfWideConservative","STATIC_CANDIDATE","NotEstablished","AMD.Mfg.NTamd64.10.0...16299","AMD.Mfg.NTamd64.10.0...16299","1","1","","1.33","","","0"
"24.Q4","RDNACombined","Display","d0_amd-software-pro-edition-24.q4-winsvr2022-nov-rdna-combined.exe_0d63d31de750\Packages\Drivers\Display\WT6A_INF\amdocl\amdocl.inf","Windows Server 2025","26100","NativeApplicable","NativeApplicable","NATIVE_CANDIDATE","NativeCandidate","InfWideConservative","STATIC_CANDIDATE","NotEstablished","AMD.Mfg.NTamd64.10.0...16299","AMD.Mfg.NTamd64.10.0...16299","1","1","","1.33","1.35","","0"
"24.Q4","RDNACombined","Display","d0_amd-software-pro-edition-24.q4-winsvr2022-nov-rdna-combined.exe_0d63d31de750\Packages\Drivers\Display\WT6A_INF\amdwin\amdwin-u2410268.inf","Windows Server 2016","14393","NativeApplicable","NativeApplicable","NATIVE_CANDIDATE","NativeCandidate","InfWideConservative","STATIC_CANDIDATE","NotEstablished","AMD.Mfg.NTamd64.10.0","AMD.Mfg.NTamd64.10.0","1","1","","1.19","","","0"
"24.Q4","RDNACombined","Display","d0_amd-software-pro-edition-24.q4-winsvr2022-nov-rdna-combined.exe_0d63d31de750\Packages\Drivers\Display\WT6A_INF\amdwin\amdwin-u2410268.inf","Windows Server 2019","17763","NativeApplicable","NativeApplicable","NATIVE_CANDIDATE","NativeCandidate","InfWideConservative","STATIC_CANDIDATE","NotEstablished","AMD.Mfg.NTamd64.10.0","AMD.Mfg.NTamd64.10.0","1","1","","1.27","1.27","","0"
"24.Q4","RDNACombined","Display","d0_amd-software-pro-edition-24.q4-winsvr2022-nov-rdna-combined.exe_0d63d31de750\Packages\Drivers\Display\WT6A_INF\amdwin\amdwin-u2410268.inf","Windows Server 2022","20348","NativeApplicable","NativeApplicable","NATIVE_CANDIDATE","NativeCandidate","InfWideConservative","STATIC_CANDIDATE","NotEstablished","AMD.Mfg.NTamd64.10.0","AMD.Mfg.NTamd64.10.0","1","1","","1.33","","","0"
"24.Q4","RDNACombined","Display","d0_amd-software-pro-edition-24.q4-winsvr2022-nov-rdna-combined.exe_0d63d31de750\Packages\Drivers\Display\WT6A_INF\amdwin\amdwin-u2410268.inf","Windows Server 2025","26100","NativeApplicable","NativeApplicable","NATIVE_CANDIDATE","NativeCandidate","InfWideConservative","STATIC_CANDIDATE","NotEstablished","AMD.Mfg.NTamd64.10.0","AMD.Mfg.NTamd64.10.0","1","1","","1.33","1.35","","0"
"24.Q4","RDNACombined","Display2","d0_amd-software-pro-edition-24.q4-winsvr2022-nov-rdna-combined.exe_0d63d31de750\Packages\Drivers\Display2\WT6A_INF\u2410269.inf","Windows Server 2016","14393","ExplicitlyExcluded","ExplicitlyExcluded","NOT_APPLICABLE","NotApplicable","InfWideConservative","STATIC_CANDIDATE","NotEstablished","ATI.Mfg.NTamd64.10.0.3;ATI.Mfg.NTamd64.6.0.3;ATI.Mfg.NTamd64.6.1.3;ATI.Mfg.NTamd64.6.2.3;ATI.Mfg.NTamd64.6.3.3","ATI.Mfg.NTamd64.10.0.3;ATI.Mfg.NTamd64.6.0.3;ATI.Mfg.NTamd64.6.1.3;ATI.Mfg.NTamd64.6.2.3;ATI.Mfg.NTamd64.6.3.3","0","0","","1.19","","","1"
"24.Q4","RDNACombined","Display2","d0_amd-software-pro-edition-24.q4-winsvr2022-nov-rdna-combined.exe_0d63d31de750\Packages\Drivers\Display2\WT6A_INF\u2410269.inf","Windows Server 2019","17763","ExplicitlyExcluded","ExplicitlyExcluded","NOT_APPLICABLE","NotApplicable","InfWideConservative","STATIC_CANDIDATE","NotEstablished","ATI.Mfg.NTamd64.10.0.3;ATI.Mfg.NTamd64.6.0.3;ATI.Mfg.NTamd64.6.1.3;ATI.Mfg.NTamd64.6.2.3;ATI.Mfg.NTamd64.6.3.3","ATI.Mfg.NTamd64.10.0.3;ATI.Mfg.NTamd64.6.0.3;ATI.Mfg.NTamd64.6.1.3;ATI.Mfg.NTamd64.6.2.3;ATI.Mfg.NTamd64.6.3.3","0","0","","1.27","1.27","","1"
"24.Q4","RDNACombined","Display2","d0_amd-software-pro-edition-24.q4-winsvr2022-nov-rdna-combined.exe_0d63d31de750\Packages\Drivers\Display2\WT6A_INF\u2410269.inf","Windows Server 2022","20348","NativeApplicable","NativeApplicable","NATIVE_CANDIDATE","NativeCandidate","InfWideConservative","STATIC_CANDIDATE","NotEstablished","ATI.Mfg.NTamd64.10.0.3..20348","ATI.Mfg.NTamd64.10.0.3..20348","314","314","","1.33","","","1"
"24.Q4","RDNACombined","Display2","d0_amd-software-pro-edition-24.q4-winsvr2022-nov-rdna-combined.exe_0d63d31de750\Packages\Drivers\Display2\WT6A_INF\u2410269.inf","Windows Server 2025","26100","NativeApplicable","NativeApplicable","NATIVE_CANDIDATE","NativeCandidate","InfWideConservative","STATIC_CANDIDATE","NotEstablished","ATI.Mfg.NTamd64.10.0.3..20348","ATI.Mfg.NTamd64.10.0.3..20348","314","314","","1.33","1.35","","1"
"24.Q4","RDNACombined","Display2","d0_amd-software-pro-edition-24.q4-winsvr2022-nov-rdna-combined.exe_0d63d31de750\Packages\Drivers\Display2\WT6A_INF\amdafd\amdafd.inf","Windows Server 2016","14393","NativeApplicable","NativeApplicable","NATIVE_CANDIDATE","NativeCandidate","InfWideConservative","STATIC_CANDIDATE","NotEstablished","AMD_KMAFD.NTAMD64","AMD_KMAFD.NTAMD64","2","2","","1.19","","","0"
"24.Q4","RDNACombined","Display2","d0_amd-software-pro-edition-24.q4-winsvr2022-nov-rdna-combined.exe_0d63d31de750\Packages\Drivers\Display2\WT6A_INF\amdafd\amdafd.inf","Windows Server 2019","17763","NativeApplicable","NativeApplicable","NATIVE_CANDIDATE","NativeCandidate","InfWideConservative","STATIC_CANDIDATE","NotEstablished","AMD_KMAFD.NTAMD64","AMD_KMAFD.NTAMD64","2","2","","1.27","1.27","","0"
"24.Q4","RDNACombined","Display2","d0_amd-software-pro-edition-24.q4-winsvr2022-nov-rdna-combined.exe_0d63d31de750\Packages\Drivers\Display2\WT6A_INF\amdafd\amdafd.inf","Windows Server 2022","20348","NativeApplicable","NativeApplicable","NATIVE_CANDIDATE","NativeCandidate","InfWideConservative","STATIC_CANDIDATE","NotEstablished","AMD_KMAFD.NTAMD64","AMD_KMAFD.NTAMD64","2","2","","1.33","","","0"
"24.Q4","RDNACombined","Display2","d0_amd-software-pro-edition-24.q4-winsvr2022-nov-rdna-combined.exe_0d63d31de750\Packages\Drivers\Display2\WT6A_INF\amdafd\amdafd.inf","Windows Server 2025","26100","NativeApplicable","NativeApplicable","NATIVE_CANDIDATE","NativeCandidate","InfWideConservative","STATIC_CANDIDATE","NotEstablished","AMD_KMAFD.NTAMD64","AMD_KMAFD.NTAMD64","2","2","","1.33","1.35","","0"
"24.Q4","RDNACombined","Display2","d0_amd-software-pro-edition-24.q4-winsvr2022-nov-rdna-combined.exe_0d63d31de750\Packages\Drivers\Display2\WT6A_INF\amdfendr\amdfendr.inf","Windows Server 2016","14393","NotApplicableByBuild","NotApplicableByBuild","NOT_APPLICABLE","NotApplicable","InfWideConservative","STATIC_CANDIDATE","NotEstablished","","","0","0","1.15","1.19","","","0"
"24.Q4","RDNACombined","Display2","d0_amd-software-pro-edition-24.q4-winsvr2022-nov-rdna-combined.exe_0d63d31de750\Packages\Drivers\Display2\WT6A_INF\amdfendr\amdfendr.inf","Windows Server 2019","17763","NativeApplicable","NativeApplicable","NATIVE_CANDIDATE","NativeCandidate","InfWideConservative","STATIC_CANDIDATE","NotEstablished","AMDFENDR_KM.NTAMD64.10.0...16299","AMDFENDR_KM.NTAMD64.10.0...16299","1","1","1.15","1.27","1.27","","0"
"24.Q4","RDNACombined","Display2","d0_amd-software-pro-edition-24.q4-winsvr2022-nov-rdna-combined.exe_0d63d31de750\Packages\Drivers\Display2\WT6A_INF\amdfendr\amdfendr.inf","Windows Server 2022","20348","NativeApplicable","NativeApplicable","NATIVE_CANDIDATE","NativeCandidate","InfWideConservative","STATIC_CANDIDATE","NotEstablished","AMDFENDR_KM.NTAMD64.10.0...16299","AMDFENDR_KM.NTAMD64.10.0...16299","1","1","1.15","1.33","","","0"
"24.Q4","RDNACombined","Display2","d0_amd-software-pro-edition-24.q4-winsvr2022-nov-rdna-combined.exe_0d63d31de750\Packages\Drivers\Display2\WT6A_INF\amdfendr\amdfendr.inf","Windows Server 2025","26100","NativeApplicable","NativeApplicable","NATIVE_CANDIDATE","NativeCandidate","InfWideConservative","STATIC_CANDIDATE","NotEstablished","AMDFENDR_KM.NTAMD64.10.0...16299","AMDFENDR_KM.NTAMD64.10.0...16299","1","1","1.15","1.33","1.35","","0"
"24.Q4","RDNACombined","Display2","d0_amd-software-pro-edition-24.q4-winsvr2022-nov-rdna-combined.exe_0d63d31de750\Packages\Drivers\Display2\WT6A_INF\amdocl\amdocl.inf","Windows Server 2016","14393","NotApplicableByBuild","NotApplicableByBuild","NOT_APPLICABLE","NotApplicable","InfWideConservative","STATIC_CANDIDATE","NotEstablished","","","0","0","","1.19","","","0"
"24.Q4","RDNACombined","Display2","d0_amd-software-pro-edition-24.q4-winsvr2022-nov-rdna-combined.exe_0d63d31de750\Packages\Drivers\Display2\WT6A_INF\amdocl\amdocl.inf","Windows Server 2019","17763","NativeApplicable","NativeApplicable","NATIVE_CANDIDATE","NativeCandidate","InfWideConservative","STATIC_CANDIDATE","NotEstablished","AMD.Mfg.NTamd64.10.0...16299","AMD.Mfg.NTamd64.10.0...16299","1","1","","1.27","1.27","","0"
"24.Q4","RDNACombined","Display2","d0_amd-software-pro-edition-24.q4-winsvr2022-nov-rdna-combined.exe_0d63d31de750\Packages\Drivers\Display2\WT6A_INF\amdocl\amdocl.inf","Windows Server 2022","20348","NativeApplicable","NativeApplicable","NATIVE_CANDIDATE","NativeCandidate","InfWideConservative","STATIC_CANDIDATE","NotEstablished","AMD.Mfg.NTamd64.10.0...16299","AMD.Mfg.NTamd64.10.0...16299","1","1","","1.33","","","0"
"24.Q4","RDNACombined","Display2","d0_amd-software-pro-edition-24.q4-winsvr2022-nov-rdna-combined.exe_0d63d31de750\Packages\Drivers\Display2\WT6A_INF\amdocl\amdocl.inf","Windows Server 2025","26100","NativeApplicable","NativeApplicable","NATIVE_CANDIDATE","NativeCandidate","InfWideConservative","STATIC_CANDIDATE","NotEstablished","AMD.Mfg.NTamd64.10.0...16299","AMD.Mfg.NTamd64.10.0...16299","1","1","","1.33","1.35","","0"
"24.Q4","RDNACombined","Display2","d0_amd-software-pro-edition-24.q4-winsvr2022-nov-rdna-combined.exe_0d63d31de750\Packages\Drivers\Display2\WT6A_INF\amdwin\amdwin-u2410269.inf","Windows Server 2016","14393","NativeApplicable","NativeApplicable","NATIVE_CANDIDATE","NativeCandidate","InfWideConservative","STATIC_CANDIDATE","NotEstablished","AMD.Mfg.NTamd64.10.0","AMD.Mfg.NTamd64.10.0","1","1","","1.19","","","0"
"24.Q4","RDNACombined","Display2","d0_amd-software-pro-edition-24.q4-winsvr2022-nov-rdna-combined.exe_0d63d31de750\Packages\Drivers\Display2\WT6A_INF\amdwin\amdwin-u2410269.inf","Windows Server 2019","17763","NativeApplicable","NativeApplicable","NATIVE_CANDIDATE","NativeCandidate","InfWideConservative","STATIC_CANDIDATE","NotEstablished","AMD.Mfg.NTamd64.10.0","AMD.Mfg.NTamd64.10.0","1","1","","1.27","1.27","","0"
"24.Q4","RDNACombined","Display2","d0_amd-software-pro-edition-24.q4-winsvr2022-nov-rdna-combined.exe_0d63d31de750\Packages\Drivers\Display2\WT6A_INF\amdwin\amdwin-u2410269.inf","Windows Server 2022","20348","NativeApplicable","NativeApplicable","NATIVE_CANDIDATE","NativeCandidate","InfWideConservative","STATIC_CANDIDATE","NotEstablished","AMD.Mfg.NTamd64.10.0","AMD.Mfg.NTamd64.10.0","1","1","","1.33","","","0"
"24.Q4","RDNACombined","Display2","d0_amd-software-pro-edition-24.q4-winsvr2022-nov-rdna-combined.exe_0d63d31de750\Packages\Drivers\Display2\WT6A_INF\amdwin\amdwin-u2410269.inf","Windows Server 2025","26100","NativeApplicable","NativeApplicable","NATIVE_CANDIDATE","NativeCandidate","InfWideConservative","STATIC_CANDIDATE","NotEstablished","AMD.Mfg.NTamd64.10.0","AMD.Mfg.NTamd64.10.0","1","1","","1.33","1.35","","0"
"25.Q2","WindowsServer-PolarisVega","Display","d0_amd-software-pro-edition-25.q2-winsvr2019-vega-polaris.exe_1ff64c54b0ba\Packages\Drivers\Display\WT6A_INF\u9415325.inf","Windows Server 2016","14393","ExplicitlyExcluded","ExplicitlyExcluded","NOT_APPLICABLE","NotApplicable","InfWideConservative","STATIC_CANDIDATE","NotEstablished","ATI.Mfg.NTamd64.10.0.3;ATI.Mfg.NTamd64.6.0.3;ATI.Mfg.NTamd64.6.1.3;ATI.Mfg.NTamd64.6.2.3;ATI.Mfg.NTamd64.6.3.3","ATI.Mfg.NTamd64.10.0.3;ATI.Mfg.NTamd64.6.0.3;ATI.Mfg.NTamd64.6.1.3;ATI.Mfg.NTamd64.6.2.3;ATI.Mfg.NTamd64.6.3.3","0","0","","1.19","","","1"
"25.Q2","WindowsServer-PolarisVega","Display","d0_amd-software-pro-edition-25.q2-winsvr2019-vega-polaris.exe_1ff64c54b0ba\Packages\Drivers\Display\WT6A_INF\u9415325.inf","Windows Server 2019","17763","NativeApplicable","NativeApplicable","NATIVE_CANDIDATE","NativeCandidate","InfWideConservative","STATIC_CANDIDATE","NotEstablished","ATI.Mfg.NTamd64.10.0.3..17763","ATI.Mfg.NTamd64.10.0.3..17763","314","314","","1.27","1.27","","1"
"25.Q2","WindowsServer-PolarisVega","Display","d0_amd-software-pro-edition-25.q2-winsvr2019-vega-polaris.exe_1ff64c54b0ba\Packages\Drivers\Display\WT6A_INF\u9415325.inf","Windows Server 2022","20348","NativeApplicable","NativeApplicable","NATIVE_CANDIDATE","NativeCandidate","InfWideConservative","STATIC_CANDIDATE","NotEstablished","ATI.Mfg.NTamd64.10.0.3..17763","ATI.Mfg.NTamd64.10.0.3..17763","314","314","","1.33","","","1"
"25.Q2","WindowsServer-PolarisVega","Display","d0_amd-software-pro-edition-25.q2-winsvr2019-vega-polaris.exe_1ff64c54b0ba\Packages\Drivers\Display\WT6A_INF\u9415325.inf","Windows Server 2025","26100","NativeApplicable","NativeApplicable","NATIVE_CANDIDATE","NativeCandidate","InfWideConservative","STATIC_CANDIDATE","NotEstablished","ATI.Mfg.NTamd64.10.0.3..17763","ATI.Mfg.NTamd64.10.0.3..17763","314","314","","1.33","1.35","","1"
"25.Q2","WindowsServer-PolarisVega","Display","d0_amd-software-pro-edition-25.q2-winsvr2019-vega-polaris.exe_1ff64c54b0ba\Packages\Drivers\Display\WT6A_INF\amdafd\amdafd.inf","Windows Server 2016","14393","NativeApplicable","NativeApplicable","NATIVE_CANDIDATE","NativeCandidate","InfWideConservative","STATIC_CANDIDATE","NotEstablished","AMD_KMAFD.NTAMD64","AMD_KMAFD.NTAMD64","2","2","","1.19","","","0"
"25.Q2","WindowsServer-PolarisVega","Display","d0_amd-software-pro-edition-25.q2-winsvr2019-vega-polaris.exe_1ff64c54b0ba\Packages\Drivers\Display\WT6A_INF\amdafd\amdafd.inf","Windows Server 2019","17763","NativeApplicable","NativeApplicable","NATIVE_CANDIDATE","NativeCandidate","InfWideConservative","STATIC_CANDIDATE","NotEstablished","AMD_KMAFD.NTAMD64","AMD_KMAFD.NTAMD64","2","2","","1.27","1.27","","0"
"25.Q2","WindowsServer-PolarisVega","Display","d0_amd-software-pro-edition-25.q2-winsvr2019-vega-polaris.exe_1ff64c54b0ba\Packages\Drivers\Display\WT6A_INF\amdafd\amdafd.inf","Windows Server 2022","20348","NativeApplicable","NativeApplicable","NATIVE_CANDIDATE","NativeCandidate","InfWideConservative","STATIC_CANDIDATE","NotEstablished","AMD_KMAFD.NTAMD64","AMD_KMAFD.NTAMD64","2","2","","1.33","","","0"
"25.Q2","WindowsServer-PolarisVega","Display","d0_amd-software-pro-edition-25.q2-winsvr2019-vega-polaris.exe_1ff64c54b0ba\Packages\Drivers\Display\WT6A_INF\amdafd\amdafd.inf","Windows Server 2025","26100","NativeApplicable","NativeApplicable","NATIVE_CANDIDATE","NativeCandidate","InfWideConservative","STATIC_CANDIDATE","NotEstablished","AMD_KMAFD.NTAMD64","AMD_KMAFD.NTAMD64","2","2","","1.33","1.35","","0"
"25.Q2","WindowsServer-PolarisVega","Display","d0_amd-software-pro-edition-25.q2-winsvr2019-vega-polaris.exe_1ff64c54b0ba\Packages\Drivers\Display\WT6A_INF\amdfendr\amdfendr.inf","Windows Server 2016","14393","NotApplicableByBuild","NotApplicableByBuild","NOT_APPLICABLE","NotApplicable","InfWideConservative","STATIC_CANDIDATE","NotEstablished","","","0","0","1.15","1.19","","","0"
"25.Q2","WindowsServer-PolarisVega","Display","d0_amd-software-pro-edition-25.q2-winsvr2019-vega-polaris.exe_1ff64c54b0ba\Packages\Drivers\Display\WT6A_INF\amdfendr\amdfendr.inf","Windows Server 2019","17763","NativeApplicable","NativeApplicable","NATIVE_CANDIDATE","NativeCandidate","InfWideConservative","STATIC_CANDIDATE","NotEstablished","AMDFENDR_KM.NTAMD64.10.0...16299","AMDFENDR_KM.NTAMD64.10.0...16299","1","1","1.15","1.27","1.27","","0"
"25.Q2","WindowsServer-PolarisVega","Display","d0_amd-software-pro-edition-25.q2-winsvr2019-vega-polaris.exe_1ff64c54b0ba\Packages\Drivers\Display\WT6A_INF\amdfendr\amdfendr.inf","Windows Server 2022","20348","NativeApplicable","NativeApplicable","NATIVE_CANDIDATE","NativeCandidate","InfWideConservative","STATIC_CANDIDATE","NotEstablished","AMDFENDR_KM.NTAMD64.10.0...16299","AMDFENDR_KM.NTAMD64.10.0...16299","1","1","1.15","1.33","","","0"
"25.Q2","WindowsServer-PolarisVega","Display","d0_amd-software-pro-edition-25.q2-winsvr2019-vega-polaris.exe_1ff64c54b0ba\Packages\Drivers\Display\WT6A_INF\amdfendr\amdfendr.inf","Windows Server 2025","26100","NativeApplicable","NativeApplicable","NATIVE_CANDIDATE","NativeCandidate","InfWideConservative","STATIC_CANDIDATE","NotEstablished","AMDFENDR_KM.NTAMD64.10.0...16299","AMDFENDR_KM.NTAMD64.10.0...16299","1","1","1.15","1.33","1.35","","0"
"25.Q2","WindowsServer-PolarisVega","Display","d0_amd-software-pro-edition-25.q2-winsvr2019-vega-polaris.exe_1ff64c54b0ba\Packages\Drivers\Display\WT6A_INF\amdocl\amdocl.inf","Windows Server 2016","14393","NotApplicableByBuild","NotApplicableByBuild","NOT_APPLICABLE","NotApplicable","InfWideConservative","STATIC_CANDIDATE","NotEstablished","","","0","0","","1.19","","","0"
"25.Q2","WindowsServer-PolarisVega","Display","d0_amd-software-pro-edition-25.q2-winsvr2019-vega-polaris.exe_1ff64c54b0ba\Packages\Drivers\Display\WT6A_INF\amdocl\amdocl.inf","Windows Server 2019","17763","NativeApplicable","NativeApplicable","NATIVE_CANDIDATE","NativeCandidate","InfWideConservative","STATIC_CANDIDATE","NotEstablished","AMD.Mfg.NTamd64.10.0...16299","AMD.Mfg.NTamd64.10.0...16299","1","1","","1.27","1.27","","0"
"25.Q2","WindowsServer-PolarisVega","Display","d0_amd-software-pro-edition-25.q2-winsvr2019-vega-polaris.exe_1ff64c54b0ba\Packages\Drivers\Display\WT6A_INF\amdocl\amdocl.inf","Windows Server 2022","20348","NativeApplicable","NativeApplicable","NATIVE_CANDIDATE","NativeCandidate","InfWideConservative","STATIC_CANDIDATE","NotEstablished","AMD.Mfg.NTamd64.10.0...16299","AMD.Mfg.NTamd64.10.0...16299","1","1","","1.33","","","0"
"25.Q2","WindowsServer-PolarisVega","Display","d0_amd-software-pro-edition-25.q2-winsvr2019-vega-polaris.exe_1ff64c54b0ba\Packages\Drivers\Display\WT6A_INF\amdocl\amdocl.inf","Windows Server 2025","26100","NativeApplicable","NativeApplicable","NATIVE_CANDIDATE","NativeCandidate","InfWideConservative","STATIC_CANDIDATE","NotEstablished","AMD.Mfg.NTamd64.10.0...16299","AMD.Mfg.NTamd64.10.0...16299","1","1","","1.33","1.35","","0"
"25.Q2","WindowsServer-PolarisVega","Display","d0_amd-software-pro-edition-25.q2-winsvr2019-vega-polaris.exe_1ff64c54b0ba\Packages\Drivers\Display\WT6A_INF\amdwin\amdwin-u9415325.inf","Windows Server 2016","14393","NativeApplicable","NativeApplicable","NATIVE_CANDIDATE","NativeCandidate","InfWideConservative","STATIC_CANDIDATE","NotEstablished","AMD.Mfg.NTamd64.10.0","AMD.Mfg.NTamd64.10.0","1","1","","1.19","","","0"
"25.Q2","WindowsServer-PolarisVega","Display","d0_amd-software-pro-edition-25.q2-winsvr2019-vega-polaris.exe_1ff64c54b0ba\Packages\Drivers\Display\WT6A_INF\amdwin\amdwin-u9415325.inf","Windows Server 2019","17763","NativeApplicable","NativeApplicable","NATIVE_CANDIDATE","NativeCandidate","InfWideConservative","STATIC_CANDIDATE","NotEstablished","AMD.Mfg.NTamd64.10.0","AMD.Mfg.NTamd64.10.0","1","1","","1.27","1.27","","0"
"25.Q2","WindowsServer-PolarisVega","Display","d0_amd-software-pro-edition-25.q2-winsvr2019-vega-polaris.exe_1ff64c54b0ba\Packages\Drivers\Display\WT6A_INF\amdwin\amdwin-u9415325.inf","Windows Server 2022","20348","NativeApplicable","NativeApplicable","NATIVE_CANDIDATE","NativeCandidate","InfWideConservative","STATIC_CANDIDATE","NotEstablished","AMD.Mfg.NTamd64.10.0","AMD.Mfg.NTamd64.10.0","1","1","","1.33","","","0"
"25.Q2","WindowsServer-PolarisVega","Display","d0_amd-software-pro-edition-25.q2-winsvr2019-vega-polaris.exe_1ff64c54b0ba\Packages\Drivers\Display\WT6A_INF\amdwin\amdwin-u9415325.inf","Windows Server 2025","26100","NativeApplicable","NativeApplicable","NATIVE_CANDIDATE","NativeCandidate","InfWideConservative","STATIC_CANDIDATE","NotEstablished","AMD.Mfg.NTamd64.10.0","AMD.Mfg.NTamd64.10.0","1","1","","1.33","1.35","","0"
"23.Q4","WindowsServer","Display","d0_amd-software-pro-edition-23.q4-winsvr2019-dec-2023.exe_c407855f7b80\Packages\Drivers\Display\WT6A_INF\u9397546.inf","Windows Server 2016","14393","ExplicitlyExcluded","ExplicitlyExcluded","NOT_APPLICABLE","NotApplicable","InfWideConservative","STATIC_CANDIDATE","NotEstablished","ATI.Mfg.NTamd64.10.0.3;ATI.Mfg.NTamd64.6.0.3;ATI.Mfg.NTamd64.6.1.3;ATI.Mfg.NTamd64.6.2.3;ATI.Mfg.NTamd64.6.3.3","ATI.Mfg.NTamd64.10.0.3;ATI.Mfg.NTamd64.6.0.3;ATI.Mfg.NTamd64.6.1.3;ATI.Mfg.NTamd64.6.2.3;ATI.Mfg.NTamd64.6.3.3","0","0","","1.19","","","1"
"23.Q4","WindowsServer","Display","d0_amd-software-pro-edition-23.q4-winsvr2019-dec-2023.exe_c407855f7b80\Packages\Drivers\Display\WT6A_INF\u9397546.inf","Windows Server 2019","17763","NativeApplicable","NativeApplicable","NATIVE_CANDIDATE","NativeCandidate","InfWideConservative","STATIC_CANDIDATE","NotEstablished","ATI.Mfg.NTamd64.10.0.3..17763","ATI.Mfg.NTamd64.10.0.3..17763","268","268","","1.27","1.27","","1"
"23.Q4","WindowsServer","Display","d0_amd-software-pro-edition-23.q4-winsvr2019-dec-2023.exe_c407855f7b80\Packages\Drivers\Display\WT6A_INF\u9397546.inf","Windows Server 2022","20348","NativeApplicable","NativeApplicable","NATIVE_CANDIDATE","NativeCandidate","InfWideConservative","STATIC_CANDIDATE","NotEstablished","ATI.Mfg.NTamd64.10.0.3..17763","ATI.Mfg.NTamd64.10.0.3..17763","268","268","","1.33","","","1"
"23.Q4","WindowsServer","Display","d0_amd-software-pro-edition-23.q4-winsvr2019-dec-2023.exe_c407855f7b80\Packages\Drivers\Display\WT6A_INF\u9397546.inf","Windows Server 2025","26100","NativeApplicable","NativeApplicable","NATIVE_CANDIDATE","NativeCandidate","InfWideConservative","STATIC_CANDIDATE","NotEstablished","ATI.Mfg.NTamd64.10.0.3..17763","ATI.Mfg.NTamd64.10.0.3..17763","268","268","","1.33","1.35","","1"
"23.Q4","WindowsServer","Display","d0_amd-software-pro-edition-23.q4-winsvr2019-dec-2023.exe_c407855f7b80\Packages\Drivers\Display\WT6A_INF\amdafd\amdafd.inf","Windows Server 2016","14393","NativeApplicable","NativeApplicable","NATIVE_CANDIDATE","NativeCandidate","InfWideConservative","STATIC_CANDIDATE","NotEstablished","AMD_KMAFD.NTAMD64","AMD_KMAFD.NTAMD64","2","2","","1.19","","","0"
"23.Q4","WindowsServer","Display","d0_amd-software-pro-edition-23.q4-winsvr2019-dec-2023.exe_c407855f7b80\Packages\Drivers\Display\WT6A_INF\amdafd\amdafd.inf","Windows Server 2019","17763","NativeApplicable","NativeApplicable","NATIVE_CANDIDATE","NativeCandidate","InfWideConservative","STATIC_CANDIDATE","NotEstablished","AMD_KMAFD.NTAMD64","AMD_KMAFD.NTAMD64","2","2","","1.27","1.27","","0"
"23.Q4","WindowsServer","Display","d0_amd-software-pro-edition-23.q4-winsvr2019-dec-2023.exe_c407855f7b80\Packages\Drivers\Display\WT6A_INF\amdafd\amdafd.inf","Windows Server 2022","20348","NativeApplicable","NativeApplicable","NATIVE_CANDIDATE","NativeCandidate","InfWideConservative","STATIC_CANDIDATE","NotEstablished","AMD_KMAFD.NTAMD64","AMD_KMAFD.NTAMD64","2","2","","1.33","","","0"
"23.Q4","WindowsServer","Display","d0_amd-software-pro-edition-23.q4-winsvr2019-dec-2023.exe_c407855f7b80\Packages\Drivers\Display\WT6A_INF\amdafd\amdafd.inf","Windows Server 2025","26100","NativeApplicable","NativeApplicable","NATIVE_CANDIDATE","NativeCandidate","InfWideConservative","STATIC_CANDIDATE","NotEstablished","AMD_KMAFD.NTAMD64","AMD_KMAFD.NTAMD64","2","2","","1.33","1.35","","0"
"23.Q4","WindowsServer","Display","d0_amd-software-pro-edition-23.q4-winsvr2019-dec-2023.exe_c407855f7b80\Packages\Drivers\Display\WT6A_INF\amdfendr\amdfendr.inf","Windows Server 2016","14393","NativeApplicable","NativeApplicable","NATIVE_CANDIDATE","NativeCandidate","InfWideConservative","STATIC_CANDIDATE","NotEstablished","AMDFENDR_KM.NTAMD64","AMDFENDR_KM.NTAMD64","1","1","1.15","1.19","","","0"
"23.Q4","WindowsServer","Display","d0_amd-software-pro-edition-23.q4-winsvr2019-dec-2023.exe_c407855f7b80\Packages\Drivers\Display\WT6A_INF\amdfendr\amdfendr.inf","Windows Server 2019","17763","NativeApplicable","NativeApplicable","NATIVE_CANDIDATE","NativeCandidate","InfWideConservative","STATIC_CANDIDATE","NotEstablished","AMDFENDR_KM.NTAMD64","AMDFENDR_KM.NTAMD64","1","1","1.15","1.27","1.27","","0"
"23.Q4","WindowsServer","Display","d0_amd-software-pro-edition-23.q4-winsvr2019-dec-2023.exe_c407855f7b80\Packages\Drivers\Display\WT6A_INF\amdfendr\amdfendr.inf","Windows Server 2022","20348","NativeApplicable","NativeApplicable","NATIVE_CANDIDATE","NativeCandidate","InfWideConservative","STATIC_CANDIDATE","NotEstablished","AMDFENDR_KM.NTAMD64","AMDFENDR_KM.NTAMD64","1","1","1.15","1.33","","","0"
"23.Q4","WindowsServer","Display","d0_amd-software-pro-edition-23.q4-winsvr2019-dec-2023.exe_c407855f7b80\Packages\Drivers\Display\WT6A_INF\amdfendr\amdfendr.inf","Windows Server 2025","26100","NativeApplicable","NativeApplicable","NATIVE_CANDIDATE","NativeCandidate","InfWideConservative","STATIC_CANDIDATE","NotEstablished","AMDFENDR_KM.NTAMD64","AMDFENDR_KM.NTAMD64","1","1","1.15","1.33","1.35","","0"
"23.Q4","WindowsServer","Display","d0_amd-software-pro-edition-23.q4-winsvr2019-dec-2023.exe_c407855f7b80\Packages\Drivers\Display\WT6A_INF\AMDOCL\amdocl.inf","Windows Server 2016","14393","NotApplicableByBuild","NotApplicableByBuild","NOT_APPLICABLE","NotApplicable","InfWideConservative","STATIC_CANDIDATE","NotEstablished","","","0","0","","1.19","","","0"
"23.Q4","WindowsServer","Display","d0_amd-software-pro-edition-23.q4-winsvr2019-dec-2023.exe_c407855f7b80\Packages\Drivers\Display\WT6A_INF\AMDOCL\amdocl.inf","Windows Server 2019","17763","NativeApplicable","NativeApplicable","NATIVE_CANDIDATE","NativeCandidate","InfWideConservative","STATIC_CANDIDATE","NotEstablished","AMD.Mfg.NTamd64.10.0...16299","AMD.Mfg.NTamd64.10.0...16299","1","1","","1.27","1.27","","0"
"23.Q4","WindowsServer","Display","d0_amd-software-pro-edition-23.q4-winsvr2019-dec-2023.exe_c407855f7b80\Packages\Drivers\Display\WT6A_INF\AMDOCL\amdocl.inf","Windows Server 2022","20348","NativeApplicable","NativeApplicable","NATIVE_CANDIDATE","NativeCandidate","InfWideConservative","STATIC_CANDIDATE","NotEstablished","AMD.Mfg.NTamd64.10.0...16299","AMD.Mfg.NTamd64.10.0...16299","1","1","","1.33","","","0"
"23.Q4","WindowsServer","Display","d0_amd-software-pro-edition-23.q4-winsvr2019-dec-2023.exe_c407855f7b80\Packages\Drivers\Display\WT6A_INF\AMDOCL\amdocl.inf","Windows Server 2025","26100","NativeApplicable","NativeApplicable","NATIVE_CANDIDATE","NativeCandidate","InfWideConservative","STATIC_CANDIDATE","NotEstablished","AMD.Mfg.NTamd64.10.0...16299","AMD.Mfg.NTamd64.10.0...16299","1","1","","1.33","1.35","","0"
"23.Q4","WindowsServer","Display","d0_amd-software-pro-edition-23.q4-winsvr2019-dec-2023.exe_c407855f7b80\Packages\Drivers\Display\WT6A_INF\AMDWIN\amdwin-u9397546.inf","Windows Server 2016","14393","NativeApplicable","NativeApplicable","NATIVE_CANDIDATE","NativeCandidate","InfWideConservative","STATIC_CANDIDATE","NotEstablished","AMD.Mfg.NTamd64.10.0","AMD.Mfg.NTamd64.10.0","1","1","","1.19","","","0"
"23.Q4","WindowsServer","Display","d0_amd-software-pro-edition-23.q4-winsvr2019-dec-2023.exe_c407855f7b80\Packages\Drivers\Display\WT6A_INF\AMDWIN\amdwin-u9397546.inf","Windows Server 2019","17763","NativeApplicable","NativeApplicable","NATIVE_CANDIDATE","NativeCandidate","InfWideConservative","STATIC_CANDIDATE","NotEstablished","AMD.Mfg.NTamd64.10.0","AMD.Mfg.NTamd64.10.0","1","1","","1.27","1.27","","0"
"23.Q4","WindowsServer","Display","d0_amd-software-pro-edition-23.q4-winsvr2019-dec-2023.exe_c407855f7b80\Packages\Drivers\Display\WT6A_INF\AMDWIN\amdwin-u9397546.inf","Windows Server 2022","20348","NativeApplicable","NativeApplicable","NATIVE_CANDIDATE","NativeCandidate","InfWideConservative","STATIC_CANDIDATE","NotEstablished","AMD.Mfg.NTamd64.10.0","AMD.Mfg.NTamd64.10.0","1","1","","1.33","","","0"
"23.Q4","WindowsServer","Display","d0_amd-software-pro-edition-23.q4-winsvr2019-dec-2023.exe_c407855f7b80\Packages\Drivers\Display\WT6A_INF\AMDWIN\amdwin-u9397546.inf","Windows Server 2025","26100","NativeApplicable","NativeApplicable","NATIVE_CANDIDATE","NativeCandidate","InfWideConservative","STATIC_CANDIDATE","NotEstablished","AMD.Mfg.NTamd64.10.0","AMD.Mfg.NTamd64.10.0","1","1","","1.33","1.35","","0"
"23.Q4","WindowsServer","Display","d0_amd-software-pro-edition-23.q4-winsvr2022-dec-2023.exe_aa88bb3e2a9e\Packages\Drivers\Display\WT6A_INF\u2397542.inf","Windows Server 2016","14393","ExplicitlyExcluded","ExplicitlyExcluded","NOT_APPLICABLE","NotApplicable","InfWideConservative","STATIC_CANDIDATE","NotEstablished","ATI.Mfg.NTamd64.10.0.3;ATI.Mfg.NTamd64.6.0.3;ATI.Mfg.NTamd64.6.1.3;ATI.Mfg.NTamd64.6.2.3;ATI.Mfg.NTamd64.6.3.3","ATI.Mfg.NTamd64.10.0.3;ATI.Mfg.NTamd64.6.0.3;ATI.Mfg.NTamd64.6.1.3;ATI.Mfg.NTamd64.6.2.3;ATI.Mfg.NTamd64.6.3.3","0","0","","1.19","","","1"
"23.Q4","WindowsServer","Display","d0_amd-software-pro-edition-23.q4-winsvr2022-dec-2023.exe_aa88bb3e2a9e\Packages\Drivers\Display\WT6A_INF\u2397542.inf","Windows Server 2019","17763","ExplicitlyExcluded","ExplicitlyExcluded","NOT_APPLICABLE","NotApplicable","InfWideConservative","STATIC_CANDIDATE","NotEstablished","ATI.Mfg.NTamd64.10.0.3;ATI.Mfg.NTamd64.6.0.3;ATI.Mfg.NTamd64.6.1.3;ATI.Mfg.NTamd64.6.2.3;ATI.Mfg.NTamd64.6.3.3","ATI.Mfg.NTamd64.10.0.3;ATI.Mfg.NTamd64.6.0.3;ATI.Mfg.NTamd64.6.1.3;ATI.Mfg.NTamd64.6.2.3;ATI.Mfg.NTamd64.6.3.3","0","0","","1.27","1.27","","1"
"23.Q4","WindowsServer","Display","d0_amd-software-pro-edition-23.q4-winsvr2022-dec-2023.exe_aa88bb3e2a9e\Packages\Drivers\Display\WT6A_INF\u2397542.inf","Windows Server 2022","20348","NativeApplicable","NativeApplicable","NATIVE_CANDIDATE","NativeCandidate","InfWideConservative","STATIC_CANDIDATE","NotEstablished","ATI.Mfg.NTamd64.10.0.3..20348","ATI.Mfg.NTamd64.10.0.3..20348","377","377","","1.33","","","1"
"23.Q4","WindowsServer","Display","d0_amd-software-pro-edition-23.q4-winsvr2022-dec-2023.exe_aa88bb3e2a9e\Packages\Drivers\Display\WT6A_INF\u2397542.inf","Windows Server 2025","26100","NativeApplicable","NativeApplicable","NATIVE_CANDIDATE","NativeCandidate","InfWideConservative","STATIC_CANDIDATE","NotEstablished","ATI.Mfg.NTamd64.10.0.3..20348","ATI.Mfg.NTamd64.10.0.3..20348","377","377","","1.33","1.35","","1"
"23.Q4","WindowsServer","Display","d0_amd-software-pro-edition-23.q4-winsvr2022-dec-2023.exe_aa88bb3e2a9e\Packages\Drivers\Display\WT6A_INF\amdafd\amdafd.inf","Windows Server 2016","14393","NativeApplicable","NativeApplicable","NATIVE_CANDIDATE","NativeCandidate","InfWideConservative","STATIC_CANDIDATE","NotEstablished","AMD_KMAFD.NTAMD64","AMD_KMAFD.NTAMD64","2","2","","1.19","","","0"
"23.Q4","WindowsServer","Display","d0_amd-software-pro-edition-23.q4-winsvr2022-dec-2023.exe_aa88bb3e2a9e\Packages\Drivers\Display\WT6A_INF\amdafd\amdafd.inf","Windows Server 2019","17763","NativeApplicable","NativeApplicable","NATIVE_CANDIDATE","NativeCandidate","InfWideConservative","STATIC_CANDIDATE","NotEstablished","AMD_KMAFD.NTAMD64","AMD_KMAFD.NTAMD64","2","2","","1.27","1.27","","0"
"23.Q4","WindowsServer","Display","d0_amd-software-pro-edition-23.q4-winsvr2022-dec-2023.exe_aa88bb3e2a9e\Packages\Drivers\Display\WT6A_INF\amdafd\amdafd.inf","Windows Server 2022","20348","NativeApplicable","NativeApplicable","NATIVE_CANDIDATE","NativeCandidate","InfWideConservative","STATIC_CANDIDATE","NotEstablished","AMD_KMAFD.NTAMD64","AMD_KMAFD.NTAMD64","2","2","","1.33","","","0"
"23.Q4","WindowsServer","Display","d0_amd-software-pro-edition-23.q4-winsvr2022-dec-2023.exe_aa88bb3e2a9e\Packages\Drivers\Display\WT6A_INF\amdafd\amdafd.inf","Windows Server 2025","26100","NativeApplicable","NativeApplicable","NATIVE_CANDIDATE","NativeCandidate","InfWideConservative","STATIC_CANDIDATE","NotEstablished","AMD_KMAFD.NTAMD64","AMD_KMAFD.NTAMD64","2","2","","1.33","1.35","","0"
"23.Q4","WindowsServer","Display","d0_amd-software-pro-edition-23.q4-winsvr2022-dec-2023.exe_aa88bb3e2a9e\Packages\Drivers\Display\WT6A_INF\amdfendr\amdfendr.inf","Windows Server 2016","14393","NativeApplicable","NativeApplicable","NATIVE_CANDIDATE","NativeCandidate","InfWideConservative","STATIC_CANDIDATE","NotEstablished","AMDFENDR_KM.NTAMD64","AMDFENDR_KM.NTAMD64","1","1","1.15","1.19","","","0"
"23.Q4","WindowsServer","Display","d0_amd-software-pro-edition-23.q4-winsvr2022-dec-2023.exe_aa88bb3e2a9e\Packages\Drivers\Display\WT6A_INF\amdfendr\amdfendr.inf","Windows Server 2019","17763","NativeApplicable","NativeApplicable","NATIVE_CANDIDATE","NativeCandidate","InfWideConservative","STATIC_CANDIDATE","NotEstablished","AMDFENDR_KM.NTAMD64","AMDFENDR_KM.NTAMD64","1","1","1.15","1.27","1.27","","0"
"23.Q4","WindowsServer","Display","d0_amd-software-pro-edition-23.q4-winsvr2022-dec-2023.exe_aa88bb3e2a9e\Packages\Drivers\Display\WT6A_INF\amdfendr\amdfendr.inf","Windows Server 2022","20348","NativeApplicable","NativeApplicable","NATIVE_CANDIDATE","NativeCandidate","InfWideConservative","STATIC_CANDIDATE","NotEstablished","AMDFENDR_KM.NTAMD64","AMDFENDR_KM.NTAMD64","1","1","1.15","1.33","","","0"
"23.Q4","WindowsServer","Display","d0_amd-software-pro-edition-23.q4-winsvr2022-dec-2023.exe_aa88bb3e2a9e\Packages\Drivers\Display\WT6A_INF\amdfendr\amdfendr.inf","Windows Server 2025","26100","NativeApplicable","NativeApplicable","NATIVE_CANDIDATE","NativeCandidate","InfWideConservative","STATIC_CANDIDATE","NotEstablished","AMDFENDR_KM.NTAMD64","AMDFENDR_KM.NTAMD64","1","1","1.15","1.33","1.35","","0"
"23.Q4","WindowsServer","Display","d0_amd-software-pro-edition-23.q4-winsvr2022-dec-2023.exe_aa88bb3e2a9e\Packages\Drivers\Display\WT6A_INF\AMDOCL\amdocl.inf","Windows Server 2016","14393","NotApplicableByBuild","NotApplicableByBuild","NOT_APPLICABLE","NotApplicable","InfWideConservative","STATIC_CANDIDATE","NotEstablished","","","0","0","","1.19","","","0"
"23.Q4","WindowsServer","Display","d0_amd-software-pro-edition-23.q4-winsvr2022-dec-2023.exe_aa88bb3e2a9e\Packages\Drivers\Display\WT6A_INF\AMDOCL\amdocl.inf","Windows Server 2019","17763","NativeApplicable","NativeApplicable","NATIVE_CANDIDATE","NativeCandidate","InfWideConservative","STATIC_CANDIDATE","NotEstablished","AMD.Mfg.NTamd64.10.0...16299","AMD.Mfg.NTamd64.10.0...16299","1","1","","1.27","1.27","","0"
"23.Q4","WindowsServer","Display","d0_amd-software-pro-edition-23.q4-winsvr2022-dec-2023.exe_aa88bb3e2a9e\Packages\Drivers\Display\WT6A_INF\AMDOCL\amdocl.inf","Windows Server 2022","20348","NativeApplicable","NativeApplicable","NATIVE_CANDIDATE","NativeCandidate","InfWideConservative","STATIC_CANDIDATE","NotEstablished","AMD.Mfg.NTamd64.10.0...16299","AMD.Mfg.NTamd64.10.0...16299","1","1","","1.33","","","0"
"23.Q4","WindowsServer","Display","d0_amd-software-pro-edition-23.q4-winsvr2022-dec-2023.exe_aa88bb3e2a9e\Packages\Drivers\Display\WT6A_INF\AMDOCL\amdocl.inf","Windows Server 2025","26100","NativeApplicable","NativeApplicable","NATIVE_CANDIDATE","NativeCandidate","InfWideConservative","STATIC_CANDIDATE","NotEstablished","AMD.Mfg.NTamd64.10.0...16299","AMD.Mfg.NTamd64.10.0...16299","1","1","","1.33","1.35","","0"
"23.Q4","WindowsServer","Display","d0_amd-software-pro-edition-23.q4-winsvr2022-dec-2023.exe_aa88bb3e2a9e\Packages\Drivers\Display\WT6A_INF\AMDWIN\amdwin-u2397542.inf","Windows Server 2016","14393","NativeApplicable","NativeApplicable","NATIVE_CANDIDATE","NativeCandidate","InfWideConservative","STATIC_CANDIDATE","NotEstablished","AMD.Mfg.NTamd64.10.0","AMD.Mfg.NTamd64.10.0","1","1","","1.19","","","0"
"23.Q4","WindowsServer","Display","d0_amd-software-pro-edition-23.q4-winsvr2022-dec-2023.exe_aa88bb3e2a9e\Packages\Drivers\Display\WT6A_INF\AMDWIN\amdwin-u2397542.inf","Windows Server 2019","17763","NativeApplicable","NativeApplicable","NATIVE_CANDIDATE","NativeCandidate","InfWideConservative","STATIC_CANDIDATE","NotEstablished","AMD.Mfg.NTamd64.10.0","AMD.Mfg.NTamd64.10.0","1","1","","1.27","1.27","","0"
"23.Q4","WindowsServer","Display","d0_amd-software-pro-edition-23.q4-winsvr2022-dec-2023.exe_aa88bb3e2a9e\Packages\Drivers\Display\WT6A_INF\AMDWIN\amdwin-u2397542.inf","Windows Server 2022","20348","NativeApplicable","NativeApplicable","NATIVE_CANDIDATE","NativeCandidate","InfWideConservative","STATIC_CANDIDATE","NotEstablished","AMD.Mfg.NTamd64.10.0","AMD.Mfg.NTamd64.10.0","1","1","","1.33","","","0"
"23.Q4","WindowsServer","Display","d0_amd-software-pro-edition-23.q4-winsvr2022-dec-2023.exe_aa88bb3e2a9e\Packages\Drivers\Display\WT6A_INF\AMDWIN\amdwin-u2397542.inf","Windows Server 2025","26100","NativeApplicable","NativeApplicable","NATIVE_CANDIDATE","NativeCandidate","InfWideConservative","STATIC_CANDIDATE","NotEstablished","AMD.Mfg.NTamd64.10.0","AMD.Mfg.NTamd64.10.0","1","1","","1.33","1.35","","0"
"25.Q3.1","RDNACombined","Display","d0_amd-software-pro-edition-25.q3.1-winsvr2022-rdna-combined.exe_e6e1e635a360\Packages\Drivers\Display\WT6A_INF\u2419406.inf","Windows Server 2016","14393","ExplicitlyExcluded","ExplicitlyExcluded","NOT_APPLICABLE","NotApplicable","InfWideConservative","STATIC_CANDIDATE","NotEstablished","ATI.Mfg.NTamd64.10.0.3;ATI.Mfg.NTamd64.6.0.3;ATI.Mfg.NTamd64.6.1.3;ATI.Mfg.NTamd64.6.2.3;ATI.Mfg.NTamd64.6.3.3","ATI.Mfg.NTamd64.10.0.3;ATI.Mfg.NTamd64.6.0.3;ATI.Mfg.NTamd64.6.1.3;ATI.Mfg.NTamd64.6.2.3;ATI.Mfg.NTamd64.6.3.3","0","0","","1.19","","","1"
"25.Q3.1","RDNACombined","Display","d0_amd-software-pro-edition-25.q3.1-winsvr2022-rdna-combined.exe_e6e1e635a360\Packages\Drivers\Display\WT6A_INF\u2419406.inf","Windows Server 2019","17763","ExplicitlyExcluded","ExplicitlyExcluded","NOT_APPLICABLE","NotApplicable","InfWideConservative","STATIC_CANDIDATE","NotEstablished","ATI.Mfg.NTamd64.10.0.3;ATI.Mfg.NTamd64.6.0.3;ATI.Mfg.NTamd64.6.1.3;ATI.Mfg.NTamd64.6.2.3;ATI.Mfg.NTamd64.6.3.3","ATI.Mfg.NTamd64.10.0.3;ATI.Mfg.NTamd64.6.0.3;ATI.Mfg.NTamd64.6.1.3;ATI.Mfg.NTamd64.6.2.3;ATI.Mfg.NTamd64.6.3.3","0","0","","1.27","1.27","","1"
"25.Q3.1","RDNACombined","Display","d0_amd-software-pro-edition-25.q3.1-winsvr2022-rdna-combined.exe_e6e1e635a360\Packages\Drivers\Display\WT6A_INF\u2419406.inf","Windows Server 2022","20348","NativeApplicable","NativeApplicable","NATIVE_CANDIDATE","NativeCandidate","InfWideConservative","STATIC_CANDIDATE","NotEstablished","ATI.Mfg.NTamd64.10.0.3..20348","ATI.Mfg.NTamd64.10.0.3..20348","768","768","","1.33","","","1"
"25.Q3.1","RDNACombined","Display","d0_amd-software-pro-edition-25.q3.1-winsvr2022-rdna-combined.exe_e6e1e635a360\Packages\Drivers\Display\WT6A_INF\u2419406.inf","Windows Server 2025","26100","NativeApplicable","NativeApplicable","NATIVE_CANDIDATE","NativeCandidate","InfWideConservative","STATIC_CANDIDATE","NotEstablished","ATI.Mfg.NTamd64.10.0.3..20348","ATI.Mfg.NTamd64.10.0.3..20348","768","768","","1.33","1.35","","1"
"25.Q3.1","RDNACombined","Display","d0_amd-software-pro-edition-25.q3.1-winsvr2022-rdna-combined.exe_e6e1e635a360\Packages\Drivers\Display\WT6A_INF\amdfendr\amdfendr.inf","Windows Server 2016","14393","NotApplicableByBuild","NotApplicableByBuild","NOT_APPLICABLE","NotApplicable","InfWideConservative","STATIC_CANDIDATE","NotEstablished","","","0","0","1.15","1.19","","","0"
"25.Q3.1","RDNACombined","Display","d0_amd-software-pro-edition-25.q3.1-winsvr2022-rdna-combined.exe_e6e1e635a360\Packages\Drivers\Display\WT6A_INF\amdfendr\amdfendr.inf","Windows Server 2019","17763","NativeApplicable","NativeApplicable","NATIVE_CANDIDATE","NativeCandidate","InfWideConservative","STATIC_CANDIDATE","NotEstablished","AMDFENDR_KM.NTAMD64.10.0...16299","AMDFENDR_KM.NTAMD64.10.0...16299","1","1","1.15","1.27","1.27","","0"
"25.Q3.1","RDNACombined","Display","d0_amd-software-pro-edition-25.q3.1-winsvr2022-rdna-combined.exe_e6e1e635a360\Packages\Drivers\Display\WT6A_INF\amdfendr\amdfendr.inf","Windows Server 2022","20348","NativeApplicable","NativeApplicable","NATIVE_CANDIDATE","NativeCandidate","InfWideConservative","STATIC_CANDIDATE","NotEstablished","AMDFENDR_KM.NTAMD64.10.0...16299","AMDFENDR_KM.NTAMD64.10.0...16299","1","1","1.15","1.33","","","0"
"25.Q3.1","RDNACombined","Display","d0_amd-software-pro-edition-25.q3.1-winsvr2022-rdna-combined.exe_e6e1e635a360\Packages\Drivers\Display\WT6A_INF\amdfendr\amdfendr.inf","Windows Server 2025","26100","NativeApplicable","NativeApplicable","NATIVE_CANDIDATE","NativeCandidate","InfWideConservative","STATIC_CANDIDATE","NotEstablished","AMDFENDR_KM.NTAMD64.10.0...16299","AMDFENDR_KM.NTAMD64.10.0...16299","1","1","1.15","1.33","1.35","","0"
"25.Q3.1","RDNACombined","Display","d0_amd-software-pro-edition-25.q3.1-winsvr2022-rdna-combined.exe_e6e1e635a360\Packages\Drivers\Display\WT6A_INF\amdocl\amdocl.inf","Windows Server 2016","14393","NotApplicableByBuild","NotApplicableByBuild","NOT_APPLICABLE","NotApplicable","InfWideConservative","STATIC_CANDIDATE","NotEstablished","","","0","0","","1.19","","","0"
"25.Q3.1","RDNACombined","Display","d0_amd-software-pro-edition-25.q3.1-winsvr2022-rdna-combined.exe_e6e1e635a360\Packages\Drivers\Display\WT6A_INF\amdocl\amdocl.inf","Windows Server 2019","17763","NativeApplicable","NativeApplicable","NATIVE_CANDIDATE","NativeCandidate","InfWideConservative","STATIC_CANDIDATE","NotEstablished","AMD.Mfg.NTamd64.10.0...16299","AMD.Mfg.NTamd64.10.0...16299","1","1","","1.27","1.27","","0"
"25.Q3.1","RDNACombined","Display","d0_amd-software-pro-edition-25.q3.1-winsvr2022-rdna-combined.exe_e6e1e635a360\Packages\Drivers\Display\WT6A_INF\amdocl\amdocl.inf","Windows Server 2022","20348","NativeApplicable","NativeApplicable","NATIVE_CANDIDATE","NativeCandidate","InfWideConservative","STATIC_CANDIDATE","NotEstablished","AMD.Mfg.NTamd64.10.0...16299","AMD.Mfg.NTamd64.10.0...16299","1","1","","1.33","","","0"
"25.Q3.1","RDNACombined","Display","d0_amd-software-pro-edition-25.q3.1-winsvr2022-rdna-combined.exe_e6e1e635a360\Packages\Drivers\Display\WT6A_INF\amdocl\amdocl.inf","Windows Server 2025","26100","NativeApplicable","NativeApplicable","NATIVE_CANDIDATE","NativeCandidate","InfWideConservative","STATIC_CANDIDATE","NotEstablished","AMD.Mfg.NTamd64.10.0...16299","AMD.Mfg.NTamd64.10.0...16299","1","1","","1.33","1.35","","0"
"25.Q3.1","RDNACombined","Display","d0_amd-software-pro-edition-25.q3.1-winsvr2022-rdna-combined.exe_e6e1e635a360\Packages\Drivers\Display\WT6A_INF\amdwin\amdwin-u2419406.inf","Windows Server 2016","14393","NativeApplicable","NativeApplicable","NATIVE_CANDIDATE","NativeCandidate","InfWideConservative","STATIC_CANDIDATE","NotEstablished","AMD.Mfg.NTamd64.10.0","AMD.Mfg.NTamd64.10.0","1","1","","1.19","","","0"
"25.Q3.1","RDNACombined","Display","d0_amd-software-pro-edition-25.q3.1-winsvr2022-rdna-combined.exe_e6e1e635a360\Packages\Drivers\Display\WT6A_INF\amdwin\amdwin-u2419406.inf","Windows Server 2019","17763","NativeApplicable","NativeApplicable","NATIVE_CANDIDATE","NativeCandidate","InfWideConservative","STATIC_CANDIDATE","NotEstablished","AMD.Mfg.NTamd64.10.0","AMD.Mfg.NTamd64.10.0","1","1","","1.27","1.27","","0"
"25.Q3.1","RDNACombined","Display","d0_amd-software-pro-edition-25.q3.1-winsvr2022-rdna-combined.exe_e6e1e635a360\Packages\Drivers\Display\WT6A_INF\amdwin\amdwin-u2419406.inf","Windows Server 2022","20348","NativeApplicable","NativeApplicable","NATIVE_CANDIDATE","NativeCandidate","InfWideConservative","STATIC_CANDIDATE","NotEstablished","AMD.Mfg.NTamd64.10.0","AMD.Mfg.NTamd64.10.0","1","1","","1.33","","","0"
"25.Q3.1","RDNACombined","Display","d0_amd-software-pro-edition-25.q3.1-winsvr2022-rdna-combined.exe_e6e1e635a360\Packages\Drivers\Display\WT6A_INF\amdwin\amdwin-u2419406.inf","Windows Server 2025","26100","NativeApplicable","NativeApplicable","NATIVE_CANDIDATE","NativeCandidate","InfWideConservative","STATIC_CANDIDATE","NotEstablished","AMD.Mfg.NTamd64.10.0","AMD.Mfg.NTamd64.10.0","1","1","","1.33","1.35","","0"
"25.Q3.1","RDNACombined","Display2","d0_amd-software-pro-edition-25.q3.1-winsvr2022-rdna-combined.exe_e6e1e635a360\Packages\Drivers\Display2\WT6A_INF\u2419405.inf","Windows Server 2016","14393","ExplicitlyExcluded","ExplicitlyExcluded","NOT_APPLICABLE","NotApplicable","InfWideConservative","STATIC_CANDIDATE","NotEstablished","ATI.Mfg.NTamd64.10.0.3;ATI.Mfg.NTamd64.6.0.3;ATI.Mfg.NTamd64.6.1.3;ATI.Mfg.NTamd64.6.2.3;ATI.Mfg.NTamd64.6.3.3","ATI.Mfg.NTamd64.10.0.3;ATI.Mfg.NTamd64.6.0.3;ATI.Mfg.NTamd64.6.1.3;ATI.Mfg.NTamd64.6.2.3;ATI.Mfg.NTamd64.6.3.3","0","0","","1.19","","","1"
"25.Q3.1","RDNACombined","Display2","d0_amd-software-pro-edition-25.q3.1-winsvr2022-rdna-combined.exe_e6e1e635a360\Packages\Drivers\Display2\WT6A_INF\u2419405.inf","Windows Server 2019","17763","ExplicitlyExcluded","ExplicitlyExcluded","NOT_APPLICABLE","NotApplicable","InfWideConservative","STATIC_CANDIDATE","NotEstablished","ATI.Mfg.NTamd64.10.0.3;ATI.Mfg.NTamd64.6.0.3;ATI.Mfg.NTamd64.6.1.3;ATI.Mfg.NTamd64.6.2.3;ATI.Mfg.NTamd64.6.3.3","ATI.Mfg.NTamd64.10.0.3;ATI.Mfg.NTamd64.6.0.3;ATI.Mfg.NTamd64.6.1.3;ATI.Mfg.NTamd64.6.2.3;ATI.Mfg.NTamd64.6.3.3","0","0","","1.27","1.27","","1"
"25.Q3.1","RDNACombined","Display2","d0_amd-software-pro-edition-25.q3.1-winsvr2022-rdna-combined.exe_e6e1e635a360\Packages\Drivers\Display2\WT6A_INF\u2419405.inf","Windows Server 2022","20348","NativeApplicable","NativeApplicable","NATIVE_CANDIDATE","NativeCandidate","InfWideConservative","STATIC_CANDIDATE","NotEstablished","ATI.Mfg.NTamd64.10.0.3..20348","ATI.Mfg.NTamd64.10.0.3..20348","314","314","","1.33","","","1"
"25.Q3.1","RDNACombined","Display2","d0_amd-software-pro-edition-25.q3.1-winsvr2022-rdna-combined.exe_e6e1e635a360\Packages\Drivers\Display2\WT6A_INF\u2419405.inf","Windows Server 2025","26100","NativeApplicable","NativeApplicable","NATIVE_CANDIDATE","NativeCandidate","InfWideConservative","STATIC_CANDIDATE","NotEstablished","ATI.Mfg.NTamd64.10.0.3..20348","ATI.Mfg.NTamd64.10.0.3..20348","314","314","","1.33","1.35","","1"
"25.Q3.1","RDNACombined","Display2","d0_amd-software-pro-edition-25.q3.1-winsvr2022-rdna-combined.exe_e6e1e635a360\Packages\Drivers\Display2\WT6A_INF\amdafd\amdafd.inf","Windows Server 2016","14393","NativeApplicable","NativeApplicable","NATIVE_CANDIDATE","NativeCandidate","InfWideConservative","STATIC_CANDIDATE","NotEstablished","AMD_KMAFD.NTAMD64","AMD_KMAFD.NTAMD64","2","2","","1.19","","","0"
"25.Q3.1","RDNACombined","Display2","d0_amd-software-pro-edition-25.q3.1-winsvr2022-rdna-combined.exe_e6e1e635a360\Packages\Drivers\Display2\WT6A_INF\amdafd\amdafd.inf","Windows Server 2019","17763","NativeApplicable","NativeApplicable","NATIVE_CANDIDATE","NativeCandidate","InfWideConservative","STATIC_CANDIDATE","NotEstablished","AMD_KMAFD.NTAMD64","AMD_KMAFD.NTAMD64","2","2","","1.27","1.27","","0"
"25.Q3.1","RDNACombined","Display2","d0_amd-software-pro-edition-25.q3.1-winsvr2022-rdna-combined.exe_e6e1e635a360\Packages\Drivers\Display2\WT6A_INF\amdafd\amdafd.inf","Windows Server 2022","20348","NativeApplicable","NativeApplicable","NATIVE_CANDIDATE","NativeCandidate","InfWideConservative","STATIC_CANDIDATE","NotEstablished","AMD_KMAFD.NTAMD64","AMD_KMAFD.NTAMD64","2","2","","1.33","","","0"
"25.Q3.1","RDNACombined","Display2","d0_amd-software-pro-edition-25.q3.1-winsvr2022-rdna-combined.exe_e6e1e635a360\Packages\Drivers\Display2\WT6A_INF\amdafd\amdafd.inf","Windows Server 2025","26100","NativeApplicable","NativeApplicable","NATIVE_CANDIDATE","NativeCandidate","InfWideConservative","STATIC_CANDIDATE","NotEstablished","AMD_KMAFD.NTAMD64","AMD_KMAFD.NTAMD64","2","2","","1.33","1.35","","0"
"25.Q3.1","RDNACombined","Display2","d0_amd-software-pro-edition-25.q3.1-winsvr2022-rdna-combined.exe_e6e1e635a360\Packages\Drivers\Display2\WT6A_INF\amdfendr\amdfendr.inf","Windows Server 2016","14393","NotApplicableByBuild","NotApplicableByBuild","NOT_APPLICABLE","NotApplicable","InfWideConservative","STATIC_CANDIDATE","NotEstablished","","","0","0","1.15","1.19","","","0"
"25.Q3.1","RDNACombined","Display2","d0_amd-software-pro-edition-25.q3.1-winsvr2022-rdna-combined.exe_e6e1e635a360\Packages\Drivers\Display2\WT6A_INF\amdfendr\amdfendr.inf","Windows Server 2019","17763","NativeApplicable","NativeApplicable","NATIVE_CANDIDATE","NativeCandidate","InfWideConservative","STATIC_CANDIDATE","NotEstablished","AMDFENDR_KM.NTAMD64.10.0...16299","AMDFENDR_KM.NTAMD64.10.0...16299","1","1","1.15","1.27","1.27","","0"
"25.Q3.1","RDNACombined","Display2","d0_amd-software-pro-edition-25.q3.1-winsvr2022-rdna-combined.exe_e6e1e635a360\Packages\Drivers\Display2\WT6A_INF\amdfendr\amdfendr.inf","Windows Server 2022","20348","NativeApplicable","NativeApplicable","NATIVE_CANDIDATE","NativeCandidate","InfWideConservative","STATIC_CANDIDATE","NotEstablished","AMDFENDR_KM.NTAMD64.10.0...16299","AMDFENDR_KM.NTAMD64.10.0...16299","1","1","1.15","1.33","","","0"
"25.Q3.1","RDNACombined","Display2","d0_amd-software-pro-edition-25.q3.1-winsvr2022-rdna-combined.exe_e6e1e635a360\Packages\Drivers\Display2\WT6A_INF\amdfendr\amdfendr.inf","Windows Server 2025","26100","NativeApplicable","NativeApplicable","NATIVE_CANDIDATE","NativeCandidate","InfWideConservative","STATIC_CANDIDATE","NotEstablished","AMDFENDR_KM.NTAMD64.10.0...16299","AMDFENDR_KM.NTAMD64.10.0...16299","1","1","1.15","1.33","1.35","","0"
"25.Q3.1","RDNACombined","Display2","d0_amd-software-pro-edition-25.q3.1-winsvr2022-rdna-combined.exe_e6e1e635a360\Packages\Drivers\Display2\WT6A_INF\amdocl\amdocl.inf","Windows Server 2016","14393","NotApplicableByBuild","NotApplicableByBuild","NOT_APPLICABLE","NotApplicable","InfWideConservative","STATIC_CANDIDATE","NotEstablished","","","0","0","","1.19","","","0"
"25.Q3.1","RDNACombined","Display2","d0_amd-software-pro-edition-25.q3.1-winsvr2022-rdna-combined.exe_e6e1e635a360\Packages\Drivers\Display2\WT6A_INF\amdocl\amdocl.inf","Windows Server 2019","17763","NativeApplicable","NativeApplicable","NATIVE_CANDIDATE","NativeCandidate","InfWideConservative","STATIC_CANDIDATE","NotEstablished","AMD.Mfg.NTamd64.10.0...16299","AMD.Mfg.NTamd64.10.0...16299","1","1","","1.27","1.27","","0"
"25.Q3.1","RDNACombined","Display2","d0_amd-software-pro-edition-25.q3.1-winsvr2022-rdna-combined.exe_e6e1e635a360\Packages\Drivers\Display2\WT6A_INF\amdocl\amdocl.inf","Windows Server 2022","20348","NativeApplicable","NativeApplicable","NATIVE_CANDIDATE","NativeCandidate","InfWideConservative","STATIC_CANDIDATE","NotEstablished","AMD.Mfg.NTamd64.10.0...16299","AMD.Mfg.NTamd64.10.0...16299","1","1","","1.33","","","0"
"25.Q3.1","RDNACombined","Display2","d0_amd-software-pro-edition-25.q3.1-winsvr2022-rdna-combined.exe_e6e1e635a360\Packages\Drivers\Display2\WT6A_INF\amdocl\amdocl.inf","Windows Server 2025","26100","NativeApplicable","NativeApplicable","NATIVE_CANDIDATE","NativeCandidate","InfWideConservative","STATIC_CANDIDATE","NotEstablished","AMD.Mfg.NTamd64.10.0...16299","AMD.Mfg.NTamd64.10.0...16299","1","1","","1.33","1.35","","0"
"25.Q3.1","RDNACombined","Display2","d0_amd-software-pro-edition-25.q3.1-winsvr2022-rdna-combined.exe_e6e1e635a360\Packages\Drivers\Display2\WT6A_INF\amdwin\amdwin-u2419405.inf","Windows Server 2016","14393","NativeApplicable","NativeApplicable","NATIVE_CANDIDATE","NativeCandidate","InfWideConservative","STATIC_CANDIDATE","NotEstablished","AMD.Mfg.NTamd64.10.0","AMD.Mfg.NTamd64.10.0","1","1","","1.19","","","0"
"25.Q3.1","RDNACombined","Display2","d0_amd-software-pro-edition-25.q3.1-winsvr2022-rdna-combined.exe_e6e1e635a360\Packages\Drivers\Display2\WT6A_INF\amdwin\amdwin-u2419405.inf","Windows Server 2019","17763","NativeApplicable","NativeApplicable","NATIVE_CANDIDATE","NativeCandidate","InfWideConservative","STATIC_CANDIDATE","NotEstablished","AMD.Mfg.NTamd64.10.0","AMD.Mfg.NTamd64.10.0","1","1","","1.27","1.27","","0"
"25.Q3.1","RDNACombined","Display2","d0_amd-software-pro-edition-25.q3.1-winsvr2022-rdna-combined.exe_e6e1e635a360\Packages\Drivers\Display2\WT6A_INF\amdwin\amdwin-u2419405.inf","Windows Server 2022","20348","NativeApplicable","NativeApplicable","NATIVE_CANDIDATE","NativeCandidate","InfWideConservative","STATIC_CANDIDATE","NotEstablished","AMD.Mfg.NTamd64.10.0","AMD.Mfg.NTamd64.10.0","1","1","","1.33","","","0"
"25.Q3.1","RDNACombined","Display2","d0_amd-software-pro-edition-25.q3.1-winsvr2022-rdna-combined.exe_e6e1e635a360\Packages\Drivers\Display2\WT6A_INF\amdwin\amdwin-u2419405.inf","Windows Server 2025","26100","NativeApplicable","NativeApplicable","NATIVE_CANDIDATE","NativeCandidate","InfWideConservative","STATIC_CANDIDATE","NotEstablished","AMD.Mfg.NTamd64.10.0","AMD.Mfg.NTamd64.10.0","1","1","","1.33","1.35","","0"
"25.Q3.1","RDNA","Display","d0_amd-software-pro-edition-25.q3.1-winsvr2025-rdna.exe_057a040bc86b\Packages\Drivers\Display\WT6A_INF\u5419407.inf","Windows Server 2016","14393","ExplicitlyExcluded","ExplicitlyExcluded","NOT_APPLICABLE","NotApplicable","InfWideConservative","STATIC_CANDIDATE","NotEstablished","ATI.Mfg.NTamd64.10.0.3;ATI.Mfg.NTamd64.6.0.3;ATI.Mfg.NTamd64.6.1.3;ATI.Mfg.NTamd64.6.2.3;ATI.Mfg.NTamd64.6.3.3","ATI.Mfg.NTamd64.10.0.3;ATI.Mfg.NTamd64.6.0.3;ATI.Mfg.NTamd64.6.1.3;ATI.Mfg.NTamd64.6.2.3;ATI.Mfg.NTamd64.6.3.3","0","0","","1.19","","","1"
"25.Q3.1","RDNA","Display","d0_amd-software-pro-edition-25.q3.1-winsvr2025-rdna.exe_057a040bc86b\Packages\Drivers\Display\WT6A_INF\u5419407.inf","Windows Server 2019","17763","ExplicitlyExcluded","ExplicitlyExcluded","NOT_APPLICABLE","NotApplicable","InfWideConservative","STATIC_CANDIDATE","NotEstablished","ATI.Mfg.NTamd64.10.0.3;ATI.Mfg.NTamd64.6.0.3;ATI.Mfg.NTamd64.6.1.3;ATI.Mfg.NTamd64.6.2.3;ATI.Mfg.NTamd64.6.3.3","ATI.Mfg.NTamd64.10.0.3;ATI.Mfg.NTamd64.6.0.3;ATI.Mfg.NTamd64.6.1.3;ATI.Mfg.NTamd64.6.2.3;ATI.Mfg.NTamd64.6.3.3","0","0","","1.27","1.27","","1"
"25.Q3.1","RDNA","Display","d0_amd-software-pro-edition-25.q3.1-winsvr2025-rdna.exe_057a040bc86b\Packages\Drivers\Display\WT6A_INF\u5419407.inf","Windows Server 2022","20348","ExplicitlyExcluded","ExplicitlyExcluded","NOT_APPLICABLE","NotApplicable","InfWideConservative","STATIC_CANDIDATE","NotEstablished","ATI.Mfg.NTamd64.10.0.3;ATI.Mfg.NTamd64.6.0.3;ATI.Mfg.NTamd64.6.1.3;ATI.Mfg.NTamd64.6.2.3;ATI.Mfg.NTamd64.6.3.3","ATI.Mfg.NTamd64.10.0.3;ATI.Mfg.NTamd64.6.0.3;ATI.Mfg.NTamd64.6.1.3;ATI.Mfg.NTamd64.6.2.3;ATI.Mfg.NTamd64.6.3.3","0","0","","1.33","","","1"
"25.Q3.1","RDNA","Display","d0_amd-software-pro-edition-25.q3.1-winsvr2025-rdna.exe_057a040bc86b\Packages\Drivers\Display\WT6A_INF\u5419407.inf","Windows Server 2025","26100","NativeApplicable","NativeApplicable","NATIVE_CANDIDATE","NativeCandidate","InfWideConservative","STATIC_CANDIDATE","NotEstablished","ATI.Mfg.NTamd64.10.0.3..26100","ATI.Mfg.NTamd64.10.0.3..26100","768","768","","1.33","1.35","","1"
"25.Q3.1","RDNA","Display","d0_amd-software-pro-edition-25.q3.1-winsvr2025-rdna.exe_057a040bc86b\Packages\Drivers\Display\WT6A_INF\amdfendr\amdfendr.inf","Windows Server 2016","14393","NotApplicableByBuild","NotApplicableByBuild","NOT_APPLICABLE","NotApplicable","InfWideConservative","STATIC_CANDIDATE","NotEstablished","","","0","0","1.15","1.19","","","0"
"25.Q3.1","RDNA","Display","d0_amd-software-pro-edition-25.q3.1-winsvr2025-rdna.exe_057a040bc86b\Packages\Drivers\Display\WT6A_INF\amdfendr\amdfendr.inf","Windows Server 2019","17763","NativeApplicable","NativeApplicable","NATIVE_CANDIDATE","NativeCandidate","InfWideConservative","STATIC_CANDIDATE","NotEstablished","AMDFENDR_KM.NTAMD64.10.0...16299","AMDFENDR_KM.NTAMD64.10.0...16299","1","1","1.15","1.27","1.27","","0"
"25.Q3.1","RDNA","Display","d0_amd-software-pro-edition-25.q3.1-winsvr2025-rdna.exe_057a040bc86b\Packages\Drivers\Display\WT6A_INF\amdfendr\amdfendr.inf","Windows Server 2022","20348","NativeApplicable","NativeApplicable","NATIVE_CANDIDATE","NativeCandidate","InfWideConservative","STATIC_CANDIDATE","NotEstablished","AMDFENDR_KM.NTAMD64.10.0...16299","AMDFENDR_KM.NTAMD64.10.0...16299","1","1","1.15","1.33","","","0"
"25.Q3.1","RDNA","Display","d0_amd-software-pro-edition-25.q3.1-winsvr2025-rdna.exe_057a040bc86b\Packages\Drivers\Display\WT6A_INF\amdfendr\amdfendr.inf","Windows Server 2025","26100","NativeApplicable","NativeApplicable","NATIVE_CANDIDATE","NativeCandidate","InfWideConservative","STATIC_CANDIDATE","NotEstablished","AMDFENDR_KM.NTAMD64.10.0...16299","AMDFENDR_KM.NTAMD64.10.0...16299","1","1","1.15","1.33","1.35","","0"
"25.Q3.1","RDNA","Display","d0_amd-software-pro-edition-25.q3.1-winsvr2025-rdna.exe_057a040bc86b\Packages\Drivers\Display\WT6A_INF\amdocl\amdocl.inf","Windows Server 2016","14393","NotApplicableByBuild","NotApplicableByBuild","NOT_APPLICABLE","NotApplicable","InfWideConservative","STATIC_CANDIDATE","NotEstablished","","","0","0","","1.19","","","0"
"25.Q3.1","RDNA","Display","d0_amd-software-pro-edition-25.q3.1-winsvr2025-rdna.exe_057a040bc86b\Packages\Drivers\Display\WT6A_INF\amdocl\amdocl.inf","Windows Server 2019","17763","NativeApplicable","NativeApplicable","NATIVE_CANDIDATE","NativeCandidate","InfWideConservative","STATIC_CANDIDATE","NotEstablished","AMD.Mfg.NTamd64.10.0...16299","AMD.Mfg.NTamd64.10.0...16299","1","1","","1.27","1.27","","0"
"25.Q3.1","RDNA","Display","d0_amd-software-pro-edition-25.q3.1-winsvr2025-rdna.exe_057a040bc86b\Packages\Drivers\Display\WT6A_INF\amdocl\amdocl.inf","Windows Server 2022","20348","NativeApplicable","NativeApplicable","NATIVE_CANDIDATE","NativeCandidate","InfWideConservative","STATIC_CANDIDATE","NotEstablished","AMD.Mfg.NTamd64.10.0...16299","AMD.Mfg.NTamd64.10.0...16299","1","1","","1.33","","","0"
"25.Q3.1","RDNA","Display","d0_amd-software-pro-edition-25.q3.1-winsvr2025-rdna.exe_057a040bc86b\Packages\Drivers\Display\WT6A_INF\amdocl\amdocl.inf","Windows Server 2025","26100","NativeApplicable","NativeApplicable","NATIVE_CANDIDATE","NativeCandidate","InfWideConservative","STATIC_CANDIDATE","NotEstablished","AMD.Mfg.NTamd64.10.0...16299","AMD.Mfg.NTamd64.10.0...16299","1","1","","1.33","1.35","","0"
"25.Q3.1","RDNA","Display","d0_amd-software-pro-edition-25.q3.1-winsvr2025-rdna.exe_057a040bc86b\Packages\Drivers\Display\WT6A_INF\amdwin\amdwin-u5419407.inf","Windows Server 2016","14393","NativeApplicable","NativeApplicable","NATIVE_CANDIDATE","NativeCandidate","InfWideConservative","STATIC_CANDIDATE","NotEstablished","AMD.Mfg.NTamd64.10.0","AMD.Mfg.NTamd64.10.0","1","1","","1.19","","","0"
"25.Q3.1","RDNA","Display","d0_amd-software-pro-edition-25.q3.1-winsvr2025-rdna.exe_057a040bc86b\Packages\Drivers\Display\WT6A_INF\amdwin\amdwin-u5419407.inf","Windows Server 2019","17763","NativeApplicable","NativeApplicable","NATIVE_CANDIDATE","NativeCandidate","InfWideConservative","STATIC_CANDIDATE","NotEstablished","AMD.Mfg.NTamd64.10.0","AMD.Mfg.NTamd64.10.0","1","1","","1.27","1.27","","0"
"25.Q3.1","RDNA","Display","d0_amd-software-pro-edition-25.q3.1-winsvr2025-rdna.exe_057a040bc86b\Packages\Drivers\Display\WT6A_INF\amdwin\amdwin-u5419407.inf","Windows Server 2022","20348","NativeApplicable","NativeApplicable","NATIVE_CANDIDATE","NativeCandidate","InfWideConservative","STATIC_CANDIDATE","NotEstablished","AMD.Mfg.NTamd64.10.0","AMD.Mfg.NTamd64.10.0","1","1","","1.33","","","0"
"25.Q3.1","RDNA","Display","d0_amd-software-pro-edition-25.q3.1-winsvr2025-rdna.exe_057a040bc86b\Packages\Drivers\Display\WT6A_INF\amdwin\amdwin-u5419407.inf","Windows Server 2025","26100","NativeApplicable","NativeApplicable","NATIVE_CANDIDATE","NativeCandidate","InfWideConservative","STATIC_CANDIDATE","NotEstablished","AMD.Mfg.NTamd64.10.0","AMD.Mfg.NTamd64.10.0","1","1","","1.33","1.35","","0"
"25.11.1","Main","AMDISP","d0_whql-amd-software-adrenalin-edition-25.11.1-win11-s.exe_f1491c02bfe4\Packages\Drivers\AMDISP\AMDCAMERA\WT64A\amdcamera.inf","Windows Server 2016","14393","NativeApplicable","NativeApplicable","NATIVE_CANDIDATE","NativeCandidate","InfWideConservative","STATIC_CANDIDATE","NotEstablished","AMD.NTamd64","AMD.NTamd64","1","1","","1.19","","","1"
"25.11.1","Main","AMDISP","d0_whql-amd-software-adrenalin-edition-25.11.1-win11-s.exe_f1491c02bfe4\Packages\Drivers\AMDISP\AMDCAMERA\WT64A\amdcamera.inf","Windows Server 2019","17763","NativeApplicable","NativeApplicable","NATIVE_CANDIDATE","NativeCandidate","InfWideConservative","STATIC_CANDIDATE","NotEstablished","AMD.NTamd64","AMD.NTamd64","1","1","","1.27","1.27","","1"
"25.11.1","Main","AMDISP","d0_whql-amd-software-adrenalin-edition-25.11.1-win11-s.exe_f1491c02bfe4\Packages\Drivers\AMDISP\AMDCAMERA\WT64A\amdcamera.inf","Windows Server 2022","20348","NativeApplicable","NativeApplicable","NATIVE_CANDIDATE","NativeCandidate","InfWideConservative","STATIC_CANDIDATE","NotEstablished","AMD.NTamd64","AMD.NTamd64","1","1","","1.33","","","1"
"25.11.1","Main","AMDISP","d0_whql-amd-software-adrenalin-edition-25.11.1-win11-s.exe_f1491c02bfe4\Packages\Drivers\AMDISP\AMDCAMERA\WT64A\amdcamera.inf","Windows Server 2025","26100","NativeApplicable","NativeApplicable","NATIVE_CANDIDATE","NativeCandidate","InfWideConservative","STATIC_CANDIDATE","NotEstablished","AMD.NTamd64","AMD.NTamd64","1","1","","1.33","1.35","","1"
"25.11.1","Main","AMDISP","d0_whql-amd-software-adrenalin-edition-25.11.1-win11-s.exe_f1491c02bfe4\Packages\Drivers\AMDISP\AMDISP\WT64A\amdisp.inf","Windows Server 2016","14393","NativeApplicable","NativeApplicable","REVIEW_REQUIRED","WdfRequirementReview","InfWideConservative","STATIC_CANDIDATE","NotEstablished","AMD.NTamd64;AMD_SRX.NTamd64","AMD.NTamd64;AMD_SRX.NTamd64","2","2","1.23.0","1.19","","2.23.0","1"
"25.11.1","Main","AMDISP","d0_whql-amd-software-adrenalin-edition-25.11.1-win11-s.exe_f1491c02bfe4\Packages\Drivers\AMDISP\AMDISP\WT64A\amdisp.inf","Windows Server 2019","17763","NativeApplicable","NativeApplicable","NATIVE_CANDIDATE","NativeCandidate","InfWideConservative","STATIC_CANDIDATE","NotEstablished","AMD.NTamd64;AMD_SRX.NTamd64","AMD.NTamd64;AMD_SRX.NTamd64","2","2","1.23.0","1.27","1.27","2.23.0","1"
"25.11.1","Main","AMDISP","d0_whql-amd-software-adrenalin-edition-25.11.1-win11-s.exe_f1491c02bfe4\Packages\Drivers\AMDISP\AMDISP\WT64A\amdisp.inf","Windows Server 2022","20348","NativeApplicable","NativeApplicable","NATIVE_CANDIDATE","NativeCandidate","InfWideConservative","STATIC_CANDIDATE","NotEstablished","AMD.NTamd64;AMD_SRX.NTamd64","AMD.NTamd64;AMD_SRX.NTamd64","2","2","1.23.0","1.33","","2.23.0","1"
"25.11.1","Main","AMDISP","d0_whql-amd-software-adrenalin-edition-25.11.1-win11-s.exe_f1491c02bfe4\Packages\Drivers\AMDISP\AMDISP\WT64A\amdisp.inf","Windows Server 2025","26100","NativeApplicable","NativeApplicable","NATIVE_CANDIDATE","NativeCandidate","InfWideConservative","STATIC_CANDIDATE","NotEstablished","AMD.NTamd64;AMD_SRX.NTamd64","AMD.NTamd64;AMD_SRX.NTamd64","2","2","1.23.0","1.33","1.35","2.23.0","1"
"25.11.1","Main","AMDISP","d0_whql-amd-software-adrenalin-edition-25.11.1-win11-s.exe_f1491c02bfe4\Packages\Drivers\AMDISP\GC1029\WT64A\sensorGC1029.inf","Windows Server 2016","14393","NativeApplicable","NativeApplicable","NATIVE_CANDIDATE","NativeCandidate","InfWideConservative","STATIC_CANDIDATE","NotEstablished","Standard.NTamd64","Standard.NTamd64","1","1","1.15","1.19","","","1"
"25.11.1","Main","AMDISP","d0_whql-amd-software-adrenalin-edition-25.11.1-win11-s.exe_f1491c02bfe4\Packages\Drivers\AMDISP\GC1029\WT64A\sensorGC1029.inf","Windows Server 2019","17763","NativeApplicable","NativeApplicable","NATIVE_CANDIDATE","NativeCandidate","InfWideConservative","STATIC_CANDIDATE","NotEstablished","Standard.NTamd64","Standard.NTamd64","1","1","1.15","1.27","1.27","","1"
"25.11.1","Main","AMDISP","d0_whql-amd-software-adrenalin-edition-25.11.1-win11-s.exe_f1491c02bfe4\Packages\Drivers\AMDISP\GC1029\WT64A\sensorGC1029.inf","Windows Server 2022","20348","NativeApplicable","NativeApplicable","NATIVE_CANDIDATE","NativeCandidate","InfWideConservative","STATIC_CANDIDATE","NotEstablished","Standard.NTamd64","Standard.NTamd64","1","1","1.15","1.33","","","1"
"25.11.1","Main","AMDISP","d0_whql-amd-software-adrenalin-edition-25.11.1-win11-s.exe_f1491c02bfe4\Packages\Drivers\AMDISP\GC1029\WT64A\sensorGC1029.inf","Windows Server 2025","26100","NativeApplicable","NativeApplicable","NATIVE_CANDIDATE","NativeCandidate","InfWideConservative","STATIC_CANDIDATE","NotEstablished","Standard.NTamd64","Standard.NTamd64","1","1","1.15","1.33","1.35","","1"
"25.11.1","Main","AMDISP","d0_whql-amd-software-adrenalin-edition-25.11.1-win11-s.exe_f1491c02bfe4\Packages\Drivers\AMDISP\HM1092\WT64A\sensorHM1092.inf","Windows Server 2016","14393","NativeApplicable","NativeApplicable","NATIVE_CANDIDATE","NativeCandidate","InfWideConservative","STATIC_CANDIDATE","NotEstablished","Standard.NTamd64","Standard.NTamd64","1","1","1.15","1.19","","","1"
"25.11.1","Main","AMDISP","d0_whql-amd-software-adrenalin-edition-25.11.1-win11-s.exe_f1491c02bfe4\Packages\Drivers\AMDISP\HM1092\WT64A\sensorHM1092.inf","Windows Server 2019","17763","NativeApplicable","NativeApplicable","NATIVE_CANDIDATE","NativeCandidate","InfWideConservative","STATIC_CANDIDATE","NotEstablished","Standard.NTamd64","Standard.NTamd64","1","1","1.15","1.27","1.27","","1"
"25.11.1","Main","AMDISP","d0_whql-amd-software-adrenalin-edition-25.11.1-win11-s.exe_f1491c02bfe4\Packages\Drivers\AMDISP\HM1092\WT64A\sensorHM1092.inf","Windows Server 2022","20348","NativeApplicable","NativeApplicable","NATIVE_CANDIDATE","NativeCandidate","InfWideConservative","STATIC_CANDIDATE","NotEstablished","Standard.NTamd64","Standard.NTamd64","1","1","1.15","1.33","","","1"
"25.11.1","Main","AMDISP","d0_whql-amd-software-adrenalin-edition-25.11.1-win11-s.exe_f1491c02bfe4\Packages\Drivers\AMDISP\HM1092\WT64A\sensorHM1092.inf","Windows Server 2025","26100","NativeApplicable","NativeApplicable","NATIVE_CANDIDATE","NativeCandidate","InfWideConservative","STATIC_CANDIDATE","NotEstablished","Standard.NTamd64","Standard.NTamd64","1","1","1.15","1.33","1.35","","1"
"25.11.1","Main","AMDISP","d0_whql-amd-software-adrenalin-edition-25.11.1-win11-s.exe_f1491c02bfe4\Packages\Drivers\AMDISP\OV05C\WT64A\sensorOV05C.inf","Windows Server 2016","14393","NativeApplicable","NativeApplicable","NATIVE_CANDIDATE","NativeCandidate","InfWideConservative","STATIC_CANDIDATE","NotEstablished","Standard.NTamd64","Standard.NTamd64","1","1","1.15","1.19","","","1"
"25.11.1","Main","AMDISP","d0_whql-amd-software-adrenalin-edition-25.11.1-win11-s.exe_f1491c02bfe4\Packages\Drivers\AMDISP\OV05C\WT64A\sensorOV05C.inf","Windows Server 2019","17763","NativeApplicable","NativeApplicable","NATIVE_CANDIDATE","NativeCandidate","InfWideConservative","STATIC_CANDIDATE","NotEstablished","Standard.NTamd64","Standard.NTamd64","1","1","1.15","1.27","1.27","","1"
"25.11.1","Main","AMDISP","d0_whql-amd-software-adrenalin-edition-25.11.1-win11-s.exe_f1491c02bfe4\Packages\Drivers\AMDISP\OV05C\WT64A\sensorOV05C.inf","Windows Server 2022","20348","NativeApplicable","NativeApplicable","NATIVE_CANDIDATE","NativeCandidate","InfWideConservative","STATIC_CANDIDATE","NotEstablished","Standard.NTamd64","Standard.NTamd64","1","1","1.15","1.33","","","1"
"25.11.1","Main","AMDISP","d0_whql-amd-software-adrenalin-edition-25.11.1-win11-s.exe_f1491c02bfe4\Packages\Drivers\AMDISP\OV05C\WT64A\sensorOV05C.inf","Windows Server 2025","26100","NativeApplicable","NativeApplicable","NATIVE_CANDIDATE","NativeCandidate","InfWideConservative","STATIC_CANDIDATE","NotEstablished","Standard.NTamd64","Standard.NTamd64","1","1","1.15","1.33","1.35","","1"
"25.11.1","Main","AMDISP","d0_whql-amd-software-adrenalin-edition-25.11.1-win11-s.exe_f1491c02bfe4\Packages\Drivers\AMDISP\OV08X\WT64A\sensorOV08X.inf","Windows Server 2016","14393","NativeApplicable","NativeApplicable","NATIVE_CANDIDATE","NativeCandidate","InfWideConservative","STATIC_CANDIDATE","NotEstablished","Standard.NTamd64","Standard.NTamd64","2","2","1.15","1.19","","","1"
"25.11.1","Main","AMDISP","d0_whql-amd-software-adrenalin-edition-25.11.1-win11-s.exe_f1491c02bfe4\Packages\Drivers\AMDISP\OV08X\WT64A\sensorOV08X.inf","Windows Server 2019","17763","NativeApplicable","NativeApplicable","NATIVE_CANDIDATE","NativeCandidate","InfWideConservative","STATIC_CANDIDATE","NotEstablished","Standard.NTamd64","Standard.NTamd64","2","2","1.15","1.27","1.27","","1"
"25.11.1","Main","AMDISP","d0_whql-amd-software-adrenalin-edition-25.11.1-win11-s.exe_f1491c02bfe4\Packages\Drivers\AMDISP\OV08X\WT64A\sensorOV08X.inf","Windows Server 2022","20348","NativeApplicable","NativeApplicable","NATIVE_CANDIDATE","NativeCandidate","InfWideConservative","STATIC_CANDIDATE","NotEstablished","Standard.NTamd64","Standard.NTamd64","2","2","1.15","1.33","","","1"
"25.11.1","Main","AMDISP","d0_whql-amd-software-adrenalin-edition-25.11.1-win11-s.exe_f1491c02bfe4\Packages\Drivers\AMDISP\OV08X\WT64A\sensorOV08X.inf","Windows Server 2025","26100","NativeApplicable","NativeApplicable","NATIVE_CANDIDATE","NativeCandidate","InfWideConservative","STATIC_CANDIDATE","NotEstablished","Standard.NTamd64","Standard.NTamd64","2","2","1.15","1.33","1.35","","1"
"25.11.1","Main","AMDISP","d0_whql-amd-software-adrenalin-edition-25.11.1-win11-s.exe_f1491c02bfe4\Packages\Drivers\AMDISP\OV13B\WT64A\sensorOV13B.inf","Windows Server 2016","14393","NativeApplicable","NativeApplicable","NATIVE_CANDIDATE","NativeCandidate","InfWideConservative","STATIC_CANDIDATE","NotEstablished","Standard.NTamd64","Standard.NTamd64","1","1","1.15","1.19","","","1"
"25.11.1","Main","AMDISP","d0_whql-amd-software-adrenalin-edition-25.11.1-win11-s.exe_f1491c02bfe4\Packages\Drivers\AMDISP\OV13B\WT64A\sensorOV13B.inf","Windows Server 2019","17763","NativeApplicable","NativeApplicable","NATIVE_CANDIDATE","NativeCandidate","InfWideConservative","STATIC_CANDIDATE","NotEstablished","Standard.NTamd64","Standard.NTamd64","1","1","1.15","1.27","1.27","","1"
"25.11.1","Main","AMDISP","d0_whql-amd-software-adrenalin-edition-25.11.1-win11-s.exe_f1491c02bfe4\Packages\Drivers\AMDISP\OV13B\WT64A\sensorOV13B.inf","Windows Server 2022","20348","NativeApplicable","NativeApplicable","NATIVE_CANDIDATE","NativeCandidate","InfWideConservative","STATIC_CANDIDATE","NotEstablished","Standard.NTamd64","Standard.NTamd64","1","1","1.15","1.33","","","1"
"25.11.1","Main","AMDISP","d0_whql-amd-software-adrenalin-edition-25.11.1-win11-s.exe_f1491c02bfe4\Packages\Drivers\AMDISP\OV13B\WT64A\sensorOV13B.inf","Windows Server 2025","26100","NativeApplicable","NativeApplicable","NATIVE_CANDIDATE","NativeCandidate","InfWideConservative","STATIC_CANDIDATE","NotEstablished","Standard.NTamd64","Standard.NTamd64","1","1","1.15","1.33","1.35","","1"
"25.11.1","Main","AMDNPUMCDM","d0_whql-amd-software-adrenalin-edition-25.11.1-win11-s.exe_f1491c02bfe4\Packages\Drivers\AMDNPUMCDM\WT64A\kipudrv.inf","Windows Server 2016","14393","NotApplicableByBuild","NotApplicableByBuild","NOT_APPLICABLE","NotApplicable","InfWideConservative","STATIC_CANDIDATE","NotEstablished","","","0","0","","1.19","","","4"
"25.11.1","Main","AMDNPUMCDM","d0_whql-amd-software-adrenalin-edition-25.11.1-win11-s.exe_f1491c02bfe4\Packages\Drivers\AMDNPUMCDM\WT64A\kipudrv.inf","Windows Server 2019","17763","NotApplicableByBuild","NotApplicableByBuild","NOT_APPLICABLE","NotApplicable","InfWideConservative","STATIC_CANDIDATE","NotEstablished","","","0","0","","1.27","1.27","","4"
"25.11.1","Main","AMDNPUMCDM","d0_whql-amd-software-adrenalin-edition-25.11.1-win11-s.exe_f1491c02bfe4\Packages\Drivers\AMDNPUMCDM\WT64A\kipudrv.inf","Windows Server 2022","20348","NotApplicableByBuild","NotApplicableByBuild","NOT_APPLICABLE","NotApplicable","InfWideConservative","STATIC_CANDIDATE","NotEstablished","","","0","0","","1.33","","","4"
"25.11.1","Main","AMDNPUMCDM","d0_whql-amd-software-adrenalin-edition-25.11.1-win11-s.exe_f1491c02bfe4\Packages\Drivers\AMDNPUMCDM\WT64A\kipudrv.inf","Windows Server 2025","26100","NativeApplicable","NativeApplicable","NATIVE_CANDIDATE","NativeCandidate","InfWideConservative","STATIC_CANDIDATE","NotEstablished","IpuMcdmDriver.Mfg.NTamd64.10.0...22000","IpuMcdmDriver.Mfg.NTamd64.10.0...22000","2","2","","1.33","1.35","","4"
"25.11.1","Main","AMDNPUWDF","d0_whql-amd-software-adrenalin-edition-25.11.1-win11-s.exe_f1491c02bfe4\Packages\Drivers\AMDNPUWDF\WT64A\kipudrv.inf","Windows Server 2016","14393","NativeApplicable","NativeApplicable","NATIVE_CANDIDATE","NativeCandidate","InfWideConservative","STATIC_CANDIDATE","NotEstablished","AMD.NTamd64.10.0...14393","AMD.NTamd64.10.0...14393","2","2","1.15","1.19","","","4"
"25.11.1","Main","AMDNPUWDF","d0_whql-amd-software-adrenalin-edition-25.11.1-win11-s.exe_f1491c02bfe4\Packages\Drivers\AMDNPUWDF\WT64A\kipudrv.inf","Windows Server 2019","17763","NativeApplicable","NativeApplicable","NATIVE_CANDIDATE","NativeCandidate","InfWideConservative","STATIC_CANDIDATE","NotEstablished","AMD.NTamd64.10.0...14393","AMD.NTamd64.10.0...14393","2","2","1.15","1.27","1.27","","4"
"25.11.1","Main","AMDNPUWDF","d0_whql-amd-software-adrenalin-edition-25.11.1-win11-s.exe_f1491c02bfe4\Packages\Drivers\AMDNPUWDF\WT64A\kipudrv.inf","Windows Server 2022","20348","NativeApplicable","NativeApplicable","NATIVE_CANDIDATE","NativeCandidate","InfWideConservative","STATIC_CANDIDATE","NotEstablished","AMD.NTamd64.10.0...14393","AMD.NTamd64.10.0...14393","2","2","1.15","1.33","","","4"
"25.11.1","Main","AMDNPUWDF","d0_whql-amd-software-adrenalin-edition-25.11.1-win11-s.exe_f1491c02bfe4\Packages\Drivers\AMDNPUWDF\WT64A\kipudrv.inf","Windows Server 2025","26100","NativeApplicable","NativeApplicable","NATIVE_CANDIDATE","NativeCandidate","InfWideConservative","STATIC_CANDIDATE","NotEstablished","AMD.NTamd64.10.0...22000","AMD.NTamd64.10.0...22000","2","2","1.15","1.33","1.35","","4"
"25.11.1","Main","Audio","d0_whql-amd-software-adrenalin-edition-25.11.1-win11-s.exe_f1491c02bfe4\Packages\Drivers\Audio\ACPAfd\WT64A\amdacpafd.inf","Windows Server 2016","14393","NotApplicableByBuild","NotApplicableByBuild","NOT_APPLICABLE","NotApplicable","InfWideConservative","STATIC_CANDIDATE","NotEstablished","","","0","0","1.15","1.19","","","1"
"25.11.1","Main","Audio","d0_whql-amd-software-adrenalin-edition-25.11.1-win11-s.exe_f1491c02bfe4\Packages\Drivers\Audio\ACPAfd\WT64A\amdacpafd.inf","Windows Server 2019","17763","NativeApplicable","NativeApplicable","NATIVE_CANDIDATE","NativeCandidate","InfWideConservative","STATIC_CANDIDATE","NotEstablished","AMD.NTAMD64.10.0...16299","AMD.NTAMD64.10.0...16299","13","13","1.15","1.27","1.27","","1"
"25.11.1","Main","Audio","d0_whql-amd-software-adrenalin-edition-25.11.1-win11-s.exe_f1491c02bfe4\Packages\Drivers\Audio\ACPAfd\WT64A\amdacpafd.inf","Windows Server 2022","20348","NativeApplicable","NativeApplicable","NATIVE_CANDIDATE","NativeCandidate","InfWideConservative","STATIC_CANDIDATE","NotEstablished","AMD.NTAMD64.10.0...16299","AMD.NTAMD64.10.0...16299","13","13","1.15","1.33","","","1"
"25.11.1","Main","Audio","d0_whql-amd-software-adrenalin-edition-25.11.1-win11-s.exe_f1491c02bfe4\Packages\Drivers\Audio\ACPAfd\WT64A\amdacpafd.inf","Windows Server 2025","26100","NativeApplicable","NativeApplicable","NATIVE_CANDIDATE","NativeCandidate","InfWideConservative","STATIC_CANDIDATE","NotEstablished","AMD.NTAMD64.10.0...16299","AMD.NTAMD64.10.0...16299","13","13","1.15","1.33","1.35","","1"
"25.11.1","Main","Audio","d0_whql-amd-software-adrenalin-edition-25.11.1-win11-s.exe_f1491c02bfe4\Packages\Drivers\Audio\ACPAFDSVC\WT64A\amdacpafdcomp.inf","Windows Server 2016","14393","NotApplicableByBuild","NotApplicableByBuild","NOT_APPLICABLE","NotApplicable","InfWideConservative","STATIC_CANDIDATE","NotEstablished","","","0","0","","1.19","","","0"
"25.11.1","Main","Audio","d0_whql-amd-software-adrenalin-edition-25.11.1-win11-s.exe_f1491c02bfe4\Packages\Drivers\Audio\ACPAFDSVC\WT64A\amdacpafdcomp.inf","Windows Server 2019","17763","NativeApplicable","NativeApplicable","NATIVE_CANDIDATE","NativeCandidate","InfWideConservative","STATIC_CANDIDATE","NotEstablished","AMD.NTAMD64.10.0...16299","AMD.NTAMD64.10.0...16299","1","1","","1.27","1.27","","0"
"25.11.1","Main","Audio","d0_whql-amd-software-adrenalin-edition-25.11.1-win11-s.exe_f1491c02bfe4\Packages\Drivers\Audio\ACPAFDSVC\WT64A\amdacpafdcomp.inf","Windows Server 2022","20348","NativeApplicable","NativeApplicable","NATIVE_CANDIDATE","NativeCandidate","InfWideConservative","STATIC_CANDIDATE","NotEstablished","AMD.NTAMD64.10.0...16299","AMD.NTAMD64.10.0...16299","1","1","","1.33","","","0"
"25.11.1","Main","Audio","d0_whql-amd-software-adrenalin-edition-25.11.1-win11-s.exe_f1491c02bfe4\Packages\Drivers\Audio\ACPAFDSVC\WT64A\amdacpafdcomp.inf","Windows Server 2025","26100","NativeApplicable","NativeApplicable","NATIVE_CANDIDATE","NativeCandidate","InfWideConservative","STATIC_CANDIDATE","NotEstablished","AMD.NTAMD64.10.0...16299","AMD.NTAMD64.10.0...16299","1","1","","1.33","1.35","","0"
"25.11.1","Main","Audio","d0_whql-amd-software-adrenalin-edition-25.11.1-win11-s.exe_f1491c02bfe4\Packages\Drivers\Audio\ACPAFDSVC\WT64A\amdacpafdext.inf","Windows Server 2016","14393","NotApplicableByBuild","NotApplicableByBuild","NOT_APPLICABLE","NotApplicable","InfWideConservative","STATIC_CANDIDATE","NotEstablished","","","0","0","","1.19","","","1"
"25.11.1","Main","Audio","d0_whql-amd-software-adrenalin-edition-25.11.1-win11-s.exe_f1491c02bfe4\Packages\Drivers\Audio\ACPAFDSVC\WT64A\amdacpafdext.inf","Windows Server 2019","17763","NativeApplicable","NativeApplicable","NATIVE_CANDIDATE","NativeCandidate","InfWideConservative","STATIC_CANDIDATE","NotEstablished","AMD.NTAMD64.10.0...16299","AMD.NTAMD64.10.0...16299","1","1","","1.27","1.27","","1"
"25.11.1","Main","Audio","d0_whql-amd-software-adrenalin-edition-25.11.1-win11-s.exe_f1491c02bfe4\Packages\Drivers\Audio\ACPAFDSVC\WT64A\amdacpafdext.inf","Windows Server 2022","20348","NativeApplicable","NativeApplicable","NATIVE_CANDIDATE","NativeCandidate","InfWideConservative","STATIC_CANDIDATE","NotEstablished","AMD.NTAMD64.10.0...16299","AMD.NTAMD64.10.0...16299","1","1","","1.33","","","1"
"25.11.1","Main","Audio","d0_whql-amd-software-adrenalin-edition-25.11.1-win11-s.exe_f1491c02bfe4\Packages\Drivers\Audio\ACPAFDSVC\WT64A\amdacpafdext.inf","Windows Server 2025","26100","NativeApplicable","NativeApplicable","NATIVE_CANDIDATE","NativeCandidate","InfWideConservative","STATIC_CANDIDATE","NotEstablished","AMD.NTAMD64.10.0...16299","AMD.NTAMD64.10.0...16299","1","1","","1.33","1.35","","1"
"25.11.1","Main","Audio","d0_whql-amd-software-adrenalin-edition-25.11.1-win11-s.exe_f1491c02bfe4\Packages\Drivers\Audio\ACPBTACX\WT64A\amdacpbtacx.inf","Windows Server 2016","14393","NotApplicableByBuild","NotApplicableByBuild","NOT_APPLICABLE","NotApplicable","InfWideConservative","STATIC_CANDIDATE","NotEstablished","","","0","0","1.31","1.19","","","1"
"25.11.1","Main","Audio","d0_whql-amd-software-adrenalin-edition-25.11.1-win11-s.exe_f1491c02bfe4\Packages\Drivers\Audio\ACPBTACX\WT64A\amdacpbtacx.inf","Windows Server 2019","17763","NativeApplicable","NativeApplicable","REVIEW_REQUIRED","WdfRequirementReview","InfWideConservative","STATIC_CANDIDATE","NotEstablished","AMD.NTAMD64.10.0...16299","AMD.NTAMD64.10.0...16299","10","10","1.31","1.27","1.27","","1"
"25.11.1","Main","Audio","d0_whql-amd-software-adrenalin-edition-25.11.1-win11-s.exe_f1491c02bfe4\Packages\Drivers\Audio\ACPBTACX\WT64A\amdacpbtacx.inf","Windows Server 2022","20348","NativeApplicable","NativeApplicable","NATIVE_CANDIDATE","NativeCandidate","InfWideConservative","STATIC_CANDIDATE","NotEstablished","AMD.NTAMD64.10.0...16299","AMD.NTAMD64.10.0...16299","10","10","1.31","1.33","","","1"
"25.11.1","Main","Audio","d0_whql-amd-software-adrenalin-edition-25.11.1-win11-s.exe_f1491c02bfe4\Packages\Drivers\Audio\ACPBTACX\WT64A\amdacpbtacx.inf","Windows Server 2025","26100","NativeApplicable","NativeApplicable","NATIVE_CANDIDATE","NativeCandidate","InfWideConservative","STATIC_CANDIDATE","NotEstablished","AMD.NTAMD64.10.0...16299","AMD.NTAMD64.10.0...16299","10","10","1.31","1.33","1.35","","1"
"25.11.1","Main","Audio","d0_whql-amd-software-adrenalin-edition-25.11.1-win11-s.exe_f1491c02bfe4\Packages\Drivers\Audio\ACPBtAfd\WT64A\amdacpbt.inf","Windows Server 2016","14393","NotApplicableByBuild","NotApplicableByBuild","NOT_APPLICABLE","NotApplicable","InfWideConservative","STATIC_CANDIDATE","NotEstablished","","","0","0","1.15","1.19","","","1"
"25.11.1","Main","Audio","d0_whql-amd-software-adrenalin-edition-25.11.1-win11-s.exe_f1491c02bfe4\Packages\Drivers\Audio\ACPBtAfd\WT64A\amdacpbt.inf","Windows Server 2019","17763","NativeApplicable","NativeApplicable","NATIVE_CANDIDATE","NativeCandidate","InfWideConservative","STATIC_CANDIDATE","NotEstablished","AMD.NTAMD64.10.0...16299","AMD.NTAMD64.10.0...16299","3","3","1.15","1.27","1.27","","1"
"25.11.1","Main","Audio","d0_whql-amd-software-adrenalin-edition-25.11.1-win11-s.exe_f1491c02bfe4\Packages\Drivers\Audio\ACPBtAfd\WT64A\amdacpbt.inf","Windows Server 2022","20348","NativeApplicable","NativeApplicable","NATIVE_CANDIDATE","NativeCandidate","InfWideConservative","STATIC_CANDIDATE","NotEstablished","AMD.NTAMD64.10.0...16299","AMD.NTAMD64.10.0...16299","3","3","1.15","1.33","","","1"
"25.11.1","Main","Audio","d0_whql-amd-software-adrenalin-edition-25.11.1-win11-s.exe_f1491c02bfe4\Packages\Drivers\Audio\ACPBtAfd\WT64A\amdacpbt.inf","Windows Server 2025","26100","NativeApplicable","NativeApplicable","NATIVE_CANDIDATE","NativeCandidate","InfWideConservative","STATIC_CANDIDATE","NotEstablished","AMD.NTAMD64.10.0...16299","AMD.NTAMD64.10.0...16299","3","3","1.15","1.33","1.35","","1"
"25.11.1","Main","Audio","d0_whql-amd-software-adrenalin-edition-25.11.1-win11-s.exe_f1491c02bfe4\Packages\Drivers\Audio\ACPBtAfd\WT64A\amdacpbtscoext\amdacpbtscoext.inf","Windows Server 2016","14393","NotApplicableByBuild","NotApplicableByBuild","NOT_APPLICABLE","NotApplicable","InfWideConservative","STATIC_CANDIDATE","NotEstablished","","","0","0","","1.19","","","0"
"25.11.1","Main","Audio","d0_whql-amd-software-adrenalin-edition-25.11.1-win11-s.exe_f1491c02bfe4\Packages\Drivers\Audio\ACPBtAfd\WT64A\amdacpbtscoext\amdacpbtscoext.inf","Windows Server 2019","17763","NotApplicableByBuild","NotApplicableByBuild","NOT_APPLICABLE","NotApplicable","InfWideConservative","STATIC_CANDIDATE","NotEstablished","","","0","0","","1.27","1.27","","0"
"25.11.1","Main","Audio","d0_whql-amd-software-adrenalin-edition-25.11.1-win11-s.exe_f1491c02bfe4\Packages\Drivers\Audio\ACPBtAfd\WT64A\amdacpbtscoext\amdacpbtscoext.inf","Windows Server 2022","20348","NotApplicableByBuild","NotApplicableByBuild","NOT_APPLICABLE","NotApplicable","InfWideConservative","STATIC_CANDIDATE","NotEstablished","","","0","0","","1.33","","","0"
"25.11.1","Main","Audio","d0_whql-amd-software-adrenalin-edition-25.11.1-win11-s.exe_f1491c02bfe4\Packages\Drivers\Audio\ACPBtAfd\WT64A\amdacpbtscoext\amdacpbtscoext.inf","Windows Server 2025","26100","NativeApplicable","NativeApplicable","NATIVE_CANDIDATE","NativeCandidate","InfWideConservative","STATIC_CANDIDATE","NotEstablished","QCA.NTamd64.10.0...22000","QCA.NTamd64.10.0...22000","1","1","","1.33","1.35","","0"
"25.11.1","Main","Audio","d0_whql-amd-software-adrenalin-edition-25.11.1-win11-s.exe_f1491c02bfe4\Packages\Drivers\Audio\ACPBus\WT64A\amdacpbus.inf","Windows Server 2016","14393","NotApplicableByBuild","NotApplicableByBuild","NOT_APPLICABLE","NotApplicable","InfWideConservative","STATIC_CANDIDATE","NotEstablished","","","0","0","","1.19","","","1"
"25.11.1","Main","Audio","d0_whql-amd-software-adrenalin-edition-25.11.1-win11-s.exe_f1491c02bfe4\Packages\Drivers\Audio\ACPBus\WT64A\amdacpbus.inf","Windows Server 2019","17763","NativeApplicable","NativeApplicable","NATIVE_CANDIDATE","NativeCandidate","InfWideConservative","STATIC_CANDIDATE","NotEstablished","AMD.NTamd64.10.0...16299","AMD.NTamd64.10.0...16299","6","6","","1.27","1.27","","1"
"25.11.1","Main","Audio","d0_whql-amd-software-adrenalin-edition-25.11.1-win11-s.exe_f1491c02bfe4\Packages\Drivers\Audio\ACPBus\WT64A\amdacpbus.inf","Windows Server 2022","20348","NativeApplicable","NativeApplicable","NATIVE_CANDIDATE","NativeCandidate","InfWideConservative","STATIC_CANDIDATE","NotEstablished","AMD.NTamd64.10.0...16299","AMD.NTamd64.10.0...16299","6","6","","1.33","","","1"
"25.11.1","Main","Audio","d0_whql-amd-software-adrenalin-edition-25.11.1-win11-s.exe_f1491c02bfe4\Packages\Drivers\Audio\ACPBus\WT64A\amdacpbus.inf","Windows Server 2025","26100","NativeApplicable","NativeApplicable","NATIVE_CANDIDATE","NativeCandidate","InfWideConservative","STATIC_CANDIDATE","NotEstablished","AMD.NTamd64.10.0...16299","AMD.NTamd64.10.0...16299","6","6","","1.33","1.35","","1"
"25.11.1","Main","Audio","d0_whql-amd-software-adrenalin-edition-25.11.1-win11-s.exe_f1491c02bfe4\Packages\Drivers\Audio\ACPBus\WT64A\amdacpbusext\amdacpbusext.inf","Windows Server 2016","14393","NotApplicableByBuild","NotApplicableByBuild","NOT_APPLICABLE","NotApplicable","InfWideConservative","STATIC_CANDIDATE","NotEstablished","","","0","0","","1.19","","","0"
"25.11.1","Main","Audio","d0_whql-amd-software-adrenalin-edition-25.11.1-win11-s.exe_f1491c02bfe4\Packages\Drivers\Audio\ACPBus\WT64A\amdacpbusext\amdacpbusext.inf","Windows Server 2019","17763","NativeApplicable","NativeApplicable","NATIVE_CANDIDATE","NativeCandidate","InfWideConservative","STATIC_CANDIDATE","NotEstablished","AMD.NTamd64.10.0...16299","AMD.NTamd64.10.0...16299","4","4","","1.27","1.27","","0"
"25.11.1","Main","Audio","d0_whql-amd-software-adrenalin-edition-25.11.1-win11-s.exe_f1491c02bfe4\Packages\Drivers\Audio\ACPBus\WT64A\amdacpbusext\amdacpbusext.inf","Windows Server 2022","20348","NativeApplicable","NativeApplicable","NATIVE_CANDIDATE","NativeCandidate","InfWideConservative","STATIC_CANDIDATE","NotEstablished","AMD.NTamd64.10.0...16299","AMD.NTamd64.10.0...16299","4","4","","1.33","","","0"
"25.11.1","Main","Audio","d0_whql-amd-software-adrenalin-edition-25.11.1-win11-s.exe_f1491c02bfe4\Packages\Drivers\Audio\ACPBus\WT64A\amdacpbusext\amdacpbusext.inf","Windows Server 2025","26100","NativeApplicable","NativeApplicable","NATIVE_CANDIDATE","NativeCandidate","InfWideConservative","STATIC_CANDIDATE","NotEstablished","AMD.NTamd64.10.0...16299","AMD.NTamd64.10.0...16299","4","4","","1.33","1.35","","0"
"25.11.1","Main","Audio","d0_whql-amd-software-adrenalin-edition-25.11.1-win11-s.exe_f1491c02bfe4\Packages\Drivers\Audio\ACPBus2\WT64A\amdacpbus2.inf","Windows Server 2016","14393","NotApplicableByBuild","NotApplicableByBuild","NOT_APPLICABLE","NotApplicable","InfWideConservative","STATIC_CANDIDATE","NotEstablished","","","0","0","","1.19","","","1"
"25.11.1","Main","Audio","d0_whql-amd-software-adrenalin-edition-25.11.1-win11-s.exe_f1491c02bfe4\Packages\Drivers\Audio\ACPBus2\WT64A\amdacpbus2.inf","Windows Server 2019","17763","NativeApplicable","NativeApplicable","NATIVE_CANDIDATE","NativeCandidate","InfWideConservative","STATIC_CANDIDATE","NotEstablished","AMD.NTamd64.10.0...16299","AMD.NTamd64.10.0...16299","3","3","","1.27","1.27","","1"
"25.11.1","Main","Audio","d0_whql-amd-software-adrenalin-edition-25.11.1-win11-s.exe_f1491c02bfe4\Packages\Drivers\Audio\ACPBus2\WT64A\amdacpbus2.inf","Windows Server 2022","20348","NativeApplicable","NativeApplicable","NATIVE_CANDIDATE","NativeCandidate","InfWideConservative","STATIC_CANDIDATE","NotEstablished","AMD.NTamd64.10.0...16299","AMD.NTamd64.10.0...16299","3","3","","1.33","","","1"
"25.11.1","Main","Audio","d0_whql-amd-software-adrenalin-edition-25.11.1-win11-s.exe_f1491c02bfe4\Packages\Drivers\Audio\ACPBus2\WT64A\amdacpbus2.inf","Windows Server 2025","26100","NativeApplicable","NativeApplicable","NATIVE_CANDIDATE","NativeCandidate","InfWideConservative","STATIC_CANDIDATE","NotEstablished","AMD.NTamd64.10.0...16299","AMD.NTamd64.10.0...16299","3","3","","1.33","1.35","","1"
"25.11.1","Main","Audio","d0_whql-amd-software-adrenalin-edition-25.11.1-win11-s.exe_f1491c02bfe4\Packages\Drivers\Audio\ACPBus2\WT64A\amdacpbusext\amdacpbusext.inf","Windows Server 2016","14393","NotApplicableByBuild","NotApplicableByBuild","NOT_APPLICABLE","NotApplicable","InfWideConservative","STATIC_CANDIDATE","NotEstablished","","","0","0","","1.19","","","0"
"25.11.1","Main","Audio","d0_whql-amd-software-adrenalin-edition-25.11.1-win11-s.exe_f1491c02bfe4\Packages\Drivers\Audio\ACPBus2\WT64A\amdacpbusext\amdacpbusext.inf","Windows Server 2019","17763","NativeApplicable","NativeApplicable","NATIVE_CANDIDATE","NativeCandidate","InfWideConservative","STATIC_CANDIDATE","NotEstablished","AMD.NTamd64.10.0...16299","AMD.NTamd64.10.0...16299","4","4","","1.27","1.27","","0"
"25.11.1","Main","Audio","d0_whql-amd-software-adrenalin-edition-25.11.1-win11-s.exe_f1491c02bfe4\Packages\Drivers\Audio\ACPBus2\WT64A\amdacpbusext\amdacpbusext.inf","Windows Server 2022","20348","NativeApplicable","NativeApplicable","NATIVE_CANDIDATE","NativeCandidate","InfWideConservative","STATIC_CANDIDATE","NotEstablished","AMD.NTamd64.10.0...16299","AMD.NTamd64.10.0...16299","4","4","","1.33","","","0"
"25.11.1","Main","Audio","d0_whql-amd-software-adrenalin-edition-25.11.1-win11-s.exe_f1491c02bfe4\Packages\Drivers\Audio\ACPBus2\WT64A\amdacpbusext\amdacpbusext.inf","Windows Server 2025","26100","NativeApplicable","NativeApplicable","NATIVE_CANDIDATE","NativeCandidate","InfWideConservative","STATIC_CANDIDATE","NotEstablished","AMD.NTamd64.10.0...16299","AMD.NTamd64.10.0...16299","4","4","","1.33","1.35","","0"
"25.11.1","Main","Audio","d0_whql-amd-software-adrenalin-edition-25.11.1-win11-s.exe_f1491c02bfe4\Packages\Drivers\Audio\ACPBus2\WT64A\amdacprgmext\amdacprgmext.inf","Windows Server 2016","14393","NotApplicableByBuild","NotApplicableByBuild","NOT_APPLICABLE","NotApplicable","InfWideConservative","STATIC_CANDIDATE","NotEstablished","","","0","0","","1.19","","","0"
"25.11.1","Main","Audio","d0_whql-amd-software-adrenalin-edition-25.11.1-win11-s.exe_f1491c02bfe4\Packages\Drivers\Audio\ACPBus2\WT64A\amdacprgmext\amdacprgmext.inf","Windows Server 2019","17763","NotApplicableByBuild","NotApplicableByBuild","NOT_APPLICABLE","NotApplicable","InfWideConservative","STATIC_CANDIDATE","NotEstablished","","","0","0","","1.27","1.27","","0"
"25.11.1","Main","Audio","d0_whql-amd-software-adrenalin-edition-25.11.1-win11-s.exe_f1491c02bfe4\Packages\Drivers\Audio\ACPBus2\WT64A\amdacprgmext\amdacprgmext.inf","Windows Server 2022","20348","NotApplicableByBuild","NotApplicableByBuild","NOT_APPLICABLE","NotApplicable","InfWideConservative","STATIC_CANDIDATE","NotEstablished","","","0","0","","1.33","","","0"
"25.11.1","Main","Audio","d0_whql-amd-software-adrenalin-edition-25.11.1-win11-s.exe_f1491c02bfe4\Packages\Drivers\Audio\ACPBus2\WT64A\amdacprgmext\amdacprgmext.inf","Windows Server 2025","26100","NativeApplicable","NativeApplicable","NATIVE_CANDIDATE","NativeCandidate","InfWideConservative","STATIC_CANDIDATE","NotEstablished","DeviceExtensions.NTamd64.10.0...26100","DeviceExtensions.NTamd64.10.0...26100","3","3","","1.33","1.35","","0"
"25.11.1","Main","Audio","d0_whql-amd-software-adrenalin-edition-25.11.1-win11-s.exe_f1491c02bfe4\Packages\Drivers\Audio\ACPHPd\WT64A\amdacphpd.inf","Windows Server 2016","14393","NotApplicableByBuild","NotApplicableByBuild","NOT_APPLICABLE","NotApplicable","InfWideConservative","STATIC_CANDIDATE","NotEstablished","","","0","0","","1.19","","2.33.0","0"
"25.11.1","Main","Audio","d0_whql-amd-software-adrenalin-edition-25.11.1-win11-s.exe_f1491c02bfe4\Packages\Drivers\Audio\ACPHPd\WT64A\amdacphpd.inf","Windows Server 2019","17763","NotApplicableByBuild","NotApplicableByBuild","NOT_APPLICABLE","NotApplicable","InfWideConservative","STATIC_CANDIDATE","NotEstablished","","","0","0","","1.27","1.27","2.33.0","0"
"25.11.1","Main","Audio","d0_whql-amd-software-adrenalin-edition-25.11.1-win11-s.exe_f1491c02bfe4\Packages\Drivers\Audio\ACPHPd\WT64A\amdacphpd.inf","Windows Server 2022","20348","NotApplicableByBuild","NotApplicableByBuild","NOT_APPLICABLE","NotApplicable","InfWideConservative","STATIC_CANDIDATE","NotEstablished","","","0","0","","1.33","","2.33.0","0"
"25.11.1","Main","Audio","d0_whql-amd-software-adrenalin-edition-25.11.1-win11-s.exe_f1491c02bfe4\Packages\Drivers\Audio\ACPHPd\WT64A\amdacphpd.inf","Windows Server 2025","26100","NativeApplicable","NativeApplicable","REVIEW_REQUIRED","WdfRequirementReview","InfWideConservative","STATIC_CANDIDATE","NotEstablished","amdacphpd_Device.NTamd64.10.0...22000","amdacphpd_Device.NTamd64.10.0...22000","1","1","","1.33","1.35","2.33.0","0"
"25.11.1","Main","Audio","d0_whql-amd-software-adrenalin-edition-25.11.1-win11-s.exe_f1491c02bfe4\Packages\Drivers\Audio\ACPHPd\WT64A\amdacphpdcomp.inf","Windows Server 2016","14393","NotApplicableByBuild","NotApplicableByBuild","NOT_APPLICABLE","NotApplicable","InfWideConservative","STATIC_CANDIDATE","NotEstablished","","","0","0","","1.19","","","0"
"25.11.1","Main","Audio","d0_whql-amd-software-adrenalin-edition-25.11.1-win11-s.exe_f1491c02bfe4\Packages\Drivers\Audio\ACPHPd\WT64A\amdacphpdcomp.inf","Windows Server 2019","17763","NativeApplicable","NativeApplicable","NATIVE_CANDIDATE","NativeCandidate","InfWideConservative","STATIC_CANDIDATE","NotEstablished","AMD.NTamd64.10.0...17134","AMD.NTamd64.10.0...17134","1","1","","1.27","1.27","","0"
"25.11.1","Main","Audio","d0_whql-amd-software-adrenalin-edition-25.11.1-win11-s.exe_f1491c02bfe4\Packages\Drivers\Audio\ACPHPd\WT64A\amdacphpdcomp.inf","Windows Server 2022","20348","NativeApplicable","NativeApplicable","NATIVE_CANDIDATE","NativeCandidate","InfWideConservative","STATIC_CANDIDATE","NotEstablished","AMD.NTamd64.10.0...17134","AMD.NTamd64.10.0...17134","1","1","","1.33","","","0"
"25.11.1","Main","Audio","d0_whql-amd-software-adrenalin-edition-25.11.1-win11-s.exe_f1491c02bfe4\Packages\Drivers\Audio\ACPHPd\WT64A\amdacphpdcomp.inf","Windows Server 2025","26100","NativeApplicable","NativeApplicable","NATIVE_CANDIDATE","NativeCandidate","InfWideConservative","STATIC_CANDIDATE","NotEstablished","AMD.NTamd64.10.0...17134","AMD.NTamd64.10.0...17134","1","1","","1.33","1.35","","0"
"25.11.1","Main","Audio","d0_whql-amd-software-adrenalin-edition-25.11.1-win11-s.exe_f1491c02bfe4\Packages\Drivers\Audio\ACPHPd\WT64A\amdacphpdext.inf","Windows Server 2016","14393","NotApplicableByBuild","NotApplicableByBuild","NOT_APPLICABLE","NotApplicable","InfWideConservative","STATIC_CANDIDATE","NotEstablished","","","0","0","","1.19","","","1"
"25.11.1","Main","Audio","d0_whql-amd-software-adrenalin-edition-25.11.1-win11-s.exe_f1491c02bfe4\Packages\Drivers\Audio\ACPHPd\WT64A\amdacphpdext.inf","Windows Server 2019","17763","NativeApplicable","NativeApplicable","NATIVE_CANDIDATE","NativeCandidate","InfWideConservative","STATIC_CANDIDATE","NotEstablished","AMD.NTamd64.10.0...17134","AMD.NTamd64.10.0...17134","6","6","","1.27","1.27","","1"
"25.11.1","Main","Audio","d0_whql-amd-software-adrenalin-edition-25.11.1-win11-s.exe_f1491c02bfe4\Packages\Drivers\Audio\ACPHPd\WT64A\amdacphpdext.inf","Windows Server 2022","20348","NativeApplicable","NativeApplicable","NATIVE_CANDIDATE","NativeCandidate","InfWideConservative","STATIC_CANDIDATE","NotEstablished","AMD.NTamd64.10.0...17134","AMD.NTamd64.10.0...17134","6","6","","1.33","","","1"
"25.11.1","Main","Audio","d0_whql-amd-software-adrenalin-edition-25.11.1-win11-s.exe_f1491c02bfe4\Packages\Drivers\Audio\ACPHPd\WT64A\amdacphpdext.inf","Windows Server 2025","26100","NativeApplicable","NativeApplicable","NATIVE_CANDIDATE","NativeCandidate","InfWideConservative","STATIC_CANDIDATE","NotEstablished","AMD.NTamd64.10.0...17134","AMD.NTamd64.10.0...17134","6","6","","1.33","1.35","","1"
"25.11.1","Main","Audio","d0_whql-amd-software-adrenalin-edition-25.11.1-win11-s.exe_f1491c02bfe4\Packages\Drivers\Audio\ACPUsbAfd\WT64A\amdacpusb.inf","Windows Server 2016","14393","NotApplicableByBuild","NotApplicableByBuild","NOT_APPLICABLE","NotApplicable","InfWideConservative","STATIC_CANDIDATE","NotEstablished","","","0","0","1.15","1.19","","","1"
"25.11.1","Main","Audio","d0_whql-amd-software-adrenalin-edition-25.11.1-win11-s.exe_f1491c02bfe4\Packages\Drivers\Audio\ACPUsbAfd\WT64A\amdacpusb.inf","Windows Server 2019","17763","NativeApplicable","NativeApplicable","NATIVE_CANDIDATE","NativeCandidate","InfWideConservative","STATIC_CANDIDATE","NotEstablished","AMD.NTAMD64.10.0...16299","AMD.NTAMD64.10.0...16299","4","4","1.15","1.27","1.27","","1"
"25.11.1","Main","Audio","d0_whql-amd-software-adrenalin-edition-25.11.1-win11-s.exe_f1491c02bfe4\Packages\Drivers\Audio\ACPUsbAfd\WT64A\amdacpusb.inf","Windows Server 2022","20348","NativeApplicable","NativeApplicable","NATIVE_CANDIDATE","NativeCandidate","InfWideConservative","STATIC_CANDIDATE","NotEstablished","AMD.NTAMD64.10.0...16299","AMD.NTAMD64.10.0...16299","4","4","1.15","1.33","","","1"
"25.11.1","Main","Audio","d0_whql-amd-software-adrenalin-edition-25.11.1-win11-s.exe_f1491c02bfe4\Packages\Drivers\Audio\ACPUsbAfd\WT64A\amdacpusb.inf","Windows Server 2025","26100","NativeApplicable","NativeApplicable","NATIVE_CANDIDATE","NativeCandidate","InfWideConservative","STATIC_CANDIDATE","NotEstablished","AMD.NTAMD64.10.0...16299","AMD.NTAMD64.10.0...16299","4","4","1.15","1.33","1.35","","1"
"25.11.1","Main","Audio","d0_whql-amd-software-adrenalin-edition-25.11.1-win11-s.exe_f1491c02bfe4\Packages\Drivers\Audio\HDABus\WT64A\amdhdaudbus.inf","Windows Server 2016","14393","NativeApplicable","NativeApplicable","NATIVE_CANDIDATE","NativeCandidate","InfWideConservative","STATIC_CANDIDATE","NotEstablished","AMD.NTAMD64","AMD.NTAMD64","1","1","1.15","1.19","","","1"
"25.11.1","Main","Audio","d0_whql-amd-software-adrenalin-edition-25.11.1-win11-s.exe_f1491c02bfe4\Packages\Drivers\Audio\HDABus\WT64A\amdhdaudbus.inf","Windows Server 2019","17763","NativeApplicable","NativeApplicable","NATIVE_CANDIDATE","NativeCandidate","InfWideConservative","STATIC_CANDIDATE","NotEstablished","AMD.NTAMD64","AMD.NTAMD64","1","1","1.15","1.27","1.27","","1"
"25.11.1","Main","Audio","d0_whql-amd-software-adrenalin-edition-25.11.1-win11-s.exe_f1491c02bfe4\Packages\Drivers\Audio\HDABus\WT64A\amdhdaudbus.inf","Windows Server 2022","20348","NativeApplicable","NativeApplicable","NATIVE_CANDIDATE","NativeCandidate","InfWideConservative","STATIC_CANDIDATE","NotEstablished","AMD.NTAMD64","AMD.NTAMD64","1","1","1.15","1.33","","","1"
"25.11.1","Main","Audio","d0_whql-amd-software-adrenalin-edition-25.11.1-win11-s.exe_f1491c02bfe4\Packages\Drivers\Audio\HDABus\WT64A\amdhdaudbus.inf","Windows Server 2025","26100","NativeApplicable","NativeApplicable","NATIVE_CANDIDATE","NativeCandidate","InfWideConservative","STATIC_CANDIDATE","NotEstablished","AMD.NTAMD64","AMD.NTAMD64","1","1","1.15","1.33","1.35","","1"
"25.11.1","Main","Audio","d0_whql-amd-software-adrenalin-edition-25.11.1-win11-s.exe_f1491c02bfe4\Packages\Drivers\Audio\HDMI\WT64A\AtihdWT6.inf","Windows Server 2016","14393","NotApplicableByBuild","ProjectionCandidate","PATCH_CANDIDATE","ProjectionCandidate","InfWideConservative","STATIC_CANDIDATE","NotEstablished","","AMD.NTamd64.10.0.1;AMD.NTamd64.6.0.1;AMD.NTamd64.6.1.1;AMD.NTamd64.6.2.1;AMD.NTamd64.6.3.1","0","8","","1.19","","","1"
"25.11.1","Main","Audio","d0_whql-amd-software-adrenalin-edition-25.11.1-win11-s.exe_f1491c02bfe4\Packages\Drivers\Audio\HDMI\WT64A\AtihdWT6.inf","Windows Server 2019","17763","NotApplicableByBuild","ProjectionCandidate","PATCH_CANDIDATE","ProjectionCandidate","InfWideConservative","STATIC_CANDIDATE","NotEstablished","","AMD.NTamd64.10.0.1..16299","0","8","","1.27","1.27","","1"
"25.11.1","Main","Audio","d0_whql-amd-software-adrenalin-edition-25.11.1-win11-s.exe_f1491c02bfe4\Packages\Drivers\Audio\HDMI\WT64A\AtihdWT6.inf","Windows Server 2022","20348","NotApplicableByBuild","ProjectionCandidate","PATCH_CANDIDATE","ProjectionCandidate","InfWideConservative","STATIC_CANDIDATE","NotEstablished","","AMD.NTamd64.10.0.1..16299","0","8","","1.33","","","1"
"25.11.1","Main","Audio","d0_whql-amd-software-adrenalin-edition-25.11.1-win11-s.exe_f1491c02bfe4\Packages\Drivers\Audio\HDMI\WT64A\AtihdWT6.inf","Windows Server 2025","26100","NotApplicableByProductType","ProjectionCandidate","PATCH_CANDIDATE","ProjectionCandidate","InfWideConservative","STATIC_CANDIDATE","NotEstablished","","AMD.NTamd64.10.0.1..22621","0","8","","1.33","1.35","","1"
"25.11.1","Main","Audio","d0_whql-amd-software-adrenalin-edition-25.11.1-win11-s.exe_f1491c02bfe4\Packages\Drivers\Audio\SAFD\WT64A\amdsafd.inf","Windows Server 2016","14393","NotApplicableByBuild","NotApplicableByBuild","NOT_APPLICABLE","NotApplicable","InfWideConservative","STATIC_CANDIDATE","NotEstablished","","","0","0","1.15","1.19","","","1"
"25.11.1","Main","Audio","d0_whql-amd-software-adrenalin-edition-25.11.1-win11-s.exe_f1491c02bfe4\Packages\Drivers\Audio\SAFD\WT64A\amdsafd.inf","Windows Server 2019","17763","NativeApplicable","NativeApplicable","NATIVE_CANDIDATE","NativeCandidate","InfWideConservative","STATIC_CANDIDATE","NotEstablished","AMD.NTAMD64.10.0...16299","AMD.NTAMD64.10.0...16299","2","2","1.15","1.27","1.27","","1"
"25.11.1","Main","Audio","d0_whql-amd-software-adrenalin-edition-25.11.1-win11-s.exe_f1491c02bfe4\Packages\Drivers\Audio\SAFD\WT64A\amdsafd.inf","Windows Server 2022","20348","NativeApplicable","NativeApplicable","NATIVE_CANDIDATE","NativeCandidate","InfWideConservative","STATIC_CANDIDATE","NotEstablished","AMD.NTAMD64.10.0...16299","AMD.NTAMD64.10.0...16299","2","2","1.15","1.33","","","1"
"25.11.1","Main","Audio","d0_whql-amd-software-adrenalin-edition-25.11.1-win11-s.exe_f1491c02bfe4\Packages\Drivers\Audio\SAFD\WT64A\amdsafd.inf","Windows Server 2025","26100","NativeApplicable","NativeApplicable","NATIVE_CANDIDATE","NativeCandidate","InfWideConservative","STATIC_CANDIDATE","NotEstablished","AMD.NTAMD64.10.0...16299","AMD.NTAMD64.10.0...16299","2","2","1.15","1.33","1.35","","1"
"25.11.1","Main","Audio","d0_whql-amd-software-adrenalin-edition-25.11.1-win11-s.exe_f1491c02bfe4\Packages\Drivers\Audio\SDWC\WT64A\amdsdwc.inf","Windows Server 2016","14393","NotApplicableByBuild","NotApplicableByBuild","NOT_APPLICABLE","NotApplicable","InfWideConservative","STATIC_CANDIDATE","NotEstablished","","","0","0","1.31","1.19","","","1"
"25.11.1","Main","Audio","d0_whql-amd-software-adrenalin-edition-25.11.1-win11-s.exe_f1491c02bfe4\Packages\Drivers\Audio\SDWC\WT64A\amdsdwc.inf","Windows Server 2019","17763","NativeApplicable","NativeApplicable","REVIEW_REQUIRED","WdfRequirementReview","InfWideConservative","STATIC_CANDIDATE","NotEstablished","AMD.NTAMD64.10.0...16299","AMD.NTAMD64.10.0...16299","7","7","1.31","1.27","1.27","","1"
"25.11.1","Main","Audio","d0_whql-amd-software-adrenalin-edition-25.11.1-win11-s.exe_f1491c02bfe4\Packages\Drivers\Audio\SDWC\WT64A\amdsdwc.inf","Windows Server 2022","20348","NativeApplicable","NativeApplicable","NATIVE_CANDIDATE","NativeCandidate","InfWideConservative","STATIC_CANDIDATE","NotEstablished","AMD.NTAMD64.10.0...16299","AMD.NTAMD64.10.0...16299","7","7","1.31","1.33","","","1"
"25.11.1","Main","Audio","d0_whql-amd-software-adrenalin-edition-25.11.1-win11-s.exe_f1491c02bfe4\Packages\Drivers\Audio\SDWC\WT64A\amdsdwc.inf","Windows Server 2025","26100","NativeApplicable","NativeApplicable","NATIVE_CANDIDATE","NativeCandidate","InfWideConservative","STATIC_CANDIDATE","NotEstablished","AMD.NTAMD64.10.0...16299","AMD.NTAMD64.10.0...16299","7","7","1.31","1.33","1.35","","1"
"25.11.1","Main","Audio","d0_whql-amd-software-adrenalin-edition-25.11.1-win11-s.exe_f1491c02bfe4\Packages\Drivers\Audio\SDWS\WT64A\amdsdws.inf","Windows Server 2016","14393","NotApplicableByBuild","NotApplicableByBuild","NOT_APPLICABLE","NotApplicable","InfWideConservative","STATIC_CANDIDATE","NotEstablished","","","0","0","1.31","1.19","","","1"
"25.11.1","Main","Audio","d0_whql-amd-software-adrenalin-edition-25.11.1-win11-s.exe_f1491c02bfe4\Packages\Drivers\Audio\SDWS\WT64A\amdsdws.inf","Windows Server 2019","17763","NativeApplicable","NativeApplicable","REVIEW_REQUIRED","WdfRequirementReview","InfWideConservative","STATIC_CANDIDATE","NotEstablished","AMD.NTAMD64.10.0...16299","AMD.NTAMD64.10.0...16299","11","11","1.31","1.27","1.27","","1"
"25.11.1","Main","Audio","d0_whql-amd-software-adrenalin-edition-25.11.1-win11-s.exe_f1491c02bfe4\Packages\Drivers\Audio\SDWS\WT64A\amdsdws.inf","Windows Server 2022","20348","NativeApplicable","NativeApplicable","NATIVE_CANDIDATE","NativeCandidate","InfWideConservative","STATIC_CANDIDATE","NotEstablished","AMD.NTAMD64.10.0...16299","AMD.NTAMD64.10.0...16299","11","11","1.31","1.33","","","1"
"25.11.1","Main","Audio","d0_whql-amd-software-adrenalin-edition-25.11.1-win11-s.exe_f1491c02bfe4\Packages\Drivers\Audio\SDWS\WT64A\amdsdws.inf","Windows Server 2025","26100","NativeApplicable","NativeApplicable","NATIVE_CANDIDATE","NativeCandidate","InfWideConservative","STATIC_CANDIDATE","NotEstablished","AMD.NTAMD64.10.0...16299","AMD.NTAMD64.10.0...16299","11","11","1.31","1.33","1.35","","1"
"25.11.1","Main","Audio","d0_whql-amd-software-adrenalin-edition-25.11.1-win11-s.exe_f1491c02bfe4\Packages\Drivers\Audio\SDWS\WT64A\amdsdwsext\amdsdwsext.inf","Windows Server 2016","14393","NotApplicableByBuild","NotApplicableByBuild","NOT_APPLICABLE","NotApplicable","InfWideConservative","STATIC_CANDIDATE","NotEstablished","","","0","0","","1.19","","","0"
"25.11.1","Main","Audio","d0_whql-amd-software-adrenalin-edition-25.11.1-win11-s.exe_f1491c02bfe4\Packages\Drivers\Audio\SDWS\WT64A\amdsdwsext\amdsdwsext.inf","Windows Server 2019","17763","NativeApplicable","NativeApplicable","NATIVE_CANDIDATE","NativeCandidate","InfWideConservative","STATIC_CANDIDATE","NotEstablished","AmdDeviceExtensions.NTamd64.10.0...16299","AmdDeviceExtensions.NTamd64.10.0...16299","4","4","","1.27","1.27","","0"
"25.11.1","Main","Audio","d0_whql-amd-software-adrenalin-edition-25.11.1-win11-s.exe_f1491c02bfe4\Packages\Drivers\Audio\SDWS\WT64A\amdsdwsext\amdsdwsext.inf","Windows Server 2022","20348","NativeApplicable","NativeApplicable","NATIVE_CANDIDATE","NativeCandidate","InfWideConservative","STATIC_CANDIDATE","NotEstablished","AmdDeviceExtensions.NTamd64.10.0...16299","AmdDeviceExtensions.NTamd64.10.0...16299","4","4","","1.33","","","0"
"25.11.1","Main","Audio","d0_whql-amd-software-adrenalin-edition-25.11.1-win11-s.exe_f1491c02bfe4\Packages\Drivers\Audio\SDWS\WT64A\amdsdwsext\amdsdwsext.inf","Windows Server 2025","26100","NativeApplicable","NativeApplicable","NATIVE_CANDIDATE","NativeCandidate","InfWideConservative","STATIC_CANDIDATE","NotEstablished","AmdDeviceExtensions.NTamd64.10.0...16299","AmdDeviceExtensions.NTamd64.10.0...16299","4","4","","1.33","1.35","","0"
"25.11.1","Main","Display","d0_whql-amd-software-adrenalin-edition-25.11.1-win11-s.exe_f1491c02bfe4\Packages\Drivers\Display\WT6A_INF\u0420894.inf","Windows Server 2016","14393","NotApplicableByBuild","ExplicitlyExcluded","NOT_APPLICABLE","NotApplicable","InfWideConservative","STATIC_CANDIDATE","NotEstablished","","ATI.Mfg.NTamd64.10.0.1;ATI.Mfg.NTamd64.6.0.1;ATI.Mfg.NTamd64.6.1.1;ATI.Mfg.NTamd64.6.2.1;ATI.Mfg.NTamd64.6.3.1","0","0","","1.19","","","1"
"25.11.1","Main","Display","d0_whql-amd-software-adrenalin-edition-25.11.1-win11-s.exe_f1491c02bfe4\Packages\Drivers\Display\WT6A_INF\u0420894.inf","Windows Server 2019","17763","NotApplicableByProductType","ProjectionCandidate","PATCH_CANDIDATE","ProjectionCandidate","InfWideConservative","STATIC_CANDIDATE","NotEstablished","","ATI.Mfg.NTamd64.10.0.1..16299","0","2887","","1.27","1.27","","1"
"25.11.1","Main","Display","d0_whql-amd-software-adrenalin-edition-25.11.1-win11-s.exe_f1491c02bfe4\Packages\Drivers\Display\WT6A_INF\u0420894.inf","Windows Server 2022","20348","NotApplicableByProductType","ProjectionCandidate","PATCH_CANDIDATE","ProjectionCandidate","InfWideConservative","STATIC_CANDIDATE","NotEstablished","","ATI.Mfg.NTamd64.10.0.1..16299","0","2887","","1.33","","","1"
"25.11.1","Main","Display","d0_whql-amd-software-adrenalin-edition-25.11.1-win11-s.exe_f1491c02bfe4\Packages\Drivers\Display\WT6A_INF\u0420894.inf","Windows Server 2025","26100","NotApplicableByProductType","ProjectionCandidate","PATCH_CANDIDATE","ProjectionCandidate","InfWideConservative","STATIC_CANDIDATE","NotEstablished","","ATI.Mfg.NTamd64.10.0.1..16299","0","2887","","1.33","1.35","","1"
"25.11.1","Main","Display","d0_whql-amd-software-adrenalin-edition-25.11.1-win11-s.exe_f1491c02bfe4\Packages\Drivers\Display\WT6A_INF\amdfdans\AMDFDANS.inf","Windows Server 2016","14393","NativeApplicable","NativeApplicable","NATIVE_CANDIDATE","NativeCandidate","InfWideConservative","STATIC_CANDIDATE","NotEstablished","AMD.Mfg.NTamd64.10.0","AMD.Mfg.NTamd64.10.0","1","1","","1.19","","","0"
"25.11.1","Main","Display","d0_whql-amd-software-adrenalin-edition-25.11.1-win11-s.exe_f1491c02bfe4\Packages\Drivers\Display\WT6A_INF\amdfdans\AMDFDANS.inf","Windows Server 2019","17763","NativeApplicable","NativeApplicable","NATIVE_CANDIDATE","NativeCandidate","InfWideConservative","STATIC_CANDIDATE","NotEstablished","AMD.Mfg.NTamd64.10.0","AMD.Mfg.NTamd64.10.0","1","1","","1.27","1.27","","0"
"25.11.1","Main","Display","d0_whql-amd-software-adrenalin-edition-25.11.1-win11-s.exe_f1491c02bfe4\Packages\Drivers\Display\WT6A_INF\amdfdans\AMDFDANS.inf","Windows Server 2022","20348","NativeApplicable","NativeApplicable","NATIVE_CANDIDATE","NativeCandidate","InfWideConservative","STATIC_CANDIDATE","NotEstablished","AMD.Mfg.NTamd64.10.0","AMD.Mfg.NTamd64.10.0","1","1","","1.33","","","0"
"25.11.1","Main","Display","d0_whql-amd-software-adrenalin-edition-25.11.1-win11-s.exe_f1491c02bfe4\Packages\Drivers\Display\WT6A_INF\amdfdans\AMDFDANS.inf","Windows Server 2025","26100","NativeApplicable","NativeApplicable","NATIVE_CANDIDATE","NativeCandidate","InfWideConservative","STATIC_CANDIDATE","NotEstablished","AMD.Mfg.NTamd64.10.0","AMD.Mfg.NTamd64.10.0","1","1","","1.33","1.35","","0"
"25.11.1","Main","Display","d0_whql-amd-software-adrenalin-edition-25.11.1-win11-s.exe_f1491c02bfe4\Packages\Drivers\Display\WT6A_INF\amdfendr\amdfendr.inf","Windows Server 2016","14393","NotApplicableByBuild","NotApplicableByBuild","NOT_APPLICABLE","NotApplicable","InfWideConservative","STATIC_CANDIDATE","NotEstablished","","","0","0","1.15","1.19","","","0"
"25.11.1","Main","Display","d0_whql-amd-software-adrenalin-edition-25.11.1-win11-s.exe_f1491c02bfe4\Packages\Drivers\Display\WT6A_INF\amdfendr\amdfendr.inf","Windows Server 2019","17763","NativeApplicable","NativeApplicable","NATIVE_CANDIDATE","NativeCandidate","InfWideConservative","STATIC_CANDIDATE","NotEstablished","AMDFENDR_KM.NTAMD64.10.0...16299","AMDFENDR_KM.NTAMD64.10.0...16299","1","1","1.15","1.27","1.27","","0"
"25.11.1","Main","Display","d0_whql-amd-software-adrenalin-edition-25.11.1-win11-s.exe_f1491c02bfe4\Packages\Drivers\Display\WT6A_INF\amdfendr\amdfendr.inf","Windows Server 2022","20348","NativeApplicable","NativeApplicable","NATIVE_CANDIDATE","NativeCandidate","InfWideConservative","STATIC_CANDIDATE","NotEstablished","AMDFENDR_KM.NTAMD64.10.0...16299","AMDFENDR_KM.NTAMD64.10.0...16299","1","1","1.15","1.33","","","0"
"25.11.1","Main","Display","d0_whql-amd-software-adrenalin-edition-25.11.1-win11-s.exe_f1491c02bfe4\Packages\Drivers\Display\WT6A_INF\amdfendr\amdfendr.inf","Windows Server 2025","26100","NativeApplicable","NativeApplicable","NATIVE_CANDIDATE","NativeCandidate","InfWideConservative","STATIC_CANDIDATE","NotEstablished","AMDFENDR_KM.NTAMD64.10.0...16299","AMDFENDR_KM.NTAMD64.10.0...16299","1","1","1.15","1.33","1.35","","0"
"25.11.1","Main","Display","d0_whql-amd-software-adrenalin-edition-25.11.1-win11-s.exe_f1491c02bfe4\Packages\Drivers\Display\WT6A_INF\amdocl\amdocl.inf","Windows Server 2016","14393","NotApplicableByBuild","NotApplicableByBuild","NOT_APPLICABLE","NotApplicable","InfWideConservative","STATIC_CANDIDATE","NotEstablished","","","0","0","","1.19","","","0"
"25.11.1","Main","Display","d0_whql-amd-software-adrenalin-edition-25.11.1-win11-s.exe_f1491c02bfe4\Packages\Drivers\Display\WT6A_INF\amdocl\amdocl.inf","Windows Server 2019","17763","NativeApplicable","NativeApplicable","NATIVE_CANDIDATE","NativeCandidate","InfWideConservative","STATIC_CANDIDATE","NotEstablished","AMD.Mfg.NTamd64.10.0...16299","AMD.Mfg.NTamd64.10.0...16299","1","1","","1.27","1.27","","0"
"25.11.1","Main","Display","d0_whql-amd-software-adrenalin-edition-25.11.1-win11-s.exe_f1491c02bfe4\Packages\Drivers\Display\WT6A_INF\amdocl\amdocl.inf","Windows Server 2022","20348","NativeApplicable","NativeApplicable","NATIVE_CANDIDATE","NativeCandidate","InfWideConservative","STATIC_CANDIDATE","NotEstablished","AMD.Mfg.NTamd64.10.0...16299","AMD.Mfg.NTamd64.10.0...16299","1","1","","1.33","","","0"
"25.11.1","Main","Display","d0_whql-amd-software-adrenalin-edition-25.11.1-win11-s.exe_f1491c02bfe4\Packages\Drivers\Display\WT6A_INF\amdocl\amdocl.inf","Windows Server 2025","26100","NativeApplicable","NativeApplicable","NATIVE_CANDIDATE","NativeCandidate","InfWideConservative","STATIC_CANDIDATE","NotEstablished","AMD.Mfg.NTamd64.10.0...16299","AMD.Mfg.NTamd64.10.0...16299","1","1","","1.33","1.35","","0"
"25.11.1","Main","Display","d0_whql-amd-software-adrenalin-edition-25.11.1-win11-s.exe_f1491c02bfe4\Packages\Drivers\Display\WT6A_INF\amdpcibridge\amdpcibridgeextension.inf","Windows Server 2016","14393","NativeApplicable","NativeApplicable","NATIVE_CANDIDATE","NativeCandidate","InfWideConservative","STATIC_CANDIDATE","NotEstablished","DeviceExtensions.NTamd64","DeviceExtensions.NTamd64","2","2","","1.19","","","0"
"25.11.1","Main","Display","d0_whql-amd-software-adrenalin-edition-25.11.1-win11-s.exe_f1491c02bfe4\Packages\Drivers\Display\WT6A_INF\amdpcibridge\amdpcibridgeextension.inf","Windows Server 2019","17763","NativeApplicable","NativeApplicable","NATIVE_CANDIDATE","NativeCandidate","InfWideConservative","STATIC_CANDIDATE","NotEstablished","DeviceExtensions.NTamd64","DeviceExtensions.NTamd64","2","2","","1.27","1.27","","0"
"25.11.1","Main","Display","d0_whql-amd-software-adrenalin-edition-25.11.1-win11-s.exe_f1491c02bfe4\Packages\Drivers\Display\WT6A_INF\amdpcibridge\amdpcibridgeextension.inf","Windows Server 2022","20348","NativeApplicable","NativeApplicable","NATIVE_CANDIDATE","NativeCandidate","InfWideConservative","STATIC_CANDIDATE","NotEstablished","DeviceExtensions.NTamd64","DeviceExtensions.NTamd64","2","2","","1.33","","","0"
"25.11.1","Main","Display","d0_whql-amd-software-adrenalin-edition-25.11.1-win11-s.exe_f1491c02bfe4\Packages\Drivers\Display\WT6A_INF\amdpcibridge\amdpcibridgeextension.inf","Windows Server 2025","26100","NativeApplicable","NativeApplicable","NATIVE_CANDIDATE","NativeCandidate","InfWideConservative","STATIC_CANDIDATE","NotEstablished","DeviceExtensions.NTamd64","DeviceExtensions.NTamd64","2","2","","1.33","1.35","","0"
"25.11.1","Main","Display","d0_whql-amd-software-adrenalin-edition-25.11.1-win11-s.exe_f1491c02bfe4\Packages\Drivers\Display\WT6A_INF\amdwin\amdwin-u0420894.inf","Windows Server 2016","14393","NativeApplicable","NativeApplicable","NATIVE_CANDIDATE","NativeCandidate","InfWideConservative","STATIC_CANDIDATE","NotEstablished","AMD.Mfg.NTamd64.10.0","AMD.Mfg.NTamd64.10.0","1","1","","1.19","","","0"
"25.11.1","Main","Display","d0_whql-amd-software-adrenalin-edition-25.11.1-win11-s.exe_f1491c02bfe4\Packages\Drivers\Display\WT6A_INF\amdwin\amdwin-u0420894.inf","Windows Server 2019","17763","NativeApplicable","NativeApplicable","NATIVE_CANDIDATE","NativeCandidate","InfWideConservative","STATIC_CANDIDATE","NotEstablished","AMD.Mfg.NTamd64.10.0","AMD.Mfg.NTamd64.10.0","1","1","","1.27","1.27","","0"
"25.11.1","Main","Display","d0_whql-amd-software-adrenalin-edition-25.11.1-win11-s.exe_f1491c02bfe4\Packages\Drivers\Display\WT6A_INF\amdwin\amdwin-u0420894.inf","Windows Server 2022","20348","NativeApplicable","NativeApplicable","NATIVE_CANDIDATE","NativeCandidate","InfWideConservative","STATIC_CANDIDATE","NotEstablished","AMD.Mfg.NTamd64.10.0","AMD.Mfg.NTamd64.10.0","1","1","","1.33","","","0"
"25.11.1","Main","Display","d0_whql-amd-software-adrenalin-edition-25.11.1-win11-s.exe_f1491c02bfe4\Packages\Drivers\Display\WT6A_INF\amdwin\amdwin-u0420894.inf","Windows Server 2025","26100","NativeApplicable","NativeApplicable","NATIVE_CANDIDATE","NativeCandidate","InfWideConservative","STATIC_CANDIDATE","NotEstablished","AMD.Mfg.NTamd64.10.0","AMD.Mfg.NTamd64.10.0","1","1","","1.33","1.35","","0"
"25.11.1","Main","Display","d0_whql-amd-software-adrenalin-edition-25.11.1-win11-s.exe_f1491c02bfe4\Packages\Drivers\Display\WT6A_INF\amdxe\amdxe.inf","Windows Server 2016","14393","NativeApplicable","NativeApplicable","NATIVE_CANDIDATE","NativeCandidate","InfWideConservative","STATIC_CANDIDATE","NotEstablished","Standard.NTamd64","Standard.NTamd64","1","1","1.15","1.19","","","0"
"25.11.1","Main","Display","d0_whql-amd-software-adrenalin-edition-25.11.1-win11-s.exe_f1491c02bfe4\Packages\Drivers\Display\WT6A_INF\amdxe\amdxe.inf","Windows Server 2019","17763","NativeApplicable","NativeApplicable","NATIVE_CANDIDATE","NativeCandidate","InfWideConservative","STATIC_CANDIDATE","NotEstablished","Standard.NTamd64","Standard.NTamd64","1","1","1.15","1.27","1.27","","0"
"25.11.1","Main","Display","d0_whql-amd-software-adrenalin-edition-25.11.1-win11-s.exe_f1491c02bfe4\Packages\Drivers\Display\WT6A_INF\amdxe\amdxe.inf","Windows Server 2022","20348","NativeApplicable","NativeApplicable","NATIVE_CANDIDATE","NativeCandidate","InfWideConservative","STATIC_CANDIDATE","NotEstablished","Standard.NTamd64","Standard.NTamd64","1","1","1.15","1.33","","","0"
"25.11.1","Main","Display","d0_whql-amd-software-adrenalin-edition-25.11.1-win11-s.exe_f1491c02bfe4\Packages\Drivers\Display\WT6A_INF\amdxe\amdxe.inf","Windows Server 2025","26100","NativeApplicable","NativeApplicable","NATIVE_CANDIDATE","NativeCandidate","InfWideConservative","STATIC_CANDIDATE","NotEstablished","Standard.NTamd64","Standard.NTamd64","1","1","1.15","1.33","1.35","","0"
"25.11.1","Main","RadeonLED","d0_whql-amd-software-adrenalin-edition-25.11.1-win11-s.exe_f1491c02bfe4\Packages\Drivers\RadeonLED\WT64A\amdusbledfd.inf","Windows Server 2016","14393","NativeApplicable","NativeApplicable","NATIVE_CANDIDATE","NativeCandidate","InfWideConservative","STATIC_CANDIDATE","NotEstablished","AMD_USBLEDFD.NTamd64","AMD_USBLEDFD.NTamd64","6","6","","1.19","","","1"
"25.11.1","Main","RadeonLED","d0_whql-amd-software-adrenalin-edition-25.11.1-win11-s.exe_f1491c02bfe4\Packages\Drivers\RadeonLED\WT64A\amdusbledfd.inf","Windows Server 2019","17763","NativeApplicable","NativeApplicable","NATIVE_CANDIDATE","NativeCandidate","InfWideConservative","STATIC_CANDIDATE","NotEstablished","AMD_USBLEDFD.NTamd64","AMD_USBLEDFD.NTamd64","6","6","","1.27","1.27","","1"
"25.11.1","Main","RadeonLED","d0_whql-amd-software-adrenalin-edition-25.11.1-win11-s.exe_f1491c02bfe4\Packages\Drivers\RadeonLED\WT64A\amdusbledfd.inf","Windows Server 2022","20348","NativeApplicable","NativeApplicable","NATIVE_CANDIDATE","NativeCandidate","InfWideConservative","STATIC_CANDIDATE","NotEstablished","AMD_USBLEDFD.NTamd64","AMD_USBLEDFD.NTamd64","6","6","","1.33","","","1"
"25.11.1","Main","RadeonLED","d0_whql-amd-software-adrenalin-edition-25.11.1-win11-s.exe_f1491c02bfe4\Packages\Drivers\RadeonLED\WT64A\amdusbledfd.inf","Windows Server 2025","26100","NativeApplicable","NativeApplicable","NATIVE_CANDIDATE","NativeCandidate","InfWideConservative","STATIC_CANDIDATE","NotEstablished","AMD_USBLEDFD.NTamd64","AMD_USBLEDFD.NTamd64","6","6","","1.33","1.35","","1"
"25.11.1","Main","SBDrv","d0_whql-amd-software-adrenalin-edition-25.11.1-win11-s.exe_f1491c02bfe4\Packages\Drivers\SBDrv\AMDUCSI\WT64A\amducsi.inf","Windows Server 2016","14393","NativeApplicable","NativeApplicable","NATIVE_CANDIDATE","NativeCandidate","InfWideConservative","STATIC_CANDIDATE","NotEstablished","AMD.NTamd64","AMD.NTamd64","5","5","1.15","1.19","","","1"
"25.11.1","Main","SBDrv","d0_whql-amd-software-adrenalin-edition-25.11.1-win11-s.exe_f1491c02bfe4\Packages\Drivers\SBDrv\AMDUCSI\WT64A\amducsi.inf","Windows Server 2019","17763","NativeApplicable","NativeApplicable","NATIVE_CANDIDATE","NativeCandidate","InfWideConservative","STATIC_CANDIDATE","NotEstablished","AMD.NTamd64","AMD.NTamd64","5","5","1.15","1.27","1.27","","1"
"25.11.1","Main","SBDrv","d0_whql-amd-software-adrenalin-edition-25.11.1-win11-s.exe_f1491c02bfe4\Packages\Drivers\SBDrv\AMDUCSI\WT64A\amducsi.inf","Windows Server 2022","20348","NativeApplicable","NativeApplicable","NATIVE_CANDIDATE","NativeCandidate","InfWideConservative","STATIC_CANDIDATE","NotEstablished","AMD.NTamd64","AMD.NTamd64","5","5","1.15","1.33","","","1"
"25.11.1","Main","SBDrv","d0_whql-amd-software-adrenalin-edition-25.11.1-win11-s.exe_f1491c02bfe4\Packages\Drivers\SBDrv\AMDUCSI\WT64A\amducsi.inf","Windows Server 2025","26100","NativeApplicable","NativeApplicable","NATIVE_CANDIDATE","NativeCandidate","InfWideConservative","STATIC_CANDIDATE","NotEstablished","AMD.NTamd64","AMD.NTamd64","5","5","1.15","1.33","1.35","","1"
